abi-1,0.00775015419738815,7.78736523727866,1.97755027806113
acdh-1,0.00437691054500902,5.45961913159374,-8.79316761322703
acdh-13,0.00149016424199579,4.0977331480097,7.264228366065
acin-1,0.0374410050509119,7.39294185463514,-0.814416286382785
acl-2,0.0000194296770076231,5.25856804577489,8.57499200360177
acl-3,0.0470559011488883,7.41634444054943,0.967776230445592
acs-4,0.00284615372952427,7.14039740371861,2.07909084760425
apc-16,0.0163609830751482,7.55238950301805,-1.15901220502703
apm-1,0.0210502495512803,3.6440316221633,6.7005565157738
arl-13,0.0402246811595495,4.23148683656117,-7.41726224420378
arx-1,0.0373131806929327,5.88567809526726,2.39532599260896
atad-3,0.000043428556693289,5.86256998554009,4.17634119298057
atg-13,0.0345728950383345,7.47568180300074,1.277567755491
atg-18,0.00236878646470753,8.34608165840394,1.10911718111095
B0001.2,0.0281865949620079,6.22888971169659,2.27308480920437
B0228.6,0.0337739210902336,4.6588642469561,4.24713714249655
B0272.3,0.0250823771337875,8.11160612434538,-0.679670691395299
B0361.2,0.0249722465442356,9.50476320020173,-0.650173823357068
B0410.3,0.0437224660715029,3.20597330751197,-6.09541165645933
B0432.6,0.0132591656926872,3.84595961636582,5.44619769137801
B0513.2,0.00659517194890875,7.9889340272197,-0.850324059827291
B0564.7,0.000599437589933974,5.63027556715084,3.97966392902571
baf-1,0.023304308355759,9.5972225307891,-0.789826131474802
bath-39,0.0373702591439942,6.54288529247204,1.54280044977842
bpl-1,0.0457117688905985,3.07974111720659,5.90794105489725
bra-1,0.00941849128969399,6.18960330331707,-2.25436814627444
brp-1,0.0276525971901753,4.48497860523381,-7.71340388491654
btb-11,0.00908833695713799,4.49454147090282,-7.72761792748408
btb-20,0.0345608437868236,3.2700330236275,6.18390599260522
C01F1.6,0.0199086599204772,5.65641250992219,3.08935811802936
C01G10.9,0.0029104006908145,4.2645925604157,-7.45938504147426
C02B8.6,0.000411122556056262,4.18810240617245,6.85205622752746
C05C8.6,0.000755228379338178,6.36092210883337,3.34586094625892
C05D11.13,0.0123858184004283,3.7141257899374,6.78620041460536
C06A1.4,0.011553316782619,6.75931677445008,1.638139151772
C06A5.3,0.0134206755527411,7.20550714616139,1.33369450634402
C06A5.6,0.043665440655595,6.26921869429872,2.33665142936692
C06A6.4,0.00619437267611046,8.04920177641797,-0.868859429607626
C06A6.5,0.0409625042446746,4.30082893979902,3.28430043920309
C06A6.7,0.0242739732783526,4.5540596109757,-7.79304286657647
C07A12.7,0.0186457522474378,5.19441874595124,-2.65763521128056
C10E2.1,0.00944267507850671,5.05537014060519,-8.35209565050171
C10E2.4,0.0210665278260546,4.05776802916683,-7.21502489309461
C11H1.7,0.02391973531653,3.70062909295855,4.93986308787719
C13B4.1,0.0353514065464003,5.80192418359177,2.03323685806519
C14A4.3,0.00785951260189996,6.8401682255241,2.2242718490107
C14B1.10,0.040025153643776,4.4486237793412,2.63312001519066
C14B1.2,0.0341563376795209,7.58001902701409,1.57159532423202
C14B1.9,0.0148076701781358,7.88260358984265,1.58509209673493
C14C11.2,0.0408257956324337,5.44872702099518,1.97370765635336
C15H9.4,0.0161032587261887,3.43180556725907,6.41107532824792
C16A3.2,0.0142708462291448,6.40434114987732,2.23528418382221
C16A3.5,0.00352564524393712,8.16697919948072,-1.04327802393764
C16C10.2,0.0370429022341021,7.80049016951152,-0.820507162842878
C17E4.4,0.0255026052571749,6.65903233874469,2.33301121892355
C17G10.2,0.00509040074083114,7.81720525519315,0.926218223214735
C18A3.1,0.0188121152228782,6.80369278020534,1.46067898531586
C18E3.5,0.0395663839412419,7.36913567346932,-0.921645093107747
C25A1.1,0.0128815717256635,6.50180532265745,1.89708812368273
C25D7.10,0.0140428233901649,3.68378613728746,5.87802273838185
C26B2.7,0.0421565290979802,8.0320013084642,0.754243938603658
C27D9.1,0.0491395035485244,6.21350581909627,1.7834533908463
C27H6.8,0.0260205442765292,8.43605721036499,-0.669069730842832
C28H8.1,0.0433108827146845,7.66261082230215,-0.838273785660669
C29F5.1,0.0143906723032088,4.84960932386986,-8.12982946215802
C30F12.2,0.00009577365120845,6.53560279850652,4.27191894531194
C30F12.5,0.0353720002248177,3.76189946889445,6.852605986613
C33A12.1,0.0205020357110873,7.87125814966253,-1.07580353600955
C33G3.4,0.0110843269135552,3.40358138574498,5.67331219338224
C35D6.4,0.00330058124507022,4.32552307404078,-7.53122466066021
C35E7.3,0.0214099102829472,3.73856654442679,6.82271556611941
C36A4.14,0.0212470833400021,3.57855125047067,-5.90913991219406
C38C3.4,0.0367183227785492,4.29301920418556,-7.48980245997299
C40H1.6,0.0484125029484458,4.06549016511756,3.14631256015976
C42C1.11,0.0351067910096813,8.24458851488985,1.0780413393562
C44E4.5,0.0471797294556403,6.94524641657566,1.19716683375576
C45G7.4,0.0269139801316936,3.39577348777062,6.36933652179039
C45G9.2,0.045085086616308,8.33644660914836,0.744557909091015
C45H4.14,0.0377773661509818,7.66237011218303,-0.847516172392413
C46F11.3,0.00462489023984641,6.38531409863645,3.15316410299948
C47E8.3,0.0323316330864083,3.83838403146406,-4.21149218824339
C47E8.4,0.0120951950332085,9.08128395492841,-0.69354208644616
C48B4.11,0.00305838601581302,8.02712842286844,1.0293613140604
C50D2.7,0.00046928901794794,5.72054533189057,3.06095802112397
C50D2.9,0.0185888278801014,6.31068091692828,1.59449281890349
C50F4.16,0.0314521423378224,7.17371819639024,1.54397213516844
C53B4.3,0.0206074523204731,4.09745816276001,-7.25918693340806
C53B4.4,0.00096943026992414,6.21786549520224,2.57650787671034
C54G4.7,0.0310541716214247,7.30525950818559,-1.33480087242606
C56C10.7,0.0363015801162355,7.80635290128279,-0.740971359891237
car-1,0.00129983335742332,8.79552511006991,1.21139454263381
cbd-1,0.000184710760804486,8.13951223067739,1.5813614889096
ccch-2,1.49527553635126e-8,5.32786162393007,-8.64946953336464
ccch-5,0.0104360879931447,6.8392357899744,-1.79461016098136
ccr-4,0.046474335994377,6.70547377085952,-1.21478114837511
cct-6,0.0048441646021491,7.52943709962826,1.82840210820215
cdc-14,0.0289852448830087,7.38469711480685,1.01539445192989
cdc-42,0.0159075739617775,8.77052942213509,0.949463549857917
cdc-48.1,0.00317264169987877,8.1965581461827,1.41680779221248
cdc-48.2,0.0366187488659637,7.66108351344031,0.921426418826786
ced-6,0.0336408616356151,5.78524720070548,2.56224872179282
cey-1,0.0114848171886087,8.18324332160004,1.22035964745714
cey-2,0.00034796586386445,9.86139577200814,1.10902710989065
cey-3,0.0226564941180248,9.64793850967295,0.644771531902624
chc-1,0.0188409938024733,7.02032790760679,1.31927656744415
che-13,0.0432519560000528,4.2043913581681,-7.39271246241773
chp-1,0.045600260454213,7.86074862929309,-0.667194625012577
cids-2,0.0206238459241478,8.28593361595222,1.04279914458251
cki-2,0.0069927402376877,7.95819791360695,1.24925637399314
clp-1,0.0385181278211658,9.93418927842223,-1.00038938599157
clu-1,0.01443127478221,5.04227852665931,3.31840623191361
cnb-1,0.00652620681628654,6.83224413755367,-1.58482709122747
cogc-2,0.0279955819798362,6.7770300976147,1.5788356589308
cogc-6,0.000170883212726255,7.56350089780936,1.66175990704834
coh-4,0.0282696978494676,5.81151611859186,1.85420379093627
coq-8,0.0471703698160907,6.12983484740708,1.79904091076671
cpb-1,0.00000998084550227406,5.32105361517055,7.63508416432493
cpg-2,0.00505735544420314,7.96155268037465,2.17271392699331
cpg-3,0.0290818927334092,6.50879899286852,2.94918185592582
crls-1,0.0484455939899943,7.91094133309883,-0.802581219960545
ctns-1,0.0431261744413812,7.26695434133979,1.03323817587396
cyn-11,0.0102734220743869,7.35144426525563,-1.1425113706751
D1005.t1,0.0031525386718083,6.16496131773931,-6.50032139491002
D1007.5,0.0100425932823968,7.48446551175913,1.14381338929572
D1054.14,0.0047364356562287,8.46077745386932,-0.891360942664442
D1081.7,0.00994268600730648,7.91774456241408,1.31738016081413
D2005.3,0.0340420861071432,7.5065281345518,-0.862629003524963
D2005.7,0.018653415809366,7.48723038497756,-0.979622169892127
D2007.2,0.0486155880073423,3.07706495424787,5.90032457308959
D2023.6,0.000108971491935515,7.61506124821622,1.71324716409771
dab-1,0.0308408950633215,8.15848904699889,0.997687082364401
daz-1,0.00450808875547393,8.36840860844027,1.34393416216812
dcaf-1,0.0320171731811405,5.75108122429609,1.7640463045055
dct-13,0.00184532540930811,5.78669870451948,-5.20561678529315
dhs-27,0.0000154651957089645,5.01948085141083,6.43304573905985
dif-1,0.028986690423214,7.69393827064864,-0.754989070277317
dnj-1,0.0246620155729096,6.43200006358,2.07146512665626
dnj-13,0.0311425551276198,7.56184961944272,0.809759417774243
dnj-17,0.0441495926957452,7.0034889615824,-0.956988764931565
dnj-19,0.0194149995645971,7.65929120547773,-0.830502090480422
dnj-27,0.0470575530768001,6.4477468831648,1.27007861668973
dnj-30,0.00923254914538195,7.68888860699333,-0.892903795770807
dog-1,0.0354136237605495,4.80471388489048,3.42501450068669
dpf-5,0.0119476896765039,5.66226585546646,2.9608268419955
dph-1,0.0454338404672242,7.57457037780484,-1.26726713272071
dpy-17,0.0414064939110781,4.03782693357793,-6.04565221509651
dsh-1,0.00590128166615726,5.64363143175722,3.4277447089371
dsl-2,0.0351870923174442,6.79588509021022,-2.11553424689236
dss-1,0.0238789800510427,8.96074402966038,-0.782012023060816
E02D9.1,0.00520531431938414,8.84077707818251,-0.761977433525867
E03H4.2,0.0258222440526549,4.53251685865151,-7.77343002849724
eat-6,0.0498070327220627,8.0712344774746,0.857418297874996
efn-4,0.0434408364509276,3.05070034815135,5.87120088369157
egg-1,0.0202958931207103,5.66659641915313,2.90476254705982
egg-3,0.0425170841764836,7.24211961584807,1.59482465208223
egg-5,0.0235261647778561,4.92976179192653,2.54808465339868
ego-1,0.016074000942451,6.55022766766295,1.44396644226688
ego-2,0.031907456730257,6.47177999274849,1.95864515386729
ekl-1,0.0418629817279038,7.14206369667288,-0.916998285982782
emb-27,0.0415984227278037,7.5978425456302,-0.815361606578099
emb-30,0.00842321000246069,5.47034813604574,2.79572794194595
enol-1,0.00538374024946303,9.56075830451311,0.890632559628382
ent-2,0.0379277142577025,6.64408441240543,1.44603166553017
epn-1,0.0202173444570758,7.21207507172535,1.00252117044923
exoc-8,0.0412916267341192,7.34039162106963,1.23817517614565
F01F1.9,0.00402382312448056,6.99497070216716,-1.56461243186164
F01G4.4,0.00000913443694676153,5.18504491229888,5.77999771809185
F08G2.8,0.0335818806363872,3.12712539775477,-5.97929820060804
F08H9.3,0.0000017323808710253,5.31711166956912,-8.63756714271864
F08H9.4,0.00880432183155626,4.68219669404437,-7.93790921349762
F09E5.11,0.02742997548234,7.74356104251157,-1.19465732100481
F09G2.2,0.0426964699150001,8.00764632693964,0.796775291207726
F10B5.8,0.0400953289384605,7.66168744230598,1.106611755097
F11A10.7,0.045495303140699,6.01793542789259,1.63918949763092
F11D11.15,0.0335921383097436,4.35111203929893,-7.55845734361137
F12A10.8,0.0000792251077266785,4.46368299318597,6.73221422459827
F13H10.8,0.0416653106112601,7.74828017673095,-0.9072418575186
F13H8.2,0.0313282618111048,5.53947248154977,2.35190365434294
F14B4.2,0.00175998055419439,8.35381333311274,1.2000670630824
F14B6.3,0.0318916051172409,5.39856386245115,-3.3625043228354
F16A11.2,0.00645278547514435,5.49533932167466,2.39700725128706
F16B12.4,0.0478921578895828,2.67987586917311,5.25910856918431
F16B4.2,0.0452373587730561,4.18430015849597,-7.36892491741848
F16H11.3,2.61677360082423e-11,6.36406096131882,6.34489517086806
F17C11.4,0.000827779302026847,4.29261510550648,7.49244315308233
F18A1.6,0.0395793524666699,6.88149295199182,1.06887995689267
F18F11.6,0.03218444294042,4.37358468955487,-7.5846288974556
F18H3.1,0.0356532989054305,6.22199417250951,-1.48844710106833
F20C5.3,0.0000146159489287174,6.15244910868597,5.24674377888367
F21G4.4,0.0000815581641763191,5.08170473408363,5.43268958206436
F22D3.6,0.0421683710877939,3.97560552225617,-4.56493093809496
F22D6.8,0.0139916162916699,4.06316815698096,-4.83519286226868
F22D6.9,0.000181803738632371,5.24251958735397,6.47976269110169
F23A7.1,0.036450509867866,3.28144704029317,6.20153834902659
F23A7.4,0.0405258423919457,8.54148946702498,0.92128072735844
F23F1.10,0.0267695968561058,6.64127989779052,-1.46198915241408
F25H8.1,0.0316417398879751,8.67388499199197,0.755299951196051
F26B1.2,0.000228926525964897,8.64997441938721,1.92724052568534
F28B3.5,0.0269561421404604,8.61168152363804,0.932200618914337
F28C6.1,0.027436679174158,3.36286169146827,6.32522506836531
F29A7.6,0.0341845738820794,5.81399946562376,-1.59940138058227
F29B9.11,0.0414293055253091,7.86945133599546,-0.738117715926262
F29C4.2,0.00958072731210668,7.85507871102803,-1.13477504948262
F30B5.4,0.0225165215399788,6.65033018127036,1.20368716903721
F30F8.1,0.0434416229953457,8.23614867854461,0.77366831298038
F30F8.9,0.000112426069740042,6.92622031711981,2.84621693396386
F31B9.3,0.0357670537618471,7.30386357808133,-0.903700033694602
F32D1.6,0.0105064870454332,7.80792638963378,0.922223061800642
F33H2.2,0.0362167861690877,7.60178382298741,1.03824571446309
F34H10.3,0.0383652835567618,5.46387841044616,-3.03928095528754
F35C11.5,0.00429145876906193,7.53556052609812,1.68950743875106
F35G2.1,0.0000628723028228387,8.40073360217385,1.42727590334288
F35G2.2,0.015527325780972,7.27882379506944,-1.25034024397469
F37A4.1,0.00200496688299765,7.69290900522298,1.13417723125412
F37C12.1,0.0164729550723054,8.22719401818203,-0.877219276809982
F38A5.7,0.0381865098107622,5.84222664793407,2.50412219895308
F38C2.7,0.00134798355385789,4.07779191170932,-7.23738283519369
F38E11.9,0.018814054824118,3.62184963623921,6.67287859235533
F38E9.5,0.0189820957840385,6.72071255350815,1.39909704314888
F42G2.6,0.0473668852195229,5.21316225564616,-2.75909479155173
F43D2.2,0.00292919513337345,4.56189221190874,5.33652731339924
F43G6.3,0.0261577320775629,3.92845293071162,-7.05396499592331
F43G6.5,0.0000276750113307686,5.25119371670352,-7.48201225913382
F44E2.8,0.00252525364021327,8.0495471767003,1.17124075690462
F44F1.4,0.0357800898859225,3.80080020275475,-6.89330757198986
F44G4.2,0.0238769073013783,8.58043443663333,-0.861532523542119
F45C12.2,0.0225332114873645,3.61488367497725,6.65560387632353
F45D3.1,0.0000250588844594399,4.81646098776658,-8.0896591011919
F45H11.3,0.0203390979786221,6.46301088906639,1.37191410477179
F46C3.4,0.00577038830110297,4.48951961984746,-7.71850553940233
F47B8.2,0.0148962374718446,4.4457667493797,-7.67391436431316
F48F7.6,0.039995046716625,7.11579977994815,-0.947073686469874
F49C12.9,0.00380475775830458,8.95544787814933,1.52231071200937
F52C12.3,0.0119495870227149,4.38314178694906,4.35502487758174
F53A2.7,0.0195460099368519,8.03100456353492,-0.730151157265387
F53F1.3,0.0401655972418794,5.48819840319688,2.60337390737587
F53F4.11,0.0298034654753864,8.08579925112783,-0.748921751511412
F53G12.9,0.010857077967031,4.49038953973853,4.65983241004838
F53H4.4,0.00261084527049624,5.98592179707264,4.38635672731467
F54A3.5,0.0300779699350196,7.38185254497007,-1.04894629573117
F54D10.5,0.0338269837742018,7.59708439612207,-0.819412658913414
F54D11.3,0.0306347988784036,3.87281133785767,6.98585300875085
F54D5.2,0.0117054460343715,6.67091680601667,2.16389632902829
F54E12.2,0.00256642816321761,4.20243375607832,6.04684734835013
F54F7.6,0.0277537992214787,7.19788524465667,-1.37880900321937
F55C5.8,0.0375099366973277,8.17968671105758,0.736290215273885
F56A8.5,0.0254892112127561,6.16410418378446,-1.46455767749275
F56C9.3,0.00817790492164658,8.12337167291595,0.864611676476285
F56D1.1,0.00443641903844334,7.98697511629526,1.13368696675325
F56F11.2,0.041158232683694,3.66045552191516,6.71677481275525
F57B10.3,0.018903146426837,3.65484433120674,5.77505149626057
F57B10.5,0.000451828111182562,7.46351635177292,1.54103258635055
F58E10.7,0.0102749703974101,3.87555923670088,-6.99149345382532
F59A2.6,0.0318494071907399,3.55804907296943,4.38619011447431
F59A3.4,0.0250048279517602,8.2252667750724,0.653018009359096
F59B2.2,0.00803730270229033,6.27750280595479,3.04693047530682
F59C12.4,0.0123720342475045,6.72866663229253,-2.57530040976105
fat-2,0.0127108159279458,4.58169617003714,-7.82926336390388
fbf-2,0.00363622934022085,3.78195020299569,6.66263327771224
fbp-1,0.0457165757374078,7.34047093620225,1.24424657079823
fbxa-128,0.00525333835987308,4.20894404631226,7.39880600770807
fbxa-175,0.00278565018090473,5.21970579662609,-8.53503712747025
fbxa-90,0.0488270171950114,2.98908273618373,5.77120500125418
fbxa-97,0.0301802370969928,3.28115738754208,6.20935541726736
fbxb-119,0.0076906988687166,5.00224395913226,-7.2127113274571
fbxb-15,0.0217775124164538,3.74222919903015,-6.8215385564815
fbxb-17,0.000326051912546523,5.95755969211185,-6.63199046425438
fbxb-25,0.0109660600247427,5.00892563660769,-8.30553558689301
fbxb-50,0.0141434320621353,3.96607656272622,-7.10361551567293
fbxb-85,0.000242495057233167,5.13815313142206,-6.17671300183726
fbxb-91,0.00574219557214445,5.33152918636773,-8.6558176486167
fbxb-94,0.0254623320474117,4.53930010133771,-7.78116070444896
fbxc-52,0.046037489527708,6.44060885047904,-1.4931354578083
fce-1,0.0000561718457005261,6.15720535848877,3.63481412397108
fic-1,0.0223521984499911,7.4213576789224,1.26452308604126
fkb-6,0.0158049977204803,7.68450521029,0.902923018679371
fkh-5,0.0241057958226486,3.79551470305436,6.89376077502379
flr-4,0.0165647734887578,3.67282747243362,-6.73356888086812
fsn-1,0.0137423563364942,7.92217870042357,0.970190495127782
gbh-1,0.0237272411604618,6.84502410452968,-1.68107261617279
gck-3,0.0497881464980141,3.8199322277599,3.44389995567354
gei-14,0.000677377548557604,7.20994667039915,2.1079901569049
ger-1,0.0264231043846488,6.25901699564317,-2.89515498389855
gld-1,0.0398329744818561,8.56635919293102,0.627405397967868
gln-5,0.0216553839364454,7.04336254136954,1.809374474977
gly-10,0.0074184502213482,6.36470254922403,2.71050933455299
gly-20,0.0292724348557693,8.12893607416999,0.623546530057213
gly-3,0.00802874217974323,6.84826461789627,1.95506172690573
gon-2,0.00988787776660681,7.04606525122915,-1.58214640310357
gop-3,0.0378688523354179,7.87031260193721,0.70466889827907
gsp-1,0.0488450641120838,7.76770960911032,1.05635103306386
gst-5,0.0416820755412466,6.03924366996359,-2.16433702023444
gsto-3,0.0328526639589315,3.83309842680325,-6.93393272070536
gsy-1,0.00705392128103626,6.38196813511665,2.1350579610675
H13N06.10,0.014770354659451,4.83015181950933,-8.1032245003674
H14E04.3,0.0322785634644273,3.22118424936632,5.34906302016172
H24G06.1,0.0020933328756281,4.5041889634159,6.00336425766683
H40L08.3,0.0433467123700096,3.30706732875335,-6.2362655470661
haf-1,0.0000258703107283898,4.49290681061721,7.11276743264818
hda-1,0.0209588042036923,7.87675033504985,1.15115692548745
her-1,0.00607469913658908,4.10060045723624,-7.26229678316499
him-14,0.0246650264434529,3.82655423850501,4.36030260366588
him-5,0.0068047365774376,7.29352562623407,1.7640729536542
hlh-11,0.0123698580350501,3.36085410872358,6.31879921243049
hlh-14,0.0077823135883313,4.04094141115286,7.19737464269851
hmg-3,0.0297586862945962,7.89407409852269,0.911987377903777
hsp-1,0.00710344908541584,7.9644559653691,1.30039585353193
hsp-16.41,0.0116721384436151,4.15820471482403,-7.33432922311749
hsp-4,0.0411956045538765,8.63233828862682,0.845623793437625
hsp-60,0.000493229384164001,8.46597076532735,1.54854961552461
hut-1,0.029928899959795,6.7111030871933,1.47433380260597
iars-2,0.0287123212612715,8.72656843971843,-1.10908213479385
ima-2,0.031683762594042,8.99336006496045,0.722058539193501
imp-2,0.00721118728570411,8.32221007901388,0.924305937921028
ina-1,0.00539044233698701,6.72830048713822,-1.4351882736992
inf-1,0.00818677309953156,9.22083416901682,0.79636204011251
ins-37,0.00166653527579068,4.84564583634553,-8.12101598307989
itsn-1,0.0261348544101676,3.72624287253395,3.52345712114771
K02D10.4,0.00389226031577464,4.61753836578342,7.86711975063088
K04C1.3,0.0127787751569374,5.6438593702289,2.60416378260806
K04C2.7,0.0219114245147988,4.73129245527054,-5.26703842509854
K04F10.3,0.0167812324816274,9.12844941428148,1.14659631623849
K04G2.9,0.0260640697831306,3.5427999230233,-6.56318351192471
K05F6.12,0.00969541922614867,4.19647968966604,-7.38199651234622
K07A12.2,0.00184284728443047,7.32723993360496,1.79914468183922
K07E3.4,0.0107969908888128,4.48351142264184,5.88326274479881
K07F5.15,0.0477838989313568,6.19111164657745,-1.76205393999323
K08F11.1,0.0497021604881576,4.11566258785994,-7.28717101969557
K08F4.2,0.00000708332577586377,8.23623039714717,1.60997225244935
K08F4.3,0.000557612183155051,7.4090962328708,3.17503615791175
K11D2.1,0.0170985527314645,4.16176078920795,-7.33550245530936
K12H6.2,0.00629073390592638,3.65040336363009,6.02170484871725
klp-15,0.0444850435766925,6.10214794959585,2.02508947742007
lbp-9,0.00230404217290886,6.12072935008462,3.29627195609899
lea-1,0.00305038508891383,7.47064053930159,1.25480593433555
let-92,0.0360932716517197,9.94898883005842,-0.578942545133451
lin-23,0.00906838672442866,5.6547121508888,2.95873091273696
lin-24,0.00156025736114891,6.85621895677683,2.94097694814785
lin-56,0.0337138269192268,6.57054103794011,-1.11084816727313
LLC1.3,0.0316966886068356,7.90246815058073,0.904018625863969
lpd-5,0.0430761620218022,7.69059958192748,-0.835519370173969
lpd-9,0.0220655820569258,7.65417697904279,-0.90349127239718
lsl-1,0.0000413106094241441,7.72733145286005,1.65087113325302
lsm-8,0.0236854622473273,6.54251772473665,1.88595148265465
lst-4,0.000273087779924548,8.64741247656272,2.27484076025331
M04B2.2,0.0000362587708766459,5.02825369108971,6.78429635364945
M05D6.5,0.00561258608551248,5.18930453752161,3.53688212066337
M18.6,0.0213785998376068,8.49240187133757,0.812724858194488
M88.5,0.0421068545545153,6.68957335272616,1.13332594006133
map-1,0.0236244203478951,6.59535867348359,1.46731329583783
math-15,0.036846553633182,4.14001680708433,6.84029694686119
mbk-2,0.0205217788618222,8.27892459530228,0.679864703295037
mdt-1.2,0.00739773447084813,3.01497013586262,5.03263652724879
mec-8,0.0133657799619888,6.30198547622104,2.07229051448277
mex-5,0.0323332521563861,10.1586524762757,0.622753100887303
mom-2,0.0159518549572687,9.2885459907145,0.817432180576599
msh-5,0.00764790427739369,4.64917049603407,3.71027350673549
mtx-1,0.00596644889720476,8.50773394985194,1.63171798040619
mut-15,0.0459435219083049,6.86388943621137,1.04045024035836
mut-2,0.023732074086915,7.56356409031311,1.15007901930104
nape-2,0.0456702172488832,3.65005438143284,5.38859921169243
nduf-7,0.010602120165171,8.64624633244494,-1.06482605809076
nfm-1,0.0229884059467354,4.62127088236123,-4.01327477426039
nhr-122,0.00000156357607589453,5.6793159444245,5.55772072235052
nhr-135,0.0395707376344548,3.2145467343591,6.11494522321714
nhr-168,0.0126113862500324,3.73761093904769,6.52619636016357
nhr-181,0.0129356594601829,5.76714400832547,-2.1439722011423
nhr-21,0.0119871176002873,3.61328252815318,6.66333737057352
nhr-23,0.0395770405635798,6.7268838766979,1.21674029977108
nhr-28,0.0363741820887851,5.18101944011494,-2.87726104670332
nhr-284,0.0058101951136555,4.01112961294759,-7.15422216682904
nmt-1,0.0346137965614429,6.39231832577289,2.77128899696931
nol-6,0.00417812847145182,3.404383751826,6.2237393220575
nos-1,0.0303242466546662,6.33052700464106,1.85801501401743
nos-3,0.0299149847467928,6.8732134482773,1.30753604513853
npp-18,0.0334001537754113,8.60346450742861,-0.646389757762827
npp-20,0.0237616475964984,7.77672964312682,-0.848273074532833
npp-8,0.0461625496211645,8.35166756856342,-0.648802995752776
nra-2,0.000472527763705605,7.95873277907436,1.30737029806551
nuo-4,0.0484314444967475,8.68033594972956,-0.602269408885336
ocrl-1,0.0212357893132476,5.75642532310115,2.14736119020432
oma-2,0.000121418595480073,9.08214302097959,1.55321211771653
otub-1,0.0249833165669065,8.28953487394781,-0.679265076349594
oxi-1,0.0104293812596746,5.1396202892127,2.34671300784898
pad-2,0.00876333129601763,3.90600314748164,4.52307833773368
pak-1,0.0499593495125289,7.2127691499202,-0.939114469952233
pak-2,0.000263810981196845,8.14910668566299,1.3081453418993
pas-1,0.0489690727492042,8.4782890929307,0.561025594633137
pat-10,0.0190682301482274,4.06571798473457,7.22322925814712
pbs-7,0.0255487726159573,10.0341153359719,-0.579711571780579
pct-1,0.0425339210234186,7.96070508680109,-0.679986040797293
pdr-1,0.0322713451320534,7.99410414646784,-0.658292197444934
pfd-5,0.00340146065960586,7.94835514177015,-1.23594224656154
pghm-1,0.0219660590449678,4.01932020017896,-7.16558481994408
pgl-3,0.00000613656600247686,5.27406658091274,6.4330845184696
pme-1,0.000663857082478648,4.7327808725634,4.93251986734745
pms-2,0.0127423779092181,7.26458172233848,1.77077631368992
polk-1,0.00897234627584096,8.31915377262,0.933795237963384
polq-1,0.00465128487320478,3.94386938378927,4.55887334323298
pot-1,0.000895425908999002,5.30951258888609,3.35797633217072
pph-4.1,0.0194884740287007,5.39434896060081,3.08961287487789
pps-1,0.0404292465558252,7.14135906092633,1.15666984546273
pri-2,0.0158581257948514,8.81874338847165,1.07629585823981
pro-2,0.0347788252697271,7.32333012126026,1.22328330022925
prp-4,0.0406480381830406,6.50202298297823,-1.24699194424708
ptr-2,0.0203348555660251,8.11433894514208,0.875478048879719
puf-11,0.00210257957601799,8.15746659794487,1.23609350974671
puf-5,0.00121884017758006,9.15979906758599,1.2065420208066
pup-2,0.00678538069601948,8.24260928785677,1.26443721247896
pyk-1,0.0298167991424457,8.94643545678069,0.650849419321364
pzf-1,0.00056883856321841,6.31581187668351,3.84656828388568
R01B10.4,0.000809614296554216,4.22935808437299,6.67514750045192
R02F2.7,0.025818915419392,5.67137553883848,2.02585445852343
R04D3.3,0.0272334094108998,7.6825561950947,1.56306855515106
R05F9.1,0.0000254892939681915,7.94527741334528,3.00078325622735
R05F9.6,0.0000223272465003086,5.44206198794107,6.32225003918252
R05F9.9,7.22679921549958e-9,5.82767600696077,6.6927700647052
R05H10.3,0.0313998823150524,6.80835606649926,-1.11397726110837
R06C7.2,0.0357768996794001,5.3412617388275,3.38340347082193
R06C7.6,0.0202592507174802,5.82076382046823,-1.80381721342567
R07B7.10,0.0203279820635389,6.51331562730372,-2.18086451480961
R07E4.3,0.0136863774785111,6.22301548743882,-2.3147397809789
R09F10.8,0.0132371434847776,7.89174334790163,0.997759588501768
R10D12.14,0.000670989351383342,8.43256014605225,1.10843348208642
R10D12.8,0.0147118379058059,6.01698002589616,3.32838766250068
R10E12.2,0.0224104013210056,4.79472931833749,4.25811931235927
R10E4.7,0.0318598415432648,3.74730451087376,3.04519959689251
R11A8.1,0.00611894997349776,4.23575474107154,5.38186857820418
R11H6.2,0.0352343747386764,8.05200454968477,0.982273042764054
R144.13,0.000925472113182157,4.3548452249458,7.56463130996864
R53.6,0.00430535206032276,8.44869717906716,-1.00243883932588
rab-1,0.0359042813706147,6.40541155485262,1.59086827043584
rab-35,0.0025072962942457,5.01893261298704,3.72245234894166
rab-5,0.00981504891457295,6.13000694451391,2.54011890619269
rab-7,0.0126523184465037,4.13600483177873,3.65105755591195
rad-51,0.0143759251300081,7.92368014257553,0.796060676077461
ras-1,0.0123845318162652,4.9152410003913,-8.20012402959578
rgs-10,0.00681579257310853,5.185754269929,-3.53119234340019
rhi-1,0.0412394441826145,6.82359751449125,0.974632661144597
rla-1,0.0365067681868096,7.65239869580855,-0.906035859561844
rme-1,0.0000120056039199009,5.24724128750329,5.83453928659829
rnf-121,0.0048485619953845,5.52054859090242,3.21417458778104
rog-1,0.0364729633150788,4.66186646996137,4.63855122841377
rop-1,0.0261497702315785,7.03984752793338,1.70147236608423
rpb-8,0.0217244235475336,8.4205246355408,-0.943392899603645
rpl-13,0.00269386838023979,8.18918791146817,-1.14077422922583
rpl-21,0.0342269248133794,6.21260259103412,-1.48141060211547
rpl-25.2,0.0423891951201554,7.54123934690981,-0.828509910955802
rpl-30,0.0162311417937254,6.65139174506363,-1.5817056008403
rpl-31,0.0450638124560715,6.17372306436646,-1.33708939552058
rpl-32,0.0451568243548984,6.78146095960058,-1.22457922121987
rps-13,0.0262304006427033,6.39130648660401,-1.298925440564
rps-17,0.0054748386614037,7.4430234498404,-1.43916667270687
rps-18,0.0427548890542483,6.84750674166,-1.03354932921501
rps-23,0.0254585023339099,7.93786422039365,-0.917577293987081
rrn-2.1,0.000728092594672867,5.57418843944864,-3.22097847074806
rrn-3.1,0.00338666254271539,11.6017577811526,-1.46834681059392
rsbp-1,0.0468145815292281,3.30500928036311,6.23646715011141
rskn-1,5.39944795764159e-7,5.93195574582862,5.28779363583029
sams-2,0.000973969712655662,4.64493993660319,-5.78367808438958
sbds-1,0.0361227042546706,7.17370009964365,1.13502509604292
scpl-1,0.00532850253262543,6.54012373718133,2.56436711132096
scpl-3,0.0131927512181377,7.50562044070525,1.79893079458801
sdz-14,0.00112492037077305,4.95202743196447,-8.24237923138243
sdz-18,0.0214954099289212,3.91717443083321,-6.36151684197511
sdz-9,0.0307375624476444,3.59791047427942,-6.63949952356036
sec-10,0.00113423157428432,4.23755317118203,7.04520714569698
sec-23,0.0486947866148073,6.43439937481218,1.37247604132248
sel-11,0.000638168158840021,7.5403948530352,1.79509116522667
sel-13,0.0261681467664902,6.92263793134708,-1.11780662994712
sepa-1,0.00148375968363485,4.56691682774566,-7.80871555894844
set-12,0.00637540377166307,3.32856866580083,6.27676711919787
set-27,0.0406760288947146,3.09788532775153,5.94277227711936
set-31,0.00728335320200249,7.9297523448492,1.16163043804522
sig-7,0.0229292061905539,8.03349758847356,-0.699325538898467
skn-1,0.00337659673274168,7.87648022106138,1.28487336386664
skr-10,0.0208920452774461,5.16495687150985,-2.94998583791797
skr-7,0.0367688405705479,7.89733451936839,-0.77562331704533
skr-8,0.00000109409032337238,5.59828892068065,-8.93999779386573
skr-9,0.0000094305990242718,5.70419576551342,-7.21166806680308
smi-1,0.0318622775098335,7.21412153094021,-1.17149791722477
smu-1,0.0403989777111925,7.59061088232454,0.838521862166216
sod-1,0.0374741796651749,7.95312078039485,-0.639628700346955
spe-39,0.000746457730988332,5.73825796854396,2.83945635198352
spe-6,0.0482086050002572,2.832959283708,5.5190819107208
sptl-1,0.0321900035630922,7.08577472708281,1.80923088961107
sqv-6,0.00472673458119663,3.31006221865545,5.87276255844287
srh-220,0.0013079182671049,5.06101487382614,-8.35948136713303
srp-6,0.0477178898618957,3.39064911620612,5.03310645548211
srz-4,0.0402822670069364,4.24889147735489,-7.44519220075958
sti-1,0.0410820422007645,8.29381493896075,0.900354879279345
such-1,0.0259549091414074,6.15364308768926,1.70836548110977
swd-2.2,0.0192766929704135,8.21723779684086,1.03327436243856
syp-2,0.0171708397360312,8.95755187660394,0.75462696433339
syx-18,0.00225066485616924,6.20534648487975,1.97957025697184
szy-4,0.000373782060325737,8.38375320316257,1.93158590593923
T01C3.3,0.0421471294581446,7.59933169640281,0.908303755404508
T02G5.7,0.012392923036853,7.98179108134326,-0.806828107400777
T04A8.7,0.0016271886123441,3.99651293575279,6.50245725506375
T04C9.1,0.033403006055384,7.41347714826771,-0.947170789006116
T05E11.3,0.00137737454515086,8.49977270770039,1.65605984843147
T06D8.5,0.0260482766776387,6.321724773722,1.42621941464145
T08G11.4,0.00582629328688373,7.34710982586516,1.36361943063403
T08G5.2,0.0325210016440182,4.37104381462801,-7.58102135163868
T09A12.2,0.00205643615281296,4.52977090830519,7.76704352252459
T10C6.8,0.000069922834853662,4.7908421835424,8.06125606821871
T12B3.4,4.59071145053276e-9,5.54741280795114,7.72053460114699
T13C2.6,0.00066344102479661,7.69034775194907,1.81256885191728
T15H9.6,7.09635350114573e-7,4.98435184426332,-7.62117404759597
T19B4.5,0.0036433516532139,5.68539846297295,-3.60504539702083
T20B12.3,0.0331526497802177,6.89524003574985,1.0622535552382
T20F5.7,0.00230889662152928,5.69885232266822,3.9219095127225
T20H4.5,0.0311571622852788,7.95631988115666,-0.727112082211165
T22C1.3,0.0387340861995659,7.8815261581709,0.696099025828833
T22F7.1,0.0362635624871271,3.75440174238848,-6.83418421994589
T23B12.6,0.00976378010382206,6.38502471666007,2.57492467766768
T23B5.4,0.0199300302858008,5.83532788271031,-2.09751856749991
T26E3.11,0.00366475352969121,4.32060887714321,-7.52357864839334
T26E3.5,0.0000212501955998946,6.01783368636684,-8.24067742081127
T28B11.1,0.0479297339758376,7.15372046604153,1.19648133879217
taf-10,0.0402253562413612,8.24239449439485,-0.686190154868005
tag-170,0.0401467255698588,8.6705465191625,-0.685315932951862
tag-182,0.00268291443541269,7.50605272268405,1.59073212373346
tag-210,0.00855790385494266,8.22425005400268,0.858375594691553
tag-264,0.00578046112081271,6.64757536094906,2.62157822147988
tag-304,0.0418649179940785,6.27051996478706,-1.31216110911443
tbx-11,0.000562793781173195,4.8682257706734,6.41443070115203
tdc-1,0.000204455399906681,6.5701118666732,4.09355641295134
tkt-1,0.0453993787765071,7.66938650496975,1.4633916527479
trap-2,0.0479648644437223,8.65177058697694,-0.762039516691894
trap-4,0.0409196680306302,7.98019949989557,0.709985632943191
trx-2,0.0230339399613347,5.18556648689507,-2.67242566112688
ubc-18,0.00675500010505938,8.87965292140205,-0.766563778382434
ubc-3,0.0173334523625883,8.81427030520394,-0.638392950079213
ubh-1,0.0480337229884083,3.2490172294922,4.03108180869984
ubh-3,0.0114471502305411,7.85128409256136,-1.08590256088076
ubq-2,0.000374905277644464,7.19958039101593,-1.70953844600028
ugt-64,0.030246002110318,6.19070045140193,2.73224854492865
ulp-5,0.0227462873720511,5.34196641010442,2.82227444737326
unc-116,0.0399393963644016,4.75668265393169,2.72613268335071
unc-51,0.028587855348598,4.75883719897416,2.314819183705
unc-60,0.00471789140725167,8.24849963451947,0.950125991973769
vet-6,0.000725656394962414,4.84012160789263,-7.40292180852938
vha-7,0.0381872632884769,5.9712723224128,2.15930805945104
vig-1,0.00518609968653253,8.46402894367401,0.930382373012428
vps-20,0.0158704544936259,8.00503513449105,1.40126095749438
vps-29,0.0374383046001883,7.85185882287135,-0.685546958601888
vps-51,0.00299244475208399,6.8715073312172,2.31214746103606
W01A11.2,0.00000290502525758606,4.89079817967793,8.17317918773671
W02D3.1,0.0197230544878478,7.12088663861681,-1.67353673149199
W02F12.5,0.0284015626705404,8.55508803157243,0.753152299939138
W03F9.2,0.0428899795096413,6.67203986479641,-1.25329091930671
W04D2.6,0.00849598283582004,7.67301408045182,0.920799033542268
W05F2.3,0.000406082271453252,8.89809603113576,1.5734020879011
W08E3.2,0.000172567534423483,4.72403079574548,5.89223085668447
W08F4.3,0.0256089358548726,7.23602117969973,1.98063368428396
W09C5.7,0.00548316368338093,7.01463929151165,1.40060193900038
W09G3.1,0.0150288605884669,7.05334806392874,-1.63695881722762
xpa-1,0.0410419840610576,5.43067839940616,2.58244607233895
Y102A11A.7,0.00516748177970208,3.86345348423651,6.97177563243772
Y102A11A.8,0.0207385791990173,4.5698909755247,3.45373036182513
Y102A5C.5,0.0253661319799582,3.95269980861512,-7.08133062947674
Y110A7A.19,0.038404765566443,4.98822888124448,2.29080445610152
Y113G7B.24,0.00973766670137526,7.93491279323991,-0.955662672563606
Y116A8C.19,2.11717846546482e-9,5.75888949948637,-6.94133591830097
Y116A8C.20,0.000115477483576593,4.37160695895364,-7.58310646251356
Y17G7B.18,0.0440935989660195,5.11998190020663,2.0859392763977
Y17G9B.9,0.00161469664406192,7.07036670517708,2.10170930118992
Y24D9A.8,0.00882537205009234,5.19380374612534,3.72691994611954
Y24F12A.4,0.0230789932566628,3.45082964412617,-3.53382039230041
Y25C1A.5,0.0128199833252642,5.1718424822996,3.27673288820016
Y25C1A.6,0.00168915892459676,4.79974300788461,-6.18730558088915
Y2H9A.6,0.00312109479270065,4.93440186815307,-8.21917653635176
Y32G9A.10,0.0257892870852175,4.534622118035,-7.77583003081067
Y32G9A.13,0.0121693321781003,4.94617160283357,-8.23656348187231
Y37E3.20,0.0156295569048072,5.27002409306946,-4.56515989923382
Y37E3.24,0.000593167533326035,5.54893126533159,8.88705861984089
Y37E3.25,0.0116123770238206,4.31158104675792,7.51402037437331
Y37E3.8,0.0143542659570622,7.18086768621439,-1.52433804958469
Y37H2A.12,0.0229039416806522,5.16752426574277,2.3314287707581
Y38C1AA.14,0.00531783055110645,4.42279104948065,5.46169301291325
Y38F2AR.9,0.0242454496365117,7.18054591465948,0.975792425155114
Y39A3CL.1,0.0119968412025441,6.3132835902669,2.34782077398336
Y39A3CR.5,0.0120408800893071,3.80643827375706,-6.90595766092852
Y39B6A.36,0.0289737116432806,7.98270086795613,-0.706941567065823
Y39C12A.9,0.0343581598798879,3.91372778545182,-3.71671309035759
Y39E4B.5,0.0125458586470523,5.76523384659861,3.2482343620008
Y40D12A.1,0.030975395041514,7.34802419730639,2.36004720922699
Y41D4A.4,0.0344964347125453,6.47403317205272,1.95172035798754
Y43D4A.6,0.00332517337156307,4.33138878599769,-7.53804736894378
Y43F4B.5,0.00869550987949914,5.90503406276483,2.63911939728442
Y43F8C.6,0.0003067544576575,4.58123525860111,7.82732421040279
Y44E3A.3,0.0139409522598778,7.15767325046502,-1.2182337996231
Y45F10D.10,0.0419184056740887,4.20425753825017,-7.38498248480076
Y45F10D.7,0.00857623791275375,5.85368348444774,2.52737567394093
Y46G5A.28,0.00072957290499507,4.84698538138263,-8.12473897826359
Y46G5A.34,0.0271242202232249,3.84971886806277,3.70486365174106
Y46H3A.7,0.00000267426788115912,5.00852102011632,6.90201750540552
Y46H3C.5,0.00258231195818073,6.05111915808121,-2.27998989891366
Y47D7A.14,0.00297013581322578,6.89792031305959,1.87087091101717
Y48B6A.13,0.0125523430653841,5.71573172201568,2.53481643529456
Y48E1A.1,0.0382078821065642,2.78131111638916,4.31907427494871
Y50D7A.9,0.0414062245176349,5.21027080138759,2.62665721010288
Y52B11C.1,0.038317591668641,3.44583877902232,5.27018648361874
Y53C12A.3,0.0185049840327621,7.78819200325224,-1.1158924470883
Y53C12B.1,1.21731220755238e-7,5.5999845791205,6.8694930497353
Y54E5B.2,0.0073542296663591,4.34127014036389,6.16147331082594
Y54G2A.23,0.000716591403041911,7.82312122762408,1.28577355758402
Y55F3AM.11,0.00137705099903371,4.64444304873215,7.4468283134829
Y56A3A.11,0.0276031737322312,6.89977109075701,-1.20847635417052
Y57A10A.29,0.0381153337270461,6.70891475322012,-1.48185457235972
Y57G11C.1131,0.0432176190958144,3.66095832533052,-6.7140314855201
Y57G11C.1134,0.000327697309005057,5.38588590017829,-8.71363679975922
Y57G7A.2,0.027309875349998,3.83928278963719,-5.55217940645623
Y59A8A.3,0.018839068684555,8.23368176525958,1.36874482175476
Y5H2B.3,0.0175467987693861,3.65798457944104,-6.71388390281785
Y60A9.2,0.00000116239516655736,5.85833178599356,-9.2140327282312
Y60A9.3,0.0000522839721360007,4.66833315344598,-7.92474861687999
Y62E10A.10,0.0380593466970547,8.1032559861761,-0.7584624988778
Y64G10A.10,0.00278499838213257,3.89088968381978,-7.0074258510835
Y65A5A.2,0.032514734662426,3.19708167902591,5.60168893823829
Y65B4BR.5,0.0335996225754859,8.39505210442563,-0.79702167424696
Y67D8A.2,0.00028754347441511,6.82865894105579,3.55440898255468
Y70G10A.1,0.0000655934208935619,5.35038086581778,-6.80485325142478
Y71F9AL.7,0.0149738374271017,3.47865115437146,6.47867047223518
Y71F9AR.2,0.00806761792400734,4.47346619892022,6.31494015181951
Y71G12B.6,0.00549506615179727,5.58346443214761,-3.387851661908
Y71H2AM.9,0.00865146885851787,3.75870885887279,4.87902342361388
Y73B6BL.4,0.00124512822725718,6.29114858757964,3.09715461874053
Y73C8B.3,0.038789889926041,4.71025881223659,3.24924107863208
Y73F8A.26,0.02631683349774,3.74576488788948,5.90781605357709
Y75B8A.14,0.0332877716296468,6.19683726987562,-1.60455648000406
Y75B8A.23,0.0389009768976489,3.2266618532412,-6.12416671578135
Y82E9BR.14,0.000033426813057878,5.34840092839943,6.0554447254972
Y95D11A.3,0.0128666056717478,8.45186947742561,-1.068988693518
yif-1,0.0165023350060184,8.36035713686717,-0.851871283891913
zim-1,0.026093366742528,7.12306195751402,1.4932202084165
zim-3,0.00578412937951036,6.16628698496207,2.69877160682245
ZK1010.10,0.0465403217991463,6.79801411398272,-1.49062372448649
ZK1127.5,0.0163938616500076,5.80783936077072,2.37722702979057
ZK1236.1,0.00000211687587974727,6.10051520836506,3.93904745758017
ZK1307.1,0.00110379998917027,4.11840368910768,6.43150277054006
ZK228.12,0.00542600103793629,5.35126811193376,-8.6770409730747
ZK380.t2,0.00386198062795392,6.94669510627661,-3.52167669532021
ZK616.5,0.0045625519922834,8.03192013960648,1.23541864021995
ZK666.4,0.0185573726488391,5.40639214653363,-4.04530944966768
ZK829.4,0.0183233766341006,8.93581406248877,0.871957844138807
ZK858.7,0.00510190704271163,7.20817637077167,2.06222158860075
ZK909.3,0.0113369544634917,3.81119794131788,6.91110024526412
ZK930.1,0.0267039764666633,3.90165323867501,3.42367811780916
ZK973.1,0.00285017993695186,8.21680427992465,1.01540133834168
zoo-1,0.0377038243044994,4.33330006609953,3.15615061404878
ztf-1,0.0381807861410501,6.51998143839323,1.44577994442774
zyg-11,0.00136950059654418,8.18209407789116,0.948401339985485