aakg-5,0.0187817263998605,7.01664641684633,2.80892022515869
aat-2,0.0433280284606373,4.29180901647462,7.56464670090967
abi-1,0.00552552615857613,5.53489399631504,5.35716117377622
acdh-1,0.0318889061987762,5.18633310711479,8.56358720334786
acdh-13,0.0292552661944283,4.96643565783458,-8.32863066865568
acs-19,0.00000204718013292478,6.95077642690435,5.10994093882501
afd-1,0.0482170976402758,3.3484175331964,3.45485347159524
ajm-1,0.0136382711573993,3.87230699993055,7.06386323854982
alh-1,0.0225696047470167,5.59431301697206,3.91676801419922
alr-1,0.00421684225878086,5.71762021648596,-9.13436317011815
aly-1,0.0000561834699936976,8.14556363336038,-2.3258733682976
ani-3,0.000492289541077061,5.82920743040058,5.68653687357621
ant-1.3,0.0139248564703436,5.03872192083263,-8.40791180367562
apg-1,0.0046324746122449,3.77993730457413,6.9494010942828
app-1,0.0053049611207308,7.65519129349826,2.16703048491772
aps-3,0.0486575545122455,7.92718055166723,-1.27527497469376
aqp-2,0.0234445815236998,4.09251822680275,-7.33506743039375
ark-1,0.0246997714622518,4.78327337399027,3.87526633037296
arrd-2,0.0233984941949016,7.45476101920453,-2.54278157244876
B0001.2,0.0254280313469059,3.90011803748202,5.38160440226162
B0024.10,0.0000371519026160936,5.8624703948743,6.91130511238117
B0035.15,0.0112526873274582,6.1452330477551,4.20263563928353
B0238.10,0.00227284911203623,5.70015976884469,5.40181483397859
B0238.9,0.0436046163903472,6.69247420708984,3.13284877985389
B0261.5,0.00777291217355393,6.09529097161966,-9.52984031991703
B0281.4,0.0407009828110882,4.58174228263864,-7.90120928546121
B0303.14,0.000326362602958028,7.58698391190779,-3.80324181170336
B0310.2,0.0181660476540526,6.97674103483614,-2.74144732646283
B0365.1,0.0361529824411812,4.03399768959054,7.26170069756406
B0393.6,0.00000524762998198456,6.46851586116768,6.39587513333096
B0563.1,7.11469487192911e-7,6.33909325034094,-9.78329242525572
bath-31,4.9176848677711e-13,7.57511086699602,-11.0478889563916
bath-33,0.0158796551837557,6.40860693715397,-4.73818744933495
bath-8,0.00000774468386037532,6.65777686417037,-10.1117157596045
bca-1,0.00137307480939307,4.63311769991214,7.95582147709676
bca-2,0.0210490497588276,5.57248494067474,5.57195546662774
bcs-1,0.000237151632709392,6.6650222025686,5.44330181094584
BE10.5,0.0269809216858547,4.81116265497712,-8.15638216707426
bed-1,0.0485925378852376,5.58434200809963,2.69777466604709
bed-3,0.0289316379370311,4.27729424494862,5.40844135139868
bir-1,0.0431772414140742,8.9226341996217,-1.03138512715841
brc-1,0.00232921958730897,5.25591395775345,5.11117340090334
bre-3,0.0282422267460961,4.58893001914102,7.90729151384818
btb-10,0.0211394670252712,5.66486830599344,-5.10271264629
btb-11,0.0428849592285809,7.61372577202821,-3.35851544123183
btb-12,0.00870152776147088,5.0208142269903,-7.31998593465503
btb-19,0.0224527473816334,4.1547741104383,7.40576850743459
btb-4,0.0444650959936957,5.92730955827195,3.92668710392027
btb-6,0.00000297821069223565,8.12453587806237,-2.91800994727767
C01G8.1,0.00382425607384675,8.45674383515756,2.82756748078003
C02C6.3,0.00467859084550602,5.24233094828529,8.62642848178084
C03A7.12,0.000456598365560397,6.31738567927796,-9.76069090544588
C03H5.7,0.00130352735919011,5.59222337089041,-9.00182637036476
C04B4.2,0.0160716836398226,7.16402440332919,3.35194268540687
C04E6.11,0.0310732379156016,4.25023127411126,7.51824933521052
C04G2.2,0.0481679460036134,4.824948954076,-8.17289156700926
C05C8.1,0.0000357526132828172,6.51658313175303,6.02606383189612
C05D11.13,0.022818908445644,4.72442032840357,-8.05994166281079
C05D11.5,0.0419941503607913,4.30537137338231,7.58182601213783
C05D11.9,0.0107563841243395,6.09463448859086,3.53419476171591
C05D12.4,1.29117900160465e-11,7.84760699980258,-10.1114305817961
C05D12.5,0.00379893710962428,8.05066927280167,-2.97925609181437
C06A5.3,0.0000269976838842135,5.40726475459364,8.44045247086661
C06A8.1,0.013412740867583,6.78683132344766,3.025477639387
C06C3.7,0.00000222732856453012,6.80100596088723,-10.2588100473314
C06E7.4,0.0094476698829732,4.50652289492602,6.73111519875559
C06G3.5,0.0342471233714457,3.15798198141335,5.46645367657463
C06G4.1,0.00344701817810812,6.33998239288709,4.28248184303661
C07E3.6,0.0321172768763252,4.98797038173321,4.51408303275305
C07E3.9,0.0176351524389976,3.85566391048363,7.03972974366748
C07H6.15,0.0340802937912399,3.23279023175301,6.21978017376114
C08F1.10,0.00284261673693065,4.74147592257139,-8.07991975770311
C08F1.6,0.0000127695831481724,6.46937371129242,-9.91781490313913
C08H9.3,0.00893596390718527,4.51822761597116,4.94882896901495
C09G1.3,0.000220523908174068,6.16921028908315,-9.60698742775554
C09G5.8,0.00287834478090184,6.6673830931138,-10.1214962348553
C09H10.10,0.0010545029254476,4.3423061334901,7.62390882232783
C13B9.2,0.00988559445705331,5.48880502566329,-6.2388366687469
C13B9.3,0.00191884764865736,7.27017974285601,3.31192285539486
C13C4.4,0.00459331670479897,4.05235942170373,7.28260416736879
C14A4.3,0.0025962246584464,4.44644597949686,7.00882388747244
C14B9.8,0.0269178188771795,3.30544411487215,6.32530088434137
C14F11.1,0.0238632571757492,8.18147547718882,1.96860942279636
C15C7.7,0.00249955838180391,4.41298870504084,7.70438977591455
C15H11.8,0.0392454553458095,6.0836282794163,3.17101903605335
C16C2.10,0.0120072151996663,5.83286049484138,-9.2563511587285
C16C2.9,0.0211235200888003,5.45499266568627,-8.85680225291631
C16C8.14,0.0425180792832165,3.67078239567778,6.81248293835054
C16D9.6,0.000896807086625614,4.90474156675749,8.25843052196361
C17D12.1,0.000453685905552543,5.23405721573136,7.84145771956095
C17D12.8,0.0489955815412283,4.17770636181324,-7.4363889784177
C17E4.2,0.0000029897491000338,5.79713941259538,-9.21803634739942
C17E4.3,0.00235863693017239,7.18568146775017,4.10801978166091
C17E4.4,0.0420203879593364,4.21371777021159,6.20984092117585
C18B12.4,0.0175753027111229,6.24588641203364,3.54044078281727
C18B2.4,0.0097247888939381,4.62319956647616,7.94511263727108
C23G10.7,0.0000683418925439048,5.43634810382215,8.39718346865164
C24F3.2,0.0267615360398538,5.93477206706734,4.81162052675254
C24H10.1,0.0201757746636462,5.33017168690361,-6.17279464486976
C24H11.10,0.00100288514889038,6.37202785659946,-9.81720411313587
C25A1.1,0.0201389851323916,6.95582730117056,-2.52161887954021
C25G4.3,0.00066774325114857,5.25176284255633,7.07525219551953
C25H3.17,0.00156866203894909,4.1623812844011,7.4128415991452
C26E6.6,0.00326635761078325,4.8744979640725,7.24474401401196
C27A12.6,0.00680018123837205,8.74523300484494,-1.36866238679203
C27A7.6,0.014720542155213,4.77212945560418,5.40588968193965
C27C12.3,0.0165590459187051,4.38318419821033,7.67267860402751
C27D6.4,0.00000617409123152847,6.37852057903417,7.50880170831227
C27D9.1,0.00659713290490805,4.20091717748501,6.67854300550347
C28A5.1,0.00520263863930601,5.06924067725408,4.88428290179132
C29E4.15,0.0480048481738154,6.01829638173353,3.52562941894529
C29H12.5,0.00475147283021179,3.80992148848499,6.98674728670516
C30C11.4,0.0462523674776472,5.40343279159253,3.03344016734413
C30G12.6,0.00201288511168214,4.81906498912146,6.91795187309518
C30H6.9,0.0329153278749503,5.53665110878344,3.00075215444495
C33A11.2,0.0196108783733666,4.15796830320626,7.4068566541534
C33A12.12,0.00336570436858078,5.94864927514577,-7.12371331075829
C33B4.4,0.00800113230648979,4.1874564104996,7.44366681217292
C33D9.13,0.000235203285411041,5.24753218555339,6.97402893379029
C33E10.10,0.033490244444824,4.66483996536299,-7.99462532401543
C33E10.3,0.0203107850477728,6.78275221112801,-4.1629363687955
C34C6.4,0.0226955030949852,5.49727987416448,3.94795628339663
C34F6.7,0.0322395002153807,3.70966343598967,5.38290733048276
C34H4.5,0.0127055981560782,3.715781775459,6.86728328585182
C35B1.2,0.0122776842387252,4.84069813218521,4.29310368573813
C35D10.1,0.00365754486563529,6.96693500772782,3.27998139146213
C35D10.13,0.024851134196739,9.02345722170288,-1.07107925954626
C35D6.4,0.00499871755793841,7.38601673793155,-3.26642441399461
C35E7.11,0.00162265693935194,5.30899813818494,-7.93324954363067
C35E7.3,0.00000120182370984063,6.59389303711738,-10.0460455894826
C36A4.10,0.0320367862520031,4.51629373958729,-7.82589222968299
C36A4.14,0.0292041534210961,7.03339324115612,-3.78159824720301
C36B1.11,0.000159599515457299,7.2733747069122,4.53957469958992
C36B7.6,0.0314287836114108,4.59204150546707,5.03601143810053
C36F7.2,0.00000653808188206994,5.80119213962106,8.29228245249696
C37A5.7,0.0119089440783913,3.47417317751991,6.55392302150952
C37H5.2,0.0303746503218369,4.49781577449992,7.80261496184339
C37H5.3,1.03130185221072e-7,6.32328874175833,9.76603239405239
C38C6.3,0.00642297082004189,4.4124569718747,-5.94025624497953
C38D4.4,0.0000117644917616968,6.51890393708319,5.36533549775748
C38D9.8,0.0244684937193177,7.01998947186991,-4.00563201769491
C40A11.7,0.00823055497603449,5.32988618336163,-8.72210978203051
C42C1.11,2.12217509244022e-8,6.57958300454102,10.0307051171026
C43D7.10,0.0000131200435253808,7.02467819236876,-10.4876366166863
C43D7.11,0.00639748225248586,5.69814323700005,-9.11348833287595
C44B7.10,0.0354507282448689,7.66997185560197,1.81156418635798
C46A5.6,0.0338418998320739,5.61440155054314,2.77201925174168
C46C11.1,0.00836925475934364,5.21464320872791,4.52784351412244
C46E10.9,0.0276589720720599,4.81543754557549,-7.00890026885343
C46F11.6,0.0236297241633873,4.09844953402004,7.33841876533775
C47D12.4,0.00385554952329941,6.40268595749091,-6.38377262952987
C47E12.3,0.00119838829439011,4.87203358883286,7.47391724258034
C48A7.2,0.000457693194083601,7.03117284169913,4.67188944063379
C48B4.11,0.00451806890028486,6.45853481922768,4.17110412136572
C48B4.8,0.0244416501010873,4.41378907456968,6.47950797410103
C48B4.9,0.00015744524185361,5.89746544915383,5.84782778037317
C48D1.1,0.0379784329795106,4.61502905242471,-7.93871768581441
C49C3.5,0.0458417634967656,3.54898911433574,6.65193051355099
C49H3.4,0.0000996945327746734,5.89167450104055,6.76611526563813
C50F4.6,0.000979287702260312,9.56362669985506,-1.5614247923407
C50F7.4,0.0133704832008648,5.4834981641109,4.2828074484874
C52E12.4,0.0282142180500282,3.62407651036223,4.99079567277584
C53A3.1,0.0272981531947975,4.29817632167159,-7.57510530006473
C53A5.16,0.0117725658100458,5.43815268244243,5.08117324419443
C53D6.4,0.0331989567924258,6.24678434525101,2.96828378324372
C56C10.10,0.0408085641230402,3.49624959573603,5.36526369457324
car-1,0.0057319761033398,7.14081695479305,3.43704690506902
cas-2,0.00939365761200156,6.56871399560937,3.61084776778384
cav-1,0.0484946165970757,8.22818169740842,-1.13565235534275
ccb-1,0.0246319234932098,3.56847974747076,6.67872989599157
ccch-2,0.00000216675705721688,8.34276506289417,-3.03196277940502
cct-8,0.0259538711333015,3.27738682191478,6.28708098401912
ccz-1,0.00651032314345987,5.72963152567621,4.29609671960188
CD4.13,0.0158987216515533,5.66109112433591,-9.0754684222708
cdk-5,0.0414215386115313,6.9515508564406,3.00305602660516
cdr-4,0.0341497364555089,3.84839420168494,7.03445711558918
cdr-6,0.0000470010028452568,5.19069560258969,7.78185559807716
ced-3,0.00151314138777898,4.29599419265542,7.08543224541358
ceh-39,0.0142544545407719,7.69512454899531,-1.70351524023309
ceh-40,0.034840359979788,7.79037903403444,-1.58409288542084
cgt-3,0.00141528375169259,7.84969377273318,2.79507038280452
cki-2,0.0205212002247897,6.32685692798905,3.05001232288173
clec-157,0.00776202596157107,5.65865645352694,-9.0728549475356
clec-266,0.0291844385118118,5.07013074203154,3.92700890176086
clk-2,0.0389558555015503,3.65438443189065,6.48119888757304
cnb-1,0.0304023325216524,6.40597369400557,3.71854555228978
cnd-1,0.0257406473768869,5.43449514171365,-6.73269015824464
cnp-3,0.00418171850325109,7.54397616544079,-2.61661027385606
cogc-2,0.0116481773562722,4.79635560858947,5.22861200883646
col-101,0.00661705863747627,6.18965592786914,-9.6280465342044
cpg-2,0.00500512122616127,5.54285711320455,6.00300419564134
cpg-4,0.00755624304426069,5.70159917716634,5.77349762451182
crh-1,0.0292382404721572,2.70137873456209,5.39662584274563
crn-5,0.0128890515171855,4.32139071049752,6.61601971489659
D1007.15,0.02381977655436,3.76429813865327,5.3919858736985
D1007.5,0.000679394517972755,5.7926431882666,5.32005921136623
D1046.3,0.00270916352203516,4.67807173006511,7.34755532240323
D1054.17,0.0168803102198825,5.76894318376573,-4.80060142645344
D1081.6,0.00067102342991744,8.72735777061629,-1.92423101332243
D1086.19,0.00163725954830822,7.7628870801312,-4.85159086744921
D2013.3,0.0247363867876888,5.34079920157356,4.57326676823477
D2023.5,0.0493377698473991,4.09677645574049,6.63982503875825
D2023.6,0.000657795895927867,5.54503723318006,5.68778917908508
D2085.6,0.000856356305740878,5.39131581505483,7.46514509252432
D2096.1,0.0275252040783288,4.6770462726757,-8.0071510109163
D2096.5,0.031517920223572,4.51179988680018,7.81791757385578
dab-1,0.00305426260655981,6.60618802121567,4.49006855617256
daf-16,0.00132703717982177,7.53306008419108,3.66896615868545
daf-4,0.0078015224342814,4.90592400731279,4.94295772835229
dap-3,0.00123693872261554,4.44489800207908,6.26015566476474
dars-2,0.00701449512544854,4.62272326094441,6.4107210825597
daz-1,0.0184814500944789,6.63908966736036,3.29166077473939
DC2.8,0.0181848880407136,4.12626096979378,6.3225421420592
dcaf-1,0.0163154764626389,3.81628066598673,5.19060060767314
dct-13,0.000150642835092775,8.96123206036097,-3.33068781282237
dep-1,0.00498029155053302,4.91775277780803,8.27265840441954
dgn-2,0.00273202376926291,5.60523256380024,-8.28763635462887
dhs-11,0.0386879319722018,4.8101564065857,3.90197160794509
dhs-17,0.00440469219201527,6.3992598585011,-7.85974760952691
dhs-29,0.0264431251449856,5.26110346676937,-8.64766866408056
dkf-1,0.0385566575437624,5.41435887301472,3.59269398048496
dkf-2,0.00126281140996401,5.34243733541779,6.88598196450732
dnc-4,0.00942573079554,3.98890503632194,5.5860719854987
dnj-13,0.015934037694507,6.17029468406333,3.33307841887515
dnj-3,0.0096614408559831,4.29793092595497,7.57299064752905
dnj-7,0.0091617466897514,4.96964328225062,5.44711730025482
dpy-19,0.0271518843183601,3.6651143644394,6.80409983996436
dsl-2,0.00239095736727486,8.72967874685713,-2.05798616889077
E01G4.7,1.10612857132964e-10,8.20924480798161,-10.1197520813024
E02H1.2,0.0191887596453,5.405646944878,3.97199576567329
E04F6.2,0.000129126413930081,6.53553116059746,-9.98587675396619
eat-6,0.000356880097785756,6.6084195402278,4.36898765218141
ebp-2,0.0409927513330827,8.25387884163258,-1.09229490657257
EEED8.12,2.61631434605586e-7,7.4594892046329,-4.99562787354483
EEED8.14,0.0101163503356952,6.51743610744593,3.43728620635813
EEED8.16,0.000423514956791222,5.49219112974423,6.05036716330357
EEED8.4,0.0000076436600403987,7.74515313232089,-4.50981553265309
egg-2,0.0396713586513394,3.49465054759314,4.93728772413125
egg-3,0.00922859552705978,5.29862051436875,5.51887385920785
egl-9,0.0106536245533316,4.57657491795936,6.1306235646292
ego-1,0.0239099818045738,4.80193492282763,3.65034207500453
eif-3.D,0.0456345422919861,8.01246615518584,-1.31009423519509
ekl-6,0.000952999005066732,5.31753233435124,5.83589562081301
emb-30,0.0207073448720193,2.96547372861306,5.57894492954013
epg-2,0.00000573806847392634,7.48169895069777,-5.85185602070204
evl-20,0.000623433737250464,6.02219479334029,5.71553694003341
exoc-8,0.0239092069038561,5.66589536183977,3.75314416414248
F02H6.4,0.00851210008528641,6.96583365395029,4.37309196038401
F07A11.2,0.0418121403732042,3.80548473006187,6.05809250385249
F07H5.13,0.0441850961361153,6.18732789438124,-4.0400105829046
F07H5.5,0.0362814670609654,8.26577554489696,-1.17894198354454
F09G8.3,0.00459331991545802,4.89656966095113,5.74291362431226
F10G7.9,0.0254705544509525,6.20498015416898,3.58064868752905
F12E12.1,0.0205803400304021,7.64471113593489,-1.47052904020174
F14B6.3,0.00648556773011457,7.76264828434962,-2.38158241683766
F15B10.3,0.00000651852332833922,7.55102304663117,-4.67893771782236
F16B12.4,0.0140279140703925,4.45799769925386,-7.76024537508102
F16D3.4,0.0459067838688928,4.54619419136274,4.20827511409154
F17A2.13,0.00260081036445968,7.52318574217196,-2.3196217153052
F17C11.14,0.0423084685201804,4.94105212209048,-8.30080977237563
F17C8.7,0.0487489508521495,4.82936978839109,-8.17871580691868
F19F10.1,0.00648188450290786,5.80920007057986,-9.23048223740382
F20B6.9,0.0086052427715792,4.79374799690997,-8.13785597083406
F21D9.1,0.0493334481815778,4.78357236488488,-8.12572828790642
F21D9.5,0.0095744745443082,5.41699419327579,-5.14732996893842
F21D9.6,0.0113437901086963,5.2050073893633,-8.5879080049337
F21F3.4,0.033047722075605,4.47037501747022,7.771389201281
F21F3.7,0.00484951534439549,6.41384983235836,3.4822965409689
F21G4.6,0.03732147730742,3.03066939970115,5.9303114960057
F22B3.4,0.0239348031186857,4.76703486635001,-8.10857146486
F22E5.17,0.00768345537634,6.63428699727249,3.72560898037184
F23A7.4,0.0435644670384295,8.58574186299731,-1.13011188672571
F23A7.8,0.00309557067440662,11.34618495398,-1.56982207424279
F23H11.2,0.00134960839354054,4.57406010122768,7.88915559208982
F25B4.6,0.0284943302413013,4.24104941042791,6.1793090827134
F25B4.7,0.00000826605677104293,5.74019640633747,8.13535016506806
F25B5.3,0.0258524241588121,7.70789613045745,2.19698986543344
F25G6.8,0.014460109412151,5.36400289642826,4.08624595206736
F25H5.6,0.0101848637227264,5.05044453012977,5.38208331001552
F25H8.1,0.0464808445370933,7.491751021271,2.09658952081299
F26E4.4,0.0259042935583988,6.64030190230623,2.49526898644084
F26G1.1,0.0105806528402351,6.1903508962266,2.77024216766916
F27B3.6,0.00155876977478524,7.06671825403004,-4.87911295161086
F28B3.10,0.00239968115685051,4.26631804825099,7.5345394845753
F28C6.1,0.000106575449570687,5.71037847633321,-9.12661041617194
F28H1.1,0.00477853121002045,7.33121611523334,-2.74841723530943
F31B9.3,0.000120649414307725,6.65592567236386,5.31797801683117
F32D8.12,0.0136730789125425,3.88813767111433,7.08351674658449
F33A8.4,0.0305336358775795,6.39344220111465,3.03563308744508
F33E11.2,0.000756877942289679,5.22537117156159,6.08210285257263
F33H2.2,0.00000228876103625288,5.97152912649958,7.690246029629
F33H2.3,0.000420065015418939,8.01624074632394,-2.07788027097599
F35C11.5,0.000522517636608365,5.42024529380802,6.69503964639646
F35E12.2,0.0086497253050144,5.30117148258718,-8.6910312002987
F35F11.3,0.00374503310156244,5.76661333191564,-9.18637335029477
F35H8.4,0.00118945534254631,4.38572161531765,7.67389064436942
F36H12.2,0.0391316951517866,3.64417104273725,5.56513632900201
F36H5.8,0.0150854017788558,4.97025440930821,-8.33230064522938
F37A4.1,0.00000696949684508011,5.97717141561762,6.66829104019596
F37C12.18,0.0173720935491496,4.41239385652882,7.70299601630331
F38A5.7,0.00220226085968266,7.23254688458849,-4.13535555600658
F38C2.7,0.0120573249338043,7.08247575282501,-3.20200606390667
F38E9.5,0.00912484961529443,4.94576206716265,4.45146424345525
F39F10.4,0.000142456867541895,8.50705181680532,-5.40289627631048
F40F9.7,0.00502975642820349,6.63964250229866,4.03292796958535
F40G9.12,6.60881035245878e-8,6.82077935757778,-10.2790554178861
F40G9.14,0.0401876426571861,6.39396031780656,-4.22048577524763
F40G9.18,0.0139386021739516,6.73745368804129,-4.15197167038682
F40G9.9,0.001475062513073,6.93383134566064,-5.18904173543118
F41H10.4,0.00196980793053321,4.06442711499997,6.81988834531392
F42A8.3,0.0219416897580837,7.55459772551349,2.10862159702151
F42G8.8,0.0282725666836438,5.22243040979382,-8.60603303297522
F43A11.8,0.0262505252476266,4.65204662332614,7.9749774407952
F43C1.6,0.0378516265588125,4.85407494951501,4.77211300326567
F43E2.6,0.0152609386358179,5.13938290608283,-8.51701915708361
F43G6.5,0.00421595305393667,7.88591254705314,-2.62552179165637
F43G9.1,0.0209347630902749,7.83065102653998,1.41016881664838
F43G9.12,0.0344198858230534,5.90812744182833,2.74778021040924
F43G9.3,0.0358458594882466,3.10268382401883,6.03644787081599
F44E2.8,0.0121163840083756,6.4107902891418,3.67090718144862
F45D3.1,0.00000698975367245373,8.17775123616812,-3.45467023311022
F45G2.9,0.00181672258280676,4.88907849416298,8.24003106397229
F46B6.12,0.00161242017496889,4.78672258323485,7.0872178337816
F46B6.6,0.000371593268065739,5.22296488686365,8.20349569595856
F46C3.4,0.0496452068102278,4.44892941594308,5.7130872102779
F46C3.7,0.034049509791685,4.67487651521612,-6.08976784688649
F47G4.4,0.00227317907178437,3.99896647112473,6.54269608245272
F48B9.8,0.0132938201428828,4.55287888536854,7.86298001995348
F48E8.6,0.0000292207273197673,6.10279350239016,6.23474948638183
F52H3.2,0.00240591374868001,5.02853863700876,6.6974930241175
F52H3.4,0.00735268134688467,4.72844561057669,8.06305807102005
F53B6.4,0.0493882254614164,4.23559266947422,7.49951241989786
F53C11.5,0.0394539700710709,6.90541270352827,2.11035759178403
F53C3.11,0.000150298744414363,5.89246011989857,-9.31802234534676
F53F4.16,0.0330921561008259,4.14855221882468,7.39352365680346
F53H2.3,0.0284013070370766,3.51601302500288,5.79754603887232
F54A3.6,0.00486920564406884,4.31269674365796,6.58606946090908
F54D5.2,0.00970122424771084,4.33862065164248,6.00291989711548
F55A11.7,0.0126581914860378,6.18620786235378,3.68342006638274
F55A12.10,0.0206979085023849,4.12955360570639,7.37524556484271
F55C5.10,0.0282719999707045,4.30522880108434,-7.58332816741905
F55C9.14,0.0000284079795296347,6.04361658430611,-9.47636702992502
F55G1.5,0.00593017392877748,4.01179792279004,7.23408491381456
F55G7.2,0.000011695192777013,6.39129230534149,-9.837222864033
F56A11.5,0.0000386768162735847,6.06155682168824,9.49414568606229
F56A8.8,0.0000150465944864845,8.84548806191885,-4.39106405944808
F56C9.3,0.0337303902587131,6.73110634523705,3.08388704457559
F56D5.5,0.000471634290656451,8.38109063117414,-2.40185152735313
F56F4.8,3.11889694606909e-9,8.26988825805415,-7.4924028049951
F57G9.3,0.00449224186316484,5.1032490802612,-8.47746930808775
F58H7.5,0.00464191159745478,6.40378286952621,-9.8499142483987
F59A3.2,0.0298691111630148,3.62295347833631,6.36240387417662
F59A3.3,0.00170566710494996,5.30926443670516,5.55024299216344
F59C12.4,0.00000126716114231168,9.10685668150841,-2.49885718791117
F59C6.10,0.000951030065613561,5.8682861509192,-9.29289984449422
F59C6.5,0.0243226183973006,9.66276008088767,-1.1508245573998
fars-1,0.0293588991529313,7.1633823708037,2.66858785713702
fars-2,0.00506100424277213,4.65556668215259,7.41935801923713
fat-2,0.045885616234781,4.3310581319357,6.93467443647064
fbp-1,0.000316349211263856,5.60808108919651,6.69766596376097
fbxa-104,0.0156978352031425,5.0591425615251,-8.42888839564416
fbxa-106,0.0403286661090407,4.95450317501827,-6.75127081644754
fbxa-153,0.000891455730246102,4.53232636620483,7.84239976664807
fbxa-175,0.0218398515590373,4.95364522891424,8.30973290887804
fbxa-65,0.0152455281896586,6.21307323006279,4.15148133357412
fbxa-83,0.0447147066999343,7.32830344466455,-2.44077631733269
fbxb-1,0.00221684607306087,5.22812873108479,-8.6128611726354
fbxb-103,4.04225429427838e-7,6.95492287305991,-10.4164893192806
fbxb-105,0.000176491603865361,6.08170187287435,-9.51574125882673
fbxb-106,0.030954841739186,4.4813847325002,-7.78695055378831
fbxb-111,0.00352750084141549,4.55817726897019,-7.87345167039239
fbxb-118,0.0254967952561167,6.42143402985755,-4.70719223978281
fbxb-119,0.0403533899596025,7.93910826336363,-2.914654011177
fbxb-12,0.00254364063860689,5.56885211621162,-8.97674667022558
fbxb-15,0.0000865058946499337,8.0891546946271,-4.67103561221922
fbxb-17,0.0375764070637097,8.57984021086151,-2.65080358073696
fbxb-18,0.00544439447625632,5.76173048752946,-9.18152622463655
fbxb-20,0.0001318956135484,6.32946598004812,-9.77332451880501
fbxb-22,0.0201849441362552,5.92487375119168,-5.52094503734692
fbxb-24,0.0315166465098772,7.76171672279289,-4.15320552483708
fbxb-31,0.000704089030106731,8.22734118748287,-5.01504794617151
fbxb-33,0.00000377658327298652,6.2838305245616,-9.72603242906453
fbxb-36,0.0336942577824805,4.41168130653867,-7.70706312839619
fbxb-37,0.0427427592708362,4.92881662997004,-8.28737790997118
fbxb-41,2.95104218535884e-7,6.6762851558155,-10.1308972871159
fbxb-42,0.0249791308582164,5.32436879301263,-5.82640687170064
fbxb-45,0.00145311619552345,6.21990473733,-9.66003709637382
fbxb-47,9.80937031461666e-7,6.79693259690835,-10.2546930764139
fbxb-48,0.01968245712671,4.17160801361854,-7.42714851537679
fbxb-49,0.00000569721940488774,6.19847898734446,-9.63740573241376
fbxb-51,0.0430353525328256,4.30468961428672,-7.58291297295369
fbxb-53,0.0415858221621375,5.42694875232636,-4.40003586057523
fbxb-54,3.03714336524746e-7,6.69145851331069,-9.31687176738771
fbxb-56,0.0311901181460941,5.93306891615557,-4.67570662208399
fbxb-57,0.00121939861039975,6.31339585661042,-9.75684323748618
fbxb-60,0.0347439053583007,5.05590196176729,-8.42537804022858
fbxb-62,8.30353775626655e-9,7.05655866547687,-10.5202325470005
fbxb-63,0.00000172420326559546,7.07936535673665,-10.5434917218044
fbxb-66,0.0283378568920912,6.16892038734003,-6.67285479552244
fbxb-67,0.0222740169078031,4.96884378145813,-7.03815865446608
fbxb-68,0.0000299866945361279,6.19733138122632,-9.63619352537093
fbxb-71,0.0200011429541665,4.77559992734245,-8.116970132023
fbxb-72,0.00243582987735407,5.35456399715683,-8.74863358769333
fbxb-74,0.0193658813826876,4.32132308647906,-7.603041967739
fbxb-80,0.0000547157819315467,7.54461029438825,-11.016859567755
fbxb-81,0.00347424901165449,5.82864038418952,-9.25091422010064
fbxb-82,0.00322274265066144,5.12010783916175,-8.49591514694462
fbxb-83,0.000257980205470226,6.34488428461258,-9.78927181604648
fbxb-84,1.24507043675383e-14,7.3605976284301,-10.8300101130526
fbxb-86,0.010788553090711,6.21368008920561,-4.99173558428448
fbxb-90,0.0116350003015606,5.15529518374838,-8.53455975649103
fbxb-92,0.000284831190710257,7.38081002174032,-6.43855158366665
fbxb-93,0.00206906533611415,5.37391255491094,-7.94322812202164
fbxb-95,1.84657644862419e-8,7.06297455491032,-10.5268131114695
fbxb-97,0.000185014976972939,6.2268665474132,-9.66686439072955
fbxc-21,0.00390559185440437,5.23488543067798,-8.62052763457605
fbxc-22,0.0000342318012271514,6.28011641031837,-9.7222113643666
fbxc-26,0.0145607853172663,5.0407088195891,-7.79410473969535
fbxc-28,0.00163714890809261,6.70960404266922,-4.6823378082115
fbxc-31,1.24620988870677e-8,7.47079895649613,-10.0161042797245
fbxc-32,0.000424314055703932,7.44244390415706,-3.12297695144995
fbxc-37,0.0154181291808011,4.38606594650319,-7.67685799238044
fbxc-41,0.00444484764805826,6.42265538405158,-9.86941376524455
fbxc-54,0.0165721525067544,4.96139932990557,8.32094164553321
fbxc-57,0.0104566825089989,5.9031833711527,-9.32915907623807
fkh-3,0.00705430816317172,6.95899969906119,-2.3308248655862
fkh-4,0.0179145851852465,6.30053881979711,-2.46903343784963
fkh-5,0.0000428824067348942,5.82860142762575,-9.25109967915617
fkh-9,0.00928953869448689,5.28009068683222,8.66701519367726
fog-1,0.000829110836262491,5.10491504464306,8.47753159933586
frg-1,0.0257049970306631,8.64235775639207,-1.15870131198416
gas-1,0.00547272420472389,5.01982715114516,4.49447766010443
gei-14,0.0226625500148481,4.93776003488825,4.13537541900531
gex-3,0.000229545880847037,5.47386818763619,6.76733213070604
ghi-1,0.0438007572617939,3.03710897643736,4.7775965004515
gld-2,0.0225292104571874,6.19232674316853,2.76989152118579
gln-5,0.000750577569439459,4.9373361379124,7.68532023522947
gly-3,0.00198498449926472,4.60273738199826,7.48204514305538
gly-5,0.027721608727706,4.70057685683477,4.39063653792195
gop-1,0.00116290294235003,4.02483240549829,6.59854705412768
grl-21,0.0199731955833166,5.4812570590002,-8.88351490190571
grl-26,0.039818539938043,4.9939156849634,-8.35954643157143
gsp-1,0.0388208550237805,6.31731374667699,2.76944826601755
gta-1,0.00848988459837905,4.64334740242882,-7.96983199236465
H02I12.5,0.000115984449343208,5.17516075128473,7.45705049126219
H04D03.2,0.023362799828809,4.16547024789778,4.75785527169938
H04D03.6,0.0197315800828145,3.17618184710629,6.14264721258979
H13N06.7,0.0329295243718752,5.12975436399764,-8.50737318181901
H24K24.2,0.0371893839834655,4.09753618589836,-7.34112420604247
H25P06.1,0.00166243555736974,4.23482781371562,7.49843223625721
H37A05.4,0.00161228693725969,6.94686978369457,-5.26988882556653
H43I07.1,0.000886127912152672,5.34077177893491,7.63278371605625
haf-1,0.0149100272574224,3.19997366119058,-5.58615458418266
hdl-1,0.0488914713613525,4.79077272018226,-8.13392828171878
hgrs-1,0.00122156824838897,7.10371784059668,3.06714818230171
him-6,0.0265847628168711,4.78663479200315,4.71905050736726
his-24,0.000103246670604726,5.95387964677604,-9.38265113917317
his-35,0.048378763973721,6.7646129272043,-2.91821802506501
his-37,0.0191629327325633,8.29530163296365,-1.27348576825133
hke-4.1,0.00333710686445111,5.70183130940032,5.67299869121186
hmg-11,0.0286103381605466,6.03112262787399,-3.73085091429029
hpr-17,0.00669464287548559,5.9766711210384,4.19362763388713
hrdl-1,0.0329793945443333,8.26672675696252,2.56837478378278
hrg-1,0.0410179009194864,4.29909650993979,7.57420000807866
hrp-2,0.0189407152097099,10.0785741195416,-1.15055823334998
hsp-6,0.00296234495451849,4.6959749899535,5.43340345935763
hsp-60,0.000264132122048972,6.4722723021971,5.01932530681409
hum-2,0.0000107945415007189,6.63622169735437,6.47260508550981
hyl-1,0.0143916244762466,7.99239576727812,2.07365788418348
hyl-2,0.0214205170754352,4.57271116617613,4.44549617026878
ifg-1,0.00190961366562534,7.47052516287796,-2.44801692983537
immp-1,0.0470880531159302,5.88388754374398,-2.69925126965083
imp-2,0.010403384542634,6.91965106974408,2.79245035974837
ina-1,0.00510879369115065,6.34433969852636,3.28805312006388
ing-3,0.0102614795743566,5.17569697522792,4.32536440384085
ipla-1,0.0417813281594936,3.85395806053147,5.94343912234404
jamp-1,0.0417755357309665,6.76189915152221,2.25862433432291
jun-1,0.00977367145058924,6.16451809060867,3.71189123823859
K01D12.6,0.0436990133219749,6.56431527789796,3.91443156393396
K02B12.2,0.00783559378304957,7.98083235511563,-2.58867872475404
K02B12.7,0.0450010290860923,7.57509484428879,-1.48038975401612
K02B2.3,0.0151287589587253,6.23558242262381,4.35647970139289
K02E2.11,0.0460976039085374,4.75924932695118,-5.62657157682232
K02F6.7,0.00746452779546329,7.85264697265607,-1.90289853067164
K04C2.7,0.0164552777380126,4.46665942157456,7.76438877937591
K04G2.10,0.00261412080700611,8.42536957652428,-1.83912427521875
K04G2.6,0.000532305482538132,5.7454900327787,6.48018311304686
K05B2.2,0.000148010494955837,5.76254223303867,9.180551428841
K05F6.4,0.00701101455547716,6.31983631282174,-4.73297017676296
K07A12.2,0.00709159379746447,5.23338072231387,4.66705437283271
K07A12.7,0.0178276347344741,4.17267511990824,6.73277696958483
K07B1.6,0.0235515754744388,7.4177181862497,-2.51123871796146
K07B1.7,0.000378997322920109,6.71579028972977,6.21378797247405
K07C5.10,0.0350268827635493,5.06630757495467,-8.43769057841354
K07D4.9,0.0228373344055226,4.14865608892415,-7.40215718869755
K07E3.4,0.0231034283788943,5.43395760702545,-7.01333096782897
K07H8.1,0.0194316328771996,4.14715002686719,7.39600712958989
K08A2.1,0.021532869229506,6.55780340847483,-3.01144914039035
K08B12.3,0.0329399189779235,3.8071970008421,6.98286238282902
K08E3.4,0.0000655129521283249,5.40869007787282,8.10427409257152
K08E3.5,0.00240705844332915,7.55317112798274,3.28504147906709
K08F4.2,0.0361819838166204,6.36164607957066,2.76746180023057
K08F4.3,0.0464061765219711,4.28376845172458,4.62135653348519
K08H2.2,0.00000209289462293204,7.0607720634837,-6.98734313478521
K11H12.8,0.0465138002351364,6.38670800388074,3.24525450798148
K12D12.5,0.0105505001415297,4.02531540742952,7.25112522224311
K12H6.7,0.0121796410484399,6.94786949192309,-5.10439011350057
kars-1,0.00551249385585892,8.21545605326354,1.57449194154654
kca-1,0.00782858441542939,4.72445735923407,7.49610832539924
kcc-3,0.00698510726019976,4.47217578223288,-7.77559069028634
kel-3,0.044335840140966,5.19808488383662,3.30293345627021
kin-33,0.00561024602818141,6.52628189764266,-4.50344617874248
kin-34,0.00022117172077905,6.50375539797453,-5.83379541017399
klp-7,0.033591437017454,3.38554691744547,6.43776273690949
lact-3,0.0107192061762641,3.81337846853851,6.99079971851647
lat-1,0.0468483971398885,8.42379089386133,2.08592877416316
lec-1,0.00525646163237567,5.94343589656883,4.97522140480243
lfe-2,0.00649030346207451,5.74094699951176,5.46646671785807
lgg-1,0.0256111694810317,10.0460005219361,-1.03509054607433
lin-26,0.0411094426465065,6.93524214918097,3.04060634147926
lin-59,0.0207346879261731,4.5414587555093,4.31217651015711
lpl-1,0.0246510001330905,6.68454621638644,2.87719876193786
lpr-6,0.0386784673908445,4.98484924091587,-8.34765691587385
lsm-8,0.0107987767511561,4.39980916525491,6.38016601392456
lst-2,0.0323220376749185,4.987173266433,4.00562181009323
lst-4,0.00099101764993551,6.12738030531699,5.56398590761711
lsy-27,0.00021780919987218,8.27250639601711,-2.48874821393061
M01B2.10,0.0364737819783612,3.57764060143705,6.69342969593503
M01F1.8,0.00522930180527666,4.22917411628955,7.49289058892701
M02B7.2,0.00326480227462009,4.39746658330852,7.68818516774903
M02B7.4,0.035747699130834,3.48120891858095,6.56596030913291
M02D8.3,0.0469086144391822,6.11325860548411,-2.15113487531861
M116.2,0.0329275521586988,4.59358106069177,-7.9132757952518
M117.4,0.049703167752731,4.3368223515029,-7.62002495678192
M151.1,0.0475410220846466,4.17128152221632,-7.42807618992643
M18.8,1.86101674994605e-7,6.59052178033319,6.85052231941245
mboa-2,0.000440302428414592,5.20331141271917,6.69178971255659
mboa-3,0.00383029033189404,6.28359731113368,-3.85668456635126
mdt-19,0.0191540677021957,8.33137761661613,-1.36038684646109
meg-1,0.00968379001444175,7.48891934764818,2.70576671630986
meg-2,0.000974623120736825,5.08581237073152,6.02392244173182
mel-26,0.0452634155359051,9.02252251842352,1.42047934187214
mex-3,0.000770434898345627,9.21776016723802,1.74208775613501
mex-5,0.0117300642890537,9.10925850038824,1.72768625887552
mig-22,0.011310373472455,6.44851551356514,3.46045515379554
mom-1,0.0000544584510369642,5.60832225796162,6.63759215130769
mspn-1,0.00189185357502681,6.531652271394,4.67102049066632
mtm-6,0.00831914317897781,4.46480296119919,4.98025804357106
mut-2,0.00220552184180863,5.90029893393201,5.22991684479876
nape-2,0.044798270243645,4.80283081415385,-6.8493100771801
nars-2,0.000426730820117971,4.62402412975658,7.94540650375977
ncx-3,0.00117545484235977,5.19064923810518,6.36007984346042
ned-8,0.000390310372191238,7.93908207626206,-2.446864091039
nfyb-1,0.00990176429315453,6.29944054740391,4.30377044304668
ngp-1,0.0309103497819358,7.89509572837122,-1.67569103636115
nhr-100,0.0429355783071333,5.73118933906529,3.96334771067427
nhr-104,0.00882879441929796,4.55713872400019,7.04167288689171
nhr-135,0.0116064042267875,5.39806131626985,-8.79472853325247
nhr-142,0.0449439015216232,4.87104541880616,-8.22256772887443
nhr-145,0.00779081531747818,4.22733820202472,7.49067085774288
nhr-181,0.0145710169429022,5.45879299505009,4.25675874685416
nhr-284,0.0187122614792307,3.95698082486348,7.16781128617773
nhr-71,0.00000111083410205025,6.03841429860699,8.10316505003525
nhr-86,0.0345509338534248,4.82286407208376,5.02788792372284
nos-1,0.00676881480950518,4.19587112132024,7.45311649553229
nra-2,0.00791692714882879,6.23791038877371,3.48714220435297
nrx-1,0.0126164018956899,5.77300677416587,-9.19232854753006
nsy-7,0.0326075613581424,8.02263291024244,-1.70992392018101
nuc-1,0.042524883733581,4.94433619848229,-8.30527431329983
odc-1,0.0116857637730014,5.71438254738425,-6.24730017726058
oma-2,0.0000700805468193487,7.10917371505071,4.34956658551983
orai-1,0.0261154879561323,7.18280378508532,2.81846093792486
paf-2,0.0412117624594552,3.5046660783894,6.59357986702955
pal-1,0.00754099894834267,7.40569168965345,2.6831404548199
pars-1,0.00891502705157238,6.38391562423172,4.25552584482907
pat-2,0.0454265894790403,4.50494532698889,-7.8153685277135
pcs-1,0.00135487728829265,5.32181979036035,5.25936469616646
pct-1,0.0432357569879396,7.49455779673202,1.9421901839963
pdi-2,0.0253237882548164,9.14813653143085,-1.16062778810512
pes-10,1.8870566388595e-7,8.29174691190926,-6.09806508885315
pfn-2,0.0271993539158954,4.50462597212478,4.63107033750906
pgl-1,0.0317129595791875,5.49839908963555,3.41014435871811
pgp-4,0.0306772360012885,3.47765699637465,-6.15429101237675
phat-2,0.0198009189897888,5.12118254151461,-8.4964017222723
polk-1,0.00000898699754470016,6.75694328450061,5.45921487268026
pph-5,0.0232480444020669,5.91215255129598,3.69208291423836
ppk-2,0.00729052379063932,4.69082651559145,6.56488954996991
pps-1,0.0000237370260291917,5.46195177562068,8.39656351391455
pqn-10,0.00424833795962357,5.01326799026385,-8.37953193468822
pqn-75,0.0111344764998171,4.55853516006235,-7.8737322467911
prk-1,0.0172637930417957,4.43453042976078,5.11713993929144
pro-3,0.0269397709188989,4.15224330710684,5.61162270047171
prom-1,0.0310849809648283,6.64713573347695,2.92701211823666
pssy-1,0.000694777792775486,4.42306298549305,7.19057815146795
pst-1,0.0189264879467217,4.2531168212034,7.52146551846161
pstk-1,0.0360324955986416,4.80997202911336,7.27103624241253
ptr-2,0.0127310596898491,6.67669997645226,3.62868141988719
puf-10,0.00740677024661886,3.92971658194309,6.53500995194997
puf-11,0.00000528217244097059,6.35848745794605,5.97575024983922
puf-5,0.00893863447068067,7.53857502091655,2.96459219832054
puf-8,4.80334155344613e-8,6.32067698038279,9.76327204950188
pup-2,0.00000490326360602017,6.47013079293365,6.40083149103779
pup-3,0.0127916018301182,7.3517594100292,-3.54920540641502
pyk-1,0.039359808287221,7.90743444249406,1.6859304343949
R02F2.4,0.0000711686228740901,5.30778495169096,7.11325326044356
R03D7.1,0.00286368768556172,5.79673379494642,4.13856817254062
R03H10.1,0.0165267468279744,6.28683282679576,-3.8036616486046
R04D3.3,0.000453538618912441,5.70689206730096,6.56181138859384
R04F11.5,0.0335252933231444,5.35612994212744,3.39778172111402
R05D11.5,0.00374382928736561,4.78816753953637,6.42330137187987
R05D11.6,0.0170607551618189,6.71010240590941,2.6985989383675
R05D3.2,0.0160731501141253,4.76339470301603,3.90375367285946
R05F9.9,0.0128462562684992,5.61819786635056,-6.54577333754395
R05H10.5,0.048330728888623,5.19843713568841,-3.61601357506976
R07B7.2,0.0000294214103745359,5.99777872661085,6.90001989542892
R10D12.14,0.00566356556573529,6.84182184402158,3.59491902376346
R10E4.7,0.048262151321668,4.54283422287867,-4.17430714437837
R11.4,0.0335517757024061,6.88510250335152,-3.21503110348624
R11A5.3,0.00173935224941796,8.57624729330522,-4.60546659171833
R11D1.10,0.00491639315751968,5.14596888740638,6.07067294532006
R12C12.8,0.021242178791735,3.96168130017402,6.77717437429255
R13A5.7,0.00031129181207429,5.76000737770979,5.97630951575631
R53.1,0.0205641037731795,6.20836522967859,3.25062835130375
R53.2,0.0185208688694384,8.6509450560835,-1.23721796056039
R74.6,0.00418078336108485,6.04611124721892,4.26702759683374
rab-11.1,0.00341108207104951,7.1574430544541,2.79959466567347
rab-33,0.0399851902265531,3.83583866549037,5.34461319289008
rad-54,0.00251190582739411,4.44672730127982,6.33261400581748
ran-3,0.0183802825384198,7.52368349352912,1.88417901252644
rap-2,0.0000133403957028946,5.34159530635753,7.95975887418286
ras-1,0.0485424940251643,4.88164548883845,8.2342620154433
rbg-1,0.00139754414124473,5.05451900576,6.47135702930466
rbx-1,0.0443434415520234,9.92299110857257,-0.963788134014399
rec-8,0.00112801690935646,4.94046104580902,7.90362747085995
rhy-1,0.00290564946167511,4.89547543622363,7.74817645757912
rla-0,0.0245550624203067,7.75985932308422,-1.59648778066057
rnp-8,0.0406336505717172,5.9564440648674,2.79366865964184
rpl-10,0.0337921180998468,8.78195275209011,-1.1304663948886
rpl-7A,0.0308134564887491,7.65937673754246,-1.55741431018912
rps-23,0.0296022088137605,8.85528700690093,-1.13171754814134
rrf-3,0.00627651609833833,3.54740953140635,6.0743920041716
rsp-1,0.010371569163344,8.3602231444123,-1.319030883368
rsp-2,0.0339841643764362,8.6413839449138,-1.04191453412021
rsp-3,0.0435199270000942,9.55972785238083,-0.875716206721272
rsp-4,0.0398413687875791,10.5609066930717,-0.982451311137008
sago-1,0.0442636876202509,4.66169570625248,4.32526447004205
sams-2,0.00319144982394725,7.49600967740126,-2.99452096275566
sax-1,0.0215342443876297,4.1287632082577,6.04446439284683
scl-27,0.00882203519009266,6.7230082305157,-5.57442802973306
scp-1,0.0000613944181025962,5.27331746707751,7.60339474352384
scpl-3,0.00183585064672209,5.38197593602553,6.28618256058897
sdha-2,0.00433984647116543,5.04256883857268,7.30210385824224
sdz-10,0.01460181596946,5.00059431805623,-8.36558157047878
sdz-11,0.0323648927221318,5.4789491232871,-7.97428311830093
sdz-12,5.07479051099913e-7,7.49056890514218,-10.9620727908134
sdz-15,0.00848426025064199,7.76651860213336,-4.27847588776383
sdz-16,2.42051059663564e-7,7.95575539793555,-6.64932884543939
sdz-2,0.0398250582534309,3.79037153668957,-6.96610363249262
sdz-20,0.0100772602174252,4.91207614152182,-8.26948220708507
sdz-21,1.84335473375706e-20,8.28840690492414,-11.0199180342768
sdz-26,0.00345979482439593,7.19459113476515,-4.26938357731133
sdz-27,0.0197592885754983,5.20381418862088,-7.46580993440813
sdz-28,0.00000590659028264183,6.88442995597412,-10.3442974704932
sdz-29,0.00487681259814997,6.6578527604711,-6.05507846134139
sdz-30,0.0157167134575617,7.71381365633644,-3.25023961460321
sdz-33,9.33801947516064e-7,7.37598287589509,-7.82238703087994
sdz-38,0.00611263651946404,5.95600925525057,-6.38215288668574
sdz-4,0.00327924591583518,4.47576014704907,-7.78141819381564
sdz-5,0.0444704959615441,4.25875848085058,-7.52926151762516
sdz-7,0.00787868717354588,6.92029890434099,-2.57496218443858
sdz-9,0.0040121896179343,7.0188427212048,-3.94083342823625
sec-23,0.00364899993415401,4.66018304972723,5.61777873868419
sec-24.1,0.0087436206611176,4.42466716677346,6.18812583447191
sel-11,0.00200054377722095,5.35177619656926,5.08231406744227
set-10,0.0468430331783919,6.19048587390261,-3.09628862052093
set-12,0.00643044752557096,5.11844713912249,-8.49362571046813
set-14,0.0200059378027946,4.6283741096504,5.00023586007434
set-19,0.00293251114659054,4.16141617146724,6.78770370633671
sex-1,0.0353587952060303,7.24418084909276,-1.75746521377596
sfxn-2,0.0456616658141824,6.52428847112672,-2.73604926248957
shc-1,0.0477485102999519,4.13871657562506,5.45941814969864
skpt-1,0.0446515501312405,8.2695239638998,1.17116354650755
skr-10,9.38225952830767e-10,8.82535814551089,-3.91874138106112
skr-12,5.10821734949962e-10,6.79897454328796,-9.12194464351289
skr-13,0.000100887757109329,7.59096180548885,-3.42759056767523
skr-14,0.0000166784442312525,8.69229999914853,-2.51967393779598
skr-15,0.000144191157332908,8.16419493943599,-2.66427173056809
skr-16,0.0016610557648797,8.513723030648,-1.98700880109917
skr-7,0.000142409225081493,9.32789964206894,-1.86495049793918
skr-8,0.000130053659167492,8.70896983804131,-3.268181195048
skr-9,0.00348740674702567,8.17785838736988,-2.49766341094121
sma-3,0.0406154892655479,3.22908348490223,6.21809282485224
sma-6,0.0171531871942543,4.31513554832983,7.59344330179232
smg-8,0.000611005219193716,4.5699586674858,7.88432714062421
smo-1,0.03669432949943,9.97699982272117,-0.951684336139263
smy-11,0.0157826486203674,5.66627844742073,-9.08094809059477
snfc-5,0.0470121828936953,7.98399959477144,-1.08799607057429
sox-2,0.0364612459372404,5.03609707111754,-8.40477623220693
spe-39,0.012417247718087,3.09989910564768,5.54189485231846
spe-5,0.0314137442703707,3.95076749096297,7.16203917467377
spl-1,0.0266432428484282,3.45749912411675,6.06773426094437
sptl-1,0.00342537107267098,4.97226254283447,6.25420834206061
sqv-3,0.0418679722799703,4.3640798398561,4.18753931881086
sqv-5,0.0206983808006103,7.21941370565271,2.36768624951056
sqv-7,0.000159587017856687,6.99252564257447,5.28837610865828
srd-52,0.0316497654635025,3.78333362071603,-6.95853213014797
sre-13,0.000288074541807956,5.87785097513424,-9.30298292065338
srgp-1,0.0263530707517272,7.20134627308687,2.25456130745564
srh-217,0.00385972626914035,5.73752716700709,-9.15536319446138
srh-220,0.00910332125641094,5.01482549191945,8.37968465061499
srt-13,0.027125855727956,5.0640829535008,-6.67680879574923
srz-33,0.0257676879379118,4.61986728243764,-7.94378649473087
sta-1,0.00411184940491822,4.22490165213035,-7.49084976334284
stdh-1,0.000388805788871418,5.28556945260307,6.57602262640104
strd-1,0.0426661408779081,6.56209022266669,2.5895398579735
sup-6,0.00724984726511877,5.41510978404337,-8.81316600134939
szy-20,0.00645851024298908,6.60275456287956,3.53858049654293
szy-4,0.00408019129305881,6.12908649513666,4.73745318308905
T01C3.3,0.0478953811423401,6.17539567517802,3.18614626199476
T01C3.9,0.0000478170202328132,5.29531060852047,8.68311716184292
T01G9.2,0.0466429828602579,7.88482624455416,-1.19790440164529
T01H3.3,0.0215533111116436,8.26687016972202,-1.21305127437593
T02E1.2,0.0485758167825623,6.80179952534809,2.18958259728915
T02G6.10,0.00720443488698873,5.41914245479759,-8.81771830625175
T03F1.8,0.00539723781212402,6.94947111918951,3.2037508963666
T04H1.2,0.0193022769927206,7.54275659260863,2.03041194053816
T05A7.1,0.00110729705870689,6.31581688928198,5.81065929668577
T05E11.3,0.0469303870358605,6.6605659873362,2.45600060783364
T05E12.10,0.037108696022246,10.5833743883556,-2.49497565944025
T05E12.8,1.68946048477651e-7,6.90793088270048,-10.3683922200075
T05G5.9,0.0118002478994277,5.48852633562802,4.35133727243317
T05H10.7,0.0166042343975734,4.14527678403463,7.39449507597538
T06A10.3,0.0239143506510054,7.33644730507661,-1.68386900490627
T06D8.5,0.000456653596083341,4.50073470813323,7.16070959278011
T06D8.7,0.0469153250303123,8.68413824891307,-0.966482458053289
T07A9.9,0.0079778997122734,9.52652438811671,-1.97679347636497
T07E3.3,2.25068569018462e-7,6.27846805929832,8.4655693443842
T08B6.1,0.0282588073502663,3.52259188835753,-6.62464919197807
T08B6.5,0.00000864524166042942,8.54102976809081,-5.91119202618614
T09F5.12,0.00000424071941337612,6.66690734407848,-10.1213025904011
T10D4.6,0.0226355160262881,3.82020518069557,4.29726171998003
T10E9.2,0.00087926839517667,7.23485685972182,3.75048361439296
T11B7.1,0.00859209305589543,7.28144990042398,-2.95805743208355
T12A2.3,0.000787821919320224,7.97033335280638,-3.24784795262754
T12B3.3,0.030595401768658,3.34907495206687,6.38724743653075
T12F5.2,0.0412308570948606,4.64717382972491,3.58338865087981
T12G3.7,0.0324578217581045,5.89211961593398,3.21473766439214
T13H5.8,0.0350341993723504,8.2708516948492,-1.17950406114881
T14B4.5,0.0308683770792129,4.5926415033869,7.91040010440317
T14C1.1,0.0422581325718975,4.16591861596208,-6.54054260397968
T14G10.8,0.0282776467592344,4.44204603346762,5.0976113032265
T16G12.4,0.0172722632059025,8.07508160971812,-2.20557992358097
T17A3.12,0.0390628198784605,4.87260125868677,-4.79416605236291
T20D3.8,0.0209726585683397,7.29331778365868,2.43635625561939
T20D4.12,0.0359733482872861,5.05611742776788,-8.42738968219978
T20D4.19,0.00609223949672927,6.23195680870689,-9.67197266332005
T20F10.8,0.0474290956927523,3.61089351852694,-6.74034454551677
T20G5.9,0.0034721439938413,6.14192963175078,3.85644812093384
T21B10.4,0.00158641336576886,6.75750969254382,4.50609700044796
T21C12.8,0.0360692081519625,4.456415277806,-6.07869431603385
T21C9.13,0.0367637064671611,9.78113295985957,1.65473632345416
T22B2.1,0.0000429374900481254,7.09910243257684,-5.62816018641443
T22B2.2,0.00103691953671928,6.39651666450176,-9.84247769826904
T22C1.11,0.0142719682513441,6.92219920384553,2.18092138775608
T22C8.4,0.0143753152784475,5.47334283183419,-4.27657763093565
T23B12.2,0.0111219330313739,4.1069571274038,7.34846354137335
T23B12.6,0.0333118103989022,3.81300708802183,6.99182508744833
T23F2.5,0.0235202356602213,9.28023782543005,-1.07250609471723
T23G11.4,0.0497532588390962,8.20166843933316,-1.170049625149
T24C2.2,0.00193526667179758,7.17605479613174,-2.88137057915554
T24D1.5,0.000282098798620449,7.14628726256886,4.54722984177261
T24E12.13,0.0172843105267751,6.39410988133462,-5.47935044578873
T25G12.11,0.00629817599431748,5.42094870669688,-5.92962569218415
T25G3.4,0.00596415445241396,4.96974636478277,7.41624294489547
T26C5.3,0.00164847169911145,7.25559541069797,2.50067745693319
T26E3.5,0.00223697218412237,9.21271563732392,-3.26858346953606
T26E3.8,0.000197901743356335,6.53083653364725,-8.1464879433097
T27A1.2,0.00553042032186146,5.14678216622928,-8.5242950446081
T27E9.6,0.00235361068100849,6.3335516049493,-7.20728930224166
T28A11.22,0.0175583498069003,3.59752367492449,6.71450432976758
T28H10.1,0.0483081911307883,4.79908357434986,-8.1429468929875
tac-1,0.0319177509183002,7.85175909773295,-1.6303021873952
taf-11.1,0.0000215368063940596,7.38447786064452,-4.9294535602309
tag-143,0.0104770648168171,6.94463071727225,2.58925429029909
tag-144,0.0465632613833874,2.86798953673237,4.93977462828384
tag-165,0.0236796165041831,5.67860657641461,3.82437114702864
tag-173,0.010570066165092,6.58420173005007,3.90545469281273
tag-174,0.0413838947633742,9.17930600930127,-0.945594842681813
tag-179,0.0191494678814973,5.5264338977281,3.94986305797157
tag-233,0.04588036525364,4.26354603021078,5.73551357396357
tag-264,0.0259470515305068,3.96886635305012,6.24722054060745
tag-266,0.0396927200529951,6.27824153937149,-5.28803874972178
tag-276,0.00000204599912203655,9.30706527955303,-2.70370492882168
tag-321,0.0000939074762813238,7.20534716841902,5.26904444032776
tag-51,0.0146590000969482,5.41116148739993,-8.80872469287526
tag-63,0.00559288336055236,5.72466875108468,4.51904112016625
tag-93,0.0466222446070957,7.80206408868233,1.94856830048465
tars-1,0.0408754959058163,6.42284166542898,3.3105336613759
tbx-11,0.00000546020895041758,7.16098280002847,-8.90888522082145
tbx-32,0.0000016337431542343,6.604106634946,-10.0566058931044
tbx-38,0.000113644491992365,6.47315673012556,-9.92164882349465
tbx-39,0.00827157126337307,4.72842426543861,-8.06567842528403
tbx-40,0.0000379362881641133,6.39083624369534,-9.83671831064906
tiar-1,0.0100833475326349,8.00286629036236,1.66749234549989
tkt-1,0.00599177410290783,5.8032774715749,4.84612534793613
tomm-40,0.0000711869489709495,6.28224852187363,5.11118374616589
tpst-1,0.00333852922444459,6.62469869714502,3.77641281043552
tra-1,0.0179249454031544,3.98665732478059,7.2017591993313
trap-1,0.0026672173438661,8.26253226392735,1.91362334792474
tre-1,0.028038179221935,8.32571818861323,2.24128945682338
tre-2,0.00300070391473426,4.80657685820935,5.08953634311965
try-1,1.2764498157063e-9,7.44634693139969,6.54704088689882
ttr-50,0.00000363710239473412,9.46652784406893,-2.21735939690008
ttyh-1,0.0448967654947947,7.08327254436364,2.79983047237218
tufm-2,0.000651134661739931,5.89323061159556,5.58353320482987
ubh-2,0.0126697630081989,5.52913105008308,4.31637457324729
uev-3,0.0437634227817423,7.11171000632108,-1.69811615807824
ufd-1,0.038982888086201,8.60749465487753,-1.08935685850228
ufd-3,0.0271414870040882,7.98692560156156,1.52832263935185
ugt-28,0.0178247922537235,4.18275885368787,6.55757375415841
ugtp-1,0.0000225657113570396,5.49461359478415,8.89670487188092
unc-18,0.0397624807811523,4.31072095285337,3.78440752764016
unc-26,0.00934271038400916,6.01029185758276,3.9597120334215
unc-85,0.0101146519210523,8.57208819994895,-1.32361159115938
usp-48,0.0234498972755906,5.235197813718,4.05391314897034
vet-1,0.0000678881059970692,8.35216961803063,-3.57828110718629
vet-2,0.0184337366525367,7.75110991695063,-1.54518669466228
vha-11,0.000144824204726358,5.86179800242943,6.44551930462186
vha-12,0.000125195103409175,6.07193916363996,6.13355205635681
vha-18,0.0488288408606953,6.86915652007264,2.700429361717
vha-7,0.0285340330391905,3.75572725758275,6.01771400734489
vps-2,0.038973634960832,7.86733061743406,-1.29952097824582
vps-33.2,0.0067364577183699,6.20048118226053,4.51052302347181
vps-35,0.0035304175788463,4.46210217477642,6.14824714092134
vps-51,0.0036748089219575,4.36646477954963,7.26663715716659
W01D2.5,0.0239572311826949,5.59771531960365,3.50458197496017
W02D9.4,0.0171766286088111,5.01517443770416,7.49951131425953
W02F12.5,0.00398974430822074,7.24302428100178,2.93126293437334
W02H5.2,0.0266458583056714,4.68875025966233,-8.02025870177755
W03F9.10,0.00292922999347799,7.90912921189562,-1.74727928821409
W04B5.2,0.0336444207047163,5.08345894238532,-8.45545295228539
W05F2.3,0.000467678705314893,6.94325476244865,4.10731203218955
W05H7.1,0.0274083328337161,3.31532871498659,6.33951159939846
W06D11.2,0.00898013647295132,7.84875726833015,-3.13174962114347
W08F4.3,0.00907274500322731,5.01668239195846,5.47888443369187
W09G12.9,0.042141208340831,3.81089679303692,6.98831686400197
W10C8.14,0.0115298324441738,5.83701158915639,-9.2597340109683
wars-2,0.0274349991631554,3.64150465406215,6.77095560634739
WBGene00219217,0.04289449758341,4.25065489867729,-7.52085345033134
WBGene00219422,0.011521202447078,4.37919056450852,-7.12010155159729
WBGene00219490,0.0236257328709824,3.37028812718838,-6.42212631918696
WBGene00219700,0.0439194193163439,3.9662117554227,-4.4495800464328
WBGene00219886,0.0442646856456263,4.28138853288888,-3.74193330989425
WBGene00219904,0.0225696813238567,3.29094924256893,6.30578204275303
WBGene00235158,0.023992250771807,4.26427175751501,-7.53577856369884
WBGene00235352,0.0434078120273728,4.89799455701182,-8.25246827283774
wee-1.1,0.00254394834731154,5.86172174747558,-8.64272656090709
wht-2,0.0339791428596952,7.89136409892307,2.12305005650396
wrn-1,0.0142995300010588,4.61946857584089,5.93991336921268
wrt-5,0.0297040420824169,4.8475558264212,4.11642558203379
Y105C5B.14,0.0109139239400343,4.97815664059444,-8.34048435715552
Y105E8A.1,0.0143698492095127,5.23271180493328,-8.61714274183717
Y105E8A.14,0.0200601210139506,3.46049438092524,6.53737748713285
Y105E8A.20,0.00125153611755458,5.68259314051649,6.73353822041049
Y106G6D.1,0.000113323674270615,5.71003904386401,-8.71385183487637
Y106G6D.2,0.00122235460037991,7.87492779630255,-4.0333640902104
Y106G6D.5,0.0408537034376193,3.64006926652301,6.77216230264054
Y110A2AR.3,0.0000116671186357215,7.73876000073977,5.12478139266902
Y111B2A.1,0.0393985878756939,3.45261156371151,6.52722348827716
Y116A8C.19,0.000313021319309779,8.2410993833726,-2.40177797040292
Y116A8C.20,4.67724527341019e-9,8.58363349074978,-4.42652617887552
Y116A8C.22,0.0000221662938870685,7.71910464340179,-3.94836698753894
Y116A8C.26,0.00301948823448707,4.86687385899261,6.07172294075621
Y116A8C.27,0.000384068476817865,4.92692336049652,6.88285943303771
Y13C8A.3,0.0126638428363751,5.77226970520986,-9.19161300602887
Y17D7C.3,0.0152881778543721,7.29298623602793,-3.74667541454761
Y19D2B.2,4.45407912083988e-7,7.05846378787935,-10.5221529283894
Y25C1A.6,0.0341014266135846,7.21820252512111,-2.35813142290213
Y25C1A.7,0.0124120482277825,6.90526702592817,2.34620122084929
Y27F2A.8,0.0448707231544791,6.34635687637032,-3.15032763658538
Y2H9A.6,0.0183490065084103,4.87834865882868,8.22918269024588
Y32H12A.7,0.000618787118115407,5.50026324944024,6.81652374249143
Y34B4A.8,0.0279339364204731,3.18567880224756,6.15847342361942
Y37E11AL.9,0.000440541403237665,6.28351323644612,-9.72550407567925
Y37E11AM.2,0.000327112184867069,5.37798184665683,6.32661613260911
Y37E3.25,1.51076608691222e-7,8.16911676797319,-11.6489116174994
Y37H2A.12,0.0173084652455964,2.99908842116017,5.88025538495102
Y38A10A.7,0.0498657193678463,8.9419654900233,-0.986995839622879
Y38C1AA.1,1.1389460948873e-7,6.16640880112391,9.60314854935501
Y38E10A.28,0.0135845932743308,4.18797577524187,-7.44795459814903
Y38E10A.3,0.0000129188134014964,7.76358415910725,-5.64170254239022
Y38F1A.2,0.0274599920257227,3.84779502025621,6.28901017003398
Y38H8A.7,0.0496075382666444,5.17235801847108,-7.3640854312373
Y39A1A.16,8.35918582216762e-7,6.74685588809533,-10.203394016134
Y39A1A.8,0.0165593415918157,5.57153235742083,3.92965324517816
Y39A3CR.5,0.0343257248779675,3.61981913379648,6.74168111002205
Y39B6A.16,0.0152065640024701,4.50722776198479,6.26824433830933
Y39C12A.9,0.0148831255698935,3.71654291619794,6.8682193537318
Y39E4A.3,0.0324538397975821,5.92457247814695,3.25547342008774
Y39F10B.1,0.0222487081905515,6.82839234434881,2.74069412463558
Y39G10AL.1,0.000380074141026403,6.04753263246533,-9.48028555543823
Y39G10AR.7,0.000950543149912156,5.06857997887324,6.2135103730572
Y40A1A.2,0.000090593576505746,7.35745077267617,-10.8267352809968
Y41C4A.17,0.0401984251120434,4.29451059515241,-7.57158496966745
Y41D4A.4,0.0359221295543255,4.35555234293672,4.66007722945891
Y41D4B.14,0.0180160564502876,7.80377825570075,-3.09698607512978
Y41E3.1,0.0378780504285414,8.61338733096096,1.32853625658121
Y43E12A.3,0.0000376015659274313,5.12511559979097,7.8291196646834
Y43F4B.7,0.0012274308374684,4.94380085004486,7.00782827872651
Y44A6C.2,1.38317438027347e-9,8.15672796883801,-7.92589594383979
Y45G5AM.5,3.68610032348469e-11,7.31595030430782,-10.7846038754426
Y45G5AM.9,0.000424470409060561,6.41325260355314,5.21316442029457
Y46G5A.28,0.0173945535462576,7.48271017900248,-2.67332263861478
Y46G5A.7,0.000756186772821661,7.90864485125479,-5.03775786770001
Y47D9A.1,0.0000675150934060218,6.50744726879359,5.28759261252272
Y47G6A.21,0.0494045590130686,3.46383815922733,6.54203069963854
Y47G6A.25,0.000221106754183869,6.79964464298836,4.85210160149213
Y48A6B.3,0.0383092780682343,8.19231849869905,-1.14782519551615
Y4C6A.3,0.00364463552735034,9.40125041060785,1.41038589065844
Y50D4B.2,0.00272890741930933,6.21266031032461,-9.65195026115442
Y51F10.2,0.0279109463804387,9.43631658440006,1.89425215899183
Y51H7C.5,0.0201685007139002,3.8845500178643,6.3711330984034
Y53C10A.5,0.029363732051769,3.54804030892623,6.65110917885941
Y53F4B.19,0.0127915176095271,4.52635396312415,-7.83757135371444
Y53F4B.3,0.0282522012858987,7.96013165911048,-1.37217788652087
Y53F4B.39,0.0322628705126267,3.80485849463888,4.16859815168806
Y53G8B.2,0.001829471456389,5.5765266677652,6.96903592661761
Y53G8B.3,0.0335575203535585,4.41996111054572,-7.71619264541641
Y53H1A.2,1.11876151990769e-11,6.92043402165833,10.3805550802384
Y54E10BR.2,0.0349739834769599,5.55595663702398,4.11674093147122
Y54F10AL.1,0.00305848606958155,5.25344410914652,6.29881689002083
Y54F10AR.1,0.0445023853953378,3.53766751110018,6.63716524013795
Y54G2A.17,0.0387502554883086,5.66555450941086,3.59144343810562
Y54G2A.2,0.01045544250854,6.0145337207987,4.41555559285567
Y54G2A.58,0.0114291828661847,5.84238925879135,-9.26534329983792
Y55B1AL.1,0.0413463030777778,3.08664282225042,6.00940471407579
Y55F3AM.5,0.00489325220784762,4.0559498625962,7.28717959354266
Y56A3A.33,0.0184382474669913,4.69000055416065,-6.66876765227642
Y57A10A.16,0.0133567634743753,3.70923099490928,6.86023350717539
Y57A10A.5,0.000154302960256614,5.11306476702589,8.48642310099464
Y57A10B.6,0.0110997996788285,8.11878098114644,-3.38193928441302
Y57A10C.1,0.0375227242474625,4.67950584830253,-8.01106500176838
Y57A10C.11,0.00460707421013662,5.2704612831638,-8.65784307608681
Y57G11C.15,0.0253927116621729,8.24068899034953,2.09118700586028
Y57G11C.36,0.000520811644267878,5.24107395784109,8.62516584023671
Y57G11C.51,0.00217579662631175,4.99042052905353,8.35292711003158
Y57G11C.8,0.0413423081758229,3.55568276045897,6.66222906559129
Y57G7A.2,0.00377178083302142,7.12677299258326,-3.55529031785155
Y59A8A.2,0.00796842035668414,3.76248563578305,6.92702674159051
Y5H2B.3,9.44304433590695e-8,8.56049953504856,-5.30725395438314
Y60A9.2,0.029940131956683,8.57082386843699,-2.68679864104415
Y60A9.3,0.032745443934312,6.99413389707498,-2.34564329234261
Y62E10A.17,0.0197560768770827,8.40546570554861,-1.20187245793744
Y62E10A.6,0.0233208250299048,5.75996818834,3.99231401673556
Y67D8A.2,0.0322312311799915,3.48277195170124,6.56767917113556
Y70G10A.1,0.0000525253855301552,8.70554457653632,-3.4462428254715
Y71A12B.11,0.000432400394666199,5.55976256515166,-8.10967760174706
Y71F9AL.7,0.000175710696034351,5.51466374443996,-8.91941348726109
Y71F9AL.8,0.00915081487189534,4.33274297997753,7.61203564845719
Y71H2AM.3,0.0152137006794371,4.20621418502828,4.13543392732487
Y73C8B.3,0.0130935070496551,5.88853606077708,-4.7011157093911
Y73C8C.3,0.00000391362220215999,5.77516619372823,-9.1950253577481
Y73C8C.8,9.55096795763868e-7,6.31513736754854,-9.04891973708883
Y75B8A.14,0.0086971622109421,5.71347918724257,4.54521479422844
Y7A5A.1,0.0266983189795663,4.63687452307488,-7.96309355881981
Y82E9BL.2,0.000213398053848598,6.38443626811914,-9.83006651534889
Y82E9BR.17,0.0127624347738467,4.43127159626653,-7.72929691255586
Y87G2A.13,0.00545539940611758,4.02220559552282,7.24689677249157
Y92H12A.5,0.0148326593988527,3.78177665487241,6.17185426592724
Y95B8A.8,0.0107698806627238,5.04244168987726,5.13741545306562
Y9C9A.13,0.000320851337072307,6.06371119319958,-9.49705596949384
ZC239.20,3.33370566590619e-14,7.72849441154706,-11.2033933604382
ZC239.21,8.91240463411631e-25,8.49553353708951,-10.6921332409452
ZC434.7,0.0191910682785789,5.60799575641628,4.33633654003553
ZC443.3,0.0453463834843842,3.87851369763682,7.06728564594848
zim-1,0.0328577599697015,5.2563754750822,4.18660035225453
ZK1098.4,0.00000188642974549239,6.1690613048738,7.72579591033
ZK1098.5,0.0173102522072636,6.08865698213148,3.14057016816023
ZK1248.15,0.0063439399443371,4.86297081243689,6.60137013712335
ZK177.8,0.00509605721615144,6.9022861345727,3.73313429518651
ZK20.4,0.0148203656656373,5.84377554940893,2.9578061913141
ZK380.t2,0.00589721477599172,9.24168977458419,-2.26802384874013
ZK402.6,0.0169727162549401,5.6074783685608,-9.01823213124705
ZK563.7,0.0103344840459181,4.49541536042698,-7.05942511566143
ZK616.3,0.000378484324143089,4.8769849942333,8.22727893154409
ZK616.6,0.000140516444126816,6.90469007854704,4.53726841704873
ZK632.14,0.0266254145740152,6.11156751329955,3.63771569079012
ZK632.4,0.000173305447375741,7.17755674760715,3.76858746174005
ZK666.1,0.000854596624453673,8.05968393705323,-5.44183450536875
ZK673.5,0.0166818908831437,7.92479090921534,-3.18739700085341
ZK809.5,0.0276465326366595,6.02062261884777,3.45894613166049
ZK856.12,0.0478333755144471,4.95022213623362,3.67098324419986
ZK896.9,0.041896219278045,3.35365809973795,6.39183310320582
ZK899.5,0.00413633896557808,3.9955594098404,-7.21774143956913
ZK899.6,6.8006620858526e-12,7.86245989245281,-7.48456141259171
ZK973.1,0.0070739580158224,6.71068214283174,3.28485050490742
ztf-1,0.0396393596590314,4.74828817925219,4.00046001772773
ztf-25,0.0109892389652981,8.4683009147308,-1.42875801363909
ztf-6,0.00612213884994428,3.90513208642664,5.62999013608829
ztf-9,0.0489124391464319,4.50145802519564,3.87551916011883