acbp-5,0.0478422604724376,5.34893548548659,3.50304130629802
acl-3,0.0315948750493235,2.90974239195149,6.49918196438341
acl-4,0.0206220289475722,3.43851006946986,5.15183808844548
acl-9,0.0151911779043703,5.71941177352073,3.95447682225304
acs-11,0.00535581101258543,4.23422802051299,8.26466112745244
acs-20,0.0105786082908271,2.20515569850117,4.83858555594068
adm-4,0.00567578117802822,4.05658619747915,6.29016895203324
age-1,0.000959948855616401,4.96195982304125,6.05756045155171
alh-1,0.0220770774357572,4.57916510873093,4.56305242557798
alp-1,0.000181028833415414,3.41490454038528,6.65889955199504
aman-2,0.00356485295621809,5.17250866860975,4.71357577302981
ani-3,0.00426871412826543,3.18102270847745,6.91286074981539
aos-1,0.0493227369036543,7.57452074234005,2.1722196582984
ape-1,0.0176395702718325,7.89995945146686,3.48668236746377
app-1,0.000651325512323328,4.77933247030329,6.9452588845945
aps-3,0.0172549600306984,6.09487991406339,3.9900808788853
arl-5,0.0162243635601584,6.33522031007104,2.50127981377644
arrd-2,0.000795024681484352,9.76635913619021,-2.54450827965953
arx-7,0.0365291057521439,4.78483232361079,3.73165279498169
asns-2,0.0421354781968992,6.02916441034967,-8.96989982426901
atg-18,0.00334944832990273,9.32150383353723,-2.47651410276192
atg-7,0.016657411167411,7.71743996979353,-2.98828824763111
atx-3,0.000939363357567678,4.97700791166304,6.8318502427016
B0024.11,0.0414709939629119,5.33973195061585,2.9792117075669
B0035.3,0.0388308422446773,6.09585184129938,3.65766166907875
B0041.5,0.029049123032631,5.86059189515634,4.05395669347598
B0228.6,0.0318126755033535,3.88537156153961,7.84581828030257
B0238.10,0.000529359984484814,4.31460351193612,8.36028700008773
B0238.9,0.0337471760698544,4.25961550068934,5.48723257848689
B0250.8,0.0315143140152378,3.88902493737831,7.8514573666428
B0261.1,0.0492488211844616,4.09079807086956,2.9559910970497
B0281.5,0.0420265665237267,10.5572059763806,-1.43313999464187
B0310.1,0.0374228463013112,5.33035952138805,-6.13107111034916
B0334.10,0.000365938924631517,3.79721259791965,6.77895407822527
B0334.4,0.0493290855977187,7.88704469939054,1.77788479662809
B0348.2,0.00611851269118141,4.9056444644037,9.02952097753064
B0393.6,0.000338862294067934,4.17391207682151,8.1948979318435
B0403.5,0.0126471157766519,3.53868021681356,7.40667325893853
B0491.6,0.0040016403879526,4.82885070072386,4.6396539920929
B0491.7,0.000381614153216654,5.43499231009576,7.56553171073348
B0495.2,0.00126898354319181,6.34879948500548,4.18796439644759
B0495.5,0.000162571710254488,4.99495628919983,9.12675721909024
B0563.1,0.0356002998631888,5.41930877093032,3.37594124564456
bath-31,0.0177127313829877,9.16398704778593,-1.87711044513087
bath-39,0.00317895990623086,3.71781592394258,7.63717648801623
bre-4,0.00429591438261813,3.4231455125216,7.25145034911352
btb-11,0.0265025732767536,8.83838213148512,-1.71512550459223
btb-7,0.0133400378502304,3.76347594557373,7.69506118251112
btb-8,0.0102122560356184,7.59837450892388,-4.06519560443052
bus-17,0.00232656582650891,5.32405877447914,9.48468259499411
C01G12.1,0.0099228908609413,2.864971564115,6.43198263972567
C01G12.3,0.0269410052422368,8.42981968161503,-3.06232534430195
C01G5.6,0.02838603100139,9.33907660527588,-1.85459301050734
C01G6.3,0.0285729867893482,10.1160688284394,-1.37390413431444
C01G8.1,0.00000230984358305706,5.62160540225126,7.80675304138192
C03A3.2,0.00998021453105505,4.50159048672554,6.05033882935192
C03B1.1,0.0162284183350188,4.38784002360123,8.44522816186183
C03H5.7,0.00062414548143915,7.32288523168027,-6.65018017189457
C04B4.2,0.0140805344651661,3.49793796939047,6.0331534273938
C04E6.11,0.0162895295462837,4.38636577131214,8.44352630644583
C05C10.5,0.000785439319043349,9.450243148213,3.18136337362999
C05D12.4,0.0067251995987023,9.34480454549582,-2.65347838603978
C05D2.10,0.0457022282006755,6.92551033275234,2.46104209596854
C05E11.3,0.0018020024462317,4.22092393947449,7.43167418222966
C05G5.4,0.0393565174816874,8.25855505847222,-1.94330198540117
C06A1.4,0.00144972175684149,3.09226650383696,6.78192015247214
C06A5.6,0.0164511225195643,4.14034288849118,5.9668207997232
C06A5.8,0.0237227736171754,2.99613879789728,6.63635991538156
C06C3.7,0.0084079743163608,6.9577025420977,3.8485509671659
C06G3.5,0.00268118827970911,3.98959121242686,7.9732929447423
C06H2.7,3.66579161911459e-7,5.90990872229243,9.49840609166076
C07H6.4,0.033590712978617,7.70184854047524,-2.22437805943401
C08C3.4,2.63896874139763e-8,6.52828472224966,10.7485743381661
C08F1.6,0.0395648617359035,9.16229332240118,-2.0900890780135
C08F8.6,0.0411314888616419,3.63893292044438,7.53643136523592
C09D4.4,0.00000335827403051101,5.51844740728769,9.21275121120489
C09D8.8,0.0473330456175263,3.51038002724569,7.36861410055575
C09E9.1,0.000450489343554595,6.07144869464877,5.1101687899996
C13B9.3,0.0140852400625116,6.03105945683249,3.85496470749721
C13F10.1,0.00967206711561956,3.74679322434486,7.67335710770324
C13F10.7,0.0298052647704321,10.0505101605832,-1.30804975710787
C14B1.2,0.00176946348884999,4.28125863535065,8.32250347604056
C14F11.1,0.00781396773858632,6.5116603500355,3.88353458078795
C16C2.4,0.0422707351678708,7.96521827690076,1.8447775429982
C16C8.16,0.0338195281771401,6.33341439263311,3.25084840287381
C16C8.5,0.00218999552086282,3.78031166631963,7.71426075354904
C16D6.2,0.0362259756104321,4.00591154818379,7.36905992106701
C16H3.3,0.0368525564571488,4.06976509629739,5.67198761759031
C17E4.11,0.00827987938679512,4.15717047379793,8.17349725591267
C17E4.3,0.00113428723824669,5.13329183051279,6.94885389468127
C17E7.4,0.000251319272504817,6.26503956625361,6.03354074164374
C17G1.13,0.0372996105568683,2.50166085578265,5.78543768359402
C17G10.1,0.00409970343349353,5.51165675551711,5.49761268186284
C23G10.11,0.0493323807218478,3.46294490717184,7.30759291903133
C24H12.1,0.0361543786836133,5.04450853902322,-7.92318310008394
C24H12.7,0.0148945883816197,6.9299127468455,-9.8993047747112
C25A1.1,0.00173448435334593,8.43239130087881,-3.29479264981966
C25A1.5,0.00724710515200125,6.60413542206957,4.83354780343178
C26B2.7,0.00799828313681777,4.19957668693333,6.87270416314486
C26F1.3,0.000157505021918652,6.19178402877546,4.83556916982566
C27A7.6,0.0212955374548713,3.29480388223983,7.07534105827919
C27C7.1,0.025317096022632,5.71038266628691,3.98523369768919
C27C7.7,0.010447881183235,5.81443549005788,-6.70319677684886
C28D4.7,0.0244421116133375,4.08892851479406,8.09415153520135
C29F7.6,0.00699376954585667,6.2289717002947,-9.1780226250794
C30F12.4,0.0269108481953972,7.05139032668854,3.06885391071504
C30F2.2,0.0230523791924926,3.0341116728728,6.69873115851205
C30G4.4,0.0345435292512957,5.6866591252533,-8.61073447078994
C31H1.8,0.00127368751877665,3.66336347097753,6.92908159778278
C32A3.3,0.0203147148041183,5.20034070175444,4.41079526168744
C32E8.1,0.0343557086425499,2.79662552179045,6.31704401893929
C33A12.12,0.0321065554573235,7.72745090910081,-3.05098673367718
C33C12.8,0.0256380455820012,4.05459582815718,8.05296904909319
C33E10.1,0.0173005311940139,6.9379773145317,-4.73422415474842
C33G3.4,0.0134639609461015,3.5095542271725,5.10537827143473
C34C6.4,0.00369018384900506,3.58679973672965,7.46823867709537
C35D10.1,0.0475683903219473,5.26004623206176,4.00135272028277
C35D10.10,0.0170296298938219,2.53457666760431,5.84611957293529
C35D10.6,0.00725250108287905,5.10730998033659,4.89828362472383
C35D6.3,0.0000697321659603421,7.59021751037846,-10.5715545986632
C35E7.3,0.0461496549484352,8.07116470494151,-2.60281212325277
C35E7.5,0.0426698891951198,9.69448021657493,-1.35474278878058
C35E7.8,0.0252307113402725,5.18117842452273,3.92544246539592
C35E7.9,0.000121853570598999,6.30617790343543,10.5191066865807
C36A4.4,0.0267450659496859,2.21812130291546,5.15853103248991
C36E6.2,0.000734803570526288,6.12078507589407,-9.06554606427596
C37C3.9,0.00115827074119304,7.9036816283803,4.3471902734279
C37E2.2,0.0083742492960936,2.98371189691507,6.61574727646421
C38D4.4,0.00000869433366967285,4.32173258479737,8.36828283748127
C38D4.9,0.0339382984017279,4.76930211426248,5.13420352855141
C39B5.2,0.00153467373860151,8.15210519979833,-4.11030251385926
C40A11.10,0.0495514059833531,7.32685641104478,-4.39947392777517
C40A11.4,0.0267309537257406,5.34487289042934,-8.24741531361533
C41D11.5,0.0248141107011666,7.70069473510584,2.37408732529795
C41G7.3,0.000112595415425869,4.71673228560967,7.33253600175809
C42C1.4,0.0271948523051879,3.11357921479403,6.81149369662348
C42C1.8,0.0272147464472358,5.69051056565279,4.70720726633825
C46E10.9,0.0087425074599977,3.43239290770539,6.93751475006308
C46H11.2,0.0265469779133175,3.28556030590015,3.65224612123634
C47B2.2,0.0000176127287553234,5.42495979361968,6.7316481264865
C47E12.2,0.00136903883583254,6.29204121600674,6.33070183177371
C48B4.11,0.00427606517600142,3.97983262248049,7.96047426252362
C49C3.15,0.0012354418867313,4.05297949475431,8.05034393038623
C49C8.3,0.00149557570219111,4.02886342953737,8.0202843227582
C50B6.3,0.000103499511366967,5.04055062468361,6.32459647861235
C50B8.1,0.0417462998739941,6.88169392596546,3.4444172621009
C50C3.1,0.046706047075741,3.71578562639442,7.05905376779105
C50D2.7,0.0221398903648338,3.00285795125807,6.17826522743642
C50D2.9,0.018760399516651,3.21183525569698,6.95591756420052
C50E3.5,0.0184642788107991,4.54450720634599,5.1207297439964
C50F4.16,0.00478615181941327,3.47065274584504,7.31434314260156
C50F7.6,0.0390328861156189,3.92206571708456,6.2213494586788
C50F7.9,0.0296692024131543,3.94342140573138,7.91588469053304
C53A5.17,0.00195671139698929,3.82713948403805,7.31113138278051
C53H9.2,0.0396885309427069,4.91787828611238,-7.78451064202059
C55B6.1,4.90959413359454e-8,5.76493920379867,9.95312075349275
C55B7.11,0.0086028402439485,4.1278491193423,5.00175292725546
C55C3.5,0.0300056166561559,6.05090833234074,3.73151439000491
C56A3.4,0.00104572067078354,8.74519374693467,5.28963406293845
C56C10.10,0.0105728763359219,3.68797643006921,7.59721761528573
C56C10.7,0.0476698471961182,5.68359735355981,3.95444037612239
cap-1,0.00314535368557269,6.6711941673478,3.76735295230983
cav-1,0.0236533598549455,9.72778697564616,-1.4899068756692
cblc-1,0.00000570559832101439,5.43042627402228,9.59805250249301
CD4.1,0.000014967950118766,6.4647809189377,10.6831696618072
CD4.7,0.0101493306096583,6.13995681928209,5.24995883006612
cec-1,0.00401689893315767,6.01617881647343,-8.20669826216161
ceh-100,0.0203383597875263,6.55036350082599,-3.11777899442473
ceh-20,0.000721794365932962,6.23670036402229,-9.18589742883441
ceh-43,0.016282589995313,5.12540268415233,-8.01121304751937
ceh-5,0.0307782065733257,5.72068819422076,-8.64660717619028
cey-2,0.048520436149144,7.09183934085477,2.96156795305713
cfz-2,0.0012159437382223,7.11323374090847,-6.49920341478741
cgt-3,0.000535000016556928,6.18310475971958,5.24913637602219
cids-2,0.00446319360210011,8.15899593300847,-3.94825593886051
cit-1.2,0.0362478341255913,6.70183998435988,-3.4058603768417
clec-12,0.0112589398493321,5.84653870800438,-8.77889613341155
clec-266,0.0340354441888836,8.94845805707915,-3.03996600678495
clh-6,0.0103028350312971,3.96359017281498,7.9428017492342
clpf-1,0.00023372015025685,6.77990981593831,-7.61533900005368
cls-2,0.019213236227055,3.12948738701785,4.71177529809284
cnp-3,0.000802752383576658,9.30059403426928,-3.46637884977603
cnx-1,0.0238288174417197,8.92394569076683,-2.01229464264366
cogc-3,0.031866489996472,5.39288766106076,3.57053525316329
coh-4,0.0457967320746472,5.20645189769957,3.54814734077693
col-132,0.00957631493149492,4.07482545756268,8.07870071368667
col-90,0.0351400033700163,2.16747022673834,3.41283502562746
coq-5,0.00466093922722251,5.16421824407503,5.55627409119041
cpb-3,0.0119557809571407,5.5972941755384,3.64761506200475
cpg-1,2.81160530595436e-9,6.54642713345267,10.0427122700594
cpna-3,0.0209006446740718,5.50334395640563,4.65200981000906
cyb-2.1,0.0107553580479687,6.46596213249402,4.03579399876303
cyd-1,0.0407469678865834,2.47887338629858,5.73727978144213
cyld-1,0.000031785068269566,4.56506708551401,8.28584462878514
cyn-8,0.0227254795137991,9.64206626488539,-1.61163998823396
D1005.t1,0.019576612024269,8.36773781132165,-5.41104507927302
D1007.10,0.00169025925437108,3.84662575388651,7.79773915380874
D1014.4,0.0111611365788463,7.72015802583615,2.6879860595167
D1081.6,0.0230930531469796,9.88934603808882,-1.37933834234384
D2013.3,0.0179601918318123,3.8584010848286,6.44808308289177
D2023.6,0.0117841842519479,3.62370352260782,7.15017348529119
D2030.2,0.0327415081925116,5.13228373317167,3.56405254573868
D2045.7,0.0202047548670455,3.18040205296109,6.91084446815119
D2092.5,0.00933511164976992,5.26424732522465,3.86394446807109
D2096.12,0.0205986722225354,3.54390029587451,7.40975195703638
D2096.5,0.00404223892263639,4.34950951543228,8.40008098992731
daf-16,0.000132999688473792,5.09437167202725,7.05482632787056
daf-18,0.00000161106391719528,6.16487846789867,6.63505289909597
daf-19,0.0000153572510419726,3.94359266371287,7.71500048635142
daf-4,0.0375460349014596,2.51571998821856,5.81067091801722
ddb-1,0.00976410843921071,5.39906936502803,4.16038681843852
ddo-2,0.00174499383645309,5.44217320119104,9.61071594022732
deps-1,0.0119831342189404,5.62441049007893,4.35569859470104
dgk-4,0.00418869631291232,3.77776196897908,5.12541487779207
dhs-1,0.00017965559121487,6.18789166320412,5.98963367400083
dhs-24,0.00757811063728961,3.98130981145313,7.06681922689972
dhs-8,0.034444909761915,3.6768711756084,6.51478264411557
dhs-9,0.0450377404126181,6.59442287554276,-4.6433741971856
dif-1,0.032441141637999,7.37223887259438,2.45838879088966
dis-3,0.00663175073356045,4.46802192138496,4.9066797056716
dlg-1,0.0128823008330918,2.73159504453944,5.26983256183621
dna-2,0.00233468407250851,3.87818446418219,6.90978420751999
dnj-14,0.0292956538166007,7.22112780021461,-4.13406041155207
dnj-21,0.000414548084262905,3.56987636975967,7.44608323017315
dnj-5,0.0197183606624305,7.96082369507316,2.05964163498256
dom-3,0.00971513375704321,4.16210091582702,6.9498224421444
dpy-10,0.00439016149516279,3.14398668667079,6.86073480974694
dsl-1,0.0292514645741377,9.20069700430908,-3.30341029986852
dsl-2,0.00372603736281367,10.4774351415227,-2.2782068508373
dylt-1,0.010051250888973,7.09100980976443,3.21588094582373
E03A3.5,0.0139867865936076,5.74010323389629,-6.94224964129823
E04D5.1,0.00000829120704094925,6.99224037998954,5.31111902148381
E04F6.2,0.0274156039006645,6.66371337820636,-9.626585312932
ech-2,0.0182246708192209,3.4557609271216,7.29563527718573
ech-6,0.0274707289939754,5.19190092119092,4.02665680029888
ech-8,0.0181225261878746,3.56886943780536,7.4441052373414
edc-3,0.0398572496611256,6.88112388417329,2.181511275179
EEED8.10,0.0342482680454804,4.3018858738592,3.838961724548
EEED8.14,0.000487582743631708,4.6196205423794,6.77511526134212
EGAP2.1,0.00889833731455857,5.74878624888432,4.72031881813027
egg-2,0.000759141716284942,3.71056454005931,7.6271505362139
egl-18,0.0146601467020171,7.99166806607339,-2.44553655394694
elc-2,0.0415775664425316,3.63390706935622,7.53199409365306
elo-6,0.0362108101301628,3.76010256327436,7.68818197434611
enol-1,0.0461050316865252,4.99952232055071,4.49028149009883
epg-2,0.00000767750622560717,9.69097280181301,-3.27287821292186
erl-1,0.0121461785650471,2.62959424909091,6.02784457217302
exo-1,4.27645549034325e-7,5.1990719778891,9.3491202872439
F01F1.2,0.01865209529066,5.98370288548085,5.26038094911598
F02E8.4,0.000857297978167198,4.61131121544944,8.17288326370143
F08F3.6,0.00184601250973783,7.46121507646984,4.32775040134401
F08F8.2,0.00063369676589878,5.11208258979109,6.91582119177652
F08F8.4,0.00330580464517013,7.02842733513837,3.95661593664049
F08G12.1,0.0433000797829919,3.3926191293274,5.25374066363348
F08G12.3,0.0167012275530895,3.71324099105897,6.41011441658989
F08G12.5,0.0185486652998281,3.20966264900126,6.95409983567259
F08G2.11,0.0125500538885442,6.06605261347198,-6.5653275579436
F08G2.8,0.0475022297251541,5.54282917084989,-6.34026068630102
F09E5.11,0.0188198699410077,6.39047462918472,2.74172587530183
F10C5.2,0.00985659906566583,5.81923944962482,4.06243337065725
F10E9.17,0.0170501723204362,4.35865369028277,8.40973541834658
F11A10.5,0.00098896456140665,5.57765638399738,4.62012454387381
F11D11.12,0.0176805704441854,6.189506752092,-9.13693857941524
F11E6.7,0.0468087290733937,8.45830242292754,-1.53117267311976
F13A2.4,0.0229430286173594,3.22250532788877,6.97326191473998
F13A7.11,0.0310406421344789,2.69116151786366,6.13510385350929
F13C5.2,0.0000263352366810861,8.39916458199946,-5.39347881420933
F13E9.1,0.0000279179103203685,4.97564825914698,8.22126428478527
F13E9.11,0.0128695540200614,6.16456693939599,-9.11087875849588
F13H10.4,0.0000136523265580482,5.18786753294757,8.50835684093609
F13H8.9,0.00443618112937146,3.08625545664006,6.77372540651608
F14B4.3,0.0118614577008872,4.50276527332708,5.75645143509456
F14B6.3,0.0214675804695857,9.31782349416546,-1.77436281201504
F14D2.2,0.0120766617965626,3.80985945712799,7.75495180558865
F14F11.1,0.00112779692281827,4.58703438585631,8.67275305443414
F14H3.5,0.00627548862053766,5.97692203493601,5.33618589131284
F17A9.5,0.0104865952220948,4.62120556942256,8.7115350185875
F18A1.7,0.0000128880542049309,8.01837012256599,5.95050211034672
F18C12.3,0.029694579271098,2.45190691642856,4.89399052770589
F19C7.3,0.0228224072789665,5.39805556587495,-8.30429519281089
F19F10.10,0.0351899483888253,7.19068791661145,-2.9875370024137
F19F10.5,0.00965495240549904,7.05133100798547,-8.47678309264705
F21D9.6,0.0346090236701579,7.91581654686915,-4.68358493010861
F21F3.4,0.0320359678365082,3.87897325385523,7.83791805792956
F22G12.3,0.0450805369079671,7.53380692549607,-4.79348172152251
F23D12.2,0.00483803067339728,3.18319524208073,6.91565969702498
F23D12.5,0.0220070329102891,6.10811445678655,-5.87368812094239
F23F1.5,0.0371955642229912,6.89407866598636,2.45543044362604
F23H11.4,0.0196100776353835,6.04701800853043,2.90011121039316
F25B4.7,0.0102987805373082,3.33218039881296,5.85433144354549
F25B5.6,0.0000045541628721281,6.22031870419184,7.43847619343256
F25E5.5,0.00465307307366545,4.27826920908079,8.3186029862011
F26A1.1,0.0488659506044772,7.24393753020289,2.20254848542791
F26B1.2,0.00487916907038486,6.67991357890784,-6.91116345265651
F27C8.6,0.0317504564992105,7.95548592387185,2.35218257209312
F27D4.1,0.013690020490005,6.20670498671641,3.16169080353318
F27D4.7,0.000120039941993155,4.26857441160828,8.30600331280717
F28B3.4,0.000368646757961072,5.23706103305089,6.05351017963182
F28C1.3,0.00494282699288675,3.61952054066165,7.50954680637155
F28C6.1,0.0000535559904287099,9.0856155286869,-4.06952831060337
F28C6.8,0.0351828993863516,3.14103738468462,4.67819981843883
F28D1.2,0.0342773894063581,8.88852129579742,-1.8961144917336
F28F8.5,0.00000256239308954936,5.58409406715687,9.76159435412949
F28G4.4,0.0274739564548705,2.70268719646049,5.82366421130409
F28H7.4,0.00532456240460935,4.19127591897011,8.21517982203688
F29A7.6,0.00870244378308973,4.81965404336083,6.03247807905574
F30F8.3,2.32386067670246e-7,5.44738743744674,9.041845377065
F32A7.4,0.00660083128508071,3.40723134951777,7.23013662150726
F32B5.6,0.0282331485577983,2.82152837906322,6.35784762540321
F32B6.2,0.00294100627609608,2.27732542024858,5.00532410420448
F32D1.6,0.00255558930437791,3.81805924364547,7.76263596904885
F32D1.7,0.0244172076230254,7.47630067970568,2.82109788414168
F33G12.3,0.00196464097256753,4.45057539970673,8.00678773672397
F33G12.6,0.0133960307137451,3.20500115963648,6.77723402104016
F33H2.3,0.00215041567168079,9.39073610990042,-2.64522057715364
F34D10.3,0.032740763283385,5.85811159210434,5.44998133427782
F34D6.1,0.0000299342462174167,7.42520773582938,-9.54382051604264
F35C11.5,0.00568239702685436,4.14744703421623,8.16226657842314
F35D11.5,0.0483142912559834,3.96364024167536,4.48999628635959
F35E2.9,0.0403980260182354,3.04474537489552,6.11481312905231
F35H8.4,0.0166575147211564,3.32422259917744,7.11330687115505
F36H12.2,0.0178306800433057,3.27422836264376,7.04863860729059
F36H5.10,0.0314961675353124,6.36539688728054,-9.31897256092492
F36H5.4,0.0285627534139442,5.51700995974504,-8.43099617424801
F37B12.3,5.42014385437308e-7,7.41068912221136,6.12139625480796
F38E9.5,0.0411223177164327,5.22594596627495,4.35516954942984
F38H4.10,0.0401949024228916,6.77473942078937,3.66828651553292
F39B2.5,0.00178032372008027,3.89732368103931,7.86023062846534
F39E9.16,0.0000225430087151919,6.14623241930101,10.3524691552197
F39F10.4,0.0433291652722947,10.7326669010869,-1.87797126843986
F40G12.11,0.00506925813188095,6.31687495331666,4.68032204445171
F40G9.9,0.0448734581513774,8.99640516476539,-2.00871259687364
F40H3.6,0.0137199235216365,6.99042967142398,-7.23569133591861
F42A8.3,0.00927406303604769,4.67014362903054,5.73442206357661
F42A9.8,0.00436817918982196,5.68234916940712,5.4480295628985
F42H10.3,0.0155673896781686,4.13794104931766,4.06943892548661
F43C1.3,0.0468286601621134,2.73670304048062,5.46957990367932
F43G9.13,0.00674194731415382,6.55833006982318,4.08101172290232
F43G9.2,0.000956382387833823,5.90450817620295,4.10631008585533
F44B9.5,0.0299728471863488,2.74613440791223,6.23103013053544
F44B9.8,0.0201827094636709,7.26994136401925,2.88232614587356
F44D12.1,0.0474325732200689,1.95704219898899,4.39481214942246
F45D3.1,0.0145810583100665,9.48951001567679,-1.65277891141634
F45G2.9,0.00858526516155089,4.16182567575672,8.18232172939276
F45H11.3,0.013207323014432,4.74123086121746,4.51486793180631
F46F11.6,0.0150572569723949,6.27602026027636,4.45233437100253
F47D12.9,0.0481859881572842,6.70807916032972,3.8830867957749
F48A11.4,0.0000828528303608554,5.90961123434523,6.26836676101014
F48A11.7,0.0189345412445266,4.29362959628964,8.33591807551447
F48E8.2,0.0387402773115288,5.15570591158589,3.78901552008028
F52A8.6,7.09892817563141e-8,6.34921498121933,9.32646816824749
F52B5.2,0.00122384509300186,6.87636667563481,4.42053919591542
F52C12.2,0.00682641847109662,2.72352148104719,6.19526253776868
F52D10.2,0.0196542016719834,5.70630915466482,3.9440655616976
F52H2.5,0.00253438432375989,5.42137961484671,5.85677082910471
F52H3.4,0.0452357927039406,2.59975162664956,5.96857114057481
F53B3.10,0.0415248832792564,3.63574124330425,7.53244143126423
F53F4.12,0.00422619398296223,3.75845422120803,6.1328654996696
F53F8.8,0.0325297260644325,3.86280730828396,7.81660629898167
F53H4.4,0.00132511982841354,4.85724340373789,8.97487812363594
F54D10.7,0.000297254391149148,5.72513296282846,6.37675256057404
F54D5.7,0.00000140861346841846,5.59825560062407,9.08204459550044
F54D5.9,0.000310926210258549,4.25328807673681,8.28854841898758
F54E7.6,0.0473424276129593,3.51348850424358,7.37259354672896
F54F2.9,0.0101093482803381,3.29414324879165,6.75751227162252
F55A11.4,0.0319699503771478,3.40399408155112,3.63807365347535
F55A11.8,0.0080089248112942,4.10546910916566,6.26735986551869
F55A12.5,0.0000347245036765185,5.31894125162528,7.25675577350133
F55A3.5,0.0429105696019091,5.31461126865831,-8.21489186702041
F55A4.2,0.0256425391921159,2.07111988599241,4.7669582865998
F55C12.4,0.0467575881779152,3.52336106507668,7.38254382698729
F55F8.2,0.00417949846241402,4.40427993308429,4.77436403056165
F55G1.6,0.00389025315254483,5.3013291852228,6.8958994887074
F55G1.7,0.00412631481748208,4.37848185810841,8.43289243616185
F55H2.7,0.00515140615644303,3.52494249961259,6.94354821665771
F56C11.3,0.0423973284006287,2.52118893048684,5.81960874319832
F56C9.12,0.00084950873661093,6.34325446495471,8.34241197974273
F56D1.2,0.0136969772726363,2.42005130102637,5.61722932383502
F56H1.6,0.000230353576644431,6.56805911754636,5.69273049927449
F56H6.2,0.000261768545562193,5.81456393448444,8.80302939311163
F57A10.4,0.0386113847259365,2.74583757940741,6.22856023971913
F57B10.14,0.0477360732542198,7.77465934827999,1.41310617570394
F57B9.1,0.036694966715652,5.53079850528288,-8.44579096463698
F57G12.1,0.0463369193121752,2.90233007569108,5.93598643953194
F58G1.1,0.00394885813777415,4.01666361706622,7.47049460364065
F58G1.2,0.000537706158617081,4.23061521477291,8.2615326471537
F58G11.3,0.00594087984516142,5.20777277666816,4.95325695872743
fbxa-103,0.00635030177593008,4.15439522411047,8.17330360687918
fbxa-153,0.0269293407001575,2.93800159342516,6.54405532305084
fbxa-184,0.00273096753000702,4.53860210683019,8.61680159470168
fbxa-192,0.0123336867580052,3.91874288754098,6.62771554243289
fbxa-215,0.0340001136603677,7.63560793296703,2.56793862987321
fbxa-65,0.0423965514005596,2.5027897367805,5.78361914514233
fbxb-10,0.000759009007086621,7.33085818699039,-6.47998888442413
fbxb-103,0.00143622648290526,9.49044071274398,-2.87066024138369
fbxb-104,0.000175439613163129,8.59512068973921,-5.4036680196177
fbxb-108,0.00152133249376567,7.30859986185758,-6.42325108211571
fbxb-111,0.000289419749130654,7.13858020703476,-10.1124275028442
fbxb-119,0.0128507122030971,9.60963366856326,-2.35459560292401
fbxb-15,0.00480680262867146,9.44119655874004,-2.1273772469526
fbxb-17,0.0169699824191361,10.178444036126,-1.92583937790612
fbxb-18,0.0434644229085607,6.45769454481552,-4.98625980382231
fbxb-25,0.0310271138259866,7.59292928203423,-4.38827214630637
fbxb-26,0.0181535989330892,8.05253907884918,-3.67032060812622
fbxb-30,0.040148368646699,5.58507293247408,-8.50358989030238
fbxb-31,0.0194340097329979,9.56395010137807,-1.70451422683944
fbxb-35,0.0410451928605031,6.79116496197545,-5.77058417574716
fbxb-36,0.0284920211178496,5.30641766907113,-8.20628000885124
fbxb-37,0.02968396192632,7.82674475511595,-2.92713315930859
fbxb-38,0.0301323617540811,5.89351787216644,-8.82818830402479
fbxb-4,0.0448786166514606,5.58237951484573,-8.50103070381532
fbxb-42,0.000901519791014359,8.86038925235605,-3.36040544933114
fbxb-43,0.00224749933553384,8.23785614751955,-3.66352353830099
fbxb-44,0.0121961042301479,8.39850470186988,-3.16472729342023
fbxb-45,0.0000607406779783961,7.85897498415111,-7.34851877879811
fbxb-46,0.00000782053934785042,9.04866097821822,-6.09763557353269
fbxb-49,0.000251952974857567,8.37092035104272,-4.50273040413279
fbxb-52,0.0248255839528115,6.42818894512547,-8.18423415122653
fbxb-53,0.00797477772034493,8.06102880232308,-3.69384977622999
fbxb-54,0.00218120646942767,9.40638966071589,-2.66796487202342
fbxb-60,0.0493908740556466,6.24951331664185,-7.87821841496011
fbxb-62,0.0141506541123283,8.89690699151543,-2.86085146730464
fbxb-65,0.00294873630854967,7.00227610191998,-7.79369499137693
fbxb-69,0.00622754754105149,7.70124137200607,-10.6842850818133
fbxb-71,0.000103895034296365,7.65731532964008,-9.49533360445426
fbxb-72,0.000116610720598243,8.26586556235247,-11.2548685182083
fbxb-81,0.0407048793369762,8.06380772149911,-2.71209633382025
fbxb-82,0.00160729847196068,8.29331495367702,-3.41834178856057
fbxb-84,0.0156264464015368,8.94188223708827,-2.07467647869909
fbxb-90,5.08388870619469e-7,8.6671380462503,-6.98746471486512
fbxb-91,0.0345820278042872,9.05734355719401,-2.59528339519489
fbxb-95,0.00316876398154932,7.94898260331526,-3.6872431443879
fbxc-18,0.0243716829707524,8.90676183205046,-3.46705131899427
fbxc-19,0.0175925690453356,5.07703233079889,-7.95917979168664
fbxc-24,0.00468538933620191,5.77146805639032,-8.70014351301902
fbxc-26,0.0174946271771492,6.9326536325574,-5.12012374514643
fbxc-28,0.000150730889837119,9.76341753587727,-3.67086472667901
fbxc-32,0.0190969000480589,8.83384366471865,-1.96855591170475
fbxc-44,0.0107769882362607,5.85864958617931,3.50667853666431
fbxc-52,0.0290343682445338,8.21499835981595,-2.80791939036269
fbxc-57,0.0286545641031735,7.02281711095434,-8.69428896523716
fdps-1,0.0488960592534065,3.47415774561364,7.32029585399195
fem-2,0.0368076954332784,5.95969083353152,3.14598355311601
fem-3,4.64829452253518e-8,5.53337115993599,9.70768026096874
fkb-3,0.0377654071479305,3.6797551378687,6.27027858397243
fkh-5,0.0288165730080345,8.60852931322291,-2.42059219874487
fkh-8,0.0135901678061993,7.12828886300767,-10.1020613476739
fln-1,0.0186296699924018,4.76978670313694,4.51386043815736
flp-10,0.0270858216749982,4.80186268815076,-7.65708121738694
flt-1,0.018580480671707,4.37997393309707,4.21377785565507
folt-1,0.0211472346670621,3.2519109102685,7.01336762701612
frh-1,0.00000642655642107805,5.79196561444874,9.98151253145956
gcl-1,0.0114718549999007,3.61724128045741,7.50672050743232
gcy-11,0.00998943829452585,4.69233147729012,-6.99687868480359
gei-4,0.0278300966750846,8.00854546662291,-1.75389006014872
gex-3,0.036627630323217,4.20407354458076,3.39650816460967
gla-3,0.000381609332872562,4.60327089927462,7.74789236853121
gld-1,0.0000042433708911908,4.75180354322181,8.51812303424505
gld-4,0.00517395140356541,3.65819753161496,4.6961131823375
glo-3,0.028064918449566,7.76252550365814,-10.7465949150258
glp-1,0.0455683686281374,4.74295761768925,2.93255192923327
gls-1,0.00229626845089419,5.59117793114325,4.22626405660342
gly-13,0.0255283545156996,3.41114237005072,6.33845497287095
gly-20,0.0442026829916913,5.16864696289616,3.97022536579838
gop-1,0.00550406746205665,3.39625782490529,7.21498619524207
grl-27,0.0029581795631173,5.23433136015889,9.38739568926816
gst-44,0.00156391875191981,4.79541069402595,8.90687454515643
gyg-2,0.00101529973511233,5.191376659159,5.16079538293236
H11E01.2,0.00432270387438072,5.07543645340101,9.2156345464289
H12D21.7,0.0378139445741662,4.6749798911328,4.94026247728272
H18N23.2,0.0290517603171394,4.15547470378764,3.46508728655702
H19N07.1,0.0223574612096523,4.35793546282281,3.83814025578228
H19N07.3,0.00483145745781658,5.25388064088101,7.74920532092755
H25P19.1,0.000056329894891326,4.55262449803998,8.63410442779864
H27A22.1,0.00693990134879212,4.17209061505498,6.39889189066012
H34C03.2,0.0317253320340333,6.55832487523199,2.53283368880883
H37A05.4,0.00926258654529398,9.28747854041485,-2.35889118399047
H43I07.1,0.0486150855314402,3.6273556168854,7.01784600792338
ham-1,0.000822457040152364,6.21046563800696,-7.05404331399048
hda-1,0.0098216924159928,8.60994392258323,-2.43634061955671
hel-308,0.0110006924638166,2.58982002321645,4.65706442737967
hid-1,0.0154686219198403,4.76864008587618,-6.03259879779865
hil-2,0.0234417755135149,9.56237235915907,-1.92841299916345
hil-3,0.0015269044043182,9.27319320480064,-4.07172843040352
him-8,0.00946449296865442,3.6372228466455,6.90257924614142
his-24,0.000796254686733334,9.42785366116033,-3.72817926027956
his-31,0.040771281444027,8.55693307502547,-3.31579478862257
his-32,0.00288967007715958,9.04259853285275,-3.67598271231958
his-37,0.0110920459236414,9.36358446119601,-1.88713670934366
hke-4.1,0.044405234295283,2.37583911801423,3.64239186546039
hlh-25,0.0417698821585217,5.21365733030294,-8.10734904422869
hlh-26,0.00383565495011963,6.62283480927644,-8.68719201196319
hlh-27,0.00535617830992851,6.75164517331072,-5.6856936069664
hmp-2,0.000281141064863799,5.64262586717113,6.42039044011423
hop-1,0.00324861401089871,3.55849248261808,7.42951439577512
hpr-17,0.00411473317769968,3.19263299799337,6.92880064580282
hyl-1,0.0000254768048972347,5.12377013604485,9.26701912629559
idi-1,0.0124197880738943,2.58755314200366,5.94679541708769
ikke-1,0.000322945478425207,4.21630674127978,7.96803380075664
ima-3,0.045436556220458,7.88478084027023,-1.61094593715169
ina-1,0.0030648607387651,4.04972880333904,8.04555396938638
inft-1,0.00871950616209253,5.63413788017526,-7.04954173327045
inx-2,0.0209750754354058,8.88774532880173,-1.90056554921077
ipla-1,0.0275495288094178,3.75569948068791,5.6065770053286
ire-1,0.0343433209772009,5.94115541865798,2.98337809433588
jtr-1,0.00123681107839687,3.19600800600313,6.93461013901757
K02B12.2,0.0499360067108312,9.31460634910398,-2.04648207982917
K02D10.4,0.0343148960039175,3.8094746806718,7.75287135001016
K03A11.1,0.00606630823285316,8.39775071346627,-3.05303616723407
K04G2.6,0.0146026050326614,3.23471800983589,4.96393745876668
K05B2.2,0.0191542171004286,2.32940181738906,5.42548876619426
K05C4.5,0.0288535984257565,5.62762330517837,3.72107270057868
K05F6.4,0.0395469348120548,9.05974770390386,-1.54146651625829
K06H7.3,0.0138568478616653,4.95948384609849,4.32185258696471
K07A1.9,0.0400317985223018,6.01976351519993,3.20726261811736
K07B1.4,0.0127067893209264,2.50399764152244,5.78794453936416
K07B1.6,0.00543135713038968,8.2993208368902,-2.85997769703838
K07C11.7,0.027163375673684,6.1708513202821,-9.11742762828844
K07D4.5,0.047417558132535,2.48233012718515,5.75210282407158
K07H8.2,0.0059335950865371,5.49342817391922,4.79944276709341
K08E3.4,0.030575892104781,2.27823975858878,4.77187244113133
K08E3.5,0.000138722106771633,5.08146255492548,7.21890247988505
K08E4.3,0.02429350901063,3.33361989952696,6.69908748516877
K10D6.4,4.10252805583388e-8,9.17992909483958,-7.34222488745956
K10H10.1,0.000940978095084066,4.30035238614035,6.00113164210696
K11B4.1,0.00203376919397683,4.02686894519552,8.0191998871464
K11D12.12,0.0117574694403859,5.45213757846247,5.85908403348769
K11D12.5,0.00501017678466266,5.01385450547796,4.77083080559557
K12H6.2,0.0356721563496066,4.81924783088064,-6.88257400121166
K12H6.7,0.00847332902492097,7.66699482674377,-4.37927973492825
kca-1,0.0188825029464994,4.29580605137572,8.33975554031336
kin-33,0.0297868212180689,8.50147741532051,-2.47111893194222
klc-1,0.0269732515649625,6.87788286508038,3.26776490090507
klp-18,0.0323659364502726,5.47835512649336,3.21673732550569
klp-7,0.00192813176040155,3.76579518323019,7.69764208812394
kqt-1,0.0269384910198629,5.70489170298573,-8.63006964760253
ksr-1,0.00393168308092259,3.51653644615725,6.44784315313991
lact-3,0.0162577511095341,3.52540119820036,7.38538908149654
lad-2,0.00100538183852554,5.62783989489473,9.80833282341414
let-418,0.00576720893227203,7.5746639980668,-2.51027291303337
let-607,0.0262171685707585,4.48684191437448,3.89700619181887
let-767,0.0160198876959651,7.56920604738332,2.7248560100634
lfe-2,0.00212772877982806,4.84182276351439,8.95815889985903
lin-26,0.0148904662724167,5.58403926927429,5.18237684708638
lin-3,0.00385798047882633,3.47787179443928,7.06738096100597
lin-59,0.001571727290603,4.50367750345942,5.67737273171248
lpin-1,0.0107399007388709,3.16624141776797,6.89222589499294
lsl-1,0.0330210359253581,2.67686251996188,6.10924665302655
lst-2,0.00560474586492109,3.26233597193098,5.27576751693907
lsy-27,0.0157593615421489,9.77726127508625,-1.58930243222644
M01B12.4,0.00521254082450934,3.01198920359379,6.28132931200364
M01E5.4,0.00537225163175099,6.20156927230546,3.73952667873132
M01H9.3,0.0266224105761139,6.08645223092312,3.50500244243668
M02B7.2,0.00109259991443619,5.18184384630996,9.33122134136433
M03C11.2,0.0463072689831109,2.09170344720252,4.54496471790204
M05B5.4,0.00196959674964105,9.07132228206166,-2.96214619831587
M106.3,0.00165596762357041,7.31818615786142,4.60955209080171
M116.2,0.0182216757586654,3.30898051955362,7.09489449666399
M151.7,0.0261491279663609,4.92435022256275,3.30516119094414
M162.6,0.0172840636416257,4.34777415872414,8.39895695866825
M163.16,0.00263497543724605,6.48152251090412,-4.87955408070015
M163.19,0.00118453480976545,7.1333625072354,-4.93684049707816
M176.11,0.0316753904457136,2.67552012345752,6.10713765567042
M176.15,0.0248942683863025,4.07948118098245,8.08293176503056
M176.2,0.0130317868859405,2.93199972331141,4.44167286328368
M88.5,0.0000674538254996587,5.73293226103654,6.98125924581128
marc-6,0.0000221194679465204,4.87467728063144,8.06894501189643
mau-8,2.40389189780816e-8,6.54875614089234,7.97921728679655
mbd-2,0.0239950673873903,7.632139111786,2.41642169918406
mbf-1,0.015405544590118,6.15941846855872,3.94045385096347
mdh-1,0.00889173585557141,6.86912019898392,-9.05958414816285
mdh-2,0.00335858922505329,3.44174255552646,7.27485278834157
mdt-10,0.0452475519712254,6.11734443946599,3.69058754288286
mdt-11,0.00798607169121017,6.96103442812476,4.72893158354228
meg-1,0.0000336589582431281,4.79026356128996,8.39150955030571
mek-2,0.00405855918686254,2.40140481485927,4.99780179333673
mel-26,0.0275054489440473,6.92876103805865,2.75867176162529
mep-1,0.0347986066155694,7.96655651976045,-2.07346315906378
mesp-1,0.0263952808707207,3.34757711413615,6.50056242938679
mex-3,0.00240590233928152,7.42269436893938,5.09808462755747
mex-6,2.38936354232136e-10,6.98313965800804,7.17513430940329
mig-15,0.014647028511089,5.34014690970599,3.58044566374566
mlcd-1,0.00201297851915841,3.47292497240472,6.24839644190343
mmaa-1,0.0000106479659239282,5.68436960282808,8.83056862318651
moc-2,0.0255194424442965,2.90703845502613,6.50043133138165
mog-1,0.00551091852498406,7.58109564577604,-2.51945948689361
mppb-1,0.0021678658973648,4.55719012590122,7.12024418695899
mre-11,0.000354010751749303,5.04386010134094,7.87197937011047
mrp-7,0.0000190749952889993,3.84603950434409,7.79837432291866
mrpl-41,0.0340835116000947,5.95567638460668,3.60969516781149
mrpr-1,0.03959411701386,6.67917356601449,-6.25077233565098
msi-1,0.0176829572788511,4.38756770135291,-7.19026813439735
mtr-4,0.0366172703599324,7.72828790587082,-1.92714008498836
mtx-1,0.0213361744871147,5.03854138013813,4.1519863005256
ncl-1,0.000231888386054508,3.30466550667358,6.33444863764672
ncs-3,0.00917959269964227,3.84778853564422,7.80075445232243
nduf-6,0.0475398597477797,6.8766000761795,2.10886333305449
ndx-3,0.00308564431753732,3.62234167569996,7.51403995495981
ned-8,0.0269787938244751,9.00370777155075,-1.55188492837512
nfi-1,0.000675086573544237,5.94177501770305,5.03405343879622
ngn-1,0.0220781125803311,6.21884053288628,-9.16738555800928
nhr-1,0.00000773766196964886,4.76127229660472,8.4300918130047
nhr-12,1.50265025641384e-7,5.58603191997783,9.76375016918155
nhr-122,0.0158596512514745,3.12116251485063,6.46727530537661
nhr-20,0.0000883121974799112,4.68157812802893,8.51021960908209
nhr-230,0.0358867457066678,2.68689551699485,6.12857925181236
nhr-256,0.0217112337042189,3.38885721015148,6.64553611446318
nhr-70,0.0372730822778072,2.50994415842703,5.80189079930912
nhr-94,0.00130705917189619,5.53733042404863,9.71142183471921
nmt-1,0.0311428192458321,2.93736393277803,4.98839992339837
nmur-4,0.0230352842035598,3.76128226156914,7.37211767542907
noah-2,0.006746034654054,2.94243384213556,5.29824452796939
npp-9,0.000883596887243532,4.9628863896042,5.30366840237332
nrde-3,0.030083769835541,7.86667514769279,-2.15693326961745
nrf-6,0.0343856818841678,3.33741932225319,6.60499333079821
nrx-1,0.00111466788796389,5.16496756475939,9.31225863797793
nth-1,0.00782594321193522,3.63620161101698,6.25709424237192
obr-1,0.0000010567297760482,4.97948130592263,8.85679222904347
ooc-3,0.00180444381779967,5.23723949619735,6.82397321577267
pab-1,0.00699908410058331,9.62919945677138,-1.79622713698083
pak-2,0.00673910969598121,4.89348545173758,5.22753289461587
pars-1,0.00979973868376868,5.47196742135687,4.71756579488851
pas-1,0.039489559912218,4.96683222809008,3.95751045194592
pas-2,0.0106875096347298,7.93052372405751,2.52973245612942
pat-12,0.0126395674781934,2.91267551826955,5.82907723165162
pbs-4,0.0374062610524536,8.12795395193238,2.25828312746015
pbs-6,0.0380763322920387,7.26771102043701,2.6462452843255
pbs-7,0.0354533996814257,9.7945317460377,1.33425275224067
pccb-1,0.0160875880501634,9.09371117951851,-1.7910355638809
pcp-5,0.0397221603373173,7.10179329360369,-3.32603776996069
pct-1,0.0137981933656398,4.83945925970511,4.44355616608017
pde-3,0.0442835573379858,2.09519284393084,4.6054563671108
pdhk-2,0.00514526136763646,3.86987627485427,7.27471103308811
pgp-4,0.0118543266722038,6.77404451375901,-3.87880109932804
piki-1,0.0315730646660487,2.6593276496748,3.85452292888939
pisy-1,0.0104457385585415,6.38397090848357,4.086136828755
pms-2,0.0121731006172734,2.40580270593857,5.5900775582754
pnc-1,0.0288363206647605,2.82451178559541,6.3629874419454
pos-1,0.00125234320564364,8.70877504566117,2.94356112111061
pph-4.2,6.69945324035638e-10,6.15751282527054,9.85001595728787
pqn-10,0.00842912802747363,4.67480397618118,7.47425504756167
pqn-82,0.0293699862193975,8.20977491882284,-2.01202182730458
prk-1,0.0206424323399959,2.29931407238575,5.35294587002923
prx-14,0.000183869616374412,4.72365557784037,6.8840905755557
prx-19,0.0305894353365606,6.95053220940159,2.57920651462385
ptp-1,0.0207282973078351,2.6479277775157,3.72117950697832
puf-11,0.00841096196134303,3.73964395843009,7.2241106269406
puf-5,0.0000660202663564137,5.26722432797728,8.27995729897571
R02C2.1,0.00321857197612557,8.56149660532313,-4.15233269186242
R02C2.6,0.0201801230303176,6.6320040203734,-5.09677330280721
R02D3.8,0.0108551951083276,4.69487754714099,3.48959915868172
R02D5.8,0.00239652721793678,4.77043494325033,8.87877519851719
R03H10.1,0.0113777638712124,7.88290402987241,-3.25525429105423
R05D11.6,0.0347936764783373,3.67227709282053,4.70977713244763
R05D3.12,0.0333591624184807,3.36946934102438,6.2110955302951
R05F9.1,0.00669999529605766,6.60868288839792,5.10052456573476
R05G6.5,0.024573317466642,4.08779974821955,8.09068825513364
R06C1.4,0.0101148267718821,8.50296284060141,-2.24902508422646
R07B7.2,0.0070992208395202,2.52621522289867,4.61087721823879
R07B7.8,0.00577642045998613,4.0267552599294,5.64360242381184
R07B7.9,0.0398204410192009,3.68166440461656,7.58998379589996
R09A8.1,0.00629781050205494,4.10290975482163,7.80400914162782
R09A8.2,0.0000667775000497148,5.16256746558141,8.18282131950356
R102.5,0.00444933933049911,6.46552111966705,4.65040648037006
R107.5,0.0245629561205914,7.3978360692835,2.55425419079686
R119.3,0.0471826549189035,3.22167080763876,5.18131691266715
R11A5.3,0.0167119211595219,10.5931218933772,-1.47601072225753
R11A8.5,0.021371098899458,4.63918867798245,5.85947635221027
R12C12.6,0.0394833259991576,5.69798728408065,3.83705377976001
R12C12.7,0.0106339552026797,4.77411049137081,4.70109687270158
R12E2.8,0.0461390719436155,3.53930376324574,7.40523488064635
R13A5.7,0.0437025249845295,3.5901540465066,7.4702682534704
R144.15,0.0415915053935135,2.43185048016469,5.64192293529331
R144.6,0.001131218761136,5.60076253693855,5.54983097514739
R148.2,0.00239241765499379,4.85457596939007,7.74680365550203
R148.4,0.00277942654759625,5.8059177442036,7.78350445817489
R151.7,0.0270361822437427,4.10872879682707,4.4290861343024
R31.2,0.000137602814195274,4.36294066090226,7.13585828701956
rab-30,0.0336973059643049,3.03047924251741,5.39686661319964
ran-3,0.000558125064410826,6.07978411521019,4.99385519186331
ran-5,0.0143433836023637,5.48286565049506,3.9905259395299
rbg-1,0.0372048432351182,3.15165848862087,3.99741123856924
rbg-3,0.0420685288372137,4.90082349229848,4.11598988685211
rde-1,0.00631454075770575,3.13803870469184,6.85046933636348
ref-2,0.0000120831662487025,8.28779643314326,-10.342559967296
rict-1,0.000527445655297177,4.17731539556514,5.25736008399301
rme-2,0.0245617796733445,2.68089008405755,5.80982229915172
rnf-5,0.00507446911794301,5.08225131215846,6.51163218359026
rnh-1.2,0.00542729263482113,3.02392926101675,6.68059992119501
rnp-1,0.0139501629774464,7.22043457518683,3.09160117732612
rpia-1,0.0114079619289008,7.35410661548845,2.72519007634225
rsa-2,0.0292657018252804,5.42735281965719,3.46964247200955
rskd-1,0.00104127975354875,7.69647550347,2.9454139233785
sand-1,0.0231897859595562,5.86749031153007,4.0390289880763
scpl-2,0.0210899330566288,5.72524402202776,3.90382602377123
sdha-1,0.0497334851259269,6.23330179280293,2.59500497739278
sdpn-1,0.0116756493135742,4.03197054212021,6.57981042522227
sdz-14,0.0281108182429328,9.26961897757557,-1.5432212767018
sdz-15,0.00310110814880766,9.82635666718625,-2.65075382852028
sdz-26,0.00354445993045294,8.82210395574915,-2.90670585957111
sdz-27,0.0165870104575428,8.81920289797739,-3.06195652134899
sdz-28,0.00000666753649256151,9.02339068442943,-5.83889327559627
sdz-29,3.20534660303939e-7,7.72547194172063,-9.82447566942849
sdz-30,0.00342177912805786,9.43334403316806,-2.13447736055011
sdz-31,0.00924426407395328,6.4320619482372,-9.38804082336302
sdz-32,0.00035898050035398,8.13909579210104,-6.10342127503249
sdz-38,0.00368994750568636,7.14240667680663,-5.10351249254424
sdz-4,0.0114234987361641,8.78471191025917,-2.83599346888049
sdz-9,0.0055176432261288,8.73300644936885,-2.27889179559428
sea-1,0.0265659743137976,8.86517921322072,-1.93618054356863
sec-23,0.0420602806904679,2.8085835433547,4.70998402534259
sel-12,0.0169649088080431,4.19132679927386,6.66555443046049
sem-2,0.00161909156602189,7.42658585770234,-10.4054956558422
sepa-1,0.00000231102848862194,9.28430775352559,-3.43777198973669
set-12,0.0330716230695153,4.3479541815973,-7.14467543779445
set-14,0.00145887017358473,4.10931806607107,8.11819652801213
set-17,0.00354431036048048,6.51525168072874,4.04430654316746
sex-1,0.000217518794661214,8.53854728899009,-3.24668558147297
sfxn-1.4,0.00918106216530014,4.70483731997755,8.80549628776996
sir-2.4,0.0000227586560753264,4.01003321697536,7.99857946072798
skr-17,0.00017398398688355,4.35730092038956,8.40906220891089
slt-1,0.0135146579192514,5.63761001603464,-7.52671945914588
smg-2,0.000512184425276986,3.53544975943391,6.51020060038489
snb-7,0.0417520232249266,3.62954114686815,7.52142312788354
snf-1,0.0458419750986055,5.1639775021577,3.7970973814758
soc-2,0.010193699371322,3.73273152628428,7.65572189572902
sodh-2,0.0418743588044378,3.62364336974232,7.51533571248252
sox-2,0.046751651901595,3.81405576439947,6.94684436948324
spdl-1,0.0308463708617903,6.5731226305827,-6.64204672507917
sph-1,0.0000481134292156034,5.58394194127613,9.15933081593052
sphk-1,0.00911044079137975,2.92973850492297,6.53380860235931
spl-1,0.0172441842482909,4.0157408640876,7.69220161052139
spn-4,0.016311317932066,7.47594583271676,3.41198442888312
spr-2,0.0206452525781436,8.04837180770813,2.68715082834876
spr-5,0.0305527214122412,5.72343369800307,-3.9134406593166
spt-5,0.0199110925972251,7.53870191450549,-2.38371407540151
srd-74,0.0169519190126045,5.10331013714628,-4.59415161937264
sre-4,0.0271246693321264,1.9173289285555,4.25150693458903
srh-278,0.0239219839822386,3.45040840775482,6.54626338110372
srp-2,0.0406918273970096,5.49047823013589,-6.47440961623726
srt-52,0.0357367598031031,2.55160409571526,5.8833014990886
srw-135,0.0319493261515541,3.87883066769758,7.84061381570451
srw-48,0.0370462551776399,6.01140762095336,-8.95135598471177
srx-7,0.0470026790278731,5.1527743449594,-6.42369426334431
srz-33,0.0413778954340793,6.40925452822231,-9.36519926075797
stdh-1,0.0409364118322242,3.65272911875403,7.55134697777171
stim-1,0.0330465967140044,2.76441729046649,5.23173541632807
str-160,0.00352550541336966,5.15738331527934,9.30408030773105
str-172,0.037561773354194,3.72454183149106,7.64587882880056
syp-3,0.0322098311394672,5.54001704303562,-8.45549688209646
syp-4,0.00442287107833869,2.28618189432123,5.04238287087157
T01C3.3,0.0349780941882794,5.29987039450192,6.12053347577543
T01D3.1,0.0314993684801697,6.47165349121067,-8.76860755903691
T02G6.10,0.0156994125249638,8.09149194827825,-5.0270107855171
T03F1.12,0.0360042652686053,3.54024922317748,5.62633062216813
T03F1.8,0.0000455178201629445,4.5466513409677,8.62655303096164
T04C4.1,0.00165498687289184,3.09647472005783,6.78844168642646
T05A12.4,0.0039164788743441,6.83406383127331,-5.33073606447025
T05A7.1,0.0255416815555116,2.94052156474295,6.54853033030568
T05D4.2,0.00610088275505365,9.33939975922599,-3.06125086701133
T05H10.7,0.0272032716835701,3.54843625464274,5.66512251397688
T06D4.1,0.0381850315663881,5.8220312149017,2.47696694080831
T07A9.12,0.0158107689378033,3.57069586017696,5.77981775449901
T07C12.12,0.00000144331554195905,6.13495831670199,9.05755399373006
T07C4.12,0.0263152345998046,6.29743466361146,3.71111502415707
T08B2.7,0.0325586397211518,8.64087187250324,-1.56743529720502
T09A5.7,0.0145581463910921,4.69034038030891,6.33396512508226
T09B4.2,0.00000910067948389939,5.35130419917719,9.51313814743158
T09B4.9,0.0384883800676046,5.95672074022107,3.60090471814906
T09B9.4,0.0266469496551565,6.33593504070636,-4.40330433529663
T10B11.2,0.0300825318015217,8.21484651721937,-2.08352817729439
T10E9.1,0.00149055709169447,5.09615861034148,5.47473667203166
T10E9.2,0.017779931554429,5.41770177763374,3.67989959951929
T11F9.22,0.0172030266817543,5.14869002463665,7.67623774072751
T11G6.5,0.00296472836644119,4.38066679887933,4.3815128342417
T12B3.3,0.00942939946910169,3.13213029287595,6.83902748942203
T12F5.1,0.0438407418462094,6.89313434034536,3.07625423855375
T12G3.6,0.00364324783013369,6.7053522724375,5.13020429890578
T13H5.8,0.0139758814922013,6.56190057134127,3.46916298162818
T14G8.2,0.0335199014536288,6.07653227634174,-9.01929784582093
T15H9.2,0.00000246579989505144,5.08423978147377,8.28918217803968
T19B10.8,0.00000759520262540847,5.00752073467846,9.14012807854411
T20D3.5,0.0030031867895363,4.48430619945335,6.02122324630637
T20D3.8,0.000239132455436813,5.52330166479647,6.22061848885157
T20F7.1,0.0399015631100942,5.98601638368245,2.71252624429697
T21B10.1,0.00113811625530848,5.20881742514928,7.205706800029
T21C9.13,3.26973226846154e-15,7.04933118619965,10.4383844045525
T22C1.4,0.0410446093407041,9.12188878897816,1.35745904541759
T23B12.4,0.0183974775670264,5.03075479001811,3.3169230539554
T23B5.3,0.00859460301106429,3.83742133427922,5.63640255356623
T23G5.7,0.00883700645477823,6.11349679616763,-9.05819427624073
T24H10.4,0.0495106623251933,3.3407654917157,4.14169908300955
T24H7.3,4.84925957895117e-9,7.249488862902,7.55574411160615
T25E12.6,0.00558219479946468,10.1682199430228,-1.81845471017795
T26A8.3,0.0306748122345644,4.53822845008506,7.40379288836561
T27A8.1,0.00366209146546729,5.7905760089132,-7.10155059786529
T27F6.6,0.00449076179371247,4.2616383860674,5.61165160483008
T27F6.7,0.00696563542662372,6.39809218792148,3.78445785469404
taf-11.1,0.00520967273376705,9.11266037431123,-2.07408646271135
taf-2,0.039562126635777,2.85637926669175,4.34541308413431
tag-117,0.0299600982462585,2.93174416586299,6.53810279268537
tag-123,0.0363927661776763,6.31082043660254,2.95665420067684
tag-124,0.0177269539527733,7.20558362025271,-5.45429549808481
tag-130,0.0368155396689207,2.95203006922884,4.27840349098576
tag-165,0.0125142341124986,3.4991899539046,5.41055906251495
tag-179,0.0141607190069078,2.53365706206353,5.8459967755105
tag-233,0.0137107381848913,2.77882174353525,6.28508419668312
tag-296,0.0464568650898436,3.95768615788092,4.70094105427321
tag-335,0.000793246921644575,3.6574049224609,7.55949733203727
tag-340,0.00263992013063652,3.86522389072066,5.0285425859402
tag-353,0.0474858255702179,6.74052380710136,2.73997302333157
tag-77,0.0310811060867078,4.10823814062389,6.15362836285765
tap-1,0.0110456280163445,4.22846471082828,7.66992490093739
tbc-13,0.00543917662794628,4.28227149008873,8.32264540567259
tbx-31,0.00388877434413126,3.96207927731244,7.94098790373968
tbx-32,0.000309384251070982,4.81473883735036,8.92706069867807
tbx-37,3.04898217339958e-7,7.76564638546527,-9.28117091347763
tbx-38,0.037346781145119,8.1429267003396,-3.53294787178659
tin-13,0.0421791402628721,6.91230783344683,2.66433615571705
tkt-1,0.00179218251917498,4.36141552506254,8.41454054714562
tra-4,0.0441897231059611,8.52096316176444,-1.78536448809353
tre-2,0.0130593177560097,3.98939850049579,7.97420123438027
trpa-2,0.0437343237243429,2.63943822885676,6.04391831334019
try-1,0.00660949917980349,4.26646303808434,4.35733441033837
ttm-1,0.00255593279595455,4.88859004901193,5.54873999575125
ttr-7,0.00147292824055583,7.3330725725903,-10.310569791758
ttyh-1,0.0488413560614287,5.40295535242999,-8.30936506196961
tufm-2,0.00887683879442996,2.50379456274649,5.78648341156479
twk-6,0.0291510367360593,3.95657752889477,7.93196788927439
ubc-19,0.0194253987537437,6.33841295624813,-7.22761605560683
ubc-6,0.00109748390419778,7.04278765043234,5.53757336224955
ubh-4,0.0494103114573818,6.12450463658711,-4.25327068565598
ubxn-6,0.000247713831745545,6.0266869211536,5.43805460462045
uev-3,0.0389503310336064,5.81105261936602,3.30300757324055
ufd-2,0.00699081683187278,7.60754488660064,-3.44309305015004
ufd-3,0.00000155178093697428,5.61813232934092,8.6365738315723
ugt-12,0.00831793157925051,6.49182424711013,-7.18298483569952
ugtp-1,0.0262672014608382,3.48431320922334,6.8635294425545
uig-1,0.000706999735025512,3.48332134302768,6.8138735528217
ulp-4,0.0111735627021315,6.96179903133283,2.60084539808541
unc-35,0.00352507941778631,2.14924915704331,4.98534091154666
unc-5,0.0163468249487527,3.87267325601713,6.78217427000467
unc-57,0.00410703494735653,4.04982897788659,5.10568715009965
unc-83,0.0111917387777902,3.29606229260384,6.72570360189686
unc-94,0.0143003238496088,5.0555313097401,5.29974826377437
upp-1,0.00246213120210872,3.97318519846577,7.95418639030544
usp-46,0.0389454857080677,4.26885439155633,4.98787514353948
vab-8,0.00591246013420303,4.45489696995469,5.27832659735591
vem-1,0.00845498035103678,3.49319230626818,5.12064185620255
vet-1,0.00082199822433842,10.1580776618871,-2.14885548948858
vet-2,0.0349087582833864,9.34141354126258,-1.46328155628801
vet-6,0.000175403625386914,8.87228693496704,-2.87030506802415
VF13D12L.3,0.00308886323411955,4.0186502827638,8.00762316168557
vha-18,0.000282341252686151,5.34938179436013,8.20281247072832
vha-9,0.00114625403535989,6.68980259031361,3.9478221991152
viln-1,0.00000241579342533227,4.69202254651187,8.43396363307848
vps-26,8.74021408035563e-11,6.32786999489152,10.5412027489388
vps-35,0.0393759464068286,3.07837157219218,5.64584662070332
W02B12.15,0.0282303923198293,6.77266348082218,2.40163475185717
W02F12.3,0.000001702695636533,7.4833887878512,7.01305948282655
W03C9.2,0.0387122036850738,5.90195951493765,2.71091547444674
W03G9.2,0.04320388309823,3.40103135717294,4.18360056602908
W04A4.5,0.0306425563598442,4.44127833167752,3.46485481382285
W04A8.3,0.00000385596824034535,7.91446951294932,-10.8999751288055
W04B5.4,0.0225728018116619,4.14872995200192,4.69692193439714
W04B5.5,0.0251245071894428,5.14555820572141,5.56835726523171
W04C9.4,0.012018900265226,6.27322880959719,3.7404944494769
W04D2.13,0.0140180089044166,4.47369550698161,8.54388924563256
W05F2.3,0.0329805798261479,3.94919850470376,4.56908166213084
W05H9.2,2.85492443588056e-7,5.08016253912888,8.85283201721605
W06A7.4,0.0282621106006059,3.98029936530844,7.96326145440411
W06B4.1,0.0068511700062232,5.43136805713375,5.40871672341895
W06D11.1,0.0374247063724061,3.91203086493101,5.23884830717905
W06D4.3,0.0246303131486459,4.08776260697687,8.09275626579372
W06H8.5,0.0367178634092299,3.87030383205721,5.31446625990929
W08E12.7,0.0155666608251853,7.66971013848779,2.80091615206836
W09G12.3,0.0000717695204244789,8.07298157887725,-9.5240047699336
W09H1.4,0.0370202051408308,2.09414745850966,4.00063582104163
WBGene00206487,0.0137723808046056,2.48883933030943,5.75898796371986
WBGene00219451,0.00759315900952779,6.58509687543723,-4.52697509346479
WBGene00219452,0.0121703901491262,5.91319485743686,-7.84170981935803
WBGene00219728,0.0113981366919683,4.908363053479,-7.77446173947767
WBGene00219803,0.00179987658533918,2.64105589804285,5.69278447705812
WBGene00220226,0.0305668383804193,2.05996866303957,4.73503530973928
WBGene00235272,0.0121596888745369,6.2698869404368,-7.37296009293524
WBGene00235355,0.0214315537886559,5.42125367013323,-8.32917265240044
WBGene00249808,0.038354108731511,3.28043121015066,2.93795048330782
wdr-23,0.00279186615556625,5.7502754021445,4.42244361531659
wdr-5.3,0.011232798616839,4.92395999782788,5.96144708568098
wht-7,0.00016290333610285,4.28085462668684,7.9648161166115
wrt-5,0.0411427858215254,5.63368947791359,-7.40603575713982
Y102E9.2,0.000422109430698187,6.60743423316702,5.57223636698802
Y105C5A.25,0.0292169291357026,6.70407689492254,-6.51748631796554
Y105E8A.23,0.00167923081605818,4.30044784212226,8.21291685922646
Y105E8B.7,0.0136170597496807,6.32628453338103,-8.03817457319276
Y106G6A.2,0.0123296653800351,7.5797408467587,-4.7072317549062
Y106G6D.1,0.00113699353375309,8.7173200587246,-2.93447250506239
Y106G6D.5,0.0479533688033605,2.50622730679928,4.77869646519763
Y106G6H.16,0.0158881871193804,7.22540893505049,3.02863497858409
Y106G6H.4,0.00300662012170883,6.5623342323247,-9.52222506468377
Y113G7B.24,0.0104244168514937,8.12909573138984,2.04350388520812
Y116A8C.22,0.0308124164661677,8.79204086092252,-2.22532063467211
Y119C1B.10,0.0113104230862207,2.73022104217691,6.20654393985264
Y14H12B.1,0.00218724026889684,5.64611709862267,5.67288091236348
Y17G9B.2,0.0331775766711451,6.17172326561476,-6.08525869495632
Y18D10A.1,0.0402158261447012,2.94306088122697,4.23708179690229
Y18D10A.16,0.00645819332578238,3.81974132827316,6.9257464105628
Y19D10B.3,0.0183068065430064,5.27631619223584,6.93928656141883
Y24D9A.9,0.0133729144121041,3.66733773723105,7.57290368066007
Y24F12A.1,0.0017197016987462,6.37265410239578,4.5762137839104
Y25C1A.6,0.00183534042767561,9.09386004416042,-2.21803099613908
Y27F2A.8,0.00343308479868927,7.7653018890024,-4.02496697680521
Y32H12A.4,0.0387986344739919,7.80631494557135,2.0189726015574
Y37B11A.2,0.0336678636770307,2.61602089983419,6.00425756151696
Y37D8A.19,0.00958539251146447,2.51882341560396,5.81769709851385
Y37E11AL.9,0.0165226582643085,7.46198602421258,-4.13031538953421
Y37E11AM.2,0.00192425189637199,4.00262963314723,7.52114894937828
Y37E11B.3,0.0000587597628637082,4.67186036314507,8.76781234848803
Y37E3.24,0.0469987559002799,11.9733755202687,-1.3622656965007
Y37E3.25,0.0456701589354604,11.1304318970935,-1.50391396752598
Y38E10A.28,0.00530542338129868,6.03126382573762,-7.94496850636991
Y38F1A.6,0.00775055229866806,3.01040953471576,6.6592380220729
Y38H6A.4,0.00435216033738543,6.80126306717113,-8.00097986703503
Y39A3CR.3,0.00371015134639791,2.69456054906471,6.14481301395876
Y39B6A.39,0.00865177577957332,4.26704954788999,5.258665866525
Y39B6A.40,0.00158015007810002,4.54555886298956,7.88175508643525
Y39B6A.42,0.0105548153302182,5.06718162471909,3.51564248878827
Y39G10AR.16,0.0416152780897138,3.63371637923475,7.53174835724514
Y39G10AR.7,0.04130154456818,3.35622947597549,5.3954599752564
Y39G10AR.9,0.0325974675503445,3.14048300660807,6.0825321993588
Y40B1B.8,0.000997493332804871,4.16130088916328,7.47612656193406
Y41C4A.17,0.049561033019414,5.20295074468101,-8.09473137011377
Y41C4A.8,0.0379173679230126,2.55623275368975,5.88754974264105
Y41E3.7,0.0216311863171945,4.96645579614258,4.12702584052475
Y42A5A.5,0.0469741734914266,2.38684521008032,5.55469335155418
Y43B11AR.3,0.00716882423504359,4.00827681254595,7.99655866578626
Y43F4B.9,0.0289474624830508,2.8602019144251,6.42410777414211
Y44A6C.2,0.0480206389589779,9.99419263720294,-1.3527443159111
Y44E3A.6,0.0485658508175149,7.62495654538764,-2.06984202789165
Y45F10D.7,0.00285310023333669,2.65784207147892,5.38662646014689
Y47D3A.20,0.000478614089536433,4.46489405215485,6.77552926531237
Y47D7A.14,0.0225959676211259,4.13425127573213,6.08049263792867
Y47G6A.18,0.00829684994453347,5.00431729692324,3.9637651582163
Y47G6A.25,0.0461207538321826,4.97175772548507,5.16636865016861
Y47G6A.3,0.0310811692505419,3.90400790170254,7.86750523180711
Y47G6A.9,0.0388806952779189,3.82105516074268,4.92954594894253
Y47G7B.2,0.0159664100215588,4.40083231458593,8.46021492474242
Y48E1B.7,0.0493861025685744,4.54410641400539,-5.78819249791851
Y48G10A.1,0.0253205603032483,5.60994873653165,4.09282522272229
Y48G1A.2,0.00070578035692688,4.79999463116722,7.0100365797152
Y48G8AL.15,0.00435791972705481,3.25873355433432,7.02279405732345
Y49F6C.8,0.00169393832086372,5.51735571074639,6.38723196126152
Y50D4A.4,0.00313538141201455,3.11552145324046,6.46482142201445
Y50D7A.1,0.0190795210215216,2.53162140122916,5.84501988977855
Y51F10.11,0.00885488820645883,3.82706356115502,7.77479407216718
Y51F10.4,0.0446602306298917,4.70416751132471,4.15393611708762
Y52B11A.12,0.0195982693043573,5.3335046508283,-8.23546832550492
Y52B11A.8,0.0151662948486496,7.78035077163134,1.63867981447093
Y53C10A.6,3.24876700981178e-8,6.29765665305909,9.27239312490116
Y53C12A.10,0.00254399205324486,6.0163024125648,5.30385347560713
Y53C12A.7,0.0335792370161447,2.01078060138486,4.58120342155053
Y53F4B.4,0.040036623569371,2.61419689818315,5.99544367050506
Y53F4B.9,0.0127173857304648,3.88896261424883,4.7082223373932
Y53G8AL.4,0.0323110619021023,3.86659599455348,7.8238687963085
Y53G8B.2,0.00192062653054831,3.26246370075303,7.02877011566598
Y54E10A.11,0.0167533309508553,4.33374284674131,5.33815996959701
Y54E10A.12,0.0294006899959318,3.90639205448817,5.48605210209831
Y54E2A.8,0.0286069924179634,3.74881339741349,6.56090174883404
Y54G11A.2,0.0166450372132173,5.77755891519483,3.99156931154573
Y54G11A.3,0.0398292864839832,5.85801702741759,3.2536544445982
Y56A3A.19,0.000216749165742578,5.5213055952688,6.00946372251711
Y57A10A.13,0.032081082532472,8.18379335496612,-1.63521794927954
Y57A10A.2,0.000230614791230769,4.16191449402677,8.18032474461814
Y57A10A.25,0.0358573879960486,4.54962427287717,3.13051401587659
Y57A10B.6,0.00855942694951207,9.69424717087276,-1.84997390049591
Y57A10C.1,0.0472148309489044,7.04451587302094,-4.83954327990328
Y57A10C.11,0.000241845272330275,7.36461480866956,-9.0014792575441
Y57G11C.33,0.0419433945843106,5.2781794774238,3.36786746182324
Y60A9A.1,0.000922125927202731,5.65108175529062,9.83295886930338
Y62F5A.12,0.0134546123689064,4.04546148494718,5.16395461811234
Y66D12A.28,0.0193216572237992,4.27581921287965,8.31425590646055
Y66D12A.7,0.0117886884840752,4.29719697945498,4.97837080098514
Y66D12A.9,0.000263869290993835,5.28201188575291,6.33491862363082
Y67D8A.3,0.000592088774831163,3.76257405218911,7.69294090244838
Y67D8C.9,0.0415392292586439,3.62961371350602,7.52440633472039
Y69A2AR.6,0.0115272009569219,7.45816130083044,2.42585263763983
Y71A12B.11,0.00398929493646882,9.08625129157458,-2.57330499614487
Y71F9AL.1,0.00161869972076633,5.31449444053375,6.97788270387883
Y71F9B.2,0.00000330271200345647,5.27199904263962,9.4278500975045
Y71G12A.2,0.0305703436747695,4.90048069732438,4.19775140747102
Y71G12B.8,0.0425786593050237,6.91906815025578,-2.83406946238777
Y71H2AM.7,0.00583717498657833,4.1227704000862,7.73961179736246
Y73B6BL.23,0.00023694000835116,6.56339857752496,5.6606072217135
Y73B6BL.4,0.0370962899294164,3.11737607578203,6.19553524145366
Y73F8A.24,0.0000175808075517225,5.4585339186695,7.79566850223903
Y73F8A.36,0.00286305841872735,6.32942167988485,-9.2819061263904
Y75B12A.2,0.0219819577107608,4.17882997052066,8.19911315724276
Y76A2B.5,0.0161571962613776,6.02400980627037,4.61657940602374
Y80D3A.9,0.0466798424138144,3.49952917528706,4.35866869074984
Y82E9BL.6,0.00638551200175551,7.12532300278124,-10.0988406655444
ymel-1,0.0112830904419333,5.07686617832172,4.15830190713213
ZC239.6,0.0474554964261791,2.414634308169,5.60492798868051
ZC308.4,0.0114224718725912,7.82574330905769,3.44897573026683
ZC376.6,0.000139582436071107,4.76571713962778,7.27283377773382
ZC410.3,0.0000624453974415516,5.70890166934792,6.32778684709363
ZC443.3,0.0310493699007055,3.90400790170254,7.8675053095788
ZC8.6,0.000156962105046563,4.39508459788007,8.45303909639345
zfp-3,0.0423065965248389,5.49429258563542,2.75483387229108
zif-1,0.0000166703516874239,5.80072181264461,7.48148512094373
zig-6,0.0473045510683234,3.51510974667082,7.37328125460643
ZK1010.2,0.00156900247071614,6.36415768628977,3.5911594321557
ZK1067.2,0.0299651509818358,2.3214448646226,4.6723892001713
ZK402.6,0.0215402339417007,7.54050932532495,-10.5211505882823
ZK507.3,0.0461540956148946,3.54046802955971,7.41038043009479
ZK616.2,0.00820697014368198,3.121566171154,5.72016481517287
ZK632.4,0.000443540200539237,4.41420870617049,7.0702300178136
ZK632.9,0.0446009260161722,6.12391658907083,3.80341396498266
ZK637.2,0.0202027714847771,4.08827050961201,3.67350405771422
ZK673.11,0.0240740699023093,2.0763604040737,4.78303008108226
ZK688.5,0.0000791438597203489,3.79983438781359,7.64433160872949
ZK757.4,0.0389802288078934,4.36459402844417,3.64768456634421
ZK856.10,0.0177052142780312,3.5238979857301,7.38340022731089
ZK858.6,0.0411005449193457,6.19073192056194,3.0951762355938
ZK863.4,0.00290628970000276,5.38567756719942,4.68251609718473
ZK899.6,0.0242733127410747,9.92813531730213,-1.52511469237831
ZK973.11,0.00302778091378872,5.46449651693817,4.3034189441198
ZK973.2,0.000568792175862978,4.85711269851856,5.83278190304632
ztf-11,0.0038537631410484,8.80877335987273,-3.03491409729398
ztf-15,0.0000169804253491184,4.83402665133125,7.54444338616016
ztf-17,0.00260609384198329,3.71735827374351,7.07364257529053
ztf-22,0.0230938032562566,3.11259407218483,5.08238442971993
ztf-9,0.000802509970811852,4.2962268164177,8.33839355250932