aak-1,0.0446358597716398,3.27578969822415,6.99091670985555
aap-1,0.000891114738537383,5.56345174245478,5.82938150906553
abts-4,0.039163858402891,2.90532649039561,5.63840914074656
acbp-5,0.00533401935299462,5.20600901087262,5.18253318176081
acdh-9,0.00616845303159613,3.25306984098618,6.51882874626328
acl-11,0.0249276133232195,2.84305892822175,6.34038723989612
acl-12,0.0422078862271012,3.31477973009064,7.04707186346786
acl-3,0.0174188920724672,2.66339844016806,6.0414871478803
acl-4,0.00233178302736451,4.85277920537042,7.69234247809866
adm-4,0.00363734946330831,3.84164502860158,7.08475997998306
aha-1,5.91117021033053e-7,5.35799599103076,9.45414682685701
alh-1,0.00010322756737594,5.08725519333654,7.51019377718162
alh-11,0.0462180209079834,3.99874883814662,7.92385361819953
alh-8,0.0104720911083786,4.78962267690375,4.40809419667683
alp-1,0.0000457728727980252,3.93337969982825,7.84357223862982
amx-1,0.00199933980331725,5.06647382100613,5.70046881851517
ani-3,0.0114534655532758,3.43241480409733,6.546003776206
ape-1,0.00638341716814384,8.18176027663675,4.25090088536256
app-1,0.00610222289130354,2.64597409571699,5.80225343923009
apx-1,0.0165981005031443,5.49482362191834,5.23223645950642
apy-1,0.000002596355424004,5.48366135357666,9.04002196106463
arr-1,0.0227352930354455,5.16735323606316,3.99720649061756
arrd-1,0.00531017434184589,5.77693968732384,-8.76383191706048
arrd-2,0.0170927090334784,9.80089881303498,-1.67809437876732
arx-5,0.0259687789918194,3.45609054638565,7.23475697776122
B0035.11,0.0493898742312502,7.65764152548232,2.04228693555021
B0035.15,0.0482495108023695,4.60178427006447,6.40337028729084
B0035.16,0.00369279843169089,3.81028883248558,7.6927481560393
B0238.9,0.00574198512403181,5.29133410106639,6.83744930113191
B0261.7,0.00645169231400172,5.75152861383109,4.87934448836646
B0281.5,0.0220120426346473,10.7018579261783,-1.71771293637082
B0285.4,0.00032825491141274,6.91623873558215,5.47060378974945
B0303.4,0.0477767621919856,6.92977621111701,2.84712033644906
B0304.2,0.00415755760465986,5.0024974423113,6.29708924710979
B0331.2,0.00642781364878271,4.88131662531177,8.93632941204649
B0361.8,1.22012492666823e-10,6.51868036908561,10.2534490917895
B0393.6,0.0284564117211621,3.33196211565977,7.06645490035837
B0416.4,0.00612646932308561,6.21132255828401,3.58158554267514
B0432.14,0.000199127462298759,4.79180191418632,7.67310421614439
B0432.6,0.014356412823321,3.92885312951687,7.83861739777889
B0432.8,0.0248827476696226,3.38717146215007,7.14392166052012
B0495.2,0.000966309026279751,5.3606900841945,5.45565139746821
B0554.5,0.0446447157946922,4.03460171324659,7.96738481983107
B0563.10,0.0153229051046089,4.81315188816827,8.86151039932645
bath-15,0.000205928584909962,4.49364142950164,8.50215027971541
bath-21,0.0302044561803162,3.21674153262572,6.90805216563794
bath-27,0.0183741050590404,3.22751045611889,6.30577404303758
bath-31,0.0136037645514974,9.21205098217182,-2.06389954257408
bath-44,0.000995206084809935,4.53448402404458,8.5488211206015
bca-1,0.0010238560749968,5.38980806877283,9.48776403104094
bli-3,0.0219706337244466,2.28946021938677,5.29601060039002
brd-1,0.0499358887449921,5.73907452998647,2.82428015397132
btb-20,0.0341370040760233,3.0459077887274,6.65628209187662
btb-8,0.0150785202609907,7.23511084296554,-4.98511321283499
C01A2.8,0.00917102539095162,7.45622084486799,-10.4929530892569
C01B10.8,1.8377240777565e-7,5.45134041612142,9.12886706311849
C01G10.7,0.0133364389256778,4.88809695790354,8.94380713825249
C01G12.1,0.0291702945757783,3.26675422277834,6.97864995604056
C01G8.1,0.0225857017316023,6.52565150334257,4.40424682684801
C02B10.2,0.0280600244519821,5.78536157753049,3.90680271381758
C02F12.8,0.00253334270194749,2.89420544045197,6.42577206572259
C02F5.2,0.0341104470350476,4.21982274611569,8.18442998013735
C03H5.7,0.0133704923576417,6.94893656225766,-5.00664315423314
C05C10.5,0.0349428275094186,9.55391399897064,2.37178242065363
C05D12.4,0.00693133466400026,9.3318803344901,-2.03581075749174
C05E11.3,0.00518021589719274,3.46353255505703,6.75701408927304
C06A5.8,0.00372901668838915,3.9999862701683,7.92510074619068
C06C3.7,0.0499409398399514,2.46289111856448,4.56403940893712
C06E1.9,0.0261665156709209,2.38192300312348,5.50179078311005
C06G4.1,0.0157372120520132,5.03505723369319,5.44575800294337
C06G4.4,0.0468650898970031,3.99088379960577,7.91435728271922
C06H2.2,0.0351518009553027,3.18968538153301,4.03626864793099
C06H2.3,0.00254706181556812,3.30435406097567,7.02994012377
C06H2.7,8.93501276259454e-8,5.99883001378489,9.33051970737502
C08C3.4,0.0000695800766683141,4.98017631531421,9.04492267774689
C08F8.2,0.0000340364267964354,4.87156496768312,8.92513953088547
C08H9.16,0.033353582790496,5.36148161704298,4.26626067451354
C08H9.3,0.0149279555370436,3.88782825457997,7.78621520030473
C09B7.2,0.0342717799061153,3.14584012372925,6.80746232193416
C09D4.4,2.35757066174873e-9,5.95538718021735,9.65026617386261
C09G9.1,0.00000763437595741174,5.04632679945832,8.58603282790977
C10C6.7,0.0337391399703659,3.1510077524054,6.81181528940393
C13E3.1,0.0441497042925515,3.10254642385349,6.74012668024214
C13G5.2,0.0275063452722839,6.25467170538573,3.08636766752637
C14B1.2,0.000105731046471405,5.07151971647798,9.14436086094106
C14C10.6,0.000303088244971679,4.36247844305495,8.35119404049735
C14C11.2,0.00938765426426506,4.20170146700793,8.16488969253446
C14F11.1,0.0353314242052887,6.97305634418752,2.99959668107195
C15C6.4,0.0452458932539225,5.76097222386689,2.88766320590855
C15F1.2,0.0273422431295291,3.44090811693925,7.21778182365549
C16A11.4,0.0155448886109364,3.33653014734094,6.07751529454132
C16C2.4,0.0124167833069849,7.5701261089071,2.68327952643999
C16C8.5,0.00122473240510802,3.4072848143047,7.1699293770158
C16H3.3,0.00149820416033415,3.85690513993392,7.75072033929723
C17E4.3,0.00269500384113898,4.92865905863189,6.68012566238909
C17E7.4,0.00000207840646240725,7.10655651161925,6.8301376363754
C17G10.1,0.0000106329202142631,5.44381909851179,9.54614116879385
C23G10.7,0.0192206813721303,3.35179593581691,4.9609917929701
C24D10.4,0.00667842032520818,4.297932711914,5.70355982998857
C24H10.1,0.0139382498495847,3.65303216185676,6.85398713135387
C24H10.2,0.0195229618339583,2.36532908052893,5.46640353283317
C24H10.4,0.0356846776641064,4.19123293929236,8.15312090348202
C24H12.11,0.00534504535961741,6.53327138494922,-8.71976531539644
C25H3.4,6.48969184534144e-7,5.36041758481527,8.56365874998172
C26F1.3,0.013164401762945,6.93011128924452,3.36541851073662
C27A7.6,0.0208579348036148,3.60408060851516,7.43104566185669
C27D6.4,0.0377166032524144,4.42171781680107,5.30856490769531
C29A12.1,0.000227141364017373,4.68484498284888,7.31061847358199
C30H6.8,0.049010417730575,5.43665188599407,4.35153574029913
C31C9.2,0.00601175898605941,8.4427875226913,-2.14895260848672
C31H1.8,0.0000425085831247829,5.15059021029617,8.92160338912017
C32D5.10,0.00321798016339725,4.27539841290873,6.34970211553582
C33H5.17,0.049379563246022,5.85027122055866,3.93656415849251
C35E7.5,0.000229638356166445,9.29659512867457,-2.77114369903421
C35E7.8,0.0196677275481051,4.94233687581068,5.83133609067029
C37A5.7,0.0315701753626856,3.59115002693971,7.41584610567356
C37C3.9,0.0192154294554166,8.57431239481278,3.29315856190784
C37H5.3,0.0015841280243527,3.8011636557934,6.92844919804353
C38D4.1,0.0148564522541681,4.3064760852746,7.37757973747388
C38D4.4,0.0000195860082292004,4.96999832443724,8.14983603819931
C38D4.9,0.00235769162420766,4.46830562334041,8.4738542196127
C39B5.2,0.0401689080730197,7.38663525221411,-3.44915951629488
C39B5.6,0.00839907227577213,2.22030034866797,5.13607540589949
C40A11.2,0.0302275287591472,4.49911662917357,-6.2405270771749
C40A11.4,0.00320211221801263,6.83516771549987,-9.85984775852435
C41G7.3,0.000559862731940207,3.57792993909781,6.98226513764234
C42C1.4,0.0000525584643588906,6.2780058514795,10.4220660136338
C42C1.8,0.000643419754038154,5.9644190691634,6.04310463984196
C43E11.12,0.0351000651629602,7.18626872112744,2.53879562260161
C45B2.6,0.0136328446791128,3.15241553472879,6.8152330303303
C47E12.2,0.00000558988665946071,5.23921750641015,9.32643189668053
C47E12.3,0.0223688909610908,2.25512861997659,5.21631694172067
C48D1.1,0.0451093777412012,6.65254726719371,-5.33527090353027
C49C3.6,0.0104715100501523,6.20816407068746,4.56168693816414
C49H3.4,0.0000325975241838708,5.76174582381792,8.68230579832297
C49H3.9,0.046961206158885,6.05504787866358,2.33478404394561
C50B6.3,0.0244658915973802,6.8981421421935,3.27721160119694
C50C3.1,0.025702923672645,2.18727766478781,3.92945048658721
C50D2.9,0.034997596901887,2.2271677183183,5.15238669873973
C50E3.13,0.0303527334756092,6.71512112480124,4.03939469700071
C50F4.12,0.0105272209958624,4.99779780708292,9.06427365288043
C50F4.14,0.0144372543116992,7.43938483926369,3.3247654473001
C50F4.6,0.0295865724991143,10.4983954300617,-1.30419901287642
C50F7.4,0.00587252973195725,3.02864871308024,6.22520897025536
C50H2.5,0.0443806329386444,4.02606026394163,7.95674750101439
C53A5.2,0.0106569600659225,4.17426551214999,8.13241405958803
C53C7.3,0.0400699977408629,5.01807526593955,-7.95310187191798
C53D6.8,0.00228615618068848,2.8640423017881,6.37711101650974
C54G4.7,0.00240143580671276,3.3880225107319,7.14490429920115
C54G4.9,0.0463569500648385,5.69639363839701,3.84574820770233
C56A3.4,0.0133933513815588,9.18776702820855,3.78051187250862
C56C10.7,0.00653321911021807,5.43932576797828,5.45385348964464
C56E6.9,0.0419140137324749,3.34892302825349,4.18101775460017
cal-5,0.0410312504976631,3.25007914224433,6.9549149793193
cbd-1,0.0114380024365459,2.56438531293671,5.39506188399121
cblc-1,0.0374500212609188,3.37636008363683,7.12732884917377
cct-2,0.0337110235148349,5.51445730696268,3.38650027653436
cdr-7,0.0269321476054034,4.41984935980123,8.41855539721177
cdtl-7,0.0145143849612138,3.73403131548851,4.19985570994442
ced-2,0.0315438565042859,5.81865490843143,2.86050797723944
ced-3,0.0429674043279456,4.02399860282161,6.40449885661246
ced-4,0.0389877170943359,5.70950570451095,-8.13472711408085
ced-6,0.0111255037120522,4.34560674171372,7.20919846917757
ced-7,0.00866483028226529,5.42196065965457,3.99230168850353
ceh-5,0.0127516914034059,6.62360735003664,-9.64279543109484
ceh-91,0.0398408986727378,4.7254332203868,3.65604326133426
cey-2,0.0241783526235938,6.28270293380822,3.30358833263302
cgt-3,0.00101186375027127,6.76863056528793,5.29761113572563
chin-1,0.01085526559003,4.26450665499295,8.2389057757623
chk-1,0.0313222200144182,5.84348863613962,3.4779536340002
chn-1,0.0354529242824247,7.57461587078765,3.28876040847206
chtl-1,0.00486103980557023,6.05044659276433,4.68335262232016
cit-1.1,0.0283505166658246,4.05503247622276,5.0204495168126
clh-3,0.0410649788506968,4.07911349058302,8.01938654475322
clr-1,0.000902738995708157,5.94794928264975,6.25171669055701
cnd-1,0.0394938055744791,7.00995836471481,-7.3613611838502
cnp-3,0.00468645203579704,9.10261717215629,-2.22832201994946
cogc-5,6.93158552482142e-8,6.06707475959287,9.08534347966735
col-83,0.00432632759434155,4.90370897343473,8.96028245716377
coq-2,0.00118097078401083,5.19403564523499,8.4925932382245
cpb-3,0.0393894254980865,6.62781589259895,3.04512693536428
cpf-1,0.03670514950089,7.70593130265856,3.08416320422805
cpg-1,2.6127580417978e-7,5.3420811930005,9.11070767869076
cpn-1,0.0140297565058427,2.83132609913866,6.32306184512472
cra-1,0.00634072824174722,2.86133041392581,5.94513710726265
crn-4,0.00055724986900364,4.39913426955693,8.39401395365934
crn-5,0.00222839312812046,4.09176996178435,8.03468461200761
cutl-21,0.0470704038889323,5.17088813902597,-8.11857050967007
D1014.4,0.0140219760638702,6.82502297837034,4.02943016849262
D1022.4,0.0211460209080363,7.39031631208557,-3.15109706954497
D1044.6,0.000346775707602338,3.78017561140884,6.68220480297548
D2085.3,0.00232532423666985,4.91288885269101,5.08703174632911
D2096.7,0.0176324802626201,5.44470292080693,5.89834968548542
dab-1,0.00509202249599031,2.47853591495241,5.08624661386118
daf-18,0.000533299297471995,6.62810004691795,6.07996085254248
daf-4,0.00596261594037467,5.72431153077188,6.34372195855144
daf-5,0.00430031369908903,4.78416347677415,8.82875760257096
daz-1,0.000451926482079083,4.60286342434599,7.21053946526585
dcaf-1,0.016069618009453,2.62817076736028,5.68121822201846
dcn-1,0.0451123097728579,9.24709929253942,-1.8388254591286
dgk-2,0.0376629649122856,7.64844324939093,-3.03175985747634
dgn-1,0.0337556437255221,3.55839072832718,7.37282941419391
dhs-1,0.00366006285293301,6.35896525603066,5.21749258057646
dnj-18,0.0390061368645611,2.98152886008501,6.55949371509286
dnj-8,0.0466817567034635,5.82875138603988,3.48828485215624
dod-6,0.00555090921173444,7.54026626096469,-10.5782737967687
dpy-10,0.000756283718677091,4.7757872346396,8.81998075309287
drr-2,0.00446766698439265,5.27559207787629,5.1169979739559
dsl-1,0.000706169244190624,9.48268151204826,-4.02790585434816
dsl-2,0.00955257172546987,10.1917906093932,-1.7506291568775
E01A2.2,0.0260993182684886,8.69560135859636,-1.70977068509938
E01G4.5,0.0342086340963351,9.26053997051077,-1.88623392480352
E04D5.1,0.0439878491238405,7.50736496770765,2.55178205002882
E_BE45912.2,0.0000613546102845963,4.86239452106803,8.91532039428358
eat-20,0.00249347659653071,3.44842400013221,5.73785094392966
eat-6,0.0063451230321258,4.60959489806533,5.60208760462966
EEED8.12,0.0240130406986615,8.81888197801028,-1.70887080856499
EEED8.14,0.0414303379784381,4.06998591100339,8.00713119688937
EEED8.2,0.00428172060147594,7.1323092318804,-9.32026983693566
EEED8.4,0.0274185423311654,9.04363942760578,-1.61850700160782
egg-2,0.013731182055405,3.0027717364492,6.59520024637522
egl-27,0.0280020049588617,4.75387395325608,3.25991250215087
eif-3.C,0.0299552189507241,7.19979109995179,2.32095765648676
elo-6,0.0103008363697113,4.38581907710835,8.37873540004449
emb-8,0.0158496920432047,3.31304363564688,7.04024449582583
enol-1,0.0010605540002155,4.2451414940669,7.72434038957024
epg-2,0.00699270414645831,9.50059465119681,-1.9847803925287
erp-1,0.00571898583692269,3.36636404726974,7.1157470191098
ess-2,0.0213816634449653,5.87369873633344,4.14648968092028
exo-1,0.00640385526237142,5.01680332548906,5.426909047835
exoc-7,0.0151710329109701,5.93562810025635,4.37823064192274
F01F1.2,0.00155712584620733,5.73362684956628,6.15499173102247
F02H6.4,0.000233499212336857,7.36356986335888,6.50943585611433
F08D12.4,0.0194407795705449,4.65619655620046,8.68678615880809
F08F3.6,0.00110214963685406,6.83751429031371,5.18898273704394
F08F3.9,0.00527762949364599,3.81404574167374,7.69795630590536
F08F8.2,0.00388024948120403,5.04986121091027,5.99654105539576
F08G12.3,0.0170849149957434,3.76051015800902,4.66280874047251
F08G2.4,0.0129902884210767,3.99969070069661,7.92454074317141
F08G2.8,0.0211866709398739,3.47759114048882,6.11024734257095
F09E5.11,0.0157314794911437,6.97434355243579,3.06860335915973
F09E5.16,0.0068086145700634,7.21992738955991,-10.2527490013607
F09G8.3,0.0207957012459164,2.1365652357684,4.92222932367938
F10C1.8,0.0320192680965302,4.27099659382202,8.24571765411685
F10E7.1,0.0394993245313973,6.96288566265139,-6.30226658935665
F10G2.4,0.0207209207401941,10.3369935038421,-1.55937357049558
F10G7.5,0.0467617618004024,5.27612707703005,3.90476030868888
F12E12.1,0.0107114177712758,9.25369651661207,-1.82201710316845
F13E9.11,0.00336685957594169,7.03095222973516,-10.0600586338439
F13G3.11,0.00119764586874901,4.59810487923237,8.61982370496078
F13G3.6,0.0372166007102786,6.82693508220618,-4.71679443484972
F13H6.3,0.0211983185159532,2.58589455666838,5.90201175943445
F13H8.2,0.0385233185752696,5.28696417856306,-4.86462288314393
F14B4.2,0.0226411761683371,2.88012409351501,5.77463465055087
F14B6.3,0.00363387300534882,9.66680609576148,-2.3379467797086
F14D2.16,0.017837976355238,7.56838503935192,-10.6067365092195
F14D7.2,0.04646438367471,6.49831195735147,3.28369601490061
F14H12.9,0.0100628808570205,5.02735508913712,9.09589642839472
F14H3.5,0.00166692846202461,6.13315233219844,5.88530240567377
F15B10.3,0.0264651166666474,9.2825364958901,-1.82511617615565
F16H11.3,0.0181004244558783,4.0032942592144,7.92703316581414
F17C11.14,0.0309380236873886,4.29947046980881,8.27749225833774
F18A1.7,0.00442420826562883,8.36789628450101,3.60442172314119
F19C7.3,0.0240063845418203,5.42742680771433,-8.39382287015695
F20B6.9,0.000343541649060552,4.78828424469598,8.8333442641975
F20C5.6,0.00678263109511651,5.56058815636358,4.79587149143278
F21A9.1,0.024608636988157,4.48308998601373,8.49016668331986
F22D3.6,0.015695460627549,4.42554506529417,5.89651213795477
F22E10.6,0.0283921882454571,4.36928038790805,8.35837354331466
F22E5.17,0.0306695760752743,4.36822727797517,3.23046164238695
F22E5.9,0.00665711751743667,3.62469391490397,7.45585004932761
F22G12.3,0.0394675393388501,7.65499389718114,-4.90757230078307
F23C8.5,5.94131692443731e-8,5.75843362811985,9.8794527415455
F23D12.2,0.00702180877096328,2.33927114284273,5.07518623432105
F25B5.6,0.00406229497576131,5.73350310510767,4.91107781875099
F25G6.16,0.0492103387592655,6.72573682036473,-9.74783489657472
F25G6.8,0.0439927861174972,2.7617322626205,6.21016221864595
F25H2.12,0.0204420386210934,4.68608181660493,4.56008424926819
F25H2.2,0.0000201236577441219,4.48028381403148,8.48702072187072
F25H2.7,0.00147627789141047,3.77943084484975,7.65283333221696
F25H9.2,0.0000405424334927091,5.1084672547699,9.18510187427681
F26E4.7,0.0219140540758692,3.54897780296422,6.93222835894474
F26G1.1,0.00000450166530050535,5.44489025002773,9.1063401796361
F26H9.4,0.0215187639058541,3.7713313424868,7.6434402171284
F28B1.10,0.00987875901603134,4.25542410535782,8.22858169818145
F28B3.4,0.0399626523354388,5.51517926151563,4.47572900973921
F28C6.1,0.0121108339531613,9.24777746631214,-3.62608879899679
F28D1.2,0.0152569969632058,8.99506076002276,-1.88507314708493
F28F8.5,4.06456842455787e-8,6.09531285860075,9.01327042981676
F28H7.4,0.0305484750536397,3.54135236326311,7.34749445428791
F29B9.10,0.000525616145245385,4.88627347398483,8.94173001572214
F29C6.1,0.0171122690255456,3.74073151552751,7.60475592826108
F30A10.1,0.0497405397072061,5.68342928605315,4.69034145193144
F30F8.3,0.00000111047444831134,5.67797042066634,8.93115372825466
F30F8.5,0.000339597421746726,4.40341871645492,7.92186830380223
F30F8.9,0.0354437070949404,2.33795386875673,5.40250820980329
F31B9.3,0.0248840596527998,3.43257489457684,7.20421843544461
F31F6.2,0.0169941213275246,2.64132330654214,5.99841683502801
F32A5.8,0.045440485422524,2.74973532437255,6.18690747855155
F32B6.3,0.0216063412936175,6.0152876809076,4.43941948608574
F32B6.9,0.0228935613726775,2.34802718851443,5.42743512047084
F32D1.6,0.000393516633738107,4.04853938341814,7.98272887861929
F32D8.5,0.00834648074801591,5.32349250122271,6.06126643825982
F33D11.12,0.0000013735321481019,6.14989505043802,9.14246994822274
F33D11.8,0.0239863857291243,3.65187343462991,7.49032836256821
F33G12.2,9.3241329752959e-10,6.20865016413548,10.3502423283872
F33G12.3,0.000144866159465401,5.35667433015126,8.53035650541577
F33G12.5,0.0390341912470639,6.34214473084006,3.46405315756726
F34D10.4,0.0121774593650325,5.119031311419,5.35808725363163
F35D2.3,0.00640120307036626,2.92882801716955,6.47978753034443
F35H10.7,0.0227091995542679,3.8836563243708,5.84867260455539
F35H8.4,0.0327543310731288,3.09051916429111,6.72260136841075
F36G3.2,0.0499726007213255,4.5362410715978,5.60413531671288
F37C12.18,0.0342960380585012,4.2167516969605,8.18105602583503
F37D6.4,0.0140219621755184,8.90425946587956,-5.9528187327381
F38A5.1,0.0000152800201008321,5.02688744210214,7.83614051488387
F38H4.10,0.0106131327275661,3.59353185201139,5.46635206797107
F39E9.16,0.00536104827770223,5.30248818433172,9.3945846126823
F39F10.3,0.000440342811000941,7.05215512402969,-5.78487179430024
F39F10.4,0.0220486495025638,10.9311527263555,-2.18646873314458
F40E3.2,0.035130919368473,5.80604901737844,4.34293917342648
F40F8.1,0.0293571047979346,7.26723744656239,2.2821361461652
F40G12.11,2.81578866329992e-12,6.86452076060262,10.225815842378
F40G9.18,0.0280415113952369,8.33952393492373,-2.84306456223996
F40G9.6,0.0113932309003477,6.58569547941359,-9.60394161280647
F40G9.9,0.0305555568820239,9.24215509973997,-2.28706335993054
F42A6.2,0.0398847402240104,4.11009389414128,8.05754070458098
F42A6.6,0.0000024945650188563,5.16559528332007,9.24660377566636
F42A8.3,0.0023697188287374,5.63766523480499,5.84677031897042
F42A9.6,0.00934688196088049,4.47376424659373,8.47855548726837
F42G9.6,0.0115019080939353,4.6343255285785,6.28257216114296
F43C1.6,0.00326538235290852,3.88625953930046,7.78477936889186
F43E2.1,0.0103540153039699,3.99946543930766,7.04539991199228
F44B9.8,0.0118456588457001,7.45089301584195,2.34508734168107
F44E2.9,0.0329134754671326,3.12849226093529,6.77852641818513
F44E7.9,5.20766129493453e-8,6.03350568086837,8.69510984502078
F44F1.4,0.0296440410667068,8.44883710593173,-3.13330064916769
F44G4.3,0.00405499944734336,4.73914665408475,8.77828146382904
F45F2.10,0.038840464747993,4.89634519228287,3.65248405545866
F45G2.9,0.0151423598051558,4.20601938395908,7.5684548054039
F45H11.8,0.0198797098628626,5.04377679571774,5.67508249607186
F46C3.4,0.033039573547643,4.24759444318853,8.21919882758401
F46C5.9,0.00000363898407695219,5.98549921835063,8.1027754892512
F46F11.10,0.00664784519296635,4.16476680303059,8.12216945978722
F46F11.9,0.00803219632310268,3.73232127681966,5.14172868750842
F47D12.9,0.00000108708438990998,6.34513642824641,8.11193875356287
F48E8.4,0.00815142022090893,3.86146418793755,6.96390688217052
F48E8.6,0.00795952121469164,3.44578432846186,6.99142131469365
F52A8.6,0.00000145371197635143,6.00766497831776,9.57629247800335
F52B11.1,0.0419472214074723,7.36870956259704,1.9165709860876
F52B5.2,0.0416859440228351,7.60540582985895,3.17238471638344
F52C12.6,0.0460294367062032,4.02545380482615,4.79182136692471
F52H3.2,0.0179586387737543,3.93874318823001,7.85141381507722
F53C11.5,0.00000279443421787257,4.71925245640927,8.34684513254909
F54D10.5,0.00167373214835239,4.37273375690573,7.03841321238723
F54D10.7,0.00235998719139969,5.59666618602243,6.44131499469372
F54D5.9,0.00040214212373113,4.61315394929571,8.32856210127692
F55A12.1,0.00791740866922522,4.4050331368407,8.40074294598842
F55A12.2,0.030627205844816,3.27918513725868,6.99309015390258
F55A12.5,0.0133122099920321,5.82689844030446,4.60300324836456
F55A3.5,0.00274012894163293,7.94598262220167,-10.127643837979
F55C9.5,0.0453581086060227,5.43854748638979,-8.4054118976705
F55G1.6,0.0011734919368615,4.40587554060669,7.58667898240663
F55H2.7,0.00156521491370668,5.28320710159984,6.656475076628
F56A8.8,0.010470081173206,10.6283796015555,-1.74783605288724
F56C11.3,0.000544160185212,3.8893950335489,7.78913831435023
F56C11.5,0.0100678771607506,3.6217173927544,6.80418134652633
F56C9.11,0.00394053945522891,2.95706649483479,6.52164090348404
F56D2.2,0.0239024015064659,5.57969527247049,4.34676852336645
F57A8.1,0.0397559328252108,3.22704901222229,6.35015067484916
F57B10.3,0.0458356423382685,2.14936100281416,4.95667282456837
F57B10.5,0.00229874761922663,5.25044879031365,7.29358701720928
F57C9.1,0.000285811488835386,5.08520473536938,9.15948521157227
F58G1.2,0.00651252446379172,4.58273711960039,7.6056070660124
F58G11.3,0.0288854895466199,5.87455134676712,3.94116510185638
F59C12.4,0.0400079348582657,10.5687100112151,-1.48284250094274
fbp-1,0.0399392169591306,4.51945417842033,6.89312563197003
fbxa-129,0.00131863417816942,5.27802403036052,9.36775916697748
fbxa-64,0.00637888187586688,3.94209964494351,7.85524924782346
fbxb-106,0.00138220995791415,6.85810386303699,-9.8833365094014
fbxb-108,0.000290908103160029,7.15744992542604,-10.1890249998972
fbxb-15,0.0142536252338475,9.77835976331543,-1.79508166217539
fbxb-17,0.0125893968535043,10.6221680527387,-2.02474235086841
fbxb-21,0.00127381697795805,7.08375524010471,-10.1138803397692
fbxb-24,0.00487551010177595,9.73672490518807,-2.49459053352575
fbxb-26,0.000138079667865034,7.73256320394519,-6.18501749568695
fbxb-30,0.000609896986000872,7.49939321957588,-10.5367434258843
fbxb-37,0.0143761576531062,8.54994311780555,-2.86531178453581
fbxb-38,0.00741629686377953,6.7416675574027,-9.76399387651875
fbxb-43,0.00000817271819657329,8.96080725422363,-5.04262118800714
fbxb-45,0.00000109500488550607,8.26422175396079,-9.69701491931163
fbxb-46,0.0120611760056255,8.79224471170156,-4.38979636352964
fbxb-49,0.00842979055364053,8.7747686839144,-2.65754202074726
fbxb-5,0.0308120772123907,6.76376492513978,-9.78666516748655
fbxb-50,0.0354318662917144,9.03967140857171,-2.28272936621982
fbxb-51,0.00199153687291845,6.94197330110106,-6.16925718032587
fbxb-57,0.00673908781855896,8.994114616649,-3.41901313083248
fbxb-59,0.0425946850816896,8.12186535033015,-2.94824773312911
fbxb-62,0.0401534051060876,8.47978923890503,-2.74022851960377
fbxb-68,0.0247220507396607,8.79491845953526,-2.44940317823373
fbxb-74,0.00001710019940266,7.32669552193225,-10.3612821496381
fbxb-75,0.0000699009336860235,8.80429004774664,-7.81437812631856
fbxb-81,0.0171892503018797,7.51778043167054,-5.07410046939872
fbxb-82,0.0150794092271008,8.29677794570345,-3.16248478129025
fbxb-83,0.0395207101640811,8.61443439112537,-2.72609435830204
fbxb-84,0.0395856912822142,8.90456963947531,-1.7190036992158
fbxb-90,0.0160726882283886,9.35016674485822,-3.91037551735621
fbxb-91,0.00619511925825949,9.57347978487194,-2.83012581692689
fbxb-92,0.00744602504617746,9.08036992418199,-2.31656531168761
fbxb-94,0.0126236474723291,8.06609250601128,-5.72044307501081
fbxb-95,0.0120683675823313,8.57591947964727,-2.43589879099325
fbxc-22,0.00204742316938431,7.1902777463353,-9.21499293182791
fbxc-28,0.0156358387693022,9.29063493682634,-1.95034117552787
fbxc-29,0.0232442417750246,6.13751438651873,-9.14054648819973
fbxc-44,0.00556161404436972,6.33464157607289,4.85492175864856
fem-3,0.00265930319637641,4.70471818393222,6.31997576529354
fkb-5,0.0326803376326396,3.14376120040351,6.80404807014845
fkb-7,0.0164683403093315,7.2388833602728,-6.03722144886815
flp-10,0.00584274721907363,7.15274371016533,-10.1842111512891
frh-1,0.00310581625654284,4.88712619353838,8.9424356199856
frm-2,0.0356380532365857,3.72567556858184,5.31500248556025
fzo-1,0.00452046582912199,6.12478170635535,4.47191857601707
gcy-28,0.00171430502438051,4.08182399515021,6.03304391064835
gen-1,0.00413318703624668,5.04830068591455,6.53147998028338
gfi-2,0.000606786933066358,6.97888848752116,5.30655739024905
git-1,0.0159476751753482,4.49639873923497,4.50986930789375
gld-1,3.25626974990482e-7,5.26718782758271,8.93362741533583
gld-4,0.000910901621287165,2.92921406995095,5.25054949386651
glp-1,0.0191672681594927,5.80017008259945,3.26114186730856
gls-1,0.00160722395568334,5.45661604640147,4.14611597908418
gly-13,0.00379059926078823,4.25594938723931,7.14550622580441
gly-7,0.00317532945998943,4.84549268777891,5.02788699754068
gon-2,0.0480358095078631,5.19929770793335,3.66409691942012
gop-1,0.00548588353423807,2.58505286039186,5.73232060008258
gyg-2,0.0110793618951931,5.20694463865701,4.74021749274554
H01M10.1,0.000940498804956919,5.19589552340066,7.02026369406411
H02I12.5,0.0153592461097482,2.82091579732784,6.30469281161702
H12D21.7,0.000473711630152583,3.02408549180832,6.62598727073192
H13N06.10,0.00112575209855863,5.27552084198018,9.3655369858266
H13N06.9,0.00630566437643024,4.53269184475526,8.54724471963275
H14E04.2,0.0362202018322815,5.48382219793175,2.97828199051175
H17B01.1,0.000333189359492166,3.31900353880571,7.05021407332735
H28G03.8,0.0222170785175487,4.56139234880448,8.58000732643815
H31G24.3,0.0000858119851947279,4.71321792855333,8.7498876996579
H43I07.3,0.0459676139256191,4.59403394995567,3.93500380651269
haf-1,0.0116384239865965,2.72428210400778,6.14578739289511
hil-2,0.0477185341458146,9.57062741109359,-1.59294588285459
hil-3,0.000322340400778849,9.48392021409258,-4.06443115910411
him-3,0.000143976719417946,4.96625398835812,8.51769685259061
him-8,0.00851228564711298,3.77011124124328,6.5260727231312
his-24,0.00987629283251147,8.64688365398164,-3.47346436900096
hke-4.1,0.000292004072163031,5.506656523851,7.10596388764368
hlh-26,0.0414086905532362,6.10183457268042,4.50219227982581
hlh-28,0.0133811404004037,3.31347976850277,5.72709177000277
hmp-2,6.92984395791289e-8,6.09774323695505,9.05589626875313
hoe-1,0.0195789799255598,7.11348633994482,2.27375806989149
hpr-17,0.00762535021361497,4.92906436980921,6.13255479328768
hrdl-1,0.0118823724146087,5.87222902198024,5.15252780014975
hrg-1,0.0449166381900646,5.52265811351392,-8.49516994610708
hsp-2,0.0297500026587413,6.14072171304325,-8.174732252966
hyl-1,0.0265029992785915,5.24439306068598,5.94218734977474
icl-1,0.000787630674478563,5.92610442880087,6.62426523907588
iffb-1,0.0371262812623791,4.03305829398616,3.31476068935355
ikke-1,0.000118983465020258,4.38220259295667,8.1090380853606
ile-1,0.0112197974652812,5.27132280934854,4.69925486265033
imp-2,0.00947659001351596,4.71156294099202,4.27243254938143
imp-3,0.000843914918720022,5.8813913971473,7.06794392817143
ina-1,0.000586567756136263,4.0871926976108,7.88903975926587
inx-21,0.0141233696043531,4.59440129699932,5.87658984960633
ivd-1,0.00000278850861302233,5.25822463770212,8.8926766699669
JC8.5,0.0170388281029273,4.94755064733224,8.33281599410993
jun-1,0.0000534945891609386,6.3144290968668,8.86543040916484
K02B12.2,0.0482662318698202,9.84889909499678,-1.34232368982002
K02C4.3,0.0057079922807659,5.57470479442499,5.75326704508648
K02E2.15,0.0429497089057225,2.80256783977264,6.27705423752475
K02F6.7,0.010438873749025,5.95319340398959,3.99041202934273
K04C1.2,0.00596344304879078,4.08873973969702,7.17345901604674
K04F10.3,0.0452575231405295,6.91214295953516,3.68537597479377
K04F10.8,0.0112721781928921,4.96709672450488,9.02993390133688
K05B2.2,0.000347894832068016,5.31817208666487,9.4115883522273
K05F1.5,0.00935687742552969,3.232557457699,6.92853697392643
K07G5.6,0.00190907287039251,5.67953742557027,6.37721977224201
K07H8.2,0.0138028395264077,5.26815734681789,4.54560034466518
K08B5.6,0.0275692125483722,4.39324105223135,8.38619894238379
K08D10.12,0.0189146122814181,4.436931089469,4.82435330546777
K08E4.3,0.00489486108931303,2.81895807464239,6.30270576958376
K08F4.3,0.0160609819692076,6.58769915156678,-7.30602671419255
K09D9.3,0.0335898977051353,4.23634908780151,8.20605017496826
K09E2.3,0.047655185089817,3.03041603788465,6.08872674607301
K09E4.2,0.000249258473913531,4.65491952234229,8.44629463011172
K10C8.1,0.0311057591866478,3.50703651112176,7.30604172982133
K10D6.4,0.00381217180761172,8.71571207704216,-4.39229722682164
K11B4.2,0.00801143328684637,3.6167601578866,5.96484918214281
K11D12.5,0.00722557761198611,5.50419400603661,4.61665917996834
K11G12.5,0.0178310414219312,5.23291458432232,6.38628785624314
K12D12.5,0.04323175107948,2.84980431192969,6.35239718689129
K12G11.6,0.0210388448358606,4.58979241641585,8.61183361569963
K12H6.7,0.0118341250461666,7.42246233110467,-5.34011630536057
kat-1,0.0162393888713895,3.03945666742367,4.7576861198608
kel-3,0.00655875953130845,3.99829179923584,5.92971960400495
kgb-1,0.00695607375462557,2.8387721489032,5.55185059778936
klc-1,0.00044175475739354,7.30116625136589,5.05132733784161
lact-3,0.00601028221312793,3.53105462122726,7.33566094624232
lag-1,0.0326589634144645,7.56615425093485,2.31255617179899
lbp-1,0.00791963780770017,9.90152637496773,-1.799120945163
lbp-4,0.0000154806386598294,4.88262931006632,8.93776050065008
lec-4,0.0289506264119031,6.42635710566827,-8.60525488134466
let-99,0.000306779295502727,5.2289517237555,6.65619234953715
letm-1,8.08173802052688e-7,5.57583962725411,9.6863592515867
lfe-2,0.00111680900171536,4.61210036144317,7.83522343466673
lgc-5,0.00528069357389689,4.73714186904677,8.77649022539453
lin-24,0.0244636124858754,6.2765881934127,-9.2848468597013
lin-25,0.0106738616301767,3.64862565052642,5.55781073353971
lin-26,0.00109188518558452,4.86654153550327,8.91972822502908
lin-3,0.00382746145688563,4.67500438415899,7.00422219152247
lir-2,0.0181187698986761,6.05665873631265,-5.48782909858559
lir-3,0.0215168309836351,3.64236740470213,7.47844396407782
lsl-1,0.0212482354419332,2.67569010872618,6.06368913178109
M01F1.4,0.000474761966107541,5.12463840256659,7.49691547560174
M02B7.2,0.0320601352865054,4.47502894745743,7.9226521116978
M02B7.7,0.048653202045632,4.29099014581303,4.02138732198672
M106.3,0.000200061191603254,7.38420817031634,6.28816712894799
M106.4,0.000745324491529236,3.76932305657034,7.20512670779328
M106.6,0.0488369648797728,2.68906100537709,6.08278422145206
M117.7,0.0242787401266667,6.13820301566796,-9.1413354764786
M163.1,0.0183759850188181,5.05948568439902,5.42578183402351
M18.3,0.0464273505622786,6.34631897736247,2.50092917173786
M18.8,0.0136492519613639,5.59772576200604,5.45129724586752
M88.2,0.00032633900048352,4.48405143276451,8.49099883080073
M88.7,0.00214288931118097,4.19935844133899,8.16151827040498
mab-7,0.0499154831897735,5.3810486332189,-8.34475067198944
mboa-4,0.0394875712252762,3.84778866547948,7.31965554531777
mdh-2,0.0000118894837656392,5.65271620825873,9.7678035075814
mdt-10,0.0000358884574915298,4.89320657686904,7.67442385904286
meg-1,9.72538594823105e-7,5.44334324758659,9.34863244766521
mei-2,0.0388253194129113,6.96897219062356,2.9503583975053
mek-1,0.0444193109622436,8.03242862908274,2.69342282934926
memb-1,0.00754410142017596,4.60418984115896,6.04850965916569
mes-1,0.000257825660564485,3.48501053356902,7.27449448661976
met-2,0.00797150340693127,4.34388298847417,5.37684756833922
mett-10,0.0137689601044519,5.89930996355654,4.72093678405669
mex-3,0.00874843421570924,7.03935493135361,4.39884355714571
mex-5,0.0480332926327341,6.75510130324498,2.75594854049844
mex-6,0.0190030238009851,7.90212394910186,2.75148016632001
mfb-1,0.000325780057405301,4.95848874772116,8.67178898190089
mif-3,6.94829943506957e-7,5.55700806020311,9.66627840404131
mig-23,0.0161966721467612,3.72136681925097,6.58614509005718
mig-32,0.0125268587211185,8.56780581110134,2.51645976268601
mlcd-1,0.00350837705415193,3.76480288102006,7.63400272308314
mlk-1,0.0363771350497099,3.08342001707195,6.71669175104301
mlp-1,0.0141023132504087,2.92662567224951,6.47417198815599
mmaa-1,0.00116676648433332,4.48270704325658,7.53973158249794
moe-3,0.0151044219497002,4.22967118586182,5.60292056155152
mom-1,0.0113317802347973,4.52970962967829,5.98109710064874
mop-25.1,0.00604489347907692,5.51186653415341,4.23092837231092
mre-11,0.000764841615117727,5.19851482855726,7.37554148094815
mrt-2,0.0348648162789867,4.23911646278438,3.72101087784798
mspn-1,0.000145877991542856,4.60804378367757,8.63184270500325
MTCE.7,0.0325323518082936,8.69824247479039,-1.58111458095567
mut-14,0.0208051285738827,3.94359465316633,5.30250264721955
mvk-1,0.0235234242573586,5.85820550038639,3.61014704098962
nac-2,0.0129481231624221,3.34837762252425,7.08981752924302
ncx-3,0.0140873106712047,2.87206709933434,4.653834596851
ndx-9,0.014708738457456,4.60141807868027,5.16220152095231
nft-1,0.000885150596271412,2.51036333147918,5.7582332127283
nhr-122,0.000047398336624421,5.31487910198262,8.5331456580068
nhr-154,0.0451023454974614,2.73217140510177,6.1589659231526
nhr-2,0.0154058055767495,9.53421390029821,-1.69075291896412
nhr-20,0.00682933224939507,3.87843749441516,7.77737406058208
nhr-23,0.0126971776233419,4.01983882746422,7.7067340371356
nhr-70,0.00165060414990902,4.62369571659733,8.64941002909559
nhr-71,0.045623128348041,5.02308420828253,4.86313598477026
nhr-94,0.000240678477323744,6.45273449875424,10.6029948001247
nlr-1,0.0376529865932656,2.96228633183189,6.53157888225285
npp-14,0.0494000558768009,5.38821319082177,3.38686027623586
npp-9,0.00431646359430573,5.06418987188594,4.29128875134972
nucb-1,0.0174449389571546,2.9951320770197,3.96488546546236
num-1,0.0000793186029573793,6.01515932722526,6.70265096297861
nxt-1,0.0230586288375889,6.87172622034101,3.13656422666529
obr-1,0.0136271385223027,3.20017082835207,6.08993924870622
obr-3,0.00195628098370467,4.2032992744371,6.36668585153253
oig-2,0.0330922259203682,4.24218025101894,8.2108685011717
pal-1,0.0386941030393697,5.65950587666941,3.72503996792458
pas-1,0.000378044576500357,6.32923378227232,6.45103796779668
pas-2,0.0179407752755473,7.93063880491024,2.35488619049074
pcaf-1,0.00520563552938047,5.34191355570765,4.49921220535207
pch-2,0.00939154104350848,6.43424145196346,3.22298181558841
pcs-1,0.00441415264594059,3.96561853124014,7.88337022438216
pct-1,0.0000127985479260677,4.50853645517538,8.23548946157321
pdhk-2,0.0000257357431505213,4.79318183796318,8.22299672317986
pdp-1,0.0107764506520404,5.9452238306949,5.18714355244572
pgp-4,0.0284556337618649,6.10854604116063,-3.63953521286169
pgs-1,0.00000720200112545915,5.00212547623824,8.07012733127256
phb-2,0.00319814454417713,6.88944056151224,5.21573834140825
pink-1,0.0399853511107589,5.20700959100686,3.43939881450019
pisy-1,0.0411992838539201,5.74566453542174,3.5801480384055
pkc-1,0.0143454182660139,3.46693959068084,7.05133546616695
plst-1,0.000512621377789993,3.94091752242651,7.85223569522909
pms-2,0.0236862385702003,3.75756827821348,5.9736591119378
pod-1,0.0401362497378162,3.44592487660388,4.32879441421046
pos-1,0.0144220971241542,8.48670893675685,3.01107648706442
ppgn-1,0.0145053264148698,4.12462977672961,5.4741239133929
pph-4.2,0.000693504136723379,5.7165133888412,6.39588040474967
ppw-2,0.033089035907231,2.62727938550561,5.97597137977117
prdx-6,0.0345372045170163,4.40071334095063,4.89847618325672
prom-1,0.00000582463001230449,4.67960197499415,8.7119694000021
prx-19,0.00815735092996121,6.83983587673586,3.27541452632679
ptp-1,0.0034333970690591,2.59025092378879,5.06459372416613
ptr-2,0.0382238768120634,3.80178987752745,4.62816830900267
puf-10,0.0156749251573101,2.61038979471938,5.94753374994163
puf-5,0.00149628508929704,3.70401667150122,5.4195860296112
puf-8,0.000372836671223959,4.69870784264759,8.73369852261619
pzf-1,0.0326481019748862,3.96299930272841,7.5333079243071
qns-1,0.00535600323390529,4.00853960897071,5.87683288937383
R01H10.7,0.00768152993560968,2.13846426228781,4.11443662937188
R02D5.8,0.00768413549140672,3.75380323398175,7.62000858617653
R02F2.7,0.0146662417070981,3.71558226655837,6.64331293830768
R04A9.7,0.0240693497115113,5.90622901786251,-8.89945775305001
R04D3.3,0.00309027642512718,4.87859037125535,8.93330337541079
R05D3.12,0.00108926293275125,5.05083749066528,8.40403537294236
R05D7.4,0.0274793930424245,6.45401052976763,4.00955282377273
R05D7.5,0.000684685138252305,4.76792462663722,8.81043398476685
R06C7.5,0.0387720771604462,4.86645119308918,4.32495508453183
R07B7.2,0.00109442207512592,4.44947787714433,7.86272900511129
R07D5.2,0.00119769619481097,6.0290542300087,-9.02767225712419
R08D7.2,0.00282077059039058,6.01824440119903,3.29144275792515
R08D7.5,0.0118396024453681,5.87691408981228,3.46788880904627
R09A8.2,0.0000138063708462534,4.31906665665453,8.30148906911907
R102.5,0.00553292117779683,6.95305742808011,4.69563479515415
R107.2,0.00494436311393359,4.14339464239777,7.53797368072933
R10D12.13,0.00150818224921811,3.38648251584799,5.33954875404725
R10D12.8,0.0335683147255272,5.3763395891407,5.35369887866571
R10E11.6,0.00765255131616415,2.80806549971027,6.28439484953733
R10E12.2,0.0010642309419587,6.75253897651625,-8.86545371183059
R10H10.6,0.000176444151806396,4.45531457534509,8.4578972300759
R11A5.3,0.00752835081007024,10.6896227025171,-1.85796524480106
R12C12.6,8.33598237964696e-10,6.23116668960289,10.3735891072547
R12E2.8,0.00246510643066078,4.97793263817193,9.04264490716599
R13A5.7,0.0157060427176255,4.29891642195335,7.3731975476843
R144.5,0.0314822725206749,5.11692219521094,2.59784212715922
R148.4,0.000109461455040812,5.73814316247152,9.85822233248347
R31.2,0.00193841139016494,3.07398380895696,6.27355352499397
R74.7,0.0253751733204827,6.70890245592116,2.87390508005716
rab-1,0.0194375177699501,7.96153610925766,-4.33572328424742
rab-35,0.0128808644800814,3.55447795575081,5.6905296245186
rabn-5,0.00709615343959658,4.51279899952759,7.01258812934871
raga-1,0.00419087042363065,7.8648044827462,3.13155788917677
rap-2,0.00927432977345483,4.91301480058754,5.48893486171048
rbg-3,0.00000105520349003502,5.40075658934228,9.49974307365902
ref-1,0.000958628871518733,6.65159586092178,4.62738155853977
rig-4,0.0344344287289135,3.99892967789018,4.03010171560769
rlbp-1,0.000518807673860732,4.99778611407549,9.06475398364939
rnf-5,0.0000659300640954112,5.18659148933425,8.70201818041438
rnp-7,0.0432408267393815,7.99754720343842,-1.72236450334187
rom-4,0.039178085550355,7.12673393004764,2.49863158708297
rop-1,0.0413729094477321,2.81946152603633,6.00387888548669
rskd-1,0.00173439250702121,8.94551906025437,2.89348168641677
sac-1,0.0231734848732365,6.33119795860957,-8.2845750702216
sand-1,0.0322151892840603,6.45262790931061,3.35782929531754
sbds-1,0.00488051324130655,5.09172681912458,4.5936531042765
scd-1,0.0150799828597062,4.1224692693606,3.55108953898637
scpl-4,0.0344229289263654,6.18271256852726,3.21426618173208
sdz-10,0.0365677522190381,8.26367165712132,-3.1818278963478
sdz-14,0.00706276954592659,9.6602618914778,-2.43993730587354
sdz-20,0.00416489325017937,7.80006373825851,4.59983837571392
sdz-27,0.0257943216981103,9.52556586232959,-1.99648777222214
sdz-29,4.25328289892048e-8,7.77649298103296,-9.09078740914802
sdz-30,0.0054135848452822,9.45711117652043,-2.02474911824475
sdz-36,0.0283927119313925,3.92386770430211,6.76282507253994
sdz-9,0.00536301998124907,9.02888995374538,-2.6908998400957
sea-1,0.00447707295958776,8.37784749296258,-2.44573321451454
sec-12,0.0279846329977798,5.76596526690101,3.0922423536152
sem-2,0.00251320135341172,8.64671663900117,-7.10253077039956
sem-4,0.0495815686414074,2.99878770232747,6.59028472374433
sepa-1,0.014215369502687,9.28345344744957,-1.8028842344474
set-32,0.00774303792955688,5.15500412275976,4.98625183743662
sfxn-2,0.0000406845555137072,5.30045807344835,8.79284474657088
sgt-1,0.00781476053146787,5.20639909244524,5.04320079608936
skpt-1,0.0413676020654417,6.87248036592019,3.07748121262996
skr-10,0.0342795355589231,10.1945889365022,-1.39807231246872
skr-12,0.0317303390779075,8.66202152287885,-1.78187948402813
skr-14,0.0395244248033741,9.70553473578624,-1.35129382090668
skr-18,0.0000067627120569028,5.53187707824945,9.63955508720525
skr-7,0.0253032831818051,10.6517524338128,-1.39268337466049
skr-8,0.00958130533918854,10.0796606794231,-1.7248447438568
skr-9,0.00772048273938414,10.0419394449874,-1.73190221405676
sma-6,0.0464742102464835,2.69674108196534,6.09765761002574
smc-6,0.0452451327259845,5.26037430130937,3.10817626033556
smg-8,0.0262906034933061,3.42362831189918,7.19425358779035
smy-9,0.0139933337219907,4.03829150115073,7.96905915771269
snf-1,0.00000934989159651599,4.92045876494976,8.70744781427532
sox-3,0.0435290460473287,4.03481028960219,7.96632808124874
spd-3,0.00832048487836201,4.34488275657124,8.33137395500404
spe-5,0.0440815516134756,2.90594993570461,6.44118556727041
spr-2,0.00577538035608884,7.33179497471646,3.58222767047718
sqv-5,0.00000185890377383937,6.42710877126902,7.09569053767799
srh-217,0.00628772007437648,7.16334547705375,-10.1949941786768
srp-2,0.0417736939239179,4.64666937262688,-7.54280567364551
str-148,0.0129538677345949,7.05603506816892,-7.77490448956637
sur-2,0.0000547950090962675,4.59241506426331,6.71930038288362
swan-2,0.000655084100673253,5.49222094240987,6.27866154370041
swd-2.1,0.0286986858960362,7.17952735138007,3.2218985649931
sym-3,0.00180799816018386,4.9838282110981,5.86667193284817
syp-4,0.0143339324628083,5.74840506934694,4.7832315114677
T01C3.3,0.0367853458717384,2.27448424178274,5.25956488237275
T03D8.6,0.0497712527630684,4.28238694806509,6.73033815179245
T03F1.12,0.00696598928699317,3.40585989656222,7.16920487070601
T04B8.2,0.0347882169837265,6.89329735096176,-5.6472145080524
T04C12.28,0.0324530917733419,4.26069223672437,8.23229058944533
T04C4.1,0.0245661300650836,2.25584150287063,5.21722132679728
T05A7.1,0.0280142417859276,3.61846230348816,7.44768433089055
T05B4.12,0.0225973120078537,4.5366921385704,8.55111946951672
T05C1.4,0.0490711506210422,2.22733623309963,4.96199828032193
T05D4.2,0.00618520499126914,9.02328479196892,-3.21136599609354
T05H10.1,0.0000973685130607556,4.66627464458547,7.81661559725336
T05H10.4,0.00885276894519779,9.29969560457406,-1.73507845017454
T05H10.7,0.000623396662687459,4.9769470093306,8.64936707789334
T05H4.10,0.0103554746241848,5.24448397287023,4.68053553723032
T05H4.5,0.00265091098410862,5.36628775810956,6.136045026114
T07C12.14,0.0000102119783269921,6.10821747095829,7.8678243768003
T07E3.3,0.0164731915120621,2.998075746469,6.58397490544481
T08G5.3,0.0000333401729195898,8.42276018695824,-5.89423321388453
T09A5.15,0.0264421027300428,2.39924258522413,5.53298672665865
T09A5.7,0.0152216888340279,5.20193851824922,4.93569911048594
T09B4.2,0.00232133405193061,4.67989556621212,8.04151826041801
T10B11.8,0.0000531095599955323,6.69734496207574,6.31945436704566
T10C6.16,0.0302153570368915,3.50325281934394,7.29928919003872
T10C6.8,0.0346538989611235,3.54528038546731,6.65151376270067
T10D4.3,0.0312376144679342,3.21163030672011,6.90216086280579
T11G6.5,0.000370710437485841,4.85931518232747,6.38641805069232
T12B3.4,0.0168803048508216,2.87802341442364,5.55692153473848
T12E12.1,0.0356644488991196,6.16047402458744,3.97883081929773
T12G3.2,0.0439269308400245,6.42360687029745,-3.30342610548013
T13H5.6,0.0414283123732215,4.08769139396941,8.03088213489331
T14B4.8,0.0282437034445012,3.25685548980435,6.96381102168699
T14G11.1,0.0101995187318718,4.17808845494475,8.13701754685765
T16G12.4,0.0169977165056058,9.63308947695983,-1.71166235390981
T17A3.12,0.0237070245286923,8.49256530416247,-2.41717864583275
T19A6.3,0.0483446178618073,8.57756733239589,2.09215862761467
T19B10.6,0.00756806540653224,6.67708598028106,4.2129180336054
T19C3.4,0.019432204725817,3.93719006962864,5.9161153257131
T20B12.1,0.00672716688402061,4.70985729910738,5.88710983853633
T21C9.13,4.7676809696133e-11,7.42339541178498,9.44391163592961
T22B11.1,0.0473445864272443,3.98136788508646,7.90188584770594
T22C8.4,0.0144627934954395,6.9870984509451,-5.03895838802704
T23B12.1,0.0314096908420335,5.72690369554699,5.13140120614915
T23G11.6,0.0112920329543152,4.96681532749653,9.03082280402753
T24B8.3,0.0127372439316973,8.78296603544223,-2.29143713882525
T24D1.5,0.0283060238787112,6.30502595548182,4.00685282022523
T25E12.6,0.00150819723100127,10.0464548083705,-2.39381914319444
T26A5.2,0.0406417980596708,5.28204162400703,3.20393525312129
T26A8.1,0.0174208854908781,6.86466412996924,4.13623746617876
T26E3.5,0.0216007350717018,10.9680794354061,-1.65851417951696
T26E3.8,0.0158636276836214,9.68260638307074,-2.43053731940665
T27A1.2,0.00544306806028911,6.93250783476787,-9.07295217794945
T27A3.1,0.0000119769744847266,4.9369256760438,8.4160751912353
T28H10.1,0.00845085053165712,5.73445874948025,6.00828778787681
tag-218,0.0266777732326468,3.40369092384055,7.16623535110298
tag-307,0.00000107162810772269,6.31674240183402,8.05839009242838
tat-2,0.0357793882111462,3.03407057185238,6.6394831968524
tbx-31,0.000765687357168015,3.65917660719196,7.2918549494891
tbx-32,0.0000510794661349896,5.1892593587132,9.27281955475169
tbx-35,0.00288067538895463,5.1609939225756,9.24131746868917
tbx-39,0.00317007907207509,4.06948534027305,8.00759472677601
tbx-40,0.00423969445701869,4.8876984022347,6.48202607129813
tbx-9,0.0135877012272023,3.32902854926782,5.59414754485655
tdc-1,0.00407572644202552,2.99831767019421,6.58762521206058
tgt-1,0.00000785440233912924,6.78881888929447,7.57971957509277
top-3,0.00926140254531498,3.62348161569622,5.59130803508029
tpk-1,0.00782305515610931,4.36813918906173,7.15561110000657
trap-1,0.0224325675238284,6.62241142289993,2.6638419771831
tre-2,0.0139789723146531,2.81269597413356,6.29596944784872
ttr-50,0.025341728429126,10.9644237411231,-1.35875373745108
ttyh-1,0.037367724562215,7.60858377285283,-5.45625801935079
ubc-6,0.0129901723982603,6.71380829385816,4.62853999020221
ubxn-2,0.0462041852610259,6.83058409221455,-4.05520014406244
ucr-2.2,0.0185174087954526,4.56330879574263,3.19268691772947
ufd-3,0.0393205940892837,5.1771698490018,4.41848679814637
ugt-12,0.01902369851078,6.10968890327525,-8.55292887680943
ugt-29,0.0142858124770706,6.07268222926723,-9.07328807637544
ugt-49,0.0485605575202767,4.03161223159313,-6.8331589351664
ulp-1,0.0345883173406396,6.55226300192402,2.83928381414347
unc-129,0.00314920059987341,4.30096207271581,8.2795591986653
unc-14,0.0262871122910949,3.95101606764371,7.86640657837626
unc-37,0.0374037761981374,8.763694499375,-1.71875748730774
unc-41,0.0494070646414927,2.71504284018077,6.12694637055706
unc-43,0.0194555518299337,3.58238923560773,7.1551124599124
unc-57,0.0000111402493239127,6.46762686938929,7.64412104994665
unc-71,0.0000176846529676598,4.46513046542279,8.46937642232855
unc-98,0.0394596561049831,2.97805699831738,6.55433096836897
upp-1,0.00508622141908938,2.94939181519418,6.5115749802437
usp-46,0.0453589875962412,5.34353915538492,3.35032301444099
vab-8,0.010968515679429,4.81966603768419,6.90146901836017
ver-1,0.028826173124969,3.25189965909887,6.95808412398105
vet-1,0.0127534882196978,10.3548164149456,-1.70045454374739
vet-6,0.0212320146265036,8.88817564400355,-2.05000551100593
VF13D12L.3,0.00217819070280474,4.27219801131272,8.24631718002387
vha-13,0.00147606513815695,5.80093336944813,4.1713154636425
vha-18,0.00914041104570951,3.14178381346357,6.38918265354744
vha-9,0.0375379065189243,7.0563583802604,3.17808991854575
vps-26,0.0133473375514188,6.53607267916766,4.31743585616838
vps-33.2,0.0396079441442893,5.31735849709596,4.97677893646388
W02D7.5,0.00329908849146101,3.23308389592536,6.93151639840841
W02F12.3,0.00576038835984791,8.09138760632782,3.96387465078388
W03A5.2,0.00174560245182574,3.10784494990752,6.75146263972585
W03G9.2,0.000240549076856539,4.49644620834951,8.50500057624225
W04A8.4,0.00191645141286506,7.25143502842202,-5.94449399594076
W04A8.5,0.00164848913153216,9.7040890308694,-4.3126239087323
W05F2.3,0.000301686939269285,3.52564343430719,7.32859997167613
W05H9.4,0.0353965545639485,4.92863478862926,-7.36005595537666
W06B4.1,0.00618346336841719,6.3229041132057,5.24086643344261
W06D11.2,0.0323819785423837,9.40659702715617,-1.70174911594278
W06D11.3,0.000779428958374905,4.66882269725595,7.953255364402
W06D4.2,0.00856834075672232,4.28053929219646,8.25775219243108
W06E11.1,0.00809200705459771,3.14566151326171,6.80487195016575
W08E12.7,0.00136728567541963,7.79726005135615,3.5111175061076
W09B6.4,0.000663560802606924,4.95516521326476,9.01688952236445
W09G10.8,0.0164917253921589,4.75394571977071,8.79436874654734
W09G12.3,0.000157573812394867,7.77318546151847,-10.8142700677309
WBGene00219564,0.0279153945177671,3.40884720327783,-5.03156953894139
WBGene00220246,0.000588682955005774,3.2075534716804,6.89463657951532
WBGene00235272,0.00170711783199267,7.20656927336621,-7.8175580791276
wht-7,0.039019387351098,5.49186668949138,5.85070014355856
Y102E9.2,0.0245474254981942,7.79321073553628,3.26619468473986
Y106G6A.5,0.00207773674985839,7.48149739911022,5.08951549540209
Y106G6E.4,0.0103301454939896,4.18086585345224,8.13926125483922
Y106G6H.14,0.0441560915433319,4.94761984422176,5.00192000821151
Y106G6H.8,0.00000416553444032234,5.68069085743025,9.79735502431512
Y110A2AL.4,0.0477146562240068,5.33657206864522,-8.29678329402804
Y110A7A.7,0.00181362345695283,4.28210041643748,8.25768554294842
Y111B2A.13,0.0357954038181389,3.02008205448144,6.62076824435879
Y116A8B.1,0.00987006962460403,7.99761175943666,-2.72961342838305
Y119C1B.10,0.00151056708462384,3.90966367749732,7.26866004045595
Y119C1B.5,0.0131146451899257,3.1667998528758,6.83427695062935
Y17G7B.12,0.0213971261878164,2.40070989049729,4.10626752695013
Y17G7B.3,0.025610371373395,2.6805731563039,4.27950038377494
Y17G9B.4,0.00980656218814029,3.16629009600825,6.83723803008007
Y22D7AL.13,0.0156654059681918,4.79887740850043,8.84433358024125
Y22D7AL.7,0.0301579598496157,3.18536398687361,6.86049095502734
Y25C1A.6,0.0438766728118416,8.94192573581481,-1.62182893362023
Y32B12A.4,0.00421106459824164,4.69677222532422,8.73089752749551
Y32B12B.2,0.00156330226364606,5.31156877536453,5.76774732297554
Y32H12A.7,0.00377640749590046,4.73529025544444,8.77441133567032
Y34B4A.8,0.0136094188430185,2.7530676707782,6.1925012826668
Y37D8A.19,0.0199721205796036,2.46425822783717,5.66976225641544
Y37E11B.3,0.000115938303498958,5.10983423189671,7.7798568165201
Y37E3.24,0.047928731817601,11.662708581555,-1.99545170763125
Y37E3.25,0.00261136051406379,10.8777219466315,-2.37911118609651
Y37H9A.1,0.00170920215914138,2.9862933300053,6.56734824404636
Y38A10A.6,0.00000516004800024276,6.54146585977532,6.88245064738052
Y38C1AA.12,0.0481633767434045,3.57182026636585,6.44577595407489
Y39A1A.13,0.0000055850920771857,5.93022541897392,7.46788859304919
Y39A1A.16,0.0332031911171653,8.3771590192395,-2.97487007585202
Y39A1A.8,0.0174117377632264,5.11976025950793,5.23981043923511
Y39F10B.1,0.0187452389597033,5.82043136397005,5.02320069239358
Y39G10AR.21,0.0117558800681987,4.42608917816829,6.05025072458704
Y39G10AR.7,0.0373922794310683,3.67149235612229,7.02172725898944
Y39G10AR.9,0.00123853928890531,3.52409669878809,7.32583434126105
Y40B1B.8,0.00163943516607379,4.9694155879513,6.74446854935688
Y41D4A.5,0.0215198015553869,5.29071580027793,4.62216094610489
Y41D4B.14,0.0248234921849235,9.55572783900739,-1.65648969765938
Y41E3.7,0.0246082811472856,6.19646670848671,3.37154860671284
Y43F8B.2,0.000259025050053546,8.10849171720475,-5.83578555839497
Y43H11AL.2,0.00164236631641295,4.60972356061674,8.18348309307641
Y44A6D.1,0.0486856648951398,3.95098889648487,7.86356329204033
Y45G12B.3,0.0187475220385263,3.13912500959237,6.79849354322522
Y45G5AM.5,0.00170447829152306,8.51182624883599,-4.62454094488567
Y47G6A.18,0.00446996083673192,6.85094010507596,2.93766166376132
Y47G6A.21,0.0135594609778536,3.03797240806062,6.6451023512149
Y47G6A.25,0.00000165343681263491,5.96927647564175,10.1008852442179
Y47G6A.9,0.0104711059786937,4.05428345876262,7.15140281667884
Y48B6A.13,0.00804752908468973,4.34419937362981,8.33164066834197
Y48E1C.4,0.0469765789746317,3.10250847423085,5.53329308512574
Y48G10A.1,0.00941046109566795,6.02225483462588,4.46305630299922
Y48G10A.3,0.00849153846000714,3.48001052149498,7.26846378389791
Y48G1A.2,0.00712269573950894,4.07228653935959,6.88976359627799
Y49G5B.1,0.000137642906508142,4.62438732571631,7.17987070270057
Y50D4A.4,0.000151516280386042,4.61484267177135,8.1051699683593
Y50D7A.10,0.0449186522539083,4.9032489299861,4.73420022299669
Y50E8A.11,0.0242156818635278,4.65120491282294,7.35837453670978
Y51B9A.3,0.0254874095966032,5.40524581130659,-8.36999143003525
Y52B11A.3,0.00135569275140813,5.75264597469233,6.56322353530122
Y52E8A.2,0.0280499467926302,5.9967659004266,4.04423960993388
Y53C10A.6,0.0309668523346368,6.82168661216425,4.09966754741052
Y53C12A.10,0.0242574375370129,3.43248483045571,7.20514377655163
Y53G8AR.9,0.00301395467232333,6.92196749278735,-4.00093834544361
Y54E10A.3,0.048854720106218,7.75119908784579,2.31853972364045
Y54E10A.7,0.00218453643055496,4.44778613235615,8.45004906569915
Y54F10AR.1,0.0353628191256384,4.19328418463176,8.15346161651395
Y54G9A.5,0.0248302791444296,6.18625403469928,3.61041557988524
Y55B1BR.3,0.00014621696363478,6.60352641192947,-9.62218472480323
Y56A3A.16,0.00322826872625292,4.06651566637562,8.00416646638224
Y57A10A.27,0.00875085736003478,2.86683071820065,5.84023739264433
Y57A10A.5,0.0292946461446135,3.31862801437061,7.05192957293306
Y57A10B.6,0.000147536763454163,9.58473271767029,-3.42594261643816
Y57G11C.33,0.00442262682423553,5.99223750600683,4.93598805175084
Y57G11C.43,0.0022325946723378,3.70654578285856,7.00343410035969
Y57G7A.3,0.0372154419918338,4.07398252448959,6.76692124087781
Y59A8A.3,0.000109699752936345,4.91344613497169,7.44202447889736
Y59A8B.12,0.0000839308149216474,5.99484466189025,7.28456266118782
Y5F2A.4,0.0101002586962005,7.29378214977874,3.36485406218104
Y61A9LA.1,0.00283349320595967,4.55487545685452,6.18574155546394
Y62E10A.14,0.00728332655073153,3.80848534998923,7.6883058616527
Y62E10A.19,0.00283691226432357,4.4546349141986,8.45786859067926
Y63D3A.4,0.000226863688329884,4.41014186235279,8.40657218393728
Y65B4A.8,0.00742310040624987,3.34962694556701,4.93597135469191
Y65B4BR.8,0.00842960187926238,6.31238642712792,4.2311217867689
Y66D12A.10,0.0308831918819588,6.17533032538054,4.18609601520844
Y67A10A.13,0.0485976022010407,3.95194109031149,7.86472201082149
Y69H2.20,0.00571671062821773,5.2776923138678,9.36791529841256
Y6B3B.9,0.00944857266788415,3.03615485052671,6.64228829030468
Y71A12B.11,0.00134108569797665,9.09162063192013,-3.10396975244127
Y71A12B.17,0.0237184971716063,5.64740642627007,-7.4616364417224
Y71F9AL.6,0.0058588238740024,6.49883649172704,-9.51438155794478
Y71F9AR.4,0.0024644218290378,2.74725801173465,6.18355325286841
Y71H2AM.9,0.0135765096328478,2.93411669046253,5.03767770166233
Y71H2B.4,0.0182050003762168,3.70349208408677,7.55840986233444
Y73C8C.3,0.00124707783924175,8.2454702057448,-3.29485116525706
Y73F8A.24,0.000226056432248241,4.76714049411348,7.27878704373624
Y74C10AL.2,0.041373691026395,5.2210729473762,3.58679983691438
Y75D11A.3,0.00561707680978418,3.67688924069467,7.52495844808335
Y76F7A.5,0.00881368934524838,5.08177104644699,9.15590341409037
Y82E9BL.5,0.0493836727195565,8.45915610976744,-3.70807363110983
Y87G2A.7,0.0265823278375549,6.0178961077311,3.85944079459881
Y92H12BR.4,0.00895220686956228,6.84587435055398,-9.87074746987469
Y95D11A.3,0.0118605452662646,7.26405151139426,2.85688837247872
ZC13.1,1.07650289531551e-8,6.08417819050471,9.38825783039413
ZC308.4,0.00093855993675851,7.93396259110041,5.1541732720751
ZC376.6,0.0000568274477177648,4.04814879244404,7.9823422215152
ZC504.12,0.0264675714189194,4.43755117850956,8.43883685163588
ZC504.8,0.0273561367653711,4.39815248074651,8.39292450749713
ZC504.9,0.0420583184258369,4.05971602400899,7.99711015885693
ZC513.5,0.000142435138265103,5.82490561050975,7.20021121586544
ZC53.1,0.01981010177011,4.01406697430185,7.94264011053382
zim-1,0.000211596430435037,3.80067572688196,7.68050919087791
ZK1058.3,0.0150981206176647,2.98458901623479,6.56794404327127
ZK1098.6,0.00524594906565024,4.79537185553507,7.76548696572594
ZK1128.3,0.00163373834868292,5.23987562275566,6.69057426717286
ZK180.3,0.00305368731734921,3.11186319461972,6.20603205892147
ZK20.4,0.0259928901587915,5.5467578818815,2.546973372503
ZK370.11,0.00163607596236832,3.32739089785819,7.06172801241188
ZK402.6,0.0274341704943844,7.17228581851666,-10.2040622915219
ZK550.3,0.0229522208232689,3.8240674379763,6.33795936985206
ZK616.5,0.00657997327391273,4.05726467370655,7.49537591858249
ZK632.11,0.000112582350810039,4.69591790187739,7.56828931393154
ZK632.4,0.000116049984223026,5.47002281415223,8.00067286810413
ZK632.9,0.0000106814700384464,6.34457944580355,7.4017287657669
ZK662.5,0.00199365920412461,6.56057847256938,-9.5780330022608
ZK673.5,0.0356793801014561,6.91701995552838,4.19290293440678
ZK688.12,0.0158855925016502,4.78444708974341,8.82912262968482
ZK688.5,0.00641481927525675,2.35299031871214,5.43793342933941
ZK856.10,0.0252153931267464,4.05734885489392,6.30528202237127
ZK863.4,0.000326611833139932,6.37713576436278,5.60626888572357
ZK899.6,0.0107384841854983,9.68043527837212,-1.59768770101607
zmp-1,0.0399801508650091,4.3718154264852,-7.23152672247985
ztf-11,0.000258936904300011,8.4036429571571,-3.78191751355247
ztf-27,0.00449630005010205,3.98618909783989,7.90646707732163