aars-2,0.0365669907260901,7.02636797653095,-0.831006526710373
acbp-1,0.0228833674944778,7.00487779149393,1.01854384862258
acdh-12,0.0292314166515927,7.41831484904721,-0.732318752804845
acdh-3,0.0110440294092664,7.99265946973994,-0.742777516701233
acdh-7,0.012807653108468,6.34460726128787,-1.30936680193056
ace-1,0.0311776216869873,3.06544115875486,5.9219980993371
acl-2,0.0127146124489901,7.2815728026226,1.7493596266508
acr-16,0.0309260327721036,4.49094431171869,3.30832491965705
act-4,0.000484237527383578,7.50907598242601,-1.5968875427384
adbp-1,0.0331479204981162,7.13103325000221,0.853669146386977
age-1,0.0356429986934433,6.51923654827793,-0.952465559819102
agef-1,0.0409426109941346,6.69052100956077,-0.837996381893432
ahcy-1,0.0260544806531438,8.67833878476094,-0.509033633921911
aka-1,0.049735993848841,7.72188956654239,-0.568714059938889
aldo-2,0.000342272709996323,9.95556996314579,-1.41950986087571
alh-3,0.000444549340297556,3.96212099634607,7.13090896011146
ani-1,0.0494197851711072,6.77055163873246,-0.720063826256764
ant-1.1,0.0196027996085126,10.9502986093655,-0.636245673662352
apb-3,0.00422288742050403,7.58476913065953,-0.88245769017132
apc-16,0.00117008472022004,7.56752913287772,1.19508514688559
ape-1,0.00431070628324442,9.63135122659665,-0.694544089881686
app-1,0.0446687006098697,8.0236932246596,-0.518803709529384
arx-6,0.00254748566489193,7.36710686984512,1.26774786223557
asd-2,0.0013777254540858,4.79618795430321,-5.37457016670348
atad-3,0.00666517949776084,7.20716716032381,0.8188672308079
B0001.3,0.0186971984297495,5.62548966669415,-1.37638137409379
B0024.13,0.0231420754531704,8.29418975671703,0.653121507660121
B0035.18,0.00574130870251092,6.72822815002445,1.23705722478846
B0205.1,0.00204108663204491,7.13848494591022,-0.997376871160911
B0205.8,0.0154619314192052,7.23630294659944,0.878923552686212
B0212.3,0.043089287239833,5.42203510489612,-1.66320790357055
B0212.4,0.020000883272574,3.21405381114284,6.13604589621042
B0261.1,0.0000553135606552625,6.80341514636667,-1.65004810997645
B0303.3,0.022860860816156,7.43256342386052,-0.716444594563093
B0334.17,0.0359716273100486,5.63148126593658,1.35629780220489
B0334.4,0.0204706749139342,8.99398849527573,0.558533193240899
B0334.5,0.0159857651174489,5.99389631652833,1.34630180168052
B0393.9,0.00501331184499995,4.45612641463048,5.95730041322464
B0432.8,0.0333517727788342,5.7516480336857,1.44033898138583
B0495.2,0.0236996995285587,6.72409204683979,-1.21987695418868
B0495.6,0.0226393607075435,6.21312729658693,1.23571825859784
B0495.7,0.0000879434891174973,6.67941428539245,-1.83702329704329
B0495.9,0.0286485977120371,8.04423656649773,-0.725913043380722
baf-1,0.0391708159987345,9.45781624728589,0.573098380299262
bag-1,0.0249724870730998,7.89248239255388,0.659986620391292
bath-21,0.0225203348048614,2.94844700236082,-5.76402942377259
bath-30,0.00413301093966749,7.17370558893393,0.92989655757875
bath-38,0.045441967224369,6.75429718041528,-1.2317166260486
bath-40,0.000366457283496434,7.45625897450133,-1.31792338608032
bca-2,0.0157948929353575,8.19804769734712,1.04394725091021
brd-1,0.0248138223117501,6.82005229396243,-1.04257043597438
brf-1,0.00765364673720694,7.14181777357962,-0.923250787118847
btb-19,0.00345777862628901,7.30682420348636,1.01719976485388
bub-3,0.0297690684494066,8.27847935278048,-0.615310506624085
C01F1.1,0.0021344375352182,7.16206375411332,-1.03445598681837
C01F6.9,0.00586434494114243,7.09060447614698,1.08560466641777
C01G5.6,0.0312918191949764,8.32075884365996,0.589880953903915
C01G6.4,0.0307829261101613,8.26567799805325,0.574765417235486
C02F5.6,0.0473347924731079,7.52860526106941,-0.707399856537271
C03H5.2,0.0317963719459381,7.3118813754682,1.17563648602758
C03H5.3,0.0261565957884812,9.03821539675657,-0.769960590193987
C03H5.5,0.00575087741415125,3.64933410967995,6.11454971249927
C05D10.4,0.0121999593511353,2.8584126042658,-5.19086834907305
C05D11.10,0.0054086568601405,7.2011693504279,1.13161499385695
C05G5.4,0.00149055819013405,6.43462657281974,-1.55714424629143
C06A8.1,0.0123048923255913,7.48681351584479,-1.03248396986061
C06G3.5,0.0165665961788702,6.01597648006532,2.11431138115
C06H2.6,0.0469889474092024,8.31229662106447,0.5379149882574
C07A9.2,0.0432533277001589,8.01718321883765,0.636220260874535
C07A9.9,0.0390714544267378,5.84225946820823,2.18266232419087
C07H6.15,0.0129994565614629,5.79603113768399,1.8450245607498
C07H6.2,0.00442154121385382,7.60829956246635,0.972108282247109
C08B11.9,0.0130583495757539,6.84110158442813,1.09959596529316
C08B6.8,0.0358746623247609,8.27957650571637,0.658314746866529
C08H9.2,0.0248453552135412,7.81044630669291,-0.942014154344603
C09B8.4,0.0104473713208654,5.19808378413986,2.96849508488974
C11D2.7,0.0282227751152777,7.30949853685404,0.857789077102349
C13A10.2,0.0122759798349785,3.4265947296653,6.43174695748294
C13F10.7,0.0392378866566502,8.78447363812815,0.472992662283847
C14B1.2,0.00959560262143919,8.53344849124575,0.687665540929417
C14B1.9,0.0194152221524388,8.77771688894194,0.58037471704313
C14B9.10,0.0091549026278345,7.804504010645,1.08928316686006
C14B9.2,0.0174456735412728,5.30732159757897,-2.21498782973854
C14C10.2,0.0463991406732715,5.7728252177928,1.92146575595832
C14C10.5,0.014807468457374,6.18246298201461,-1.24469918212299
C15H11.8,0.0038869380296519,8.38162700910769,0.806707460976871
C16A11.3,0.0000870200172656583,4.0355234431205,7.21647316211588
C16A3.10,0.00826948603001754,7.2613502787575,1.18366037861491
C16A3.5,0.0324095109610302,7.94458635490103,0.696176040788666
C16C10.1,0.00000306499947123399,6.95221916921522,1.96341240313897
C16C10.13,0.00726053562084159,3.40005626580437,-5.80079377185921
C16C10.2,0.0326691574243734,7.65200283594969,0.583339326510605
C17D12.1,0.0207600574415368,6.27004149543378,-1.5464826440262
C17D12.8,0.0453478798947018,2.72284966929852,5.36396968763679
C17E4.4,0.00303277096251339,7.94430869827369,0.990995096762017
C17E4.6,0.0000657193926100892,6.95025769252973,-1.39627260090884
C17E7.4,0.03555352800566,7.42691534088249,-0.733875459669719
C17H12.13,0.0224671281290479,7.68522771011023,0.680289333221792
C18B12.6,0.0429152904645493,6.60687054822044,-0.941592440861777
C18E3.9,0.0437268792694902,8.5144349721392,-0.562775467532486
C18E9.10,0.0388570068563604,7.50426568986239,0.6464918803013
C18E9.4,0.00426212080375589,7.61716993200331,1.1432394267019
C18F10.7,0.000476006375254373,7.32791953356002,-1.40820561595903
C23G10.7,0.0332427690314464,7.98565000970898,0.613764289377909
C23G10.8,0.0391620626717515,6.53638007987985,-0.989270167926418
C24D10.6,0.00631251047706952,7.54066710020982,0.870700842995578
C24H11.5,0.00765566026623066,3.5390999848118,3.42812604242453
C25A1.13,0.0144287768332735,6.78000697527922,0.971359728622977
C25A1.16,0.0328395084646781,7.68941114280141,0.876765202038563
C25D7.10,0.0180871992837036,5.93444930811644,2.30394441275765
C25F6.1,0.0180346830255508,7.00191708829573,0.92323082007346
C25H3.17,0.0257965769225474,5.47025207928113,2.08989852099298
C26F1.3,0.0263975160306765,7.89261166545225,0.680238270204963
C27B7.2,0.0106184845963447,7.23274810722888,0.946578067138835
C27D6.4,0.0000614911821901062,8.93312982416185,1.07420123157202
C27F2.4,0.0157983932480414,7.01596218356272,0.87003400250476
C27F2.8,0.00713666190004401,7.0305260613802,-1.07492028406025
C28D4.10,0.0181221276869392,2.81798037099345,5.52352331979314
C29E4.9,0.0225672369977877,4.76870185591169,2.75977109935486
C30C11.1,0.00352517024102382,6.95135847613388,1.33299686574488
C30F12.4,0.0227069437651102,9.80244700140499,-0.75120828695221
C31G12.1,0.0436624751170809,7.71270154122229,0.95444963234448
C33A12.1,0.00349344024942369,7.73220549181499,0.872493715227597
C33H5.13,0.0446364080784613,2.74639668056168,5.40341975709756
C34B2.10,0.0293712267586088,7.47331876340992,0.751523008567139
C34B2.6,0.0123533206917259,6.57709157609068,-1.11129317429517
C34C12.8,0.0293056416175107,7.89911903480015,0.664082178084412
C34C6.4,0.00403212873894369,5.90497775705195,-1.86381002741153
C34E10.10,0.00546534863976861,7.01198611259638,1.26624853117776
C35D10.10,0.0351035817830306,8.28623449951739,0.560188676976651
C36B1.14,0.0424968776278321,7.92748754227812,0.774626025645319
C36E6.2,0.0199081324863327,6.02715324842311,1.36224523505667
C37H5.3,0.0193601214449253,6.72827365698973,-1.35904771089071
C38D4.1,0.00719652782032547,5.11423321391454,-2.43709958682301
C39E9.11,0.00990407611760523,8.4395269178669,-0.814173031121809
C39E9.12,0.0132467460853069,6.88696512106641,-0.94047904294018
C40A11.2,0.0218580532139039,3.54386380221801,6.58657432269464
C41H7.3,0.037557235890431,6.17346659822049,-1.16300325243317
C42C1.12,0.0334276657536449,6.03867575324096,1.34171880410592
C43E11.9,0.0000628282255960659,6.3024600001147,1.87636719782783
C43H6.7,0.0230979982668876,7.40595656763868,-1.37580136468332
C43H8.1,0.0124338947425966,4.65890105073764,2.61896343461435
C44B12.6,0.0235603140701794,3.6232357520711,-6.71858195019284
C44E4.5,0.0027692744185507,6.92167379889823,-1.28041443174049
C45G9.5,0.000120762849171922,7.36126692254556,1.26364406945286
C45G9.7,0.0081821701884403,6.51142305542719,1.22854761893264
C46C2.7,0.0280135908700744,7.06539623824406,0.868090970090927
C47B2.2,0.0173242020876396,7.88525134635434,0.65503530292414
C47D12.8,0.0106653497544829,6.48114818337076,-1.15460579568915
C48B4.6,0.00483837236224337,6.81383776666148,1.49191492478041
C48B4.9,0.00748711490117907,7.82288379323917,0.874622533305088
C48B6.10,0.0444054273174739,7.91671745614965,0.754171148636011
C48B6.2,0.0000123903749885342,7.65306923609263,1.63933841095131
C48B6.9,0.0415069177229373,6.73988492324243,1.11714429207174
C49A9.10,0.000208054013803732,6.64212854389176,1.48944771557986
C50B8.1,0.00778517950865885,8.62365153170491,0.762317893500269
C50E3.11,0.0262960812250601,5.60514476938031,1.83075330635259
C53B4.3,0.00303812925349482,3.61870239240904,6.68851557926009
C53B4.6,0.0171308681987848,6.2599728681495,2.00070594844855
C54G6.1,0.0383908732278186,7.24503080727963,-0.839860184307289
C55A6.12,0.034464932941833,3.18900096474658,-6.11063466893707
C56C10.10,0.0000785862832226729,6.44967810188688,2.49314057766822
capg-1,0.00491425942082888,6.03921045530969,-1.44813926991821
cars-1,0.0257682834679889,6.79390488865193,-1.11641904571922
catp-7,0.0103536381632407,3.55566108003091,6.60471885820559
ccch-5,0.0383198031549547,6.50382209504715,1.34497927513155
ccf-1,0.000215539256870142,7.8922632959695,-0.93728520054872
ccpp-1,0.0402101978524902,6.71704580039895,-0.905710330901855
cdc-25.1,0.0153561989697763,8.43903152581597,-0.611679523363319
cdc-26,0.0157641712891944,6.47315133611251,1.20835870359195
cdc-48.2,0.0244374817304246,7.71472075259377,-0.773284974147554
cdk-8,0.00811271892514444,8.04959813626519,-0.913001894389435
cdk-9,0.0208356947802269,6.19419774532079,-1.36111648482662
cdr-6,0.00844063613708089,6.28928700681482,1.3832577694844
ced-13,0.0386657900426942,3.75886835360353,6.86797694134834
ceh-38,0.00519724098594423,8.30194486112929,-0.703107732103465
ceh-39,0.0114966573381676,5.76567614250544,-1.60591150642054
chc-1,0.00366809474100004,7.06617962724932,-1.17040198593051
chs-1,0.00467519440878304,5.56198943243998,2.37885126600123
cic-1,0.00293460205221636,7.46912148390903,-1.03405454938996
cids-2,0.00773112720837173,8.3962460086758,-0.726652877994066
cks-1,0.0268452660269208,9.41653104033586,0.637318799395325
clec-87,0.0147927563307126,10.9217799404324,-0.569542597290095
clec-91,0.0141248420469952,10.3386759450519,-0.608325862057941
cogc-4,0.0185281116137388,5.67282550330775,-1.59485358698265
cogc-6,0.00512600440541633,7.80654170305716,-0.830524705466923
cogc-8,0.0407490405008097,6.97855429759517,-1.0462386615874
coh-4,0.0152485075548401,5.94689069386847,-1.29246492343274
com-1,0.0132698376000749,6.05589741720614,-1.37387540545898
cpg-3,0.00703951662681911,8.04795473618493,1.2408112409423
cpn-1,0.000189207825741067,8.53251199380433,0.992639540650191
cri-3,0.0457956373638973,8.90812881013333,0.482515211250022
crn-2,0.0366186014334768,4.39311008679802,-2.6872339892023
crn-6,0.00885592700810873,3.81045181719827,5.6410589152455
ctb-1,1.32013222291463e-8,10.7830656728127,1.99506816488611
ctns-1,0.00375639261832851,8.12098453037949,0.781292805233872
cts-1,0.0134197237986557,8.64137851033705,-0.74201866866307
cyb-1,0.0095653892218755,9.16632711734588,-0.611265358758927
cyc-2.1,0.0391856346957834,8.85091339833182,0.513997402679423
cye-1,0.020043780060444,6.39896684912214,-1.16158377184171
cyl-1,0.0175969081705838,6.90402133454751,-0.939285218281391
cyn-10,0.0346512842717313,7.17111498088029,0.652441082154231
cyn-3,0.0261186539181789,8.36648869452152,0.723830614226423
cyn-7,0.00784964994921268,10.2314995732213,0.84815352248215
cyp-31A2,0.00843916802517212,4.74697422452365,3.39512251543003
cyp-31A3,0.000372941773094005,5.89456873822065,3.12877756164433
cyp-31A5,0.0194985883021805,5.89215518173037,2.02868063168216
cyp-33C4,0.0414726514163252,3.31378600368578,6.27591866433256
D1007.4,0.0219820100325055,7.5524257721652,0.751040011130003
D1046.3,0.0406997255765028,6.9101755843624,0.93385110235779
D1069.4,0.00985795410058545,3.84403707217962,3.62444361136635
D2005.7,0.00995179365425446,7.47419539704068,0.974372988028226
D2007.4,0.0144766996623423,7.68062998841266,0.75245376203322
D2030.4,0.038957554710555,7.63664594173808,0.801754783722274
dap-3,0.00122657261909637,6.69091458558759,1.91210663455565
daz-1,0.0477383060699498,8.65067575814906,-0.521694756210805
dhs-1,0.025920928215202,7.80791817839276,0.701907334464182
dkf-2,0.0382137144640811,7.26301749270808,-1.00139484798951
dnc-1,0.0212128651792717,5.93181528422672,-1.20179831761128
dnj-2,0.0292627649452865,6.5325527154188,1.15654749469554
dnj-20,0.0468375952786909,4.52320918726028,1.85945609079685
dnj-28,0.0125119896241149,6.43044113835346,-1.85032224572918
dnj-29,0.00789425570327216,7.63022048492997,-0.901086381437853
dnj-4,0.00772065477407471,6.4467803125716,1.51414303647977
dom-3,0.0340449584566948,5.84954528668487,-1.30536908586891
dop-4,0.0362618878233748,3.37586631606386,3.20657504929866
dpf-3,0.0430067334645953,7.83903477048808,-0.585492823390451
dpm-3,0.0341101709754483,7.38174173052731,0.838539559146327
drsh-1,0.014682576956885,6.72499259335268,-1.1073180623349
dsh-2,0.00191743804929106,7.31002249918143,-0.987344481842936
dsl-2,0.0405027772595285,4.6772792492709,-2.93083428526867
dsl-3,0.0332328442717323,3.68846665115043,-5.04325131565059
dss-1,0.0380554570618056,8.82597410436983,0.574281619883486
dut-1,0.0428690378511547,8.9107003047718,-0.518850976554975
dyrb-1,0.000124124857670992,6.83691354190043,1.63316521335412
E01A2.2,0.0014703550490258,7.83058851549533,-0.945158549844956
E01B7.2,0.00166817470770812,6.59977716026679,1.45475459320379
E02H1.2,0.042784394387992,7.49478946604125,0.553545800261758
E02H1.6,0.00447551944965355,7.3676825146833,1.480526485744
E02H1.8,0.0130858411839531,6.44237721814588,1.41864773609459
EEED8.15,0.0387370728508847,5.88129644172351,1.18914936508974
eef-1A.1,0.0296427765011181,10.4068751907371,-0.723023458879978
eef-1B.1,0.0254548016801671,10.2582708149919,-0.774314463394697
eef-1G,0.00265013351624602,10.7904988977348,-1.40246795627926
eef-2,0.00933482061960715,8.26856159461294,-0.90849090008663
efa-6,0.0415096249288497,6.99079590614681,-0.824778272321442
eftu-2,0.00247218461536356,7.46367773771862,-0.96315844840088
egg-2,0.0261870838259911,6.71097735811007,1.45909444698259
egl-30,0.0206222146720539,5.56432361355141,-1.71573675823838
egl-45,0.000686524966523888,7.56060781349885,-1.27354931858172
ehbp-1,0.00658997478752788,7.60620790154193,-0.767563455573981
ehs-1,0.0350993227467079,6.34147687237423,-0.969102657397703
eif-3.C,0.0223197125985202,7.93946100630443,-0.679082695634877
eif-6,0.0416639474666011,7.65521338816844,0.597522335069839
elc-1,0.0251590108083719,3.02305464158821,5.84542637014449
elks-1,0.0101026083703655,4.8510215408903,-2.01279367147694
emb-27,0.00550609954454392,6.66732159487817,-1.22678866737547
emo-1,0.0166314264926194,8.33320830010503,0.787795214390298
emr-1,0.00252954962867391,7.90311629336065,0.835927352596291
end-1,0.0433464945232155,3.06917287455703,-5.95742832812771
eor-1,0.00903930933780359,6.6643656429603,-1.30317843527827
ergo-1,0.0401591297028646,7.54862383002935,-0.641717767996802
evl-14,0.0246634314038815,5.7808615047831,-1.20974577615938
exo-1,0.0279430007829161,6.6542297095255,-0.901577655014515
exos-3,0.000158123923865122,8.20087453562438,1.15069652851128
F01F1.11,0.0345123619212924,8.57736266656163,-0.585483609114223
F01G4.3,0.0247091196600246,6.06103701510746,-1.18011877941472
F01G4.6,0.0489888617580891,9.89443581799812,-0.441089280219622
F02D10.6,0.0058265748774291,6.53410953737932,1.85945698072263
F02E9.7,0.00526368071244104,7.42566245278398,0.860918534512062
F07H5.13,0.000189441441106269,4.92271383932836,4.82284900798147
F08F1.4,0.0216047292375598,2.68734767177939,5.29265503560514
F08F8.7,0.0122643864613342,7.09577571700785,1.16194912641369
F08F8.9,0.000259923925106042,7.2952757503297,-1.24242985949069
F09E5.11,0.0145063664465328,7.59973306700002,0.996372307968617
F09E5.3,0.00431253956709253,6.63985411573314,2.51445594281796
F10B5.8,0.00736525408432472,7.66989849632729,-1.08402549318972
F10C2.4,0.0262376638334,6.50571114083939,-0.869740441365772
F10E9.4,0.0146574782017625,8.11109570207103,0.609696418024117
F12E12.11,0.00536004932912986,4.02535784702903,-4.68000865719015
F13E6.3,0.019409295460958,5.83839918215076,1.78368124068215
F13E9.1,0.0357386698011969,8.13568487041799,0.566668098646732
F13G3.10,0.0372948337977133,7.41579308749342,0.950273859431738
F13G3.11,0.0468618928013796,6.63103928370034,0.913381710750648
F13H10.8,0.00418382138408026,7.82769519285122,1.04381950509156
F14H3.5,0.00420786852304242,7.04478649838117,-1.13419335935204
F15A4.10,0.00410995902178341,6.02407257790391,1.64781440319854
F15B10.1,0.00211649078318982,8.16529224707148,1.02202580614142
F16A11.1,0.0246283107116729,8.15538349748403,-0.779922186316341
F16B12.4,0.00644425939108451,5.13312131277998,3.01288812753273
F17C11.10,0.033844951608713,7.29776519622882,-0.767127062197047
F19F10.10,0.0000162585753263395,6.56038402049516,-2.1345402863463
F19F10.12,0.0177637451101616,5.81422509402232,-1.42341740945027
F19F10.9,0.0230400312140069,7.27452283442554,-0.894649312026439
F21D5.8,0.00209372813829909,6.54267067235329,1.64501991689494
F22B7.t3,0.0283023331793797,3.34119333743023,-6.31365102287651
F22D3.2,0.000807889173014599,7.97760715112461,-1.26376380433906
F22D3.6,0.0435189188037694,3.53123068340483,3.97151545311309
F22D6.8,0.0209351581609379,3.39709382759083,3.96803877741893
F23B12.4,0.0181701216880973,4.57547920457943,2.64709951049409
F23C8.5,0.000981328953439978,7.34454310021749,-0.961020843347116
F23F1.10,0.0028259971507019,6.75313430410156,1.6329699746287
F23F1.5,0.0224050995038758,7.88059169427534,-0.673397263857934
F23H11.5,0.0436090806259373,7.5672721356955,0.637499081982641
F25B4.2,0.000800304640772935,6.78442025829589,-1.33431777422275
F25B4.5,0.00616234112771074,7.02630105640865,-1.04271661326235
F25B5.2,0.0048543686853938,7.27247391551213,-0.857549207472571
F25B5.6,0.0305698801406284,8.57017363853842,-0.662497578716397
F25G6.8,0.00171462987461129,7.85301738624854,0.947300016055178
F25G6.9,0.0258510410642942,6.69924834767116,-0.97351573374107
F25H2.15,0.0310707570042305,2.97748044694019,5.77705086494993
F25H5.10,0.000438558326953125,3.61926194062833,6.69112806732434
F25H5.5,0.033520594753535,6.79086402501689,-0.750736833694342
F25H5.6,0.0454719577111894,6.66227418343246,1.13711511840124
F25H8.2,0.000194902518310534,8.18528108767748,-0.945959811536978
F25H9.6,0.00655592088617029,7.69302523578432,-0.758102852924657
F26B1.2,0.0135699495236961,9.01265166045966,-0.680110803011121
F26D11.12,0.0319138306605569,3.23239207864168,-6.17360160231576
F26E4.6,0.0253240594464726,8.07728578999437,0.699815237567461
F26G5.1,0.0047076580673219,7.0486131813531,-1.24019669162419
F27B3.6,0.00451551895238136,4.62483840886555,2.88793859913219
F27C1.2,0.0380499121019337,8.35302638852196,0.542045479662104
F28C6.11,0.0457800201319562,2.69200946261851,5.30797593757031
F28C6.8,0.000183178876813833,7.35109931144425,1.38389977530098
F29A7.6,0.0290055218285658,5.67797294851356,1.41446204304111
F29B9.10,0.0431411912618895,5.03148048938204,1.7665459346645
F29B9.11,0.0372869142290422,7.79910725632725,0.634346290571342
F29C4.2,0.00703148731827488,7.75231715520395,0.996574030922857
F30F8.1,0.0116550952476774,8.24564349467545,-0.748794800647401
F30F8.3,0.0353106282146857,8.51729606080698,0.527168300293976
F31D4.9,0.000289834696567142,7.17212210901926,1.44195635815121
F32A7.4,0.0246078106524034,8.02888476887244,-0.707129400671837
F32D1.5,0.00219569514603636,9.11930469851741,-0.790345588023029
F32D1.7,0.00170544117155279,7.98765289561832,-0.773638333662158
F32D8.11,0.0340837306477039,3.31408472735363,5.22049968958676
F32D8.4,0.026485816767934,6.30405280923492,1.44393998902688
F33A8.10,0.0427959074563717,4.70218974464462,1.7003941146479
F33D4.7,0.0151061504183668,7.46100114014507,0.910121600698737
F33G12.7,0.0188605009764036,5.44370651429503,2.20559779545985
F33H2.2,0.0134430735822524,7.65135249398153,-0.899479610733893
F33H2.8,0.0263591823741431,3.38549555933638,-6.41254053147334
F34H10.3,0.00786427411739049,5.48723621766174,3.08559789831309
F35D11.4,0.000305751633867084,5.47301296716572,2.79305497430045
F35D11.5,0.00463767258601882,6.56541545201291,1.71846361073039
F35F11.1,0.00591718671368254,7.09830554273079,-0.976702376839143
F35G12.12,0.0439782749185358,7.75849660940073,0.54823168191379
F35G12.4,0.0152099640978306,6.80213906050116,-0.985992966234677
F35G2.2,0.00896661732686505,7.14046035530391,1.05761390673251
F36D4.2,0.0425982071719485,6.1783705508605,1.31338441572091
F37B4.10,0.0313896673856216,7.84619094924921,-0.93573674590656
F38E9.5,0.00870062897056482,6.64887214394614,-1.69533097743831
F38H4.10,0.0343297393576002,8.37076630879864,0.557929494044858
F39E9.10,0.0250049578284315,3.40009862405637,-6.42755352790493
F39G3.3,0.0178496006561493,6.93939473185748,-1.38476898930048
F39H11.1,0.0112781348100505,7.66448951366013,0.780855671402711
F39H2.3,0.000728362920453076,8.40085326855204,1.1026549805439
F40B5.2,0.00819250517252679,3.89270495377347,3.32651558539592
F42A9.6,0.0346421725810127,7.46313365785123,1.28166353463788
F42C5.9,0.0104539225739664,3.50023775910529,6.54719280920987
F42G8.10,0.0435024806498333,7.9617484509977,0.618892273194337
F43C1.3,0.0301697979161388,6.87535046214666,1.10468938473983
F43D2.1,0.00814049944995515,8.06449123527962,0.709035858689156
F43D2.2,0.0442724565146064,6.19903227734387,1.30282997452423
F43G9.13,0.0384349108714385,7.05235021367509,0.916936288682936
F43H9.3,0.0214811681144472,7.27553108423362,-0.821219638882786
F44B9.5,0.0188765113162735,6.82842351462864,0.996684786560626
F44E7.2,0.0391171202652,7.61205874193912,0.617847275985643
F44F4.1,0.0180905480444979,4.26327750104664,2.38772199389228
F45E10.2,0.000868943835980329,4.54667990802653,5.27758200184633
F46B6.12,0.0358382087612817,7.21437946731659,0.871225538903204
F46H5.3,1.70686565105307e-8,8.71781840502139,-1.82135318909692
F47B8.2,0.0266842222907603,3.25104463497793,6.18774224318274
F47D12.5,0.0295114716873541,3.96221564313276,4.25362551080913
F47G9.1,0.00998986910977462,9.07567684161069,0.704512533567942
F48C1.5,0.0163245994501909,6.9017952226964,0.984946736877911
F48E3.6,0.0440740187673317,4.65651312748224,3.60508686520015
F49E8.2,0.0223391228589554,9.52917746423317,-0.562343026914793
F49E8.7,0.00237593273143752,8.90157568311484,-1.10114446949342
F52A8.5,0.0414216565300353,8.56149135366767,-0.599006694402365
F52E1.13,0.0025838053319013,8.70166293283497,-0.677820159129888
F52F12.7,0.00980414217744184,4.37248546350197,3.60227862871698
F53A3.7,0.0112788667506365,4.5639430654553,2.64584472886056
F53B3.5,0.00750248491710849,6.09246469588345,-1.41942254947865
F53C11.4,0.0229228338550115,6.8911348999211,-1.00168249668008
F53E10.6,0.000759528397207757,6.31837568145522,1.75487458958558
F53F10.8,0.0484634609276888,4.86540316897326,1.76577926228611
F53H1.3,0.001129105139684,5.73106285729864,-2.07174515688943
F53H10.2,0.034896194918964,3.13794072858847,4.17223458735729
F53H2.4,0.0242443121567088,7.57205027941559,1.06205165889095
F53H4.4,0.0258188703657141,6.19439328541038,-2.22332257699293
F54A3.5,0.0115596902433767,7.33589621434053,0.992488668392986
F54A3.6,0.00255785558019578,5.51972853302089,-2.30327299253451
F54D12.4,0.00492499647625183,8.63170770688839,1.10929212843082
F54D5.9,0.000438682453924948,8.13469473311891,-1.24252669668394
F54D7.6,0.0472457072697915,7.00388193839401,0.954369856606969
F54D7.7,0.0143485848171675,8.31105436574147,0.921737564106262
F55A11.4,0.00980584474215864,6.87716784693478,-0.970061434274842
F55A11.8,0.00161110730613801,7.32387478421155,1.25695758739439
F55A12.5,0.0349939808591103,7.55445326022229,-0.659595715324101
F55G1.7,0.0225731079260885,6.36369725254262,-2.03782279920202
F56A8.3,0.00414927970740678,7.34782623536809,-0.811424521018562
F56C11.3,0.00352163242220625,4.91285940527644,2.99186166436332
F56C9.6,0.0271899978240591,8.0753591964634,-0.573676803947074
F56D1.3,0.0195035236272857,6.72669627411307,1.1243229653121
F56F11.2,0.0137047920139625,3.65795200694069,-5.89478203822359
F56H1.7,0.0355439255784154,7.67137529806962,0.667073299457619
F56H9.2,0.00644079072695522,4.92304835169111,2.53119353478184
F57B10.14,0.0015105829126267,8.0546010068929,1.17506764118135
F57B10.3,0.0118024815116073,6.02767092284322,2.44020807424568
F57B10.4,0.0210230378687097,7.00300518064018,-0.850369624056161
F57B10.5,0.0209472098501973,8.38902200948533,0.659578200918574
F58A4.9,0.0203678672846192,7.94597205340919,0.783017947500487
F58E10.7,0.00023810930723216,4.09026989724748,7.28037404076212
F59A3.3,0.021811828290646,7.06419048942286,0.882970674401604
F59B2.8,0.0445001058911588,3.48400508897735,6.50476232601979
fah-1,0.0183942261105643,6.61296434312331,-1.17186456038904
fat-2,0.0223485483961502,3.09964284159283,5.96436038953392
fbxa-101,0.00219954908595158,7.21081485098086,1.31921842872405
fbxa-120,0.0487085170555304,5.03862770828453,-2.23583340213245
fbxa-128,0.0013363767987272,4.20631719335001,-7.43658957984576
fbxa-13,0.000298249805503027,4.40791479423365,7.65120906391388
fbxa-143,0.0132761291990455,3.45129425427852,6.4683312046284
fbxa-197,3.62341364974001e-7,5.05200146213424,5.95313967612898
fbxa-2,0.0200322973737513,4.49867198000831,3.71129298033675
fbxa-206,0.00612199768855284,7.73493834451338,0.725169233813097
fbxa-83,0.00208283265741975,6.94127827674377,1.24261504953298
fbxb-15,0.00709946623245856,3.82330839704706,6.9519211227503
fdps-1,0.0373681515030901,6.9669768023045,0.915089250686034
fipp-1,0.00148725814470458,4.56901517993618,-3.12328573376988
fis-2,0.0075312280898172,6.61504594606595,1.30266638677816
fntb-1,0.00610311843462755,7.45193280425503,-1.09751230186433
frh-1,0.0212078004212288,7.30412816196001,1.22020053550035
frm-2,0.00915710682685394,4.96797554753761,-3.10446523699549
frm-7,0.0134965222731747,5.99608393215744,-1.32093368458098
fum-1,0.000876305238523544,8.3390349961364,-1.16360482656087
fzy-1,0.0398594035761174,8.4013600875786,-0.478386764831768
gad-1,0.0161581653083957,8.11624361843884,-0.630379772377936
gen-1,0.0323702957038415,8.11248434654416,-0.606477915045826
glb-27,0.0187369430179821,3.63471361222744,6.70759597669234
gld-3,0.0121270052769184,8.81252325556864,-0.651459459860974
glo-4,0.0184806080475055,4.68969466076582,2.64836710840746
glrx-21,0.0368022114437852,7.2930018886402,0.780864750543212
glrx-22,0.0409905076160409,7.70127772476911,0.725062834025956
gly-14,0.005668510060109,3.52633968291367,-5.56460996540364
gon-2,0.00119997783058293,6.82715011434485,1.28534735265904
H02I12.5,0.0304775661560231,7.60353250464111,0.716776646754705
H06H21.11,0.000886797506927756,7.8167331440939,1.21001970537071
H06I04.3,0.0298840549837069,7.002233909005,-0.904520049319844
H24K24.3,0.0126232688070924,7.23984371457022,-0.846565782248585
H25P06.1,0.0437232799499054,5.73799551412522,-1.17780918203321
H27M09.1,0.0296048854607894,6.44593702077038,-0.951773833080307
H28O16.1,0.000589344484165146,9.72307335592756,-1.3498910449482
H40L08.1,0.0229717363690933,6.6543206284418,-1.04020654124638
haf-1,0.0467550723264406,4.84879542924912,-1.59586589332992
hap-1,0.0331616174491597,5.98646909884047,1.47583079740894
har-1,0.00115038690103537,8.44447953682273,0.908350740257329
hcp-1,0.0315571896847199,5.83632440330089,-1.29646258962913
hcp-2,0.0452557608245812,6.23847005476853,-0.975680453762364
hdac-6,0.018543411921522,7.7690927551327,-0.772865041047084
hel-1,0.0444234075380501,9.77910340738826,-0.452190500735237
her-1,0.0261898056500751,3.06619968037339,5.91985687481712
him-17,0.0401924595356856,7.52450670676404,-0.669793221507834
him-18,0.0153243084700145,7.04683127040663,-1.29742362197472
him-19,0.0455866311314804,5.49045430524781,-2.2277852621007
him-3,0.00531752094392327,8.31047339240809,0.685996177919671
hint-1,0.0144774216022698,7.37563800139853,0.856464517519053
hipr-1,0.0444548967027051,5.58983465959796,1.46903102057675
his-74,0.0380382064355716,8.72176068466106,0.573412595758105
hmg-3,0.0161346555962912,7.94921017339062,-0.757281118761052
hmp-2,0.00819583964717164,7.22618390128596,-0.904636719373284
hoe-1,0.00503633267131371,7.68763997645526,-0.761664801117798
hsb-1,0.0446498326409146,8.61226024386196,0.688644846193109
hsp-4,0.0306490727727546,8.63074682851358,-0.857244689718423
ife-5,0.0104970810781155,4.63886322207174,2.94022955445321
iff-1,0.0288895925642181,8.1595069607357,0.549798384153129
ify-1,0.00333194277687134,9.45967945392146,-0.911731291395781
ikke-1,0.0232042248278372,7.41387274891038,-0.779183528816081
imb-3,0.0187391073791943,7.7898585665325,-0.691842949347968
immt-2,0.00183515128266707,6.76302844026781,-1.33026754975138
inx-10,0.002192971435363,3.68257928912992,-6.79157432223393
K01C8.6,0.0212581993989969,7.4088102255626,0.836112711297675
K01D12.6,0.0312319175174796,8.18754796062849,-0.655207985899353
K02D10.1,0.00136973607771246,7.26174978100755,1.12000138477493
K02D10.7,0.0317241889844296,2.89404527770288,-5.68270591656407
K03B8.11,0.0426819571701146,3.02395744904288,-5.86318880932568
K03B8.14,0.0290064283281394,3.38400381233761,-6.37348771078211
K05C4.2,0.0111973303667877,7.24405432814052,1.06011048747585
K06H7.2,4.38377147350898e-8,5.42777515714874,4.45067785598629
K07A1.1,0.039932827052756,8.6698734353251,0.699380017992765
K07A1.10,0.0429317603763392,7.59647309188723,0.68075502834335
K07C5.6,0.0452301220128416,7.97964197272407,-0.567675316818933
K07E3.4,0.0450798752738418,4.59201321004369,-3.26366790134056
K07F5.14,0.0272516019393362,7.721815714142,0.707193375166471
K07F5.15,0.0031157773763104,6.41676081187194,2.0783119252899
K07G5.6,0.0223082770509898,7.94328480395522,0.588041563055192
K07H8.3,0.000200947574238401,6.79020088877908,2.40387935919572
K08F4.3,0.0012153194271215,8.74904599972347,0.888384042070895
K09E2.3,0.0411709816809498,3.20413608286976,5.0564667646309
K09F5.6,0.0132977776495978,3.62795538609708,-5.75794433065013
K10D2.1,0.0443658794747259,6.60059035153588,-0.796400825611136
K11B4.2,0.0108769160367283,7.64492510917415,1.04685319844657
K11H3.4,0.0446792697232551,4.78456689538203,2.49390903112997
K11H3.5,0.0327093245243613,3.34392006550062,6.31363827558978
K11H3.6,0.0407338986980883,5.90567335191443,1.21715923211459
K12H4.3,0.00419189677446356,7.64742924301125,0.878693210764239
K12H4.5,0.0127573787333903,7.57223923311724,1.01553556543948
K12H6.12,0.00786250762669555,3.08771226077197,5.95155258348795
kbp-1,0.00647690031387309,8.24213308986928,0.998804479955584
kin-19,0.00791167406350715,8.15950781378369,-0.663022424875214
kin-20,0.0370104638075239,5.38883860237166,1.61102826155387
kin-4,0.033780802165166,6.5466011465636,-0.883179542036082
klp-12,0.0352481659257501,8.91722185803812,-0.837026507686599
klp-8,0.00311531145746515,5.22171615005186,-2.51556960926791
kpc-1,0.0497379464786791,2.66290959412176,-5.30096744153163
laf-1,0.0127110703661385,5.44281569816654,1.72844523643116
larp-5,0.000555746583977641,7.60482508207365,-1.01465776219985
lbp-9,0.000868261951837202,7.84706509025095,1.47261167669625
lem-3,0.0222730586415999,7.43881934012884,-0.708782478659001
let-721,0.00997947143839762,8.12670945270134,-0.70367962690302
let-99,0.0146852780729954,6.78462094546183,-0.912506015782586
letm-1,0.0484780026436522,7.56364098019052,-0.727239524239661
lgg-1,0.00976099584461833,9.48188814786435,0.643983804501904
lin-36,0.0357059258785938,6.38314568345278,-1.10446434148114
lin-53,0.0358064653059749,8.98032222878863,-0.514318483064149
lin-59,0.0378037146606227,5.76105399634755,-1.27425883394623
lin-66,0.0413207418364688,7.85982137854438,0.796345930197544
lin-7,0.0118328916736253,4.317109114299,3.23857334714307
lir-3,0.0280808441241856,4.68552815734503,-2.29642960841804
LLC1.3,0.000754369498910021,7.83518240208886,-1.11437726951224
lpd-5,0.00910781714985553,7.67597938076826,0.821763175863385
lpd-8,0.0438489091496601,8.16199727637851,0.539241946120389
lpd-9,0.0000970717867210941,7.79322612647201,1.12184073736271
lsm-1,0.0208232001529439,7.83029030209255,0.840235415806052
lsm-7,0.0421379323727998,7.37200236711998,0.934973561005964
lsm-8,0.00000199564924457853,7.99179741006529,1.35059130073053
lsy-13,0.0126881951197256,7.39623334941191,-0.863220744826012
lsy-22,0.0268166574222724,7.02815274139854,-1.17059612190116
lsy-27,0.0109131249863001,7.15858393195291,-1.05609775069672
M01E11.1,0.0372686336068573,6.39088676280775,1.75736413319202
M01F1.4,0.0490236910732547,6.76130067462361,-0.868686919860392
M01F1.6,0.0373299113763742,5.12367840756864,2.28723517984976
M03F8.3,0.0239925639683399,7.38503525225333,-0.746517086119618
M04B2.7,0.0445117724780929,4.49748029566982,2.12161353152599
M05B5.4,0.0409013999996208,6.28614621999827,-1.09676263209048
M05D6.5,0.0163417764054976,6.61752380551737,1.05394945685499
M117.6,0.0346645837621063,4.25229552427381,2.92363803097961
M18.6,0.00311141334186874,8.4229469248198,-1.01857263843165
M28.5,0.0337438917936199,8.7537413815416,0.581646795901798
M88.2,0.0454667463462088,6.66931878698966,0.924889407402563
map-1,0.022247523428074,6.7129155222732,-1.05270348786599
mat-1,0.0143769358562811,7.94736008058238,-0.877358600777807
mboa-6,0.0303970512894983,7.91512226834648,-0.536412952521078
mce-1,0.0207227774756161,7.42089456228291,1.19087490633179
mcm-4,0.0368350528349192,7.73330673837482,-0.570671064205184
mcm-7,0.0338855384095867,8.86425120262966,-0.483333592258516
mdf-1,0.00813367554941573,7.03583709083149,-0.916175865109041
mdh-1,0.046048247348344,7.90401153695099,1.10733195052788
mecr-1,0.00110603877559928,6.8744303466122,-1.43134104272539
mei-1,0.00236023941744085,7.75903289688987,-0.837718528642991
mes-6,0.00323269763029237,6.45098690017138,-1.90910618752096
mex-1,0.0000368811241571008,8.2958730491084,-1.14454669852778
mff-1,0.0325688924384377,6.28135642750809,1.61295451952226
mff-2,0.0314319886177319,6.08835535185371,1.00475102201731
mmab-1,0.0453494975152977,7.36219716186985,0.595029459601375
mmcm-1,0.00683969569776957,7.36536854340159,-1.0359409677344
moag-4,0.0137263432864011,7.72349397676625,0.774840075723311
mspn-1,0.0202587850176228,8.53820765333575,0.54728988915884
MTCE.11,1.2795737165587e-8,8.81834341917517,2.10870605610413
MTCE.12,1.01797046278414e-7,10.1558329469145,2.25201364724752
MTCE.16,1.69552418909176e-8,8.65641433327318,2.60297096259757
MTCE.23,1.56184560505322e-8,10.6156697047215,2.08154645479001
MTCE.25,0.0000524440262775728,7.45319915640787,1.89905484385443
MTCE.26,6.71490182632942e-8,11.8238510699695,1.95834665008354
MTCE.28,0.0470758207915028,3.10657434650517,5.97451770127647
MTCE.3,0.00011481904647726,9.67354768498686,1.69566574098825
MTCE.31,6.9304001217876e-7,11.7703877345018,2.00640289054267
MTCE.33,1.2116717201515e-8,9.07523204979238,2.16964737136102
MTCE.34,0.000227259629450062,6.25956964477394,2.21294620261332
MTCE.35,6.39509713654916e-7,8.66220196632288,2.17663705628765
MTCE.4,0.000064556673935611,8.6938734802829,1.94268236146786
MTCE.7,4.70631940687109e-9,8.36069521019273,2.22853497709873
mtss-1,0.00354361783309324,7.16363603070088,1.01970727326627
mut-15,0.00630504312847046,6.8118591698716,-1.21023574477512
mxl-1,0.0275186094811896,7.7901807827105,0.701326738711709
nasp-2,0.0164066278630779,9.2305966213006,-0.584959302394676
ncs-2,0.0425336732851882,6.31989519447962,-0.868987548722071
ndc-80,0.00874159738119162,7.68063756936836,-0.83004685814357
nduf-7,0.0233219286039571,8.40935601998697,0.711402712204377
ndx-2,0.0442690851638388,3.70985444834937,3.11695311681096
ned-8,0.00105150490329834,7.03701148946944,1.24233346434372
nhr-13,0.0296582627721671,6.39127498704428,1.13336665998756
nhr-221,0.0413511996156028,3.51908502007448,6.55634413125519
nhr-230,0.0192790429769324,3.31478908351487,-5.18526069707776
nhr-284,0.0207837969822271,2.96309093418913,5.77665040031682
nhr-40,0.0211869176031216,5.296723611621,2.36522881462576
nhr-56,2.00959131110918e-7,4.85155878145813,8.15772574001677
nhr-7,0.0282653960338116,3.57501569782234,-5.23044709505259
nkb-1,0.0329762903473243,5.30770929080108,2.02768050728013
noah-1,0.0148547978702617,2.74919708408442,5.13831077257513
npp-10,0.00483934551611788,7.14945028626778,-0.909135490611891
npp-16,0.00305213100786694,6.01814710862425,-1.66215868348055
npp-21,0.0311280877409138,6.80988389963867,-0.826196004188527
npp-5,0.00266436926657538,6.87345828674931,-1.08115089927749
npp-9,0.000749007579372867,8.07657028313586,-0.877780303202197
ntl-2,0.000472128918126165,7.00855758377374,-1.55029484155638
nuo-1,0.0201587051598957,7.91385246785808,-0.741767381089773
obr-4,0.0266691704441054,7.17471182360708,-0.820436521128874
olrn-1,0.0305592365845016,2.89993516644093,5.65256179363715
orai-1,0.00484528025123449,8.34929508293672,-0.830809473111403
osr-1,0.0445197246731582,2.71761396069193,4.61780807362587
pab-1,0.000157382994557297,7.77522972296163,-1.42072807550185
pam-1,0.0162722750243206,7.70075518607572,-0.685030438569394
pan-1,0.00627716514756249,4.12317342551869,-6.71113534105217
paqr-1,0.0485095053449522,8.05957401157673,-0.599318463506679
pas-1,0.0492362580152748,8.97692700526905,0.467912721245867
pas-4,0.0121953537333344,8.61739076927165,0.573374197496516
pat-6,0.00414144888677757,6.91902707055881,1.2392928114767
pbs-2,0.0326581594701681,8.48353233070142,-0.632477275338435
pcaf-1,0.0303022604925129,6.63871547891175,-0.889812369818819
pccb-1,0.00433830068830492,7.33927510180765,-1.01847012133396
pdi-2,0.00266983883450695,8.61368547460465,-1.03095356225966
pdp-1,0.014349596658069,8.34481348895981,-0.979643145388811
pfd-1,0.046866988443375,6.74503494687546,0.828675122209131
pfd-2,0.0339615710617302,7.7702406981001,0.720382550692455
pfd-4,0.0477269398342184,7.72456804331837,0.773272371334389
pfd-5,0.00117187947333495,7.79776729714898,1.02423837785728
pfn-1,0.0132122204856842,9.56114253887745,0.56770212195991
phb-2,0.0343248479378454,9.27783500621342,0.483095606369225
pin-2,0.0490384133905424,2.91069545484873,-3.99645214805728
plk-1,0.0348282854581539,8.39301679035197,-0.639076550127567
pmp-3,0.0266221253493762,7.85111751310955,-0.563098738947204
pms-2,0.00214732915360136,7.40794246012495,-1.22266406797943
pot-3,0.0368922628925453,5.75133804611262,1.73862785494295
pph-4.2,0.0481998905243853,7.38953999852335,-0.622529124397696
pptr-2,0.020791236616853,8.35747768689381,-0.632420650581867
pqn-51,0.0363609371895987,8.31079835902738,-0.610581816535845
pqn-65,0.00476307974030603,6.72737839765426,-1.1418201791823
praf-3,0.0338110891859553,9.83092887872923,0.648433485539692
prdx-3,0.0258404728515243,8.73661919457037,0.517872859890252
prdx-6,0.0294334252288897,5.30003123120562,2.2947050154589
prg-1,0.0442155369237784,7.69823855482444,-0.67574623495196
pri-2,1.29601383371773e-8,8.52069217868604,-2.35689658863066
prmt-1,0.0420980863199653,9.00299198768106,-0.466459609385012
pro-1,0.00274072371842561,6.49357106713958,1.3980618644996
pro-2,0.0177263609228815,7.47287214683849,-0.76758280862829
prpf-4,0.00321353352823881,7.40671960852452,-0.895316595690456
prx-14,0.0487750386528474,8.28153249862662,0.551093605792157
psf-1,0.048556903435168,6.44788514716205,-0.851204737818866
ptr-2,0.0236532363486701,8.20257191847278,-0.641549561040467
qdpr-1,0.0448576557456015,3.09276865063428,-5.96928233756399
R03E9.2,0.0324901089923318,3.1955361607308,-5.23028292246733
R04E5.8,0.0000561376279193778,7.68535024530144,-1.56305181810638
R04F11.2,0.048491971233385,8.71737337765318,0.512577081876556
R04F11.5,0.0120674340549415,7.31348983106551,1.19026262192917
R05D11.5,0.00489238399554903,7.83162830857278,1.06057424474028
R05D7.4,0.0131760260287807,7.23723113386367,-1.28656138480841
R05F9.9,0.0250924097149539,7.25167461152816,0.850860124367858
R06C7.1,0.0293477396633788,8.6593806064421,-0.591868542172748
R07E4.3,0.000860342735824584,6.29258914973819,2.42185939447599
R07E5.7,0.0467990408193669,7.92887538781805,0.622608884591274
R08D7.5,0.0127277010688813,7.87607888405364,0.772281522454723
R10E4.9,0.0393086975579961,6.83173464800764,0.867744781574938
R11.4,0.0452366777994254,4.08323182468002,2.78900617667133
R119.3,0.00255819832810051,5.99727292404167,2.53524662612581
R11A5.4,0.0414469815926977,6.70684158065379,-1.29018995012896
R11G1.2,0.0491757270213111,3.73239580473701,3.36809399402671
R12C12.5,0.00181827594018555,8.41530827008041,-1.25298647181215
R12C12.6,0.0422238038518343,8.69893824809004,0.46684677282708
R12E2.11,0.00345049061607201,8.34654253071734,0.809291938795636
R12E2.2,0.0425470169553063,8.11719126580003,-0.492670681722645
R144.11,0.039892314643452,5.79775639826052,1.842250836598
R144.12,0.0189292776654601,6.62932651651695,1.33869420543799
R144.5,0.0356393430226729,6.01822012500943,-1.16723921423036
R148.2,0.0124668447821885,4.85445424860256,2.66431045965214
R148.4,0.0278500305121668,9.0690273654594,-0.716601210278315
R151.10,0.00612233132878715,7.22522873651609,1.03894149882438
R151.7,0.00621730602841393,7.52123133299726,-0.786756529026702
R186.3,0.00314566111393313,7.90124499550632,1.09744504802407
R53.6,0.00426924624073858,8.32246475202144,0.818864554788624
R74.8,0.00321014794553354,8.46040980511969,-0.9074923531671
rab-1,0.00353721848880006,7.60257707741539,1.08636129341405
rab-18,0.0237208920703264,6.34566925476842,1.93874705315193
rab-5,0.0000146157410959883,7.7065914376615,1.37647319622682
rab-6.1,0.0264340659335891,7.76995035597568,0.853597482808862
rad-50,0.0246752987246499,6.95686885231472,-0.778226403334485
rap-2,0.0413320669233114,7.50121163777836,0.816029543855634
rba-1,0.0340280692016938,8.16374885702311,-0.525896510505367
rbg-3,0.0402777107536556,8.18275371706152,-0.518058939275033
rbr-2,0.0211682015898361,5.76349729385216,-1.61285991689673
rde-1,0.0116043359925403,6.26363089441705,-1.18145056993842
rep-1,0.0432541734004894,4.44212829805776,-2.03479214423016
rer-1,0.0308229266177034,7.7458139337964,0.934143253460601
rfc-1,0.0164046315401738,7.9807454661842,-1.01523125762461
rfp-1,0.0056482060637479,7.51403082039383,-0.959432869323672
rgs-9,0.0213695121180685,8.79084374815749,-0.634841801223976
rha-1,0.0231758943817756,6.13771715456943,-1.23361218438108
rho-1,0.0223518911454351,5.9098829495124,1.24251955958139
rla-2,0.0312433031289615,6.17179502468627,1.17264224608116
rlbp-1,0.0335920347228778,6.97422792313171,1.09900147601874
rnh-1.0,0.0319741865803804,6.27895339022038,1.28895504189654
rnp-2,0.0144095154348852,7.71273994197498,0.655843952790042
rnp-8,0.0425179810670203,7.02771902227153,-0.853029406269656
rpb-10,0.00642123616515209,7.56205181379906,1.15059159803881
rpb-11,0.0316468193682151,6.43552911403468,1.01916422433276
rpb-8,0.0240767285535923,8.29117500276231,0.750470637377295
rpl-10,0.000728432321738381,8.27167847823994,0.853739543990103
rpl-11.1,0.00186506034272756,6.88860100477502,1.38904266481444
rpl-13,0.0107049801689014,8.02075558610101,0.881781903890177
rpl-23,0.0226332234192351,7.33644390933815,0.731702672892827
rpl-24.2,0.0326485025224863,6.5628649303353,0.99139680512044
rpl-27,0.0430032876593746,7.08423511771955,0.756304907266988
rpl-29,0.0146067402296914,6.31198496372518,1.35859566310312
rpl-30,0.0309957516565219,6.3155996480426,1.10332216819512
rpl-33,0.0380130365685157,6.21230610929426,0.989507567265586
rpl-36,0.0232284510419714,5.93716653341234,1.25974810173092
rpl-41,0.00485716216181236,6.19838493704878,1.51894027286819
rpl-6,0.00299121884774102,6.65687674338225,1.38306816559107
rpn-10,0.00420901246367645,7.79557241768675,-0.759967178360788
rpn-6.2,0.0468002488321692,2.81235869666841,-4.23383351466729
rpn-9,0.00118336886755563,8.1101708454179,-0.862871704231171
rps-15,0.00345857349701513,5.86044623345259,1.92715374276699
rps-17,0.0000755045097403458,7.52859287889104,1.5658912463618
rps-23,0.0338329874030093,7.77777261408655,0.668903459207837
rps-27,0.00841648791571583,5.35776067602226,2.14920363718813
rps-29,0.0114909850278422,7.74168553739006,0.992456956726411
rps-30,0.0384882826993453,6.43798286118348,1.39311070034506
rrn-2.1,2.14104507816087e-11,6.53209412865956,4.30129360904208
rsa-1,0.0498293804634809,8.7637696065687,-0.555187992330358
rsd-2,0.0016755317142645,7.07876549829512,-1.23425879443641
rskd-1,0.0237558522108546,9.33414951541888,-0.629480944212715
rsp-7,0.00515221738028709,4.27554158029719,-3.27083023450155
sac-1,0.00198375966190271,7.7012518784834,1.13126891408664
sap-49,0.0161262159625303,5.88666350222651,-1.30919530881001
sar-1,0.00669338603322061,8.59111036151403,0.749397814837189
sas-5,0.0155870274580552,7.98538562378338,-0.892750210735771
sas-6,0.0041746671142674,6.71077574518548,-1.07298405824096
scav-2,0.0192482205713632,3.77130881775702,3.0123131868267
scc-1,0.0418132956044307,6.77869470483882,-0.778673013086065
sdc-3,0.0109072328988331,3.43893188392354,-3.89170950733383
sdz-13,0.00467575854757125,3.87066352742207,7.01146602725267
sdz-2,0.0177958992760607,3.45841395576165,6.47859465562895
sdz-8,0.0305486276740204,2.96083350233929,5.76979788118639
sec-16,0.0450102731882099,5.14714159674877,-1.59762654816161
sek-1,0.000100487448373205,4.21120620406307,7.42683693542918
sel-11,0.00310296503358377,7.77148508478346,-0.958336257749395
sem-5,0.00864298235035873,7.83976055258658,-0.718018137160716
set-25,0.0226050746828945,4.74200681799157,-2.31727678609954
set-31,0.000560179964342932,7.90046816531812,-1.26882465783933
set-32,0.023725713837303,6.53545127369245,1.39391213924815
seu-1,0.0103523779584488,7.07086837104996,-1.11813975700122
shc-1,0.0237037384104192,4.50147517491635,-3.03213771791909
skpt-1,0.0117473319151523,8.62007110019232,-0.842176833849731
skr-2,0.0492562861584206,8.86241469165985,0.482534666330323
smg-3,0.00755765143926982,5.8093062685509,-1.62097204546584
smg-4,0.0415022997224372,8.14209735390057,-0.542215241372165
smg-6,0.0212260771925393,8.03140992271232,-0.721039280726744
smg-7,0.00525925658645306,6.77060050976041,-1.1620708464216
smk-1,0.0467125450547834,7.66028281162861,-0.559509393864926
sna-2,0.014838710000535,7.78064961070078,-0.669546781175707
snr-7,0.00160896009428187,8.64732839122202,1.33910473006485
snx-6,0.0112149235314135,7.23409262016385,1.06993795036918
sop-3,0.0438059665696115,5.29056907299921,-1.36447332864787
spat-1,0.0344348035645827,6.61445736660921,0.920647675928172
spd-2,0.000246573515597901,7.82098207068355,-1.24893679382342
spd-5,0.0379036916007418,7.72935196491324,-0.653153571200088
spe-5,0.000538789638644508,6.05028027022351,-1.9953061185184
sqd-1,0.039623022879689,9.20749846669943,-0.544550973096453
sqrd-1,0.000095732446546116,5.11940260771015,-3.51861663596249
sqv-1,0.0121263517311545,7.67695616044389,0.85965698936002
sqv-2,0.0000344071473660546,5.74821098703916,3.016311143531
sqv-5,0.0318211253910414,7.74887442337688,-0.622289757290927
sqv-8,0.00451529153500164,6.28018010940081,2.4436964249326
srm-1,0.018138740692417,4.10087486135476,5.56739499548221
stau-1,0.049979043505197,5.94733831682193,-1.30198874280919
sti-1,0.0151769551119218,8.19413466624401,-1.22072378947899
strd-1,0.0128541447729277,6.66931819856448,-1.02416513345237
such-1,0.0153667030521094,6.23964697397701,-1.36517300470874
sulp-8,0.0196481580784637,3.11043278822072,5.98213774492849
sup-26,0.0480675555834038,5.79421418772417,-1.1492287577869
syp-1,0.0314494464495886,6.21962986318645,-1.22157957795254
syp-4,0.0259032549745379,7.91955097846071,-0.890944932573787
syx-18,0.026502300977262,7.27079249404468,0.74913039475886
T01C3.2,0.0386692481019393,7.5871156711999,0.74507098608962
T01C3.3,0.0410424345616464,8.2791743785792,0.562175768469159
T01E8.6,0.0401001474210264,7.16586049372529,0.79941915998249
T01G1.2,0.0356168581167692,2.86058638286586,5.61082178606232
T01G5.7,0.000312100705372778,6.45906372485381,1.82354071654446
T01H3.5,0.00766923202545839,3.55590359911236,6.60868267864857
T02C12.2,0.00403920243116133,7.55673478821691,-1.13978737939016
T02G5.4,0.0380999305556996,3.08785871830459,-5.67097644276042
T03D3.5,0.00237243734807692,4.79731341907367,-3.18794032234375
T04D3.5,0.00357332710853835,8.36957488780902,-0.837984881762202
T04H1.2,0.00144040696114308,8.15913777460982,-1.11849527829433
T05A7.1,0.0117210132046567,7.19485496127855,1.23787912177659
T05H10.1,0.0197481334575654,7.50199834984769,-0.814667796373593
T07A9.10,0.0116108480300196,6.70188172882492,-1.16652201939908
T07A9.9,0.0211619737055441,8.90094535015773,-0.880759621727736
T07E3.3,0.0424298189398994,8.18901509699529,0.576986715556027
T07F12.2,0.0154528791211101,8.00139769404355,-0.841110326582083
T09A5.15,0.0224486428808067,6.14007099041548,1.4281555043451
T09A5.4,0.0418216408671711,5.0809199338594,2.28377786920318
T09A5.7,0.00342005800327402,8.02397657380746,0.940441039902591
T09A5.8,0.0126175208911998,8.80681228451948,-0.612200485984605
T09B4.2,0.0417192443189292,8.09022096461789,0.659431784378215
T09B9.1,0.0460934206348936,7.79866553375077,-0.546686161729398
T09E8.1,0.00685649838360538,8.67371324625136,-0.788291712659866
T10B10.3,0.00741833529129454,6.18757096645184,-1.84373476620398
T10C6.10,0.000790046280990091,7.07870901556111,1.70671899657144
T10E9.2,0.0120612434091826,8.41334924894759,-0.67762364783267
T12B3.4,0.0293714495268514,6.97222717950508,0.853753055925078
T12D8.6,0.0478979127594335,7.74105516641793,0.570017462778884
T12E12.1,0.0357805110085345,7.75307886036767,-0.565690392247053
T12G3.5,0.0144986745060157,7.75131064456429,0.83230910730814
T13C2.7,0.00450294054152813,3.89774779263017,5.88619632341235
T13F2.6,0.00723661427752345,8.0745610623244,-0.813747110742273
T13G4.2,0.000940358855312315,4.03265862871505,7.20991062082188
T13H5.5,0.00156147389934089,6.91169683357943,1.43842920660156
T14B4.5,0.016881346517108,5.67566643411732,2.43199095207959
T16G12.10,0.0329044408598479,3.44722146736176,-6.48708525111391
T19A6.1,0.0350971240255436,9.34562917037116,-0.514091467899121
T19H12.2,0.000204759917887271,8.88268930909257,-1.06451854769816
T20D3.8,0.0190186231281294,8.69322711154916,0.68779734885881
T20D4.19,0.0346157897527626,3.29916080633911,6.25376454205999
T20G5.10,0.0202884601660172,5.71970474305854,1.45827530450099
T20G5.14,0.00805095566718212,7.43453834316287,0.874830284486504
T20H4.5,0.0179538972856816,7.90369737845714,0.648502136475645
T21B10.1,0.0263208249711416,6.61846590533034,0.979295492580661
T21B10.3,0.0323072240185019,7.23935309589348,-0.722347453252953
T21C9.1,0.0409799952858524,8.50659973380944,0.508181795269904
T22C1.6,0.0254589269077813,7.90599616582076,-0.642780000856645
T22F3.2,0.0207822458269903,7.39825284970872,-0.701533113049123
T23B12.2,0.000495259713992013,6.32467992732731,1.71165792536366
T23B12.4,0.00596093696264436,7.64713896038724,-0.803267848467884
T23F2.5,0.0050494742226803,8.80359729558724,0.818787850247569
T24D1.3,0.0462211671484951,6.90047955264229,1.11329385914761
T24H10.1,0.000329203243907405,6.574617850699,2.40584832535433
T24H7.2,0.0242973633135112,7.87665993278164,-0.580296077719683
T24H7.3,0.0487402763595321,8.27011928427976,0.61714642486876
T25B9.8,0.0368095606040123,7.70517507044763,-0.82716997682384
T25G3.4,0.000204978482940077,6.32403931121116,2.28583495446379
T27A3.2,0.00587432230901553,6.75419560345792,-1.12996595121689
T27E4.1,0.0403086188227385,3.60814854661737,-6.68512771107985
taf-11.3,0.0236534449961434,6.8683162005406,1.06661816093446
taf-13,0.00541267418555781,7.79585984237711,0.816280322898149
tag-175,0.0445385745961835,6.9260851972877,0.859358731524814
tag-277,0.00391954248166094,7.52071777020618,1.01669496362101
tag-296,0.0250619777968302,7.44905366637624,0.982144962245829
tag-298,0.0326609431364271,7.97009607482757,-0.540672950914245
tag-30,0.020617875083269,7.61728582310085,-0.966917597523775
tag-307,0.0121334731065769,7.19218851318451,-0.853393558640569
tag-315,0.0288069299179238,7.35375311969858,-0.668683099342385
tag-320,0.00142138417284945,8.09298432081529,-0.954316749666221
tag-321,0.0289122656806466,8.92990271954437,0.588152555603546
tag-322,0.0274656655961454,7.38583666180459,0.752955198344827
tag-349,0.0367718890141003,7.14126190090474,-0.720253279303088
tag-353,0.0265099931723832,7.68249073557875,-0.663616384715195
tag-72,0.00737369834514905,5.76499217088355,-1.82051321443014
tag-77,0.0111803747732574,6.10450373991747,-1.38430014689326
tars-1,0.0498548001330197,7.57292046674221,-0.810170852885313
tat-1,0.0286613304181123,6.01928175954729,-1.09895378252686
tba-1,0.00214517137903135,9.2114380275102,-0.708937613719614
tba-2,0.0017102812131183,9.15395303973143,-0.883872967981591
tbb-1,0.00273898074571868,8.91123317425038,-1.06999367102683
tbb-2,0.0312196800663134,9.72142242780682,-0.550463897693854
tbc-1,0.0180556971888498,6.23088827231166,-1.3651145672887
tbc-2,0.0329066574917479,6.65373010229214,-0.955003150511762
tbg-1,0.0198098081506948,7.7673667546347,-0.637135338628194
tbx-11,0.00736611143099045,4.93431007214007,-3.93967469059684
tcl-2,0.00355197407185175,5.13262396411377,-2.34228553713865
tdc-1,0.00552818450912272,8.01047891493855,0.947052633524616
tdp-1,0.0446474821083674,9.55118322499418,-0.489705299227036
teg-1,0.0298725743859411,5.15032579422797,1.56728647672733
thoc-2,0.0214469149543721,6.25398990900337,-1.13253524519227
tiar-1,0.0380544316914588,8.97200733180902,-0.487094959049904
tin-10,0.00779084400641735,5.87495834476068,1.49417970808807
tin-13,0.000319548270011522,7.15183462623106,1.77912772188473
tin-9.1,0.0117020594113695,6.63561805809928,1.20993678641892
tlk-1,0.0211040517465731,7.58706741665186,-0.68302694303463
toca-2,0.0205287340546735,6.47431240098341,-1.37974112257082
tomm-20,0.0415976970878271,7.83130959666166,0.775059573248718
tomm-22,0.0419025716612769,7.3220000136894,0.927135209424554
tpxl-1,0.0339050007438439,7.65885407897397,-0.642946998676375
trap-2,0.0362564657175893,8.57218007875979,0.641865747027363
trap-4,0.0192044899647063,8.58428290036649,0.550952785621349
tre-1,0.000873814480340087,8.96899006006973,-0.989096748197001
trm-1,0.0380155197338069,7.53310346364061,-0.79926154997267
tsp-14,0.0135297471361677,3.08657591065963,5.35198835060539
tsp-7,0.0314894265672223,4.22053006493458,2.0086344848929
uaf-1,0.0000278267105502312,8.52320429757776,-1.19778770560205
uba-1,0.00931751257586618,8.70417299859918,-0.686444713878665
ubc-14,0.039130511734578,7.11359578497842,0.825515203266418
ubc-6,0.00000163704074264699,8.26777602609808,-1.44959701465029
ubh-1,0.0418626261346436,4.99156936740506,1.83008638595491
ubl-5,0.0405514073500183,7.24726756193892,1.06769060550669
ubq-1,0.00511772656780253,9.2634238463395,-0.75561305686291
ubq-2,0.00457487315376827,6.74408431679866,1.07065452413438
ubxn-6,0.00637781077117005,8.20771142824249,-0.682049090893876
ucp-4,0.0489255631503395,7.01084343671896,0.85759371511282
ucr-1,0.0351374938349456,8.0545588086468,-0.630285923835924
unc-101,0.0000041292867172879,7.5221621912298,2.21464585092486
unc-119,0.00317924660848691,6.97669350758527,1.17635852998334
unc-129,0.0203473015512606,3.94714626679133,4.30537964087903
unc-60,0.00198717689261249,9.07720100081731,0.772759870986369
uri-1,0.00493577398019287,7.90531588073101,-0.803395381524896
vha-17,0.0299770677232654,7.818998548406,0.927600110751209
vha-4,0.00706473497441275,8.37943157429229,0.681033129134224
vha-7,0.0368715269135046,7.08907698186605,0.791894940999285
vha-9,0.0165613602991098,8.48162221122901,0.670476313317282
vpr-1,0.0183521726589468,8.2518999324912,0.638932736330543
vps-33.2,0.0319917392448079,7.97577635206405,-0.775631727462388
vps-36,0.0479134584118833,7.4248145142834,0.849974587193146
vps-37,0.0127976529066604,7.38338570960348,0.833445190415673
vps-39,0.0255587901615679,7.82088297004319,-0.615557322754306
vps-45,0.000593120432882981,6.04997292863856,-1.936653882061
W01D2.1,0.0358963175504197,6.17552582599788,1.01410359949903
W02B12.15,0.0326852517172402,6.93051282553813,0.752936559606021
W02D9.2,0.0237646283833705,7.80385437022587,0.649911331508115
W02D9.3,0.0464137783537065,6.10430883370449,-1.17748503626434
W02G9.5,0.00378234335301024,3.3414495027333,-5.72462927915874
W03C9.5,0.0341274520229733,7.30062286610242,0.943374609995028
W03F9.1,0.0247525245117256,5.31391840474299,-1.81313440778182
W04A8.2,0.00768290662747161,3.53101200248669,6.57979976742121
W04B5.3,0.0141722596567715,3.65861931352704,-6.05897598952816
W04B5.4,0.0100026870902342,6.93418096427459,1.1901592484423
W04C9.2,0.00189345670620688,7.09967801062717,1.19176148156344
W04C9.4,0.0185401499776602,6.53447955680913,1.26825396680142
W06A11.4,0.0486051230745678,2.72624812615635,-4.85653738671151
W06D11.3,0.00274657779161815,7.78806131477681,0.92616653642252
W09B6.4,0.037702965398139,5.63796039129255,1.32897604024362
W09C3.4,0.0391635792487958,6.96637222008989,0.995756902372561
W09C5.7,0.00560411890447262,7.04958780547471,-1.28598302046652
W09G3.1,0.0369087659823601,6.85329871863574,1.38078088698762
W09G3.6,0.0207806418362202,7.80246504846269,-0.706623535122977
W10D9.3,0.01489444593522,4.2182481480206,3.33630325589467
WBGene00235356,0.0152030774210898,3.96542922223162,2.81849292860362
wht-2,0.0140130289435306,8.22268624386046,-0.614004793033055
xbp-1,0.010361985554506,8.67796550343102,-1.08938303155455
xpa-1,0.01246522424175,6.81854460927882,1.13080807626923
xpo-1,0.029978431049529,5.32332596026591,-1.63251864483776
Y105E8A.11,0.0125556341718924,5.45103007243066,1.74302064589323
Y105E8A.20,0.0112116483755033,6.08152925546951,-1.6958613199161
Y105E8A.36,0.0439861722840851,5.95133647146897,1.19648617855926
Y105E8B.5,0.0166105815711518,7.00261962402422,1.18232087376635
Y105E8B.7,0.0234854460087616,4.70203027806947,-3.36135731507518
Y106G6H.14,0.0320044426512595,7.46680215668095,0.595350309681706
Y106G6H.16,0.0010839969134547,8.0906484913388,1.01546202045292
Y106G6H.8,0.0299982008776945,7.41194481949506,0.803710148434813
Y10G11A.90,0.000701575436752731,7.11881470986183,2.19773874985805
Y110A2AR.1,0.0122148175878446,8.71894041833388,-0.717579547086734
Y110A7A.4,0.0408969319685081,8.26859513623272,-0.607704502775351
Y113G7B.24,0.00653719307452311,7.82138783023515,0.7858776698364
Y116A8C.22,0.00462610169748096,4.48510844673341,-4.57308949021443
Y116A8C.27,0.0191479602399826,6.7475343732379,1.27948516347577
Y119C1B.4,0.00681486284339654,6.6154692915554,1.31357805656058
Y119D3B.11,0.0261914361804193,6.42846068136052,-0.947426182097366
Y11D7A.10,0.0195065512323197,6.79924850439612,1.25707764220993
Y11D7A.7,0.0153920547600197,6.8457688833874,0.937303339809194
Y14H12B.2,0.030142211089043,7.37004892012772,-0.689651034200859
Y17G7B.13,0.0227113551096098,3.90972170455877,2.65328618157888
Y17G9B.2,0.00212682747794433,3.4705662510779,6.49640624628438
Y18H1A.7,0.00866018367554581,6.99450633687571,-1.29289620128285
Y25C1A.7,0.0386283363224026,7.81975530547156,-0.612607438355352
Y32G9A.10,0.0250494089558147,3.03761077640811,5.8816659788379
Y32G9A.8,0.0194661075589491,3.24204220423042,3.16542391598064
Y34B4A.2,0.0352614824936793,6.64080258330448,-0.985443742643138
Y37E3.1,0.0259770330963858,6.71820771129144,-1.20035032965179
Y37E3.25,0.00330606728468259,4.29877393782882,-7.5333553512343
Y37E3.8,0.00648135498083343,7.08841464830606,1.40518827617224
Y38C1AA.14,0.0187419059336009,6.39410533463118,1.80417483038412
Y38E10A.24,0.0342420898804735,5.20773777003051,1.82446384517271
Y38E10A.3,0.034057030246104,4.40161042135849,3.46503856486347
Y38F2AR.9,0.0000812973984591863,8.30651102365813,1.22739150329249
Y39A1A.12,0.00473794098816161,7.39126138541399,-1.01510988049441
Y39A1A.14,0.0000283997453658642,7.70122739146326,1.9851889644363
Y39A1A.16,0.0159668683817988,2.75193605144649,4.79987320381084
Y39A1A.24,0.0024615960245092,5.99117764399186,1.8027553215331
Y39A3CL.3,0.0193238703769274,5.3659522909752,1.66892356555116
Y39A3CR.5,0.0292039560764924,2.83108903303759,5.55402768950724
Y39B6A.3,0.0434222091984542,8.01982401428301,0.508499255755831
Y39B6A.39,0.0350387323727485,6.94672009685538,0.763618000551835
Y39E4B.2,0.0205202205068829,7.48394821650283,-0.792105373903118
Y39E4B.5,0.00144872006978031,7.30906643721547,1.22922262966175
Y39F10B.1,0.0179311049818985,7.09617922393987,-0.991792946661741
Y39G10AR.20,0.0477899390855863,6.84036218381513,0.853480979204789
Y40C5A.4,0.0355634270435905,3.35434539564291,6.32823048218698
Y41D4A.6,0.00101800239781647,5.68999604680285,-1.9725891989437
Y43F8C.6,0.023170990268766,4.71392106802956,-3.12131007364778
Y43F8C.7,0.0151796808005553,6.87989529856874,1.26208059623197
Y44E3A.3,0.00492038134258514,7.03355176286553,1.04235574127778
Y44F5A.1,0.0338267720162289,7.00913201059398,1.312154132309
Y45F10D.4,0.00252411432770459,7.62988650023188,0.902224819710087
Y45G5AM.7,0.0198310637740495,7.8419663578456,-0.960244624970795
Y45G5AM.9,0.0287039730757757,7.56598209517774,-0.695989573644093
Y47G6A.4,0.0426884782520727,6.91842755175253,-0.903691074352722
Y47H10A.2,0.0274644341112183,2.94678302718649,-5.77009830124704
Y48C3A.3,0.030633769316694,3.17853619741926,5.1845880808052
Y48E1C.4,0.0287780975716627,5.88560522200879,1.76515083359344
Y48G1C.1,0.0381586789345143,5.65600339127207,-1.43208187528188
Y48G1C.9,0.00116221400735379,7.4531060940464,1.23030881278021
Y49E10.21,0.0368977003565048,4.37278299845316,2.37013309077352
Y49E10.4,0.00405965779528817,7.81383624019935,-1.60048917378594
Y49G5B.1,0.0067096822584877,6.73468549915782,1.37712641676639
Y51F10.10,0.0101786096152821,8.32550648942755,-0.791987243997407
Y51H7C.3,0.0140536552583899,7.78403667684194,0.814681904880209
Y51H7C.7,0.00527716436314085,7.33621656906904,1.07026485619286
Y52B11A.2,1.95365767192586e-7,7.71109590723388,1.61538543008479
Y53C10A.6,0.000137919951939228,7.77399540814949,-1.31355109875672
Y53G8AR.9,0.0130633295578833,4.81850745504354,1.9951617269924
Y54F10AL.1,0.0448583231495489,7.89341907709381,0.769289278897063
Y54G11A.3,0.0386919697276537,8.0214844616839,-0.904484560224143
Y54G11A.9,0.0279178282009544,5.06948107797642,1.64196844164123
Y54G9A.5,0.038529344736349,8.235823778257,-0.595027656368997
Y55F3AM.3,0.0209768960858301,6.65261187005241,-0.932509834254735
Y55F3AM.9,0.00814261961513416,7.76419408828137,-0.756652717264339
Y56A3A.19,0.0311565538610466,7.68007798796003,0.789552457738649
Y56A3A.22,0.0291028620123173,7.79187534668063,0.614993821393804
Y57A10A.13,0.0493556441374773,7.03363101736319,-0.722213008766072
Y57A10A.27,0.00179772495585149,5.8459846424222,1.78929249562411
Y57A10A.7,0.038907298681256,3.49350450646972,-3.50811960551155
Y57E12AL.1,0.020192246448095,8.7270853934269,-0.64554720021422
Y57G11C.15,0.0167652371093233,9.45750360323547,-0.844441110872792
Y59A8B.21,0.011001457735162,3.79574773190521,5.71669958113497
Y59C2A.3,0.0260003891872565,4.43069576777521,-2.20019768458646
Y60A9.3,0.021837201959248,3.37446118647429,6.36922070610647
Y62F5A.12,0.0202862766072695,7.09782888485649,0.999012026686955
Y63D3A.7,0.00114610835406971,5.65082446180305,2.07326653843852
Y65B4A.1,0.00830385833157691,6.44229165393878,-1.51496669895207
Y65B4BR.8,0.0203932793419427,7.90563058455284,0.734055942037169
Y66D12A.21,0.00974933588991339,6.48835244068029,1.07872326390582
Y66H1A.4,0.00897913529102812,6.96678544893545,0.963223285043231
Y67D2.3,0.0332368140900872,7.28188572321509,0.793562828106178
Y67H2A.2,0.0293739499849708,7.50243299032195,-1.05065024487763
Y69A2AR.1,0.0368533948687365,6.70221030794361,-0.965823777094985
Y69A2AR.3,0.000476497616637954,6.95445221923704,1.44685892603516
Y69A2AR.7,0.00642879537419705,7.09571876422987,0.932749552601859
Y71A12B.14,0.0445067534337101,2.72004942041579,5.36658943506405
Y71F9AL.7,0.00775575445197769,3.49226038394575,-4.91154699781083
Y71G10AR.4,0.0169444718512236,2.89410508367792,-5.67717221492035
Y71G12B.6,0.0247767862352925,4.66247632888201,2.24665969310741
Y71H2AL.2,0.0478826454969815,3.10152886059522,5.9892203934094
Y71H2AM.24,0.0390855300922503,5.77406398034316,1.16377967131491
Y71H2AR.1,0.0238250887235325,7.11500278348862,1.17200510400422
Y73B3A.10,0.0238163485372688,3.93628742812229,-7.11064107619035
Y73F8A.24,0.00410331384086592,6.33960088973603,-1.38316248342221
Y73F8A.26,0.0202200977173798,3.7725454589287,-4.38120911194263
Y73F8A.27,0.0350200850630789,7.50194697138709,0.68096609188469
Y75B8A.14,0.0138502821960218,6.02182361413929,1.3631953602462
Y75B8A.23,0.00307609170292352,3.48715688471686,6.52100792269518
Y77E11A.6,0.0213422394981962,5.68925173283284,1.99428519737318
Y82E9BR.14,0.00724555288908665,7.14581921596029,1.43284054051819
Y82E9BR.22,0.0102364147891851,5.86682642521647,2.60354268305696
Y82E9BR.3,0.0205316960216969,10.0775593101615,0.592064903982162
Y92H12BL.1,0.0366410463926048,3.71697731396503,3.04072806140572
Y95B8A.8,0.00683089563982135,4.75447583465679,-4.09256174448784
Y95D11A.1,0.00328275844660215,5.82805779308301,1.84711168213867
Y97E10AM.1,0.0248397112949779,3.91672751294758,-7.0867457653641
ZC204.2,0.0152685869658887,6.81664859902007,-1.56465507596324
ZC262.3,0.0170492381108982,7.67121394094766,-0.668066249767893
ZC262.8,0.0458742397227483,7.76743429533397,0.600030607604399
ZC308.4,0.015725539809022,9.65791239350777,-0.632636049179411
ZC395.10,0.0124289752870337,9.33288469985081,0.614753422187848
ZC395.5,0.00809542216123337,4.26743695367914,3.05817120081054
ZC477.3,0.00744191255828125,9.4744309750903,-0.935230858466541
ZC477.5,0.0407244723172284,8.16274392497774,0.493625446166827
zer-1,0.000525405190734068,7.61210132642213,-1.04837495393156
zfp-2,0.0465422745878266,8.33826557276626,-0.538578765764612
ZK1058.5,0.0199437169880135,4.54354080237903,2.96406322077404
ZK1073.1,0.0452406441845041,3.10646063166647,-3.74676780259413
ZK1098.5,0.0334972258981129,7.41942948969746,0.883254792495838
ZK1098.7,0.0125051488737411,6.39151921243196,1.95151169815433
ZK1127.5,0.0299277682076133,7.11922501850429,1.03608465721556
ZK1248.11,0.00318458769777399,7.95987274803519,0.859349436361088
ZK1248.15,0.00168645377525704,7.54680695717278,1.07609486967833
ZK185.1,0.0295419827251346,3.86878055490047,2.64895500418547
ZK265.6,0.000552550179140394,7.65718193814799,1.09956615838593
ZK265.9,0.00141442593484649,7.43111950364726,1.20102772972281
ZK370.4,0.0407642779840782,6.35274362130841,-1.18053131599184
ZK418.5,0.00820751265767947,8.40820194206155,0.76539309260598
ZK418.9,0.000192149264154921,6.87098238889141,-1.39107551120323
ZK546.14,0.0201693554997208,8.0478956661195,0.702168513050728
ZK616.2,0.0413371956076458,4.44599563603615,2.12972296709947
ZK632.12,0.0475421775125255,7.84790732157317,0.577695026915291
ZK632.14,0.0000061265894441028,7.76288128236639,1.26862377433532
ZK686.1,0.00205862589561068,7.68753642806112,1.00450358086201
ZK688.3,0.000155011989562883,6.84760196507774,2.41779747927287
ZK742.2,0.0101187031336589,7.53383451893307,-0.963349467920837
ZK809.10,0.0376383717364398,3.20207618462259,6.12305798625162
ZK836.2,0.0226565591667706,6.05635269664732,-1.25926348752529
ZK856.8,0.01686107293349,7.41777266429077,0.795177170018812
ZK858.6,0.0396573381872502,7.96246024067216,-0.618834115936114
ZK909.3,0.00831499683617484,3.81317134279146,-5.81082439622237
ZK973.2,0.0222432626775161,7.19308740594302,-0.760607313307429
ztf-18,0.00523135516160812,6.57148124480843,-1.22460420260265
ztf-23,0.00313494505321374,7.8723604787432,-1.12280802959096
ztf-3,0.00223312357408518,7.6428913004033,-1.01777966292543
zwl-1,0.0485459407990804,7.0759910352377,-0.692722008181059