aakb-1,0.00103282941586069,3.75975879863421,6.97093700938408
aakg-4,0.0286789178750478,4.16562685783223,-7.47563281469065
aars-1,0.0141264455108441,3.22570302855533,5.85906586526896
abi-1,0.0471055603528212,7.59860244887085,1.75633851573328
acdh-7,0.0100190651638723,6.9309407439831,-2.26947077760284
acl-1,0.000461373869908761,4.66478029653716,8.03741432014779
acl-2,0.00000126125988790093,6.79640792417127,6.46576128565299
acr-16,0.00237439855497062,4.26635570831867,6.83246043737178
acs-11,0.00000214745151389725,6.00781589285792,6.49783302010558
acs-19,0.00677978143146381,7.91018724302999,2.04881672788443
acs-2,0.0420190038048215,2.45757982437549,5.01511833559284
acs-20,0.000382127542355038,3.95775721318942,6.73171722382278
acs-4,0.0402394767497133,7.22523780355694,2.40952338383848
AH10.2,0.0050871123657977,5.76786922019127,-9.23160046646531
air-2,0.0421874223937205,8.2459208117077,-1.26610689957883
aldo-2,0.00249739072112886,10.1132789323541,-1.81616050264308
alh-13,0.0241171783243726,4.42711975273919,-6.71792657819686
alh-3,0.00280292954935249,3.84782903953197,7.08267986485057
ant-1.1,0.0311032165122097,11.1644007201811,-1.17876693148469
apb-1,0.0243366085864688,6.82264937467833,2.57707712782595
arrd-18,0.0220277389399718,3.55796183636248,5.96088320739162
arx-5,0.00284039050532954,5.83832646503007,4.29857425242556
asg-1,0.0261172363437221,9.20747550403549,-1.36074562949893
atad-3,0.0113543516301614,6.72393511339249,2.16767299911913
atgp-1,0.0172922717994565,2.89659131713544,5.78025099376726
B0024.3,0.0238742607141697,3.46805208187398,6.5927697262762
B0041.3,0.0000610472749810425,4.53602279127532,7.8906647229357
B0228.7,0.00327493216638659,3.83595246303682,6.21110335559937
B0250.4,0.0170627468253546,4.78125235888717,-7.40605670384937
B0261.8,0.0279746477275489,4.91103170805893,3.71280694724456
B0273.3,0.0379746870246373,3.04437875775837,4.07489136808149
B0303.14,0.0274435462838022,6.46299804530164,-2.3852762530435
B0334.10,0.00218479023291886,3.21649884958396,6.25291994620064
B0495.9,0.00123926941443381,8.89695851968033,-2.09987742501511
B0524.6,0.0338156342435803,2.80561119400581,5.6381333703353
bath-2,0.00301932603889545,5.54779248993845,3.93477586798624
bath-29,0.0184498627133218,7.90103368434424,-1.93435073789642
bath-34,0.0301802448719479,2.559711860828,5.2071089597306
bath-39,0.000359134306670401,5.22115998836128,6.06109284276129
bath-8,0.0222518726253054,4.13150674112486,-7.43532013418552
bcs-1,0.0232976296237175,6.81012021698878,2.83319327576567
BE10.4,0.00501912325274054,3.27034008058755,5.52033255389806
ben-1,0.0462140637957981,3.52549816854327,4.89440787900581
bir-2,0.0490176887267548,6.82982999337179,2.09501487023609
bpl-1,0.0189409705262572,2.76370876592485,5.56816376086489
btb-10,0.0496648326551676,4.55877508422893,-4.25607980423701
btb-11,0.00141638776034404,5.68475730071134,-6.43152904793608
btb-12,0.00150993671606321,5.07523336576339,-8.49509282480198
btb-13,0.0323957257886795,3.78047950385979,-7.01399841107825
bus-18,0.00508870919214471,6.07345346521411,-6.58348539703081
C01G10.10,0.0000180092534058153,4.95972875159993,8.36311788143727
C01G10.7,0.000355198999502191,5.76276220016947,5.69382036125503
C02B10.4,0.0144845709841268,9.80670842057166,-1.54725773211715
C02C6.3,0.0000978435359653426,4.70177709407757,8.07755843340742
C02F12.8,0.0495064698153995,4.43312987951924,2.73759002352841
C02F5.7,0.0133367021660503,3.48483586449263,6.61676602299634
C03H5.3,0.0348608830446924,9.1663575719751,-1.17109555912537
C03H5.5,0.0183319584512158,3.51254350146639,6.6527379855307
C04E6.11,0.000118773303410692,5.59447839561665,5.62845328702566
C05C10.3,0.00708534576137088,6.77217394821135,2.23777318037926
C05D10.4,0.049913987215675,3.8304094252215,-6.65386056480837
C05E11.3,2.00270293983884e-8,5.93049043748726,9.40032108241064
C05G5.3,0.0191217048726975,4.6980000751114,-6.84374812247158
C06A12.3,0.0487416229291679,3.58089351973529,6.74668307208725
C06A5.3,0.00803328084463751,6.71102178938512,2.3292892580125
C06A6.5,0.0000184179893874178,5.28259560745758,8.71413814535675
C06A8.3,0.012092690162949,7.4807598893727,-2.66077864052199
C06C3.7,0.00988731347645543,4.64880740225314,-8.0341302618219
C06E1.1,0.00109461836738934,8.18417797027369,-3.04827033905848
C06G3.5,2.63912873925951e-7,5.6015602707397,9.05397671496897
C07H6.9,0.00173870629232316,4.04687360327995,7.32133407271641
C08F1.6,0.00192808405283205,5.13859762694736,-8.05599897334198
C09G1.4,0.0192483811598401,2.97243849332389,5.89472851392183
C09G4.2,0.000995912234045752,5.12301974646309,6.13324134920365
C11H1.7,0.00232656662103044,3.97118230850013,7.22984543215974
C13A10.1,0.0241119801232813,4.21195496045331,-7.52068127710922
C14B1.2,0.00812867227475354,7.97414815218185,2.28416903176998
C14B1.9,0.0284361090138822,8.18234087520778,2.250911054935
C14C11.2,0.000162901050916483,4.69667306735472,6.70131173655461
C15C6.4,0.014266437035928,6.72432697770622,2.42337731025089
C15C7.7,0.00632264343637542,3.55279915897721,6.70896502663347
C16A11.10,0.0063166046557664,4.78957568758942,3.81968199764739
C16A3.4,0.0129741204430275,8.89601781492656,-1.78564225658584
C16C4.17,0.00132983677314439,6.88776672744818,-10.3959937426745
C16C8.14,0.0366655381228999,2.89317156094937,5.77839825951832
C16C8.20,0.0257902484859475,3.26147289818315,6.31616391512094
C16C8.4,0.0318681058361615,6.80592063060187,2.85697648982881
C16C8.5,0.00477207561893559,5.24262072324583,4.29905425054857
C18B12.4,0.0381054891601738,7.51647453024277,-1.82614081975064
C23H3.5,0.0347439585529701,7.1386466806086,2.22133851091183
C24H12.4,0.0165699987290044,5.4481249771893,2.82225226057125
C25D7.10,0.0000210485063966532,5.5607174073463,6.70241301132566
C25F6.1,0.01641581935876,6.48268142247984,2.61200658803162
C25G4.3,0.00000405210858127385,5.74473400637815,7.19769764385702
C26E6.3,0.0000923833563085887,4.84317882119597,7.3941609135926
C27F2.7,0.000294801275427963,4.68027877367777,5.70659123993182
C28H8.1,0.0440758018019244,7.0550957404509,1.46188030392768
C30C11.1,0.00565095175718466,6.45669333604785,3.59504027321524
C30H6.8,0.00000380645554046983,6.15169675418207,6.22922510167901
C32D5.8,0.0487198653965756,6.77021568967612,-2.20851388238586
C33A11.2,0.012005576177745,4.80697921153365,4.23948343080071
C33C12.9,0.00331655402706403,3.32807995392999,6.40835511413116
C33D9.10,0.024522483083844,4.60568702191517,-7.9717655867824
C33E10.1,0.0341044333387302,4.29294799035198,-7.61762906672896
C34B4.2,0.0000232040973351548,4.82786614512399,8.2178370453507
C34C12.5,0.0459190785862655,8.4070445402391,-2.0961060902339
C34E10.8,0.0278803262583731,5.66375792365824,2.19353615153691
C34F6.9,0.0426091589139795,3.51600071468161,4.02043157797882
C34G6.1,0.00188314536260659,4.27454729447011,4.99798450545735
C34H4.5,0.0012689298606183,3.60445424974895,6.77344288917379
C35B8.3,0.0209113768192257,5.03634137472295,2.65792607400108
C36A4.10,0.0338459128618535,3.84525521098842,-7.1189632264269
C36A4.14,1.5106604230411e-7,6.64121524732467,-10.140118819642
C37A2.7,0.0261064661182599,7.90540017589303,-2.03881343732486
C37E2.2,0.00402945606646651,3.26352893159076,6.32028721165754
C37H5.6,0.0202578049097197,8.10796747508813,-1.40990379326392
C38D9.8,1.15403519271792e-7,6.94410275054872,-8.78789016291342
C39E9.11,0.0389647309286501,8.59724317767129,-1.25377086239606
C40H5.8,0.0335720752099522,3.07813511450501,6.05752930958099
C42C1.12,0.0225109587486091,5.57877133349819,3.34547343152271
C42D8.1,0.00669579586034623,5.56863367860804,-9.02128973235928
C43D7.11,0.0188601230678107,4.21514981693378,-7.54154081598766
C43H6.1,0.0273914477117243,2.89155369479897,5.77522927254588
C44B9.3,0.000992715172765665,6.46404805707602,3.76879427510952
C45E1.4,0.01286011079249,4.76361705445989,-8.14843761799061
C45G9.5,0.0000172051804569017,6.75983605447406,5.65326620217108
C46C11.2,0.0289324200616112,3.14571289829768,6.15076240291847
C46C2.8,0.031695728111764,4.56390768474709,-7.95144420267107
C46F11.6,0.00437682556785915,4.30722052295943,7.62804348057014
C49D10.10,0.0419992401249236,3.51950719522072,-6.45613943817529
C49F5.6,0.0189806215972089,5.65790507083085,3.66489890862336
C49H3.6,0.0266484186069934,2.90339832299914,5.79263915785329
C50B6.9,0.0274435134804828,2.69702858099843,5.45378675334862
C50D2.9,9.43100746176156e-8,5.90026609883335,8.54134603371366
C50E3.11,0.00000267023901898507,5.14191157311201,8.56151617396702
C50E3.13,7.07460882392445e-7,5.97938217540146,6.79145364694844
C50F4.6,0.0473482682352763,9.48512612869411,-1.1415187014071
C52E4.5,0.0427185599012228,2.54622501638123,5.18647250854609
C53A5.16,0.0245851509203149,5.85528875082876,3.65928263984129
C54G4.5,0.00486423607684449,6.99615647209463,-7.88327261062504
C55B7.11,0.0266568696351598,7.52972206409731,2.21236714959427
C56A3.5,0.0137190665552635,8.81459081951493,-1.4905691108662
C56A3.6,0.00188335114398982,4.5064885974694,5.44834022113793
C56C10.10,4.08573832607938e-9,6.08918690887364,9.5660995499872
C56G7.3,0.0179416831082343,4.1813171257771,4.69903983014587
cap-1,0.0000379409179916668,6.99225654898267,4.96329159574024
car-1,0.00347636405658241,8.51727051270526,2.34027518117445
catp-7,0.0214569234923354,3.44299021891014,5.96948248727567
cav-1,0.0249686483687772,8.47737599565103,-1.54247105891864
cbd-1,0.0116027002143087,7.99039153379834,2.86442869638286
ccch-2,0.00000311215561746659,6.55659897286786,-8.52423342491536
cco-1,0.0307243219560349,8.92621911731939,-1.23726308725559
cco-2,0.017890483554775,8.99724702949369,-1.53066856681957
CD4.3,0.0330859485565785,6.13398963170253,3.44492955762914
ced-6,0.0000201653615338964,5.37864066989901,6.28232264416434
ceh-31,0.017378477591913,4.93790326704713,-8.34638424702125
ceh-38,0.0383681642277775,8.44749674613276,-1.13879658129045
ceh-5,0.0179831550298574,4.86097177936099,-8.2560203057735
ceh-51,0.0423154400385433,3.74631390339503,-6.97049491159276
cey-2,0.00454833347779118,9.97814312441709,1.81830275967488
cgp-1,0.0363019271687815,7.38165477134842,-1.51745063961631
cil-1,0.0161416957671966,3.12887508345377,6.12937817697282
ckb-1,0.041940218847252,3.23958620298854,4.6325415654334
clec-87,0.0283694348377631,11.1641352771232,-1.15901085603845
clec-88,0.00931272378155576,11.2934813066596,-1.5311428874772
clk-2,0.0043444243434763,3.9926692635079,4.57209191344943
cln-3.2,0.00341515692762641,5.08762619305521,4.91118396005506
clpf-1,0.000368076560111996,4.8920352767628,5.49814921420419
clu-1,0.0456942566067851,5.61870999877733,2.45617524025682
cmd-1,0.0466264005609295,8.78740590315182,-1.17478044082478
coh-1,0.00217439652557453,4.39950578593499,4.62394405005712
col-84,0.00277721232185112,5.91821582229228,-7.25045405703674
com-1,0.042525429613659,6.5970058374337,-2.27801812972269
coq-2,0.0123865067909538,5.89034757700674,4.1231883239502
coq-3,0.00215658040851266,4.27273889247202,4.76392975789849
cpar-1,0.000559042111318325,4.6559807939768,5.7857026301218
cpg-1,0.041445299656753,8.74263462277437,1.57363642409465
cpg-2,0.000835194563372992,8.29548934245158,3.89052804986097
cpg-3,4.21328872858147e-12,7.41445081152417,9.39417055413817
cpna-1,0.0489865583097579,2.84901628611803,5.69849762886349
crn-6,0.0109075358773196,3.66599764883174,6.85195574192609
crt-1,0.0391288809769004,9.62253437369777,-1.2458136948569
cup-2,0.0328005803137647,9.06913786443166,-1.23286112208505
cyd-1,0.000439188508863344,3.85809500477542,7.09302318056564
cyn-5,0.019206688587537,8.88697962271843,-1.63529941163737
cyn-6,0.00583156599230861,4.14940730662037,4.89084896397826
cyp-29A3,0.0406869404432868,3.48054627218025,-6.62363101819349
cyp-31A3,0.00000188602979442316,5.62701919665031,8.39244225991857
cyp-31A5,0.00904975998080198,5.57295686861287,3.51289158517905
D1005.t1,0.00320191633716589,5.48948987504223,-8.93623639488823
D1025.2,0.0439604258929423,3.65929919917729,-6.86499271442578
D1046.3,0.00852782860636564,6.2967483457618,3.60439389167089
D1054.17,0.0023312435374188,5.015558292808,-8.44123727852783
D1069.4,0.001176419057337,3.64695903717946,6.82932491960377
D2023.5,0.0175787996236364,5.48345368528436,3.6861092069667
D2023.6,0.0122242539562926,7.1201025422591,2.7334913984737
D2023.8,0.0197753182715939,3.43406768367057,6.55346512694897
D2096.5,0.0110378566461473,3.83519418239794,7.06344454636579
dap-3,6.59668012956594e-9,6.23294484964856,8.89235255962035
dars-2,0.00000329906519533227,5.67222852088751,6.89891904527855
DC2.3,0.00476524853410399,6.61044132107813,3.47254678262663
dcaf-1,0.0275334881169171,4.71573811117955,3.08872347740938
dct-13,0.000843883028960588,5.01749161518513,-7.08910005983749
dhhc-1,0.0418855152618596,6.91771546370876,-2.37297010114819
dhs-8,0.017436605358321,4.88516872992289,-8.28461630257597
dnc-3,0.00884110594715894,8.63896062254915,-1.56169784440423
dnj-13,0.0293953614220114,6.94009165643316,2.89949170152989
dnj-4,6.9168429435038e-7,5.89674330253999,7.80190195162999
dop-4,0.0168157450289941,3.17459144582238,5.46723863318228
dpf-4,0.00973517713811755,5.77506270028762,2.8167496493203
dpm-1,0.00868889136155387,7.46717249392693,2.67465330588439
dro-1,0.00045041267305728,4.11311227298917,7.40043397746613
drsh-1,0.00256357964078168,5.08462296556644,4.29747586191956
dsl-2,0.000142406124823058,7.31006051619346,-5.99091373487308
E01G4.5,0.0000320957644225162,8.11567021602186,-5.56261744491854
E01G4.7,0.0000142592022741347,6.95855412964572,-8.61750466091605
E02H1.1,0.0157280521353666,7.36867456975678,-2.08583814560103
E02H1.2,1.1054363781704e-9,6.63207294650331,7.85698054241661
E02H4.6,0.0225490966828077,5.67682178745563,3.73642186942365
ech-5,0.0385703044049889,2.65465440015041,5.38142438266944
EEED8.12,0.000739736751800511,5.63376735116988,-3.87031612572361
EEED8.4,0.00000638814860868176,6.37718212493202,-6.3146830268324
eef-1A.1,0.00183548740668197,11.0520655267404,-1.83815282926697
eef-1A.2,0.000219432813632699,7.99209109462305,-3.77883340354369
eef-1B.1,0.0065953566571291,10.6406200243332,-1.53409476584794
eef-1G,0.0113319189556878,11.0423662562464,-1.91662341927045
eef-2,0.00816958411748858,8.58825751366933,-1.56778124315501
egg-1,0.0000512301602084215,6.24768334254632,6.53578464096284
egg-2,1.31633524441716e-7,6.15215619516058,7.94274049408396
egl-21,0.0260675997628664,4.5535685340578,-7.9130001916654
ehs-1,0.0411539672194822,4.89637546450986,2.95795327747968
eif-3.F,0.0383972229248438,9.67783620071969,-1.36385122990082
elb-1,0.0249780059525492,5.97329270745962,3.03977236033271
elc-1,0.0429561464267611,2.89014659695551,5.76387416687694
eng-1,0.00103668185481321,3.7317539542835,6.93668688663339
enol-1,0.0178649265547062,9.21410029863971,1.52020583139769
epg-2,0.000390205797288883,6.20340573084006,-6.17213129871817
eps-8,0.00287399211215667,3.26578775843394,6.3225846383529
eri-3,0.01274544926597,5.34280804236498,3.43303324775812
eri-6,0.00728664833947879,3.83405545576371,7.06159404777005
esyt-2,0.00582037702219382,4.18779079418153,4.35134391098014
exc-5,0.0466723008675649,3.16561022538947,6.17919456015921
exos-1,0.0322650107415316,8.43085295423616,-2.06762379414328
exos-4.2,0.00376397617997693,4.2813324494855,5.33737779854355
F01F1.3,0.000939720732095809,4.23494881291863,6.1060085243269
F01G4.4,0.00395871848896509,4.4868121631233,4.28405152860411
F02E11.4,0.00144894144040085,5.66581670901723,-9.12496433010338
F02E9.1,0.0239559642835783,6.7182771885769,1.84706567270716
F02H6.3,0.00347295018688161,6.95868616264639,2.77439500669816
F07A11.2,0.0000174181930946757,5.32642151824416,7.85798123654692
F07H5.3,0.0369594286363571,4.24470038985708,-7.5616022249348
F07H5.5,0.0374569634479141,7.47778957541908,-1.60468671626571
F08B4.3,0.0340118814307017,3.8314365474141,7.05832924104085
F08B6.1,0.0000384554650384455,4.73709330152091,8.11688639139307
F08G12.3,0.0200932953696087,4.91567906557622,3.3184650930772
F08G12.5,0.00000825185194926741,5.00312558544863,8.41052238050481
F08G2.11,0.0221882641818533,4.69470512417509,-8.07374082630999
F08G2.8,0.00700541705940048,4.87681536979274,-8.2818894205717
F08H9.3,0.00131198150214907,6.70335104564439,-10.2016533119329
F09E5.14,0.0228123420861053,4.67385101119347,-8.04822704860139
F09E5.8,0.00793900715836154,5.59294934384045,4.08725195500968
F09G8.7,0.0000601362398755628,4.51117264284914,7.86307450644499
F10G2.4,0.0147291705616083,8.60431989534933,-1.86681140516264
F10G8.6,0.00278256761721786,5.30915074091273,4.51857217326959
F10G8.9,0.000129630239332138,4.9369654214838,7.158977364365
F11D5.1,0.0231850539797907,3.140488197743,6.14701793642224
F12A10.8,0.0000306574934161641,4.83303724273891,7.75094885068169
F12F6.8,0.00808689415393925,3.70268548884521,6.8973301675642
F13B12.1,0.0362498175551762,8.15812887084861,-1.20807753108742
F13C5.1,0.000529519697277845,4.16563293766961,7.46266084271758
F13E9.1,0.00494632093451028,7.48683410723758,2.60410893549695
F13G3.11,0.00465333745227659,5.97895547328917,4.11729038474975
F13G3.6,0.0123607841524116,7.61578912952005,-3.82475438207861
F13H10.9,0.0404384583519793,6.74008253322304,-4.99752396872739
F13H8.9,0.00189486094512992,4.18303855762682,6.62152454972009
F14D2.16,0.00178901171065984,6.4912954087898,-9.98410821294806
F14D2.5,0.0176462589403436,5.04605145313767,-8.47812923995091
F14D7.17,0.0236197844841173,4.64266857541767,-8.01330304952387
F14D7.6,0.00661597121780321,5.58302640009891,-9.03653709364116
F14H3.4,0.00416563642547971,7.08888962066025,3.47346256408456
F14H3.5,0.00263273884320532,5.3620249787578,4.40034894899821
F14H3.6,0.0000565346114373489,8.85122543890793,2.37044336762056
F15B10.1,0.0218906870864413,7.68628820511708,2.53686303701884
F15B9.10,0.020144229093027,7.22278205064724,-3.10528503720179
F16A11.2,0.0128498217019547,6.05232291414244,3.23567652319062
F16B12.4,0.0000501534836773656,4.86693659413842,8.26135607056036
F16B12.7,0.00293785703687864,6.0062995463196,-8.1385635353432
F17A9.4,0.0149553895842426,3.12518576304654,6.11989573151704
F17C11.4,0.0118951538930204,4.79927883636817,5.14616427410585
F17E5.2,0.00599359433636423,4.1911276651491,4.71515544074855
F17H10.1,0.00885078849326343,4.7700926701027,3.86690005882183
F18E3.13,0.0134024108426859,4.3043795067295,-7.63319590962816
F18F11.5,0.014573467308595,2.75532080419521,5.55018724816875
F19C7.3,0.00540120239290127,4.45402837655112,5.93172135162073
F19F10.12,0.00867286170272576,6.64042564316471,-2.65942491111902
F21A3.5,0.0363522760485343,3.26538735250304,6.32661076129996
F21D5.4,0.0000226440146084376,4.97979276541768,7.6177902637853
F21D9.5,0.0301329871169992,3.20419086398797,-6.25483190309644
F21D9.6,0.0040963380675215,4.75300072954802,-8.13840393864383
F21F3.4,0.000112782124344038,5.10693799794984,8.52391090735961
F22B3.4,0.000253953397951164,4.53844140622457,7.8948308872632
F22D6.8,0.0178285081541503,3.23991618896398,4.78772143959372
F22D6.9,0.0067461922889965,3.53302465503748,6.68333385806186
F22E10.6,0.0113868843520562,5.21626610620463,-8.64486921824385
F22F7.1,0.0123410073829126,6.0249688844161,3.4240674214054
F23A7.8,0.0301514256049044,11.1790536263076,-1.26938004570734
F23B12.4,0.0000951848112052224,4.26550964325597,7.58062636303509
F23C8.9,0.0102087892400357,7.27871310844309,-1.88057795456372
F23D12.4,0.0250295655238152,3.77585418687189,5.03364455268655
F23H11.4,0.0256195877137375,5.90484844522379,3.2249373137348
F23H12.3,0.0306620203371841,2.46248353332478,5.02356884538794
F25B4.6,0.0302025420686575,3.90684543568109,3.64331143876672
F25B5.5,0.00119837806006985,4.04920610546011,6.67210910458284
F25E5.5,0.0244776642459288,3.01205620767232,5.95607800729965
F25G6.8,0.0473861689762655,7.5705998438668,1.42627507639828
F25H2.7,0.0322131452304408,5.62694766314649,3.43365519994582
F26A1.7,0.0410170608570325,4.31397608695348,-7.67068000215239
F26F4.8,0.0074349785176823,3.53233216646065,6.67951960824349
F28C1.3,0.0191716072173382,5.35620863655614,3.80896104128737
F28C6.1,0.0149623400335197,6.57848700269315,-4.14103630426358
F28H6.8,0.00160187965601972,5.6124533462887,-9.06861471448486
F29C6.1,0.0143730693027137,2.9572842129923,5.87436833705005
F29G9.7,0.00000527982233287091,8.08295803221872,-8.95139696445445
F30A10.15,4.51094668702101e-7,5.5630613785628,9.01313631370316
F30F8.10,0.0017386158765257,4.64158674055839,5.5111505445083
F30H5.4,0.0422912142697494,5.37598552728358,-6.35601451627003
F31D4.5,0.0133678626022501,5.32472818109151,-7.53784877723695
F31E8.4,0.0111321545007421,8.03496249323217,-2.07211157362626
F32A5.9,0.000125561370135581,4.39881376755114,7.73443963327625
F32B5.6,0.00663396797652408,4.30817787642874,6.05980484008327
F32D1.11,0.00768366951541785,3.09849840747579,6.08215778543358
F32D1.5,0.0108312775932373,9.36740738955629,-1.36446003524372
F32D8.11,0.035390904506119,3.18745409126039,6.21568288016408
F32D8.4,0.0000431765200447413,5.76467221959739,5.71136858461547
F33E11.2,0.00131897941539516,6.22781293675939,4.70378202010959
F33E11.6,0.0356611315706955,4.97643828511908,3.70490939023934
F33E2.5,0.000134804176140621,4.57542286801244,7.93535907243367
F35C11.5,0.00827185805631279,7.7795479945017,2.25585114292755
F35D11.3,0.00348980056562917,3.71226905098107,6.2986979246451
F35D11.5,0.0226961952611194,6.24158792170302,2.82703926837855
F35E2.2,0.0125990030001108,3.45031665373033,6.57282187513598
F35H12.4,0.0237027019684845,4.83009088593564,3.39902947278744
F35H8.4,0.0348904314561407,4.69644162173689,2.94958320471019
F36D1.9,0.0335136167788038,6.54044383477056,-3.72935418846805
F36F12.3,0.0448335774622329,3.58358827110959,-6.76492567164803
F36F12.4,0.0248899678474715,4.26918519150564,-7.59644566701733
F36H12.2,0.000556163106507465,4.28009253274508,7.59657355608953
F36H5.10,0.0103466140067191,5.28313762612256,-8.71680135732989
F38A5.2,0.0322604572549517,6.46751123230505,1.93373258051246
F38B2.4,0.00259922755391278,4.10972208569206,7.39579278692453
F38C2.7,0.0000271697853833181,5.73212380827542,-8.50494152820697
F38E11.9,0.0488316489015118,3.51188270786223,6.65437033669858
F39B2.7,0.000167804630666715,4.2514253624955,7.56451120191201
F39E9.16,0.019814844297116,4.83064999256205,-8.22874023851646
F39E9.20,0.021004430344004,4.15578342793621,-7.48228469847405
F39E9.21,0.000111044467710765,6.19086621714998,-9.67913839611834
F39H12.1,0.03271824577046,4.86445897414376,3.29671848519586
F39H2.3,0.00328369091204817,8.05605864765249,1.90575811378643
F40G12.11,0.0408555981463726,7.09307758367068,2.87599466644941
F40G9.2,0.00300531939432546,4.96893386106834,4.59613820894339
F40H3.2,0.049545723125141,3.97630626956951,-7.24394702008827
F40H3.6,0.000862916187853801,4.02606378195472,7.29670574439223
F42C5.9,0.026681032563599,3.38924880519505,6.49509842864097
F42G8.7,0.0125880518213539,6.59501145304497,-5.07670865946707
F42G8.8,0.0312483225089251,3.93116100704303,-7.22259885848858
F42H10.6,0.0031343040101287,3.64873270238824,5.69524893669406
F43C1.3,8.23778430282886e-9,6.19977499383807,9.68109969026198
F43D2.2,0.00000105754889516421,5.59955603079275,7.82268011003935
F43G6.5,2.74822576927332e-7,7.37132919066558,-9.00459093870377
F44A6.4,0.000498400603034312,4.1849477213217,7.48520791356744
F44F1.4,0.00019747044131455,4.37792699173021,-7.29518678796938
F44F1.5,0.00437317818388584,4.7494677295053,-8.14143316795231
F45C12.15,0.00850733381837356,7.5897039186979,-1.99311067707345
F45D3.1,0.0000432977990531368,6.52696293035571,-7.13288844119244
F45G2.4,0.0343332062670435,8.85842452132546,-1.34734840439019
F45G2.9,0.0472631694398514,6.59978705113838,-3.63849205807618
F46C3.4,0.0159169946223984,4.24806041287384,-7.57035186644669
F46C3.7,0.0175301441522058,4.88151728540041,-8.28060022862656
F46H5.3,0.000119841887931522,9.23786723232944,-2.6251652343526
F47G3.3,0.00000176298162173513,5.77089176868477,7.62590595895566
F48F5.6,0.00968284426927722,5.4766132584358,-8.93659324078626
F49D11.10,0.00140542657270584,4.34485339223382,5.08131073278392
F49E12.6,0.00990099783855244,3.71615201964565,4.89354859024653
F52C6.3,0.00615749182849551,3.59390077309301,6.76044957444088
F52D2.7,0.0000375661154093137,5.49936312619861,5.17145384846961
F52E4.5,0.00662084499414208,4.13986704944674,5.27902689487001
F52G3.4,0.0248287507070432,4.03629868723404,-3.17451464777495
F53A3.7,0.0396778733262457,4.36183589338782,3.34413094872371
F53B1.8,0.0448245777719559,2.92015943189909,5.81603366410212
F53C3.11,0.0400505675278435,4.2144143907741,-7.53261163343763
F53F10.2,0.00019487161273243,4.88214116302789,6.59577111394169
F53F4.16,0.0164706852070659,5.30909556972255,3.99767537773756
F53H10.2,0.0150647132720484,2.98823267920352,5.45542069341144
F54B11.5,0.0000181001723925078,4.805442184183,8.19301088884348
F54E12.2,0.000012165113750337,5.10344375953098,7.72360002675698
F54E4.3,0.0270756063601833,3.01564221557644,5.96577386819633
F55A12.2,0.00000691093550720548,5.84789797114516,9.31378011647977
F55A3.5,0.0297538116667796,4.62070106666726,-8.01441216314451
F55A4.2,0.0403464438931137,2.95432888859918,5.8669030724665
F55A4.8,0.00498845762133347,3.63959632602452,6.82036097076024
F55C9.14,0.00866612977981001,4.92810991846252,-6.78687390695019
F55G1.7,0.0170415602744468,4.11158689306476,5.68165364459606
F56A8.3,0.00338469332055666,7.99053094864583,-1.9136392440629
F56A8.8,0.000151422044239807,8.28004839835439,-4.81146302360534
F56A8.9,0.000304618763746867,3.91295070069358,7.16108783496739
F56B3.8,0.0271659438156403,5.46923622233708,3.18056065000044
F56C9.11,3.54211032836738e-9,7.08526839951063,6.65490509032778
F56D2.6,0.0448755165522339,7.92045929987107,-1.46823530074222
F56F4.8,0.02230250489372,6.58687701506859,-4.1788748131245
F56H6.2,0.00429890366805052,5.8889733389711,-9.35772949258485
F57B9.1,0.0000234939800371491,4.70647649624602,8.08265013076755
F57C2.5,0.00317362991466305,7.8892654715415,-2.09580154851934
F57C9.6,0.0293726949956859,2.9288754666416,5.83036895526948
F57G12.1,0.0167388716362768,2.65263818555674,5.37467034989915
F57G9.3,0.000422931845086547,5.97934834104923,-8.06862990160245
F58A6.5,0.00137245647513152,5.60128907058192,-8.56117096116675
F58F12.1,0.0219673444560493,8.9862840434913,-1.61439752589837
F58F9.7,0.0247420074192328,2.79064561074419,5.60661247069382
F58G1.7,0.00934439359610604,4.41749718780254,-7.76605693302543
F58H1.3,0.00402327206076279,7.56690690697912,-2.60375379398463
F59A3.3,0.00211679651916942,6.45710606703402,3.28751106660494
F59B2.2,0.00320215706412039,5.97041568538655,4.53837727146723
F59C12.4,1.83144442683218e-9,9.61110325475744,-6.47414764508795
F59C6.10,0.00110243958089992,5.34959603874378,-8.78954700875429
faah-1,0.00681003185308529,3.38753101866679,6.48965764978826
faah-2,0.00808114500804571,3.44683147712862,6.56853620001528
fat-2,0.0434153004545627,2.98139743314899,5.90735029601091
fbp-1,0.0000485493312779084,6.96607701288653,5.46679212595992
fbxa-107,0.000285365465423765,4.10692958392863,7.39437217170595
fbxa-108,0.000141303120926035,4.94304196397474,6.62558019279886
fbxa-120,0.0155745116779141,2.91734094945046,5.03214083838478
fbxa-13,0.00318188840727311,4.26775357826406,7.58164122542855
fbxa-143,0.0297541860751934,3.34237623228093,6.42809754791909
fbxa-167,0.01464917099983,3.53422367100955,6.68240903916558
fbxa-172,0.0311626152413754,4.42496221731552,-7.34151518256724
fbxa-181,0.0200303878331764,3.79396483660909,4.63328769808354
fbxa-197,0.0000200410420284502,4.90483047252023,8.30277877923709
fbxa-2,0.00157568668164015,4.27478721526786,7.59017853040007
fbxa-43,0.0448934286875923,4.06794023682506,-7.35028124428004
fbxa-76,0.00483568564885954,3.82729322564823,7.05430299120535
fbxb-102,0.0499266457790476,4.01473728984604,-7.29733159698923
fbxb-103,0.0000356230655122594,6.70550652053173,-9.66106894639382
fbxb-104,0.025668135232094,3.82414159061807,-7.05607620467396
fbxb-11,0.0121482052653819,4.5523194508141,-7.91816899512282
fbxb-118,0.00638324396649855,5.19341137134068,-7.54878382475974
fbxb-119,0.00289405601398052,6.57509213572472,-9.17746595885819
fbxb-12,0.000232119876916582,5.81162849198414,-9.27956534233983
fbxb-15,0.00316241182579717,7.92569519245551,-4.47206152610921
fbxb-17,0.0000236151783618267,6.20099335636549,-8.35226138260459
fbxb-19,0.0160101379487847,4.95432698955119,-8.36048008234822
fbxb-2,0.0346101071094164,4.25814601940308,-6.45613456061875
fbxb-22,0.00536453573094995,4.57081165983173,-7.25038334492597
fbxb-24,0.00470604022626232,4.90619864195385,-8.31150998798792
fbxb-3,0.000615398978331765,5.14364706381639,-8.56832818148003
fbxb-31,0.00365507993259649,4.95358344799903,-7.11480534010827
fbxb-32,0.0440382879722718,2.9948634493286,-5.95408748082819
fbxb-36,0.0387582602186916,4.35604235494986,-6.51712356563589
fbxb-57,0.0315778357550675,4.27908436690319,-6.61866336795568
fbxb-7,0.0279392013205916,8.34592499722377,-2.20835014722342
fbxb-74,0.000341883263768214,5.68354471475006,-9.14511096839356
fbxb-75,0.00898455157531478,5.40849928464867,-8.85380280260079
fbxb-78,0.00100995625453511,5.8751380826951,-9.34488908727797
fbxb-80,0.00020005515730479,6.88075368088357,-9.31593374928639
fbxb-85,0.0119220977869864,4.83481992543219,-8.23330748927877
fbxb-88,0.00482222088217757,4.97207580418775,-8.37928976975656
fbxb-90,0.027545424671404,3.96118841423711,-7.22594574147432
fbxb-91,0.0000688453702621635,6.2387226252827,-9.72305046071714
fbxb-92,0.00135731228253353,6.21146259837134,-9.69408591619892
fbxb-94,0.00915596896942354,4.10939366580616,-7.40819368151006
fbxb-95,0.00395631576726346,4.92296649378859,-8.32730430393502
fbxc-32,0.00618982543922147,7.16640368444968,-2.51941528027331
fbxc-33,0.0129276209042156,3.24376310265028,6.29419597316373
fbxc-37,0.0282496888644851,4.37135232896382,-6.7217357942602
fbxc-51,0.00826274294428969,3.42728850133607,5.58009736317007
fipp-1,0.00583455881492185,5.38954256983902,-4.23584356556793
fkh-3,0.025045678057419,6.24903982056512,-2.06536597625247
flp-27,0.00760567171505957,5.49425685332086,-8.94234283225044
folt-1,0.0231308533194414,3.45112216096913,4.9749296378525
ftr-1,0.0011156278931909,4.0357961169215,6.32906837627744
gei-4,0.0108747899849574,7.8249017911878,-1.57029767193885
gld-4,0.0176278493949569,6.83637918025717,-3.42518647011699
gln-5,0.0048684848950617,7.07405853408413,3.48279969913868
glna-3,0.0012138027521282,4.37056921166516,6.65877019709697
gna-1,0.0162353726342228,4.43678859832005,5.53610384187415
gob-1,0.000368298315187332,5.71430600848896,5.53229732590621
gon-2,0.0140811835897169,6.34508320727622,3.31527699232829
gpa-4,0.0344029199850116,3.46016480108773,6.58415767809508
gpd-4,0.0400028239198869,6.66363884002257,1.67983075894128
grl-10,0.0126207141925267,4.00591503272192,7.27445557433131
gst-1,0.0346326267501152,8.28503849187485,1.79391554966416
gst-25,0.0409959006692244,4.14962974173279,-7.44717156888767
gst-5,0.0421192321846566,4.62659056209948,3.20510559621945
H02I12.5,0.000207702070209505,6.84825174759861,4.70929099704285
H04D03.4,0.00132305950159525,5.059137226646,-7.98083112832748
H05C05.4,0.0493449688064847,2.79829801121778,5.61721359469033
H14A12.5,0.00430751184538984,4.38320491651084,7.71797651207024
H20J04.9,0.000141491320723772,4.3768811095085,7.70905904081039
H24G06.1,0.0434454161057181,3.34253840419631,6.43144855888178
H27M09.1,0.00388134170040894,7.23569283100022,-2.2197816032086
H28O16.1,0.0328000176705815,9.53385045652557,-1.27701244505809
H31G24.3,0.00000562632347932589,5.32106590678633,7.85715209248249
H37A05.4,0.0217103802618753,5.96919733467416,-3.48086507970934
H43I07.1,0.0243406956142807,4.55613820135977,3.7943034063928
haf-2,0.0030204380592828,5.89441583866426,4.48835511526698
ham-1,0.00475851868348988,7.16132007110732,-6.98107416095221
hbl-1,0.0334684287932572,2.6492201438454,5.36936049982554
her-1,0.0484645152372169,2.95273226260745,5.86574864604858
hgrs-1,0.048899771599452,8.77375202193058,-1.78462749530793
hil-4,0.024053755605257,10.7056905372422,-1.57947817182156
him-6,0.000273952324722988,4.19428971991305,7.4972901110019
him-8,0.0220757856704068,7.67220300232307,1.72470364639824
his-11,0.0403890790915007,2.58833473301516,5.26491184410474
his-18,0.0213368331834134,2.76806753044471,5.57339779542859
his-24,0.0049228386337133,4.45847185886612,-7.81535824078856
his-42,0.0151869129323233,4.99532335285096,-8.40528943204045
hlb-1,0.0200609397189831,3.58566172326975,4.23494120591998
hlh-11,0.0105510313041278,3.10782142274883,6.0965604473604
hmg-1.1,0.0338213914260405,9.94493851813709,-1.13285294239927
hmg-11,0.00930982538807433,4.21157891050843,-7.52609132400785
hmr-1,0.0352827416161139,7.22596738394969,-1.75734171640749
hnd-1,0.0333165277962532,7.30290101372848,-2.05728274055047
hrg-1,0.0141553089144171,4.53232134866476,6.60700297464496
hyl-1,0.0229727930682537,7.73069113611573,2.22531543649466
iars-2,0.0113133937926951,7.58047103455531,3.86603763496575
icd-1,0.0481834386947611,10.2582894060518,-1.23362092437876
ife-4,0.0218655401061922,5.12533531329541,3.97019717277098
ife-5,0.000232674384276533,4.3514509569013,7.67941280069658
ify-1,0.0205304273431082,9.5232036924714,-1.20801730250409
ima-2,0.0163135218060293,8.77576444709551,1.3667527751741
immp-2,0.00231264542023667,4.12697957619351,7.41902863509477
inft-2,0.0366175452915114,5.28320623685377,2.7662473996008
inx-12,0.00445348083675112,4.70983655424946,5.40900522792482
inx-21,0.0196966007419566,6.39870653200488,2.99389895348431
irk-3,0.00290563556758248,3.64717255093803,5.74382236401317
isp-1,0.0452883774089043,8.79312727028233,-1.24463318582366
jamp-1,0.0431795216895151,7.51240557323442,1.60748605500746
JC8.4,0.00348933835988331,4.1670788155641,4.65897614514506
JC8.5,0.000108362898713608,5.85073329453023,5.36411009009815
K01C8.7,0.00722070724636498,8.35215755358285,2.33513160724544
K02B7.3,0.00138804235364678,3.41588507388642,6.52642647720216
K02C4.7,0.0121121616047987,5.31625294735149,-8.76688573383717
K02D10.4,0.00176970927337963,4.04721392684999,7.32180655108567
K03A11.1,0.00283657014576911,5.6272841168407,-4.62881978881709
K03B4.1,0.0183481200509029,5.58594710383184,3.29986002332243
K05F6.4,0.0299435138409359,3.99233636887864,-7.29609664186238
K07A12.5,0.0112363295455542,3.11068229010805,6.09932523894557
K07C5.13,0.014602488757519,3.77193056953986,6.98594061085535
K07C5.2,0.00000881475122023877,6.08408103310521,6.82609420343111
K07D4.1,0.00490855920128749,3.5372208009762,6.68736273931037
K07F5.12,0.0298652096649759,6.92125641450366,2.38667181496699
K07H8.3,0.0268260218060655,6.54100592991762,3.45126435348515
K08A2.4,0.00681737968215836,4.30615802406813,4.60974330460627
K08E4.3,0.00431974236337939,5.76647011285045,4.50388122290146
K08F11.7,0.00556148663087969,5.14062458013834,-8.57757698597761
K08F4.3,0.0000084134758721237,8.04162843221705,4.92931472174059
K08H2.2,0.000823187839814777,6.73827802334354,-4.81415776652032
K08H2.4,0.0252762812857777,6.30050773594506,-2.95787591560376
K10D6.2,0.0137892089350632,5.0783556555397,-8.49568961333547
K11D12.5,0.00663731042763714,7.69013737436604,-2.3434798635233
K11D12.7,0.00108214698964151,3.79680772074815,7.01662645604492
K12H6.12,0.015606295643809,2.96296706781706,5.88021197174761
kca-1,0.00913116456173399,4.86323973978307,3.93479264416886
kgb-1,0.0136635794162565,4.10470366323302,4.102849988657
kin-10,0.0305323047118342,9.40096960983266,-1.3001633063051
kin-33,0.0488247689893068,6.9270445299916,-2.99251122052225
klp-7,0.0371754782028869,4.40365046750565,3.88989609537396
lact-9,0.000598136254069481,3.75091602110829,6.26508827268192
lbp-9,1.48311621563967e-7,7.29650557232229,5.8966047346534
ldb-1,0.00810093272967806,4.55663222989282,4.78792083773075
ldh-1,0.0241852626074602,6.06583803458461,3.31843542885527
lec-1,0.00969446080441285,6.56753477906162,2.90469768876928
lec-4,0.0034182403405987,3.98712463643596,7.24991303060775
let-60,0.0182264926396193,7.25167400502759,2.22238640571806
let-721,0.00745724754716487,9.28962490636436,-2.45678156758885
lgc-40,0.0216109783070637,2.61422087578648,5.30715718230361
lgg-2,0.0394365664572632,9.72759052507897,-1.23145316481979
lgg-3,0.0385611809116165,8.45706876591639,-1.63821106736829
lgl-1,0.0123404267235814,2.86868659433612,5.73756027756176
lin-39,0.00127084216168544,3.76128290036442,6.97327959205691
lin-41,0.0000254560248793258,4.69991063731437,8.0757179317733
lin-45,0.0298615084178874,6.51323417574429,2.1243601875647
lin-7,0.0135496042473998,4.10656523970918,4.83285850215376
lip-1,0.000193007864747679,3.99259673533962,6.56266276990714
lpd-8,0.023788740225627,7.50040598574009,2.56419005151962
lsy-27,0.000149924383671482,8.11547330451096,-2.48909904598578
M01E11.1,0.0000324663752826275,5.92772874599804,5.43955993994028
M01E5.2,0.000125490729480316,4.37300466977333,7.70556671585393
M02B1.2,0.0449133058048204,3.13600438365843,6.14218853834774
M02B7.2,0.00107132955057796,4.23960021652862,6.51006301235345
M03C11.6,0.00479510791189751,3.22767707382007,6.26687807804113
M04B2.4,0.000120051753770979,4.25265490134246,7.56537560898882
M04C9.3,0.0000201788271560925,4.68532128509196,8.0593766233727
M04F3.4,0.0473837106511231,7.32570054031952,-1.63345698524865
M05B5.4,0.0170256279540092,7.18003547377458,-2.45906693770193
M05D6.10,0.0149272069409504,4.37701705026347,-7.71506979454414
M106.3,0.00123387082329242,7.58534117834403,2.8721329691563
M116.2,0.0186960572562522,3.60797606538625,6.78144334168578
M117.1,0.0377935553747626,2.9292901059526,5.25330126656216
M117.6,0.0264618694247755,4.02213564575737,4.20345836369713
M142.8,0.0218691654242005,5.05436941546217,3.87097402222351
M151.3,0.00144564870385708,3.51139959859477,6.65436072711625
M176.4,0.000759362759209738,3.74293435687977,6.95140257216723
M60.6,0.00444034024735126,4.02378899435407,7.29394902585578
M70.5,0.0309191775157829,2.99556396677222,3.73818112222795
magi-1,0.0266937259347171,4.87534748891874,3.03209074620127
mai-2,0.0483276245885808,8.66646913659529,-1.25240133054962
mat-3,0.0284868335708799,5.97209422783994,-2.36908028694084
math-14,0.0498289892970027,3.96969620962807,-7.23597964198565
mboa-7,0.019544502768016,5.14339620070226,3.53773096611456
mcm-2,0.0478496170695863,8.52454202778544,-1.13987811544831
mdf-2,0.0383147061648581,10.6305588730219,-1.12132402570664
mdt-10,0.0218152162279691,6.94818100664277,2.34277753131112
mdt-27,0.041675648179743,7.76058607127089,1.39040336893135
mir-260,0.00156019863257982,5.76582969081624,-9.23737120335897
mlc-4,0.0203704677079519,9.1075008190733,-1.42438500009612
mmab-1,0.00723943263180302,6.66983121427502,3.08598173655825
mop-25.1,0.0409489894288959,7.38219045164964,-1.83617174678625
mppa-1,0.0136469748876465,3.33867220988563,6.42085378895579
MTCE.10,0.0250180586130077,3.27076934437836,6.32591913983614
mut-2,0.000731749245884361,6.82414769384655,4.29498982240417
mys-1,0.03938162591732,8.17222274933446,-1.59352333827483
nab-1,0.00520202255636918,4.40286741054111,7.73936494623064
nac-2,0.0289297455423344,3.31306661432935,6.39112924577632
nars-2,0.0000306290329117444,4.67805437399476,8.05092337713279
ncx-1,0.0309476715839172,2.6184567334524,4.6753138704052
ndc-80,0.0162172042383286,8.09223903387822,-1.61524964126021
nduf-7,0.00216428568129102,9.91108010502855,-2.01897058790917
ndx-2,0.00713016532141043,3.48710640554045,5.43772820224152
ndx-7,0.000221267610434372,4.57438642306781,6.52753612265677
ned-8,0.0408573136825613,8.17739799656674,-1.3218883628539
nex-1,0.0220991137476524,7.11955588572634,2.20355616882682
nhr-100,0.00402764432754864,5.32133630970196,4.17637958359976
nhr-102,0.00457320390182924,3.78525154740198,7.00188759347608
nhr-145,0.0383472309856525,3.10854990021335,6.09867396500794
nhr-161,0.0115286180418751,4.89030727877538,4.52256421340455
nhr-182,0.0071180361246473,3.59460325238885,6.75946978418892
nhr-19,0.0022846848996181,4.08707575420647,7.36951939922786
nhr-190,0.0226945697126307,3.33010020161228,6.41103469539592
nhr-21,0.00000363655940082836,5.06476903198413,7.80367042311497
nhr-243,0.00294516107909108,3.13708170109607,6.14061030914211
nhr-274,0.0434945640735383,4.34140305605719,-6.23502133660605
nhr-284,0.0355733148823357,2.85736301721145,5.72148342809581
nhr-32,0.00198174414435059,3.38169336017329,6.48068429826478
nhr-40,0.0000671028600437079,4.93045591828331,7.49034664612099
nhr-42,0.0119362509716929,3.43058554164741,6.54738326600932
nhr-56,0.0000727253715000182,4.72128700991016,8.09956960520305
nhr-69,0.0358292938438268,2.99642876793587,5.93463028909642
nhr-70,0.00216952312157875,3.55073785369025,6.70459316192672
nhr-84,0.00321351722447508,4.31119803207922,7.63365383246864
nhx-5,0.0374062632270153,4.28960844528732,3.26611982758155
nit-1,0.00884551014823544,5.28154300029112,-8.24300903773777
noah-1,0.0239286565733537,2.63551569223283,5.34523361325044
noah-2,0.0311815251647015,2.71420719370188,5.47967414619241
nos-1,0.00289944719908215,5.72054772566358,4.09608158608075
npl-4.2,0.0445319562159682,5.38166940512109,2.66430806744496
npp-16,0.00172340211729892,6.82239405655983,-2.84255051234618
nrx-1,0.000230878324313867,6.21070925291027,9.69252657057879
nsy-1,0.0126923043915197,4.32298573487642,3.62001356388812
ntl-4,0.00238521584550685,8.29149056394387,-2.22505056373746
oac-46,0.0166192500178372,4.92768990680218,-8.3313016601756
oac-55,0.0269509043204608,2.70570856026538,5.47025134362294
oxy-4,0.000854677885079132,3.8355640203746,7.06589117523626
paa-1,0.0397059568680624,8.77015676473016,-1.25680035636231
pab-1,0.0040154188638368,8.26186613735499,-2.23336526282064
paf-2,0.00440276660959479,3.53529020739899,5.87819041100052
pas-6,0.0165823598277349,9.57267018160809,-1.51484547055143
pat-4,0.0215035438107749,3.14449090373397,4.79834406623767
pat-6,0.0184584437546411,6.45800900344333,2.93240193018637
pbs-1,0.0173999555510438,9.07790888805448,-1.41867680310854
pbs-2,0.0378977540570913,8.68919663155106,-1.16967867790135
pccb-1,0.0290784048524611,7.69906829947322,-1.71731523293041
pdi-2,0.00314160883736064,9.00576787379685,-1.77067355892496
pes-1,0.00904530973946535,3.90247109748187,5.89607248083345
pes-10,4.3991736844841e-11,7.53283977074419,-9.29106845011364
pfd-5,0.033366942671187,9.07516005188751,-1.59368644274966
pgl-2,0.00233086340684621,5.99260603977578,4.76876258249751
piki-1,0.00233974855384811,3.7148146156159,5.1288297334829
plk-3,0.00710741942734727,4.91302012108884,4.14293405649625
pme-1,0.00142920710536898,4.28691737782707,5.60460838989746
pnc-1,0.00408601152967842,3.13899005591029,6.14298084102344
ppw-2,0.0078357159487715,2.90937612572811,5.79884187699934
pqn-68,0.0108099469939155,3.80222921002805,7.02368499451191
prdx-6,0.0000125664785543183,4.92098637385391,8.32029450560763
pri-2,0.00963033335282825,8.17710310867562,-2.10559054179336
prmt-1,0.0287462779397705,9.3148361051644,-1.17431513040833
prp-4,0.0122626113421265,4.97638904628533,3.46502470312916
psd-1,0.0202615538210118,6.22239365166163,2.68156688306671
pst-2,0.000737799974612205,6.40064927637455,4.43384863351751
pstk-1,0.0402764005651695,3.37569195931649,4.29752990598465
ptps-1,0.00191683757907429,3.91353619476213,7.16066179518336
puf-5,0.00348654036870876,9.22771909894599,1.87630481772861
pup-3,0.033585579047768,7.46533222440396,-1.65615295047423
pyc-1,0.0000337938047863039,4.83283200116759,7.95738122492791
pyk-2,0.002147707138232,5.05087387091077,-7.34433963649376
qdpr-1,0.0157251754277433,4.97413992845952,-8.38032783132429
R02C2.1,0.00243009560712123,4.39353747791352,-7.24924117295643
R02D3.1,0.0320736658664197,3.749090050985,-5.86187362795912
R02D5.8,0.000134084786414993,5.84976566644566,5.52287553806692
R02F11.3,0.00604159165736958,3.21010647927397,5.6182484491822
R02F2.4,0.00000279905270335476,6.57193323562729,5.74997354675543
R03D7.1,0.0446765217997583,6.11290312017627,2.05393847180418
R04D3.3,0.0000203507634076905,7.49439489182453,3.27381951938409
R04F11.3,0.0103528872989131,9.45732656713932,-1.86781571568422
R05F9.1,0.0426463864179137,7.89743273661134,2.19533077318264
R05F9.6,8.90688694498091e-9,6.02148168194471,8.97396556670393
R05G6.5,0.01377792042741,3.91010099666205,5.59526425620403
R06C1.4,0.00215300790065458,7.41908195921014,-5.04088604130203
R06C7.2,0.000147350432752192,4.94637384906006,7.49861318962517
R06C7.5,0.00950763065866677,6.22476961018683,3.61047397632402
R08C7.12,0.0147684595830665,3.32252045447876,6.39974659485945
R08D7.4,0.00385700926752229,4.8046527844964,4.78372098697435
R102.4,0.00879595135202124,3.6545378093038,6.83872157339563
R10D12.13,0.00746491836766562,3.52917183157148,4.58099779191272
R10E4.11,0.01582540612178,3.49378792004711,6.63426252679055
R10E4.9,0.000535359226867114,6.14774551860139,4.36140493580243
R10H10.6,0.0000010345218330494,5.65644801524866,9.1119379953585
R10H10.7,0.000133524988992354,4.68319380811212,7.21991656815648
R119.1,0.00854994247584067,2.96801862315604,5.88841941646022
R11A5.3,0.000963221300794871,7.57994050645225,-3.55552182476065
R11A8.2,0.0111151459124878,8.39921217139048,-1.95290700302257
R11A8.7,0.0199156988135119,6.76608406102032,-1.91949883844505
R12B2.2,0.000643662119008136,4.23692253595922,7.54821813031902
R12C12.8,0.0045787972572657,3.22209428312501,6.26066570450658
R13H4.5,0.0405756556773006,2.59612842279796,5.27294973518562
R144.11,0.00729132774754829,5.40342419692917,4.15953870864659
R144.12,0.0140054988627778,6.15508540029517,3.45194333001194
R144.13,0.0232493363572775,5.36143740614312,3.5243105484733
R186.3,0.000218463493101125,7.27668724328156,4.62090971057992
rab-19,0.0431574827032723,3.64449593882711,6.82557867040768
rab-21,0.0448690374496232,6.26787659342169,2.52669446643361
rab-39,0.000123026915874856,4.602595115421,6.48440141254816
rab-5,0.0312554442272189,7.28880968908733,2.87669511930349
rab-6.1,0.0058929531708604,7.16996117279332,3.08229273569513
rab-6.2,0.00714894348312365,5.20927324383233,3.63893110920875
rab-7,0.0280975021728703,5.15893714029656,3.7659507487575
ran-1,0.0490335213044401,10.3027589412634,-1.12371377509874
rap-2,0.0359029008781771,6.89885823392635,2.9368017344692
rec-8,0.0000132193459030469,5.12248337491626,7.1547006709142
ref-1,0.0173530451787432,7.12032928149009,-2.14932817066502
reps-1,0.0433220153179137,2.75160791610651,5.54228760781512
rga-1,0.038363579065731,4.3907050009656,3.85923323194034
rhgf-2,0.0172091642618734,2.88385114482725,5.75905398933094
rhr-1,0.0122865000506489,3.82131091378698,5.71877951237324
rib-2,0.0492972966869715,2.82511233207601,5.66809786564974
rig-1,0.0207013696401385,5.42772090980672,-4.63803216696534
riok-1,0.0287619798460634,8.14004485130807,-1.51111258176287
riok-3,0.00000478305091196741,5.5714293293649,7.19362006529677
rla-1,0.0314418112827957,8.54087107527905,-1.60449549439625
rlbp-1,0.000457581186141636,6.37526214616364,4.23334136688028
rmd-5,0.0139093517483625,4.49504744471229,-7.85761561694057
rme-2,1.27213441535893e-7,6.22020778515435,7.45804294980324
rnp-3,0.0435129350471315,8.30079177168269,-1.28485517833414
rom-4,0.0331491770712006,7.74727850256219,2.02383667654994
rpl-12,0.02280653864231,10.9284820892485,-1.30764778988696
rpl-14,0.0111664679923611,7.26053241394479,-2.64048663830772
rpl-19,0.0155329563295373,7.31058939677878,-2.00207389029769
rpl-21,0.00864819952719494,7.46148597495909,-2.20444147989961
rpl-23,0.0350428626473245,8.60647469320492,-1.72279688358672
rpl-24.1,0.00686142014033363,8.11396155975451,-2.28370159493651
rpl-25.2,0.0126030504164856,8.11212953052992,-1.62144523520362
rpl-28,0.0349610297810721,7.59126369804996,-1.71680051609804
rpl-29,0.0358160610114414,7.8743377065813,-1.8685592342231
rpl-3,0.00489675012485573,7.39999160998363,-2.08632371004792
rpl-30,0.0123840532117427,7.93101650180405,-2.0243649922635
rpl-32,0.00531659701759615,7.93081841248955,-1.97861939446738
rpl-35,0.0158200883369234,7.59854779868031,-2.15477276722659
rpl-39,0.0237723254950807,6.19570404012366,-2.8101838167414
rpl-43,0.0284520411770299,6.73830469723124,-1.93675651332873
rpl-7,0.0397826117008779,8.0204286525851,-1.34535629061894
rpl-7A,0.0375404646416823,7.65461913915024,-2.05619370384723
rpl-9,0.0204204852833379,6.04230148370823,-2.82649194057393
rpn-11,0.00134249765412377,9.09711237531881,-2.07135996238582
rps-10,0.00537520314946328,8.77345702987256,-2.21939581459504
rps-14,0.0354957908071594,7.01841301056371,-1.80130398489434
rps-16,0.0152886416479177,7.8638962169047,-2.74579714229976
rps-18,0.0140070497279377,8.04332305300636,-2.04706347638548
rps-20,0.00641362314419292,8.21618788573145,-2.1565615275707
rps-23,0.00993647644446449,8.88911143152757,-1.53851285182344
rps-24,0.048590991669074,8.4647362411014,-1.84957787331637
rps-29,0.0224436848908717,9.01607019502304,-1.60616170528472
rps-3,0.0375556216141173,8.5717801840239,-1.78400884760366
rps-4,0.00589392389396504,8.07535322001014,-1.96196571359807
rps-8,0.00331387590542514,8.59764477600432,-1.92449190584694
rps-9,0.0367505778240832,8.68190552807146,-1.51507577450019
rpt-3,0.0493361022785168,9.1190956880385,-1.06363917402303
rrn-3.1,0.0285862156115488,11.9359614189331,-1.5655490645176
rsa-1,0.0183785669206191,9.20537295550186,-1.42477474721487
rskn-2,0.0137097966054464,3.30777107546721,6.37797917549881
rsp-7,0.0352148970034907,5.0243291807028,-4.31415896213633
sac-1,0.00221099367768751,7.12679373619309,3.91650377431218
sago-1,0.000717053227750394,3.5526233896303,6.2489893593864
sams-2,0.0000210717503714305,6.12503190605916,-6.8775138815079
sams-5,0.0163120073866454,4.94321224195106,-8.34831048534213
sav-1,0.0149401808273596,4.37063386091254,4.18824037110103
scm-1,0.0473412931184125,6.59290337851788,-1.96133468725186
sdpn-1,0.0182157689599765,3.60682634754338,6.77888604754709
sdz-13,0.0326505433386273,3.76980459088766,6.04955065141544
sdz-14,0.00828600393293871,4.19980579981589,-6.35733422795707
sdz-15,0.0000119164894778502,6.53953933811951,-7.45615542731308
sdz-21,7.0124087049353e-7,7.52281878195132,-10.2567972250102
sdz-26,0.000616358831243854,5.20084372213006,-8.62935993479091
sdz-28,0.0000672614725908482,7.46307141212439,-8.66371668200374
sdz-29,0.000311013141135533,5.37005954707019,-8.32941189281365
sdz-30,0.000880336474294462,5.29584254701583,-7.65049358565869
sdz-31,0.0266088394884579,3.99317952753594,-6.59807245058403
sdz-33,0.00622501958972308,5.54830859449997,-8.48466256940553
sdz-37,7.39443181307121e-7,8.68927657804882,-3.23348626721262
sdz-7,0.0257476435677132,6.60563697104427,-2.48171382638581
sea-1,0.0428379767073869,7.30393111119284,-1.71497761169775
sec-10,0.000310309772343616,5.08617081631001,5.58718313495621
sek-1,0.0014518490339365,4.08668145744753,7.3705364636813
sel-8,0.0443173090995299,5.11281654510318,-4.33873709814178
selb-1,0.00142436930962194,4.08901355438939,5.40692913479612
sesn-1,0.0303295507035732,2.73171816369058,5.51000127739184
set-27,0.00649761890737976,2.91114582601924,5.80102638109964
seu-1,0.0355573238493453,7.55593152945661,-1.96482766219577
sfxn-1.5,0.026149303178187,5.39700366637185,3.29672091135319
skr-10,5.38519233560655e-11,7.92930091819685,-5.57083356818733
skr-13,0.045177976534722,5.99256140576593,-2.58073202504654
skr-14,0.0254557585743365,7.96684913987267,-1.82266329435956
skr-15,0.00172099693571984,7.98865455375334,-2.54875402512958
skr-7,0.000878836624979401,9.24066738084213,-2.33109557774955
skr-8,4.15539534831848e-13,8.00936869647857,-7.7845917248548
skr-9,1.57967380917655e-8,6.81401672217874,-9.62843296525003
sma-3,0.0190479301429301,2.76565778670975,5.56982378369698
smg-3,0.0492636626117981,6.14246198905798,-2.2428556403379
smg-4,0.0359802632644824,6.9429745612717,2.62892680821206
smgl-1,0.000291141656896124,4.28823080083794,6.51248175839329
smp-1,0.00767343682486891,5.19056191988004,4.04952036108261
sms-2,0.00819841463368298,7.45582323525958,-2.23944864184036
snr-1,0.0351138828104755,8.61439466362298,-1.3772257198413
snt-5,0.0119595384737101,3.00248825051244,5.36963084052724
spas-1,0.0456008673909179,8.82291558923027,-1.48493518127516
spd-1,0.00443326181322814,3.73067550925111,6.93740121679282
spd-3,0.00697420967351789,5.2949962762266,4.19687260781083
spdl-1,0.0012885838131793,4.09675291333378,6.80178860983905
spe-6,0.0304476206132998,3.43741480588942,5.1633960855513
spl-1,0.0000171152028262649,5.23853924945027,7.67368732143662
spp-6,0.0144401350532728,5.03652505159843,-8.45020483508958
sqrd-1,0.0114138067641218,6.36021222566723,-5.02209031294804
sqv-1,0.0317412809380258,7.15372006847295,2.47510172237786
sqv-2,0.000567642235276389,5.49600868197504,5.03371329999166
sqv-4,0.0249310748843311,3.40538244110708,5.2746383209165
sqv-8,0.00000300268584562991,5.93277918271893,6.66738783692104
sra-32,0.0092221450428158,4.19964784110697,7.50429220226247
srab-26,0.0129791759249495,5.04240928986781,-7.91433951243339
srh-250,0.0308921982487932,4.38971928979106,-7.72910803346908
srh-79,0.0467025720073377,4.08270582808349,-7.37808335042869
srm-1,0.0293730601978605,3.93313017064236,7.18209973754771
srsx-25,0.0150525208798257,3.60456322292125,4.59305569730167
srv-7,0.005851675945545,3.42856315722104,6.54378388324689
srx-92,0.0117040120796019,5.23981761957,-8.67338894550636
srx-97,0.0426331795507676,4.11178266550514,-7.40564213966918
stdh-1,0.0242351498590864,5.71653627463702,3.39271167220386
stim-1,0.000323318782644253,5.68530965853232,3.97957203065001
stip-1,0.0139650133184463,6.76521403300814,-2.14298546702054
str-166,0.00733584776453116,4.17269994742528,-7.04317193637509
str-232,0.0326384896103614,4.38525653687031,-7.72963663245798
str-68,0.0452059592535462,4.55011565905838,-6.78447205239875
sulp-8,0.0371297363227238,2.98857336823362,5.91847338912613
sup-6,0.0377139049814624,4.2267961989151,-7.540737445547
sur-5,0.0000540286673750453,4.51063066155418,7.16270160582553
syn-16,2.10669105355949e-7,6.13108380796075,7.49853973177655
syx-3,0.0000440464598235281,5.09617219239641,6.95843430973238
T01C3.3,0.0013387876525802,7.51693992999435,3.62584391945515
T01D3.1,0.000991780322952379,4.14587832851137,7.44025488932963
T01E8.6,0.0486766835530433,6.79290974304346,1.60705644286515
T01G5.7,0.0170956694260635,6.10609392490123,3.4289198885487
T01H3.4,5.33503028628425e-7,5.81233327899982,8.5568265080916
T02G5.12,0.0015495904190565,6.64955617376662,2.87364469339117
T02G6.10,0.00086118146523658,5.9272405429185,-9.39964067533453
T02H6.5,0.0194188500441017,4.7991125931743,-8.18970594687137
T03D3.5,0.00407022422520229,5.82746520892276,-4.51595713176809
T03F1.6,0.00572154500580356,3.69720590768904,6.89418623099988
T04A8.7,0.000018833794895865,5.13556900137493,7.66841391987257
T04D3.5,0.0150076711699788,8.76098483604851,-1.60078127183951
T04G9.1,0.00577233875952361,3.54920648309055,5.43892745948719
T04G9.4,0.0491156585013386,2.54783967998151,5.18967819594266
T05A7.1,0.00288085512679114,6.63980124883416,4.12970498490663
T05B11.1,0.0129972473171831,3.23451436753296,6.28015802542456
T05E11.6,0.0479603619880489,4.05387151741347,-7.34391407256871
T05E11.8,0.00393394250810922,5.13214493032905,-8.55453505302028
T05E12.10,3.07756481260046e-8,9.56429620151732,-10.2913145733675
T05E12.8,0.0000249620475803817,6.67025092575148,-8.37688290824055
T05F1.13,0.00351122746457777,5.83842548153958,5.05503044954495
T05H10.3,0.028490008339609,4.47161448766016,-7.82259431556839
T05H10.6,0.0361909016674046,9.24238996300175,-1.36824674513083
T07F12.2,0.0445790636634816,8.48514950421115,-1.72231857180072
T08B6.1,0.000369037840037653,4.9779254337778,-7.55095269276822
T08B6.5,0.000128231594119536,7.38854659514493,-4.35672207007805
T08G5.3,0.00011260098652345,5.47307827554518,-7.16999748912629
T09A5.4,0.000032174124338676,4.71975254517436,8.09790930782591
T09F3.4,0.0241907113066747,4.58331544814695,4.06478597965225
T09F5.12,0.00213977617957894,5.47250530912062,-6.88908330858526
T10C6.10,3.1832711964131e-10,6.57347791297144,9.08898907641786
T10C6.8,0.0155754324819346,6.17728365547369,-3.13724008642414
T10F2.2,0.0280309036065616,6.04409724186009,3.30723694993516
T11G6.8,0.0134072558020794,8.4770115497829,-1.40937065296596
T12A2.3,0.000158717192735689,7.17647473635854,-3.9606943058735
T12B3.4,1.5945840866353e-8,6.22644525925608,8.36421858771572
T13C2.7,0.00740348744229479,3.75979848974973,6.97009296250269
T13G4.2,0.00455944819141688,3.89135282865462,7.13315911129986
T13H5.6,0.000383538895701724,4.05812225119752,7.33505596697562
T14B4.5,0.0000107971391801844,5.31005399259041,8.74285601185942
T14B4.8,0.00109750309308088,4.53375721206616,5.56767962619884
T14G10.5,0.00971993293412766,6.28433442467997,2.6422067248772
T14G11.1,0.0364531573620209,3.05229048414674,6.01302695853824
T15H9.6,0.0264828005637658,4.85107925232567,-5.45278844367463
T16G12.10,0.0343408425985645,4.33720084988277,-7.67457619904925
T16G12.4,0.0449974921403267,7.90471870786248,-1.81591771560586
T16H12.2,0.0187408682963686,4.40361718894282,6.14352606107179
T17A3.2,0.00636365203421599,3.32468165042958,6.40080508981359
T19H12.2,0.00416311760181594,9.08419134597824,-1.55065494533937
T21B10.1,2.21136553605428e-8,5.91158811407142,9.38050256456863
T21B4.17,0.0433357298366984,2.85318413147175,5.715419165149
T21C12.8,0.0102195520180493,3.84349497574154,5.47745302102345
T21C9.13,0.00210231915509897,9.93185969041721,1.81041210457953
T21F4.1,0.0000104260387419034,6.52002107617799,-8.39063652230676
T22D1.11,0.0256763404201804,3.65224372334988,6.83880994102027
T22D1.17,0.00312119362769031,3.13132803962664,6.13075661559137
T22F3.3,0.00000656083081380708,5.23702898505757,8.66488891572717
T23B12.2,0.00207597770112529,5.88277192008053,4.44681367836458
T23B12.6,0.00688356625232446,6.64169109713707,3.84827697725957
T23B3.5,0.0400618451548768,3.73228303973028,-6.94494036366387
T23G11.1,0.0321976136958926,3.18005560648591,6.19922549948978
T23G4.3,0.0000869031480251227,4.41533850120016,7.75379179021721
T23H2.3,0.039836444646382,5.06291747317083,2.84939490014574
T24C4.5,0.0325360251385374,2.77897209590335,5.58717933124528
T24D1.3,1.30731449081686e-8,6.23942797261988,8.91302324526616
T24E12.1,0.00000771222855473731,4.91308110703731,8.31169944985832
T24H10.1,0.043270432549454,6.3456131370988,3.22048301641469
T25E12.6,0.00210043780491547,7.46451607655049,-2.57542714387133
T25G12.11,0.0316182074639445,5.12676775434826,-5.51388592480799
T26C12.2,0.0369835988417685,4.40984466373207,-7.77911943048824
T26E3.5,0.0221025059225699,4.89314343369475,-6.43940359912598
T26G10.1,0.02236702430071,5.67769405868783,3.22061064683374
T26H2.10,0.00311478550977615,5.16849995733907,-8.15388043656337
T27A1.2,0.0222804770079112,4.7305077194817,-8.11809243473216
T27A3.1,0.000287240669656045,5.27135243743718,5.30304334991035
T28A11.22,0.0475277813511979,7.45131728742575,-3.4198612705337
tag-117,0.00751770678198414,3.38452482704076,6.06407681084143
tag-151,0.0328600644336826,6.94993303504015,-1.86284679616899
tag-266,0.0082224910817872,3.08051284079696,6.05581631653542
tag-267,0.034953332307082,7.32784134071433,-3.73397582753816
tag-276,0.0000312477436438035,9.43777810559994,-3.24677279230799
tag-296,5.10459835002584e-7,6.7506080083337,6.53475797032532
tag-304,0.000340034868319302,3.86727993703043,7.10445692591081
tag-320,0.0229062381015982,8.3442513866002,-1.51605895533435
tag-347,0.00000563868542190508,5.33313834192197,8.09476649409127
tag-60,0.011388957439819,3.16668056501648,6.18295354261999
tars-1,0.0317470419588861,8.12583255411726,-1.78973056506873
tba-1,0.0428060268151923,9.30072382732404,-1.06205624323268
tba-2,0.0138749076818454,9.28945941256229,-1.29064472589187
tbb-1,0.0204804877447939,8.99647605666637,-1.38837180996428
tbb-2,0.0420545861913063,9.90278737800418,-1.05689477474468
tbc-3,0.0368492636184861,7.1440937372174,2.69059651407919
tbc-6,0.000225845214643831,5.04416820612182,8.45619405355407
tbx-33,0.00899016350203182,7.10450534925676,-2.94040978827768
tbx-36,3.24672012974839e-11,6.64835649475972,10.1446090259288
tdc-1,0.00000792915998274713,7.35552345906181,4.29428193157702
tir-1,0.0142065403634842,5.20090770153422,-4.40341264188403
tom-1,0.0260885893162339,2.54171093364914,4.82116193130464
tpa-1,0.0396354025330512,2.46025227977196,5.02516894950215
trxr-2,0.00777986919696895,6.03680335769718,2.87515867469493
tsn-1,0.00215985262066556,3.53598805213308,6.09545687614193
tub-2,0.00924660757377213,2.74179159596818,5.52763474924707
uba-2,0.0238686401945877,2.6657574016044,5.40005378114703
ubc-16,0.0167536228317656,6.38654868572123,2.56267234411202
ubc-18,0.0493122345286805,9.19355206121525,-1.12489027547759
ubh-3,0.0102922449680287,8.59101936298045,-1.66919322109895
ubq-2,0.0333008132372248,7.98721093870971,-1.54334267303358
ucr-2.3,0.0198732303121441,7.94601776471244,-1.34669334798497
uev-3,0.0146390570122902,5.82771090415076,3.27949710924263
ugtp-1,6.90693381068259e-8,6.83798947135108,6.4508065890579
umps-1,0.0000423446181802945,5.07792683048898,7.48083666952988
unc-104,0.0230226173320716,3.99315464134722,-5.02572873575884
unc-129,0.00747172907182993,3.7628473549851,6.9733061507515
unc-130,0.0457704299951012,4.04997975924128,-7.33224023716055
unc-16,0.000132092042635428,4.56819539336653,7.10495105410754
upp-1,0.0230601336038238,6.90207480202242,2.55828510750215
uri-1,0.0358543669496888,8.09499046873415,-1.28563354476909
vab-2,0.0278960771072205,4.47200751684241,4.15466742907766
vars-1,0.0000975616583997868,5.07204640123125,5.83858368955153
vet-2,0.0102553904259542,7.36464149575147,-2.08217165770167
vet-6,0.000772169414758046,5.15356316487828,-7.5257447834573
VH15N14R.1,0.0149468507904673,4.82903124328725,-5.21406104813538
vha-7,0.0203758210948442,6.53825298505671,2.54931689389719
vps-36,0.00238828705440515,6.75125647242042,4.12803657047502
vps-54,0.0253938885459605,5.0657264875485,3.66091600132982
vti-1,0.00121291072069912,3.7156702489545,6.91556729117275
W01A11.2,0.0000358787444184372,4.94534583766967,7.4741172061201
W02F12.3,0.0445659962294909,7.63955032053315,2.72961525040962
W03A5.4,0.0137708886057082,4.5830064397471,3.40131317877566
W03D8.2,0.00250435479847445,6.28008845629597,-9.07735382297948
W03F8.3,0.00146445981875329,3.74519768436986,6.95202415024822
W04A8.2,0.0441973293265603,3.43962846216242,5.27809470823683
W04A8.3,0.0302591185196422,4.4640049455943,-7.81929862309717
W05H7.1,0.0303185079200394,2.81325389149371,3.89152222229821
W05H9.3,0.00283315320569609,5.38278532514574,-8.82404239055574
W05H9.4,0.00000349756059363365,5.17625830597476,8.04013591726438
W06A7.4,0.00296912605454958,4.17388223184615,6.50994022721604
W06D11.1,0.0123879290810202,7.00721849466838,1.98728187757031
W06H8.2,0.0293374780208296,3.39487268626222,6.49638956424312
W08F4.3,0.0446493192261986,7.35654282879475,2.51326663813567
W08G11.6,0.0000558861151993445,5.71678783199783,-9.18392549762004
W09C5.3,0.0108977522141795,4.71592622769202,-8.10359505355069
W09C5.8,0.0285253747522645,8.87172616143718,-1.39769378629332
W09D6.4,0.0195997908765855,4.79329434195627,-8.18326754154893
W09G12.9,0.00185221795962948,3.68697140889737,6.88120798968076
wars-2,0.00115907338536852,5.4642003887213,4.74234004307919
WBGene00206487,0.000807358716740495,3.81285320716666,7.03739242494046
WBGene00219443,0.0369975072880413,3.00221585048985,-5.95329851520295
WBGene00219609,0.0364977326255587,4.24103668555336,-4.29038986063166
WBGene00235158,0.0000148077266895368,5.69524533700215,-8.37953126400221
WBGene00235267,0.0477696008933519,2.51465438236591,4.71957138847685
WBGene00235269,0.0327936419577547,3.79836254243633,-7.05884814529216
WBGene00235272,0.00538135529893003,4.68678290124342,-8.06702827588962
wdr-5.2,0.0393533408560008,2.76084884970901,5.56207285175158
wee-1.2,0.0347256955718608,4.28783147552074,-6.60517416216745
wrn-1,0.000073126363693055,4.28414609387635,7.28537950414573
wve-1,0.0101086357154244,2.87343471217723,5.74136246958442
xbx-6,0.00934875101030275,7.75820884954379,-2.33649794996187
Y102A11A.8,0.00769011570866342,3.08698474292249,6.06756567863713
Y105C5A.25,0.0240711455472264,4.62402639329392,-7.99469457355726
Y105E8A.14,0.0093601492319161,3.34873161913394,6.43841463616692
Y105E8A.20,0.00593672065927685,4.09936559195185,4.76070475858676
Y105E8A.23,0.00739058576427874,3.51743546814727,4.3346914353432
Y105E8B.7,0.036941782385251,5.83138142696965,-4.76933159365177
Y106G6D.1,0.00000799225249215939,5.75504454902453,-8.44822059277667
Y106G6D.2,2.36944449323625e-7,6.75624703802721,-8.52038955052262
Y106G6D.6,0.0302230291635928,4.40928592968666,3.51609260185128
Y106G6H.5,0.000272066085932228,5.96167250712358,4.69759171213331
Y10G11A.90,0.0155427428756013,6.86129195633771,3.04899318385991
Y110A7A.7,0.000549394932048635,4.18484977720078,7.48637073364778
Y110A7A.8,0.00935286714902818,8.40767860862391,-1.48528539282572
Y111B2A.12,0.00215341548165379,3.9985625807889,5.91403964701267
Y116A8B.1,7.01945554944478e-9,7.74897879718096,-10.0527712640811
Y116A8C.19,0.0000412041405392694,5.70786775491939,-6.98409877328033
Y116A8C.20,0.0338321060264648,3.75780664017874,-5.70003438020646
Y116A8C.22,0.010735515830533,5.16751437641014,-5.47819040053208
Y119C1B.10,0.000061481627939196,4.37874640914397,7.71166639374857
Y11D7A.3,0.0250784632895076,4.01234353779378,-7.29029608709792
Y13C8A.2,0.00394490621020956,4.62962457442179,-6.77740688864501
Y17G7B.12,0.00024211754877517,4.53946794127061,6.90831282218287
Y17G7B.18,0.00378279012670612,4.98817179770686,3.95259297618229
Y17G9B.4,0.00353204213964387,3.60001905854553,6.77069240020073
Y17G9B.9,0.00378239094841095,6.57524536996777,3.95859919070514
Y20F4.8,0.0184798122547232,4.88290410122742,-8.28616320967182
Y24F12A.3,0.00110664222200287,6.21842917733507,-7.69034442787508
Y24F12A.4,0.0174237627205184,5.45317704943462,-4.17527474548522
Y25C1A.6,1.77424888276354e-12,7.23980297696539,-9.45025026008209
Y26E6A.2,0.00454927873649146,3.31943854404217,6.39716437860884
Y32G9A.10,0.0460535008146852,2.91974566571451,5.81565616527817
Y32G9A.8,0.00456358321672896,3.02821597210462,5.97901439292972
Y32H12A.2,0.0113549707104052,6.59777740162406,2.5697578962986
Y32H12A.6,0.00208768153781735,3.79348703913894,6.15168459461334
Y34B4A.7,0.0000101874577024403,4.89775217825417,8.29495742839162
Y34F4.5,0.042291749360528,4.34307853677011,4.22644845489234
Y37A1A.4,0.00867556837830413,7.16772501790874,3.80132808497579
Y37D8A.18,0.00525998202363567,6.09278968678674,3.50725874449897
Y37D8A.4,0.0438872420282261,8.28321654543323,-1.38458384414235
Y37E11AL.3,0.00144293475967926,9.12519543772142,-2.17414773435427
Y37E3.1,0.0414261033456214,7.08668312020243,-1.89499781374198
Y37E3.20,0.0190790506640569,4.81154274505381,-8.20144339226248
Y37E3.25,3.52252275911395e-11,9.12686372616496,-12.6567488865926
Y37F4.5,0.0209139851419976,4.53051043539925,-6.56914340575789
Y37H2A.12,0.0000581824297756538,4.59231432117671,7.95440804079809
Y37H9A.1,0.00529465755870773,4.17019374797682,4.01111693663472
Y37H9A.3,0.000561654556839524,3.73513256878522,6.94045849456927
Y38C1AA.12,0.0124170704529248,3.53697168916378,4.36688538754899
Y38E10A.28,0.000876709585251555,7.09761126810875,-8.80505974551186
Y38H6A.4,0.00421537078606124,5.5082219974301,-8.95724939250879
Y39A1A.1,0.0189095046970239,8.88155090326191,-2.29638726209168
Y39A1A.20,0.00114215312532059,3.62812304422043,6.80417788672121
Y39A1A.3,0.0253148790787771,4.73182566119586,3.51451456367896
Y39B6A.34,0.0221847098505414,7.34497673675658,-3.85244824167723
Y39C12A.9,0.0148183588583499,3.2970610147137,6.36393465522777
Y39G10AR.11,0.0274990962626186,2.81674834589909,5.12872886988157
Y39G10AR.7,0.00130448723671638,3.4523176510578,6.57524054511246
Y39G10AR.8,0.00802557662595372,7.83304934723834,-1.64963713122665
Y39G10AR.9,0.00224020767382753,6.23955190314861,4.25540262112195
Y40B10A.9,0.00421105107030253,3.81330193406424,7.04044857868371
Y41C4A.17,0.000915329495714486,7.20574426664441,-10.7195872577664
Y41D4B.14,0.0376809736167942,7.25552351028,-3.45271535271427
Y42A5A.5,0.0277616645622684,4.07782910401127,4.20331245511774
Y44A6C.1,0.0301315733273898,7.68999015606463,-2.98203729275965
Y44A6C.2,8.0145614808357e-14,7.81570483667282,-10.5934478625463
Y44A6D.1,0.00310501885328237,6.25425293643303,-9.7466850728125
Y45F10D.4,0.0448245629696515,7.31983867681429,1.46299090620584
Y45G12B.3,0.0329245919154374,2.78983277885236,4.70359683755714
Y46G5A.18,0.0000197840720446069,4.79789108523219,8.18494331677212
Y46G5A.28,7.41799480245903e-14,7.63194753409613,-9.68388154503879
Y46H3C.5,1.02690316977623e-9,8.05815734277442,-6.49059215593304
Y47D3A.1,0.013591693570652,3.4628055208464,5.98942809958405
Y47D9A.1,0.0447057570896013,7.08431445306031,2.29302431275038
Y47H10A.2,0.0300811585120456,4.04498896527748,-7.32716432450439
Y48A6B.3,0.0287283729978157,8.68539729091835,-1.49140306497374
Y48C3A.3,0.0274281006435929,3.0405262692529,5.99619761847748
Y48E1C.4,0.0000513813454040743,5.41592012095082,6.52691869786421
Y48G1A.1,0.0135938139943399,2.58282745082033,4.60767788598553
Y48G1C.12,0.000166529369234021,4.37206504361733,7.70392352189874
Y48G1C.6,0.00589888384108467,5.55072720046449,-8.3938238760927
Y48G8AL.15,0.00435865049170778,3.56990963814566,5.80984316808857
Y48G9A.9,0.0170912109716129,2.97829108786776,5.90551444320849
Y49A3A.4,0.0000533287513347578,7.36531079252446,-8.14229105785906
Y49E10.4,0.00806667556114969,8.0165293447999,-2.04101084206225
Y50D4A.4,0.0137609970475822,4.16993200288031,3.79763684044283
Y50D4A.5,0.0237361068922691,3.95087132602335,-7.21332697586949
Y50D4B.2,0.0316984432392457,4.55960612286427,-7.94666121743949
Y50E8A.11,0.00589381000709163,5.32410641357263,-8.7608256736549
Y51H1A.2,0.01299719300327,6.26617938218655,2.81794258081106
Y51H7C.5,0.00118800241398716,4.16129695731878,6.22394932602193
Y52B11A.2,2.46008765527492e-7,7.1963911699844,6.02069800285995
Y52B11A.9,0.000936131775539602,8.27666083422272,-2.50296607757281
Y52B11C.1,0.000150174082407539,4.17312984307732,7.47205561477811
Y53F4B.18,0.0410905733804482,2.82651727708087,4.91413718813844
Y53G8AL.2,0.0219931058282115,8.31490100668135,-1.60410992009289
Y53G8AR.1,0.0183670481525166,4.90328785015707,-7.56272516365269
Y53H1A.2,3.16775110362007e-14,7.37808514541545,10.8903716479273
Y54F10AM.11,0.00210227830847915,5.6708141625941,4.56162128244726
Y54F10AR.2,0.0343187686452917,7.83750095578866,-2.46795449369284
Y54F10BM.13,0.0216930051641507,3.56825157101799,4.32249006155659
Y54F10BM.9,0.035960826779135,3.28079591408671,4.56488964535161
Y54G2A.11,0.0440595538517886,2.96158548947588,5.87789396405385
Y54G2A.13,0.0335072321157589,4.18735784310113,-6.68388996468027
Y54G9A.7,0.000301601181079445,4.25350281850787,7.56693872345366
Y55B1AL.1,0.0368740900929401,2.65957533668274,5.38810074000818
Y55F3AM.11,0.0202041304462536,2.92754755651111,5.82737655202694
Y55F3AR.1,0.000204282289440652,5.74475380036488,5.29144734264838
Y55F3BL.4,0.0140692474299058,4.60358273477273,4.27636285263537
Y56A3A.16,0.0462705372271568,2.65733594856455,3.70848603612149
Y56A3A.36,0.00652041468640529,2.9579905084968,5.87364557373663
Y57A10A.1,0.0221781949654492,3.41885244925581,3.63767345975782
Y57A10A.2,0.00519954197895414,4.42956583332385,4.79110469774778
Y57A10A.23,0.000805046714804661,4.59118964645836,5.74598834616917
Y57A10A.26,0.0215142098828201,6.63985430304904,-3.22159206417754
Y57A10A.3,0.000852163124579122,4.0521740752099,7.32861217262342
Y57A10C.11,0.00197965838761976,5.26392724801084,-8.13369955855948
Y57G11C.3,0.0415617543611208,7.18528351398421,1.70742354197157
Y57G11C.8,0.0025522444030819,3.81761148475448,7.04415027932765
Y57G7A.2,0.0000672814019240579,6.10905190295894,-7.59062135698672
Y57G7A.3,0.0421927191069582,4.12007139450427,-7.41544160632517
Y58A7A.2,0.0173602618192354,2.94274874272022,5.84902860155994
Y58G8A.4,0.0256385408293293,5.05257511875839,-7.31610839875426
Y59A8A.2,0.0103238848623808,5.34517330102184,3.55627028586186
Y59A8B.12,0.0162593475475965,6.58036242624137,2.37319830419948
Y59C2A.3,0.000914118682321409,7.1701206277617,-5.49859519139116
Y5H2B.3,0.00000122638553828969,6.74681233585711,-7.91666964002842
Y60A3A.8,0.0135708465027954,3.17105806358887,6.19163954878974
Y62E10A.6,0.00872545642288063,5.88082955428746,3.48269164602584
Y64G10A.10,0.0230058239762934,4.6667744136446,-8.04033878693208
Y65B4A.1,0.000640288905482811,8.1250412206356,-3.69023500512325
Y65B4A.6,0.0158639114010405,3.01312010217756,5.95653643599688
Y65B4BL.7,0.0491542713595466,4.91547732005747,-6.47326741796474
Y66D12A.24,0.0302623648828803,2.69448677342469,5.44675147685186
Y67D8A.2,0.00071428816811661,6.76255266805526,4.73687175907772
Y67H2A.7,0.00106362158817323,3.85827548853631,5.50081838536976
Y69A2AR.32,0.0109138396812474,3.35687329305152,6.45059247929586
Y6B3B.5,0.00307189790994981,3.44133981375535,5.77171767977956
Y6E2A.8,0.00179404132002679,6.52355477286989,-9.58995118585311
Y70G10A.1,0.0000266760141476795,6.25596031659907,-7.80292212524074
Y71F9AL.7,0.00000762510602994127,6.34501579004997,-8.27520693661768
Y71G12B.1,0.0109999602383935,7.35754366209847,-1.88764604614993
Y71G12B.18,0.0191466760794256,4.16719415066207,-7.49106405813082
Y71G12B.6,0.000112848681362906,4.30105017404007,7.62205384793072
Y71H2AM.2,0.0182097540099755,2.97995014185419,5.9099652684361
Y71H2AM.20,0.0133587883766892,8.33582574219831,-1.52216152874305
Y73C8C.3,3.26957362838789e-7,7.13210566026371,-8.99411813613997
Y73C8C.8,0.00487586856462531,6.07786317444512,-4.98317303648825
Y74C10AR.2,0.00502526722806475,5.78497256559545,-9.24854650620824
Y75B12B.1,0.0390192431222471,2.71953340362672,5.48790192904649
Y76B12C.8,0.00873741308223419,5.39661120685749,-8.83694896810618
Y82E9BL.3,0.00323485885223461,4.88275743610911,-7.67941296602747
Y82E9BL.5,0.0146465669720773,4.95752908411559,-7.68498390513935
Y82E9BL.6,0.0196243047863896,4.83656755838477,-8.2352536050715
Y82E9BR.1,0.0219102215308401,4.05558957339877,-7.35566604533044
Y82E9BR.2,0.0243134894614861,2.78281073542298,5.06761985101188
Y92H12BL.5,0.000677492629621639,4.72385128319762,8.10195950241838
Y94H6A.5,0.0275812850191564,3.38992577666526,5.38512058215273
Y95D11A.1,0.0208076208926398,5.49537981025399,3.18060264694951
Y9C9A.13,0.0352341071731868,3.80578206976701,-7.0326315183097
ZC116.1,0.0328790382019797,4.38185369559155,-7.72574659291746
ZC262.2,0.0385104827463369,8.48490587145143,-1.6303407637301
ZK1010.5,0.0436362884950106,3.69892659060453,-6.9113090384824
ZK1098.3,0.00542019374054917,3.5276529897644,5.4191081751935
ZK1127.12,0.0251000469527023,2.83379847994984,5.67660433061484
ZK1236.5,0.00265598895345289,3.32222000451434,6.4011183046304
ZK1248.15,0.0222491072504775,7.09786024408304,2.48604725835989
ZK1290.10,0.0403178483890863,4.21166216730545,-7.52940734945164
ZK1307.1,0.0450728962960572,5.39780902238662,-3.41103596001624
ZK154.6,0.000741908296022512,4.36153609424207,7.69214306765686
ZK20.4,0.00220951856705608,6.75472414257701,2.70299697514545
ZK377.8,0.0227233539536768,4.71951083917504,-8.10589169862083
ZK380.t2,0.0000145089583082222,9.51208673113523,-7.04513102379823
ZK470.2,0.0436501607744708,3.8678400605477,3.30306620718942
ZK512.4,0.0281958353592797,4.07686150851858,3.86069808778641
ZK546.2,0.0461920674898696,7.43334991974017,1.67867365211994
ZK563.7,0.0363283063686473,4.25278070405948,-7.56808028349558
ZK616.61,0.0344144800608849,4.28542461759403,-7.6060529843784
ZK662.2,0.0196015304312958,4.79581128119924,-8.18605264395516
ZK666.1,0.00417348912427845,7.94978573729958,-5.57453968297886
ZK673.5,0.000382295812550286,8.33959980106008,-2.49996513077695
ZK673.6,0.000023695287183966,5.88269851540051,-8.66724240241745
ZK688.7,0.0113684780649782,4.38657771762703,4.23778043513075
ZK742.3,0.0392733631612442,4.24012615071645,-7.56249868724285
ZK795.1,0.0145897315934085,2.92300794615623,5.81968914810171
ZK856.10,0.0321368282019026,6.30176408490503,2.97537631866998
ZK858.7,0.0184505728057768,7.22183595313493,2.96195940207632
ZK899.6,0.0442532900557986,5.92555798454953,-3.90121368489514
ztf-9,0.0325980952347614,7.98919336607152,-2.47385727064288