aagr-3,0.0425349372404142,7.68283673623989,-0.853101691858566
aars-2,0.049215530028387,7.17958790368097,-1.15184456759818
acdh-10,0.0255907036667852,6.95579111414777,-1.29624702739761
acdh-12,0.00655261826669906,7.62564479583537,-1.13785773478873
acdh-13,0.00617543739887838,5.4176444379508,3.90340484837782
acdh-3,0.000901588257426651,8.27348778610459,-1.25237297300801
acdh-7,0.00277814394473557,6.69249252723768,-1.8684217239898
acin-1,0.0191439233423922,7.23103495497096,-1.06652220631327
acl-11,0.00999539907149512,6.07887555528137,2.58293193157511
acl-12,0.00986960076560917,3.5848622721399,6.67065931233493
acl-2,4.62586804098188e-21,6.86158788360191,10.3026401422282
acl-3,0.00241862369702248,7.58705585874018,1.84693157840087
acs-11,0.0301290333050861,6.52604444581569,1.38150235859924
acs-19,0.00598328286085368,8.20677545132517,1.16660592670708
act-4,0.00590797926718606,7.43857288406999,-1.57873986245705
AH10.2,1.95684967112036e-45,8.1212740485114,-11.5841709974351
akt-2,0.0383383543079715,3.13199735110452,5.60770151780833
aldo-2,0.00109125171033902,9.89618280484643,-1.42172283999397
ant-1.1,0.0032670690740274,11.0555665653326,-0.895788482766109
apm-3,0.0034647730641075,7.47094227265309,-1.75313486421657
arl-8,0.00296723914764231,9.25565702460758,1.01858744647012
arx-6,0.001202687982179,7.12728930820955,2.03908672017668
asd-2,0.0207621515160704,4.29502277568898,-4.83186646681788
atf-6,0.00464180198684145,5.39827097786216,2.66595991704452
atg-16.2,0.0499912960538846,7.55307953494217,-0.944477419200487
atg-4.1,0.0158715250665589,5.23616166820219,-3.40323869115244
atl-1,0.0105825016771444,5.30695241239073,-2.41931928195008
B0024.13,0.0123252432351207,8.00333419808988,1.37634138242512
B0024.3,0.0203785407560949,3.55282925105395,6.62565474791548
B0034.5,0.0289964660111962,4.37962212772812,-5.38554052894444
B0035.18,0.0429028963120872,6.57081802299105,1.61926993073656
B0207.6,0.00989314181947235,7.02255327958784,1.76631191188088
B0261.6,0.0197018018369491,4.50546747466173,-7.79386414168573
B0281.5,0.00306057402838464,8.13097650509382,-1.54955840384547
B0303.3,0.00121643411539089,7.77026641545325,-1.30474091583073
B0361.2,0.0131203049849636,9.45762358197206,-0.756115567149965
B0495.2,0.00632359756546701,7.05690470782514,-1.75000188240065
B0495.9,0.00232087397597199,8.31107789287704,-1.21692080151424
bath-27,0.00249222161208825,5.8719410539332,2.56904999754392
bath-28,0.0296858324163222,5.63949541917819,2.32769935993928
bath-4,0.047967300540145,5.27391309720565,2.44167814940993
bca-2,0.0269707853875938,7.95688699286707,1.71549178627155
bec-1,0.0168596178341792,5.68666025670832,2.29495054599039
brd-1,0.0275437524783504,6.96241065639817,-1.3303066447866
btb-12,0.0319181338865138,4.23453409576228,-7.49257409192224
btb-19,0.00916078526948902,7.00041197176568,1.99519086171241
btb-9,0.00329162413014524,5.50002060458549,-8.8854912136973
C01A2.2,0.0122576383306885,5.77399922153314,-6.05059558104946
C01B12.9,0.0345437198878521,5.0788667257048,2.68620383757925
C01F6.2,0.0170424321521481,3.29859398198641,6.29054861928427
C01G10.19,0.00241954592596495,4.68719712344728,-8.00289510700446
C01G8.6,0.00630051786738592,5.33231446256506,3.4759236015354
C02F5.12,0.00127596807692704,7.01309798027686,-2.16365208539852
C03H5.3,0.0149788128355576,9.10135388969591,-0.957825612393564
C05C10.2,0.00041475269736366,7.463182365119,-1.58335507670208
C05C10.7,0.0245188545423196,7.35379018342079,-1.08913580144754
C05D2.10,0.0233603993582408,5.99300610550456,-2.2439878793045
C06A12.3,0.0406234406806244,3.65591858813231,6.76915733500489
C06A8.2,0.00322748339868105,8.48191005060053,-1.30572353078744
C06B3.6,0.0295475461575928,4.64794401895507,3.77014142936781
C06C3.7,0.0080710574008051,4.01282194157708,-7.22040106659745
C07A9.9,0.0018357131393824,5.60600762946209,3.91811203960381
C07H6.9,0.000929746830830768,4.13004625102997,7.34984941495228
C08F8.9,0.04438168793164,5.38883645375491,2.24689780772408
C09B7.2,0.0435264519311597,6.62019890350213,1.7757040810796
C09E7.6,0.0479769554336316,3.66890494422268,5.23692943719636
C10G11.1,0.0368635379003114,3.57820618832577,-6.68025876319893
C10G11.10,0.0010311274426936,4.71941431343892,-8.04145801678132
C10H11.11,0.00497374196904926,5.27388864199384,-8.64322049028355
C11H1.7,0.00142504911236123,4.05411638852011,7.25809463548547
C13B4.1,0.0133043112854331,5.11646046272702,2.86641595023622
C14A4.3,0.0448137601258358,7.36611465445009,0.914347301407069
C14B1.2,0.0331501606594759,8.43697573769145,0.795007435033076
C14B1.9,0.000759284320932267,8.45591330411018,1.37641536947638
C14B9.8,0.0436416636815297,5.37954040508252,2.2423773895732
C14C10.5,0.0402931359356979,6.21450409179134,-1.36220573441288
C14F11.1,0.0186178391796699,8.71114565446277,-0.842041484677807
C15C8.4,0.0083478296024477,7.8357915065545,1.82448890210624
C15C8.7,0.0158413688150269,7.38255952415711,1.1686410085409
C16A11.3,0.0106275959988911,4.01790085010027,4.69922758156294
C16A3.2,0.00140053936101202,6.3886674890289,3.08452356935156
C16C10.1,0.000445140044241091,6.73794883214615,3.07304024697522
C17E4.6,0.000527716152896508,7.11751523585205,-1.69956444033136
C17F4.8,0.0268899992133308,4.09421873757712,3.24378056550705
C17G10.7,0.0232587056754404,3.92247289103497,-7.11160823128973
C18E3.2,0.0201042199943602,7.85213791267037,-0.977067323372946
C18E3.9,0.0168727490618239,8.67672161400965,-0.903533262755085
C18F10.7,0.00317785488807489,7.30362617332795,-1.45464237141812
C24B5.1,0.0371329222357544,3.76729980675113,-6.51348889103816
C24H10.1,0.0273922827781031,3.16623708115338,6.10076034023717
C25A1.4,0.0110193915386615,7.45565559447858,-1.07220436797255
C25D7.10,0.00570433755738976,5.74653993012025,3.44939354416269
C25G4.10,0.0361828111342921,4.04489267796521,3.60202795350556
C25H3.14,0.0459061650930035,5.80718845076291,2.08814923822124
C25H3.7,0.016557019690215,7.28465924023062,1.17025176520277
C27C12.1,0.0302132021473103,5.30261419485476,2.77802961448698
C27D6.4,0.00870032765361707,8.92290797383527,0.940202398144993
C29E4.9,0.00870506367527398,4.60291813149649,4.18549025375385
C29F7.3,0.0322120214299357,5.98603347175106,-1.86772171193897
C29G2.1,0.00233665238197166,4.66899345744616,-7.14216842635884
C29G2.2,0.0317198158825285,3.677226953439,-6.81122245711977
C30C11.1,0.00060836166298598,6.72233412546118,2.09753735788518
C30F12.4,0.0133432193379797,9.85176420780581,-0.913344438327811
C31C9.2,0.0481640632340337,6.54928793118366,-1.22723568295266
C32A3.2,0.0368998226183594,3.84776845876104,4.55464537583062
C33A12.7,0.0461618583214831,8.02208318672931,-1.25295158768064
C34B2.6,0.00982349344211491,6.73861738290327,-1.42215756140869
C34B7.2,0.0110283322365837,7.38732033112924,-1.23355704149734
C34G6.1,0.000747135482240544,4.35763831241433,4.85483593930645
C35D6.3,0.0000584934281760283,5.03115790301471,-8.38310250100922
C35D6.4,0.00000471453005715223,5.14265401585075,-8.50358817534899
C35E7.11,0.000619999074865246,5.54375645572509,-4.85793233503851
C36A4.14,0.0000496234208533421,4.56019684401914,-7.85939670498919
C36B7.6,0.00858804167005917,6.19000541151363,2.34616385883013
C36E8.4,0.0155966332911102,3.77408945176445,6.91426202586862
C36F7.2,0.0281595841295054,6.83060078021712,1.55005018179607
C37A5.7,0.0093607933531259,3.11987916561647,6.02680509840977
C37E2.2,0.0042225478838332,3.33474830042548,6.33844421251751
C39E9.11,0.00362370217360049,8.61242771736303,-1.16058561535606
C39E9.12,0.0379786235929398,6.96402423576907,-1.14239844091119
C40A11.2,0.049093228926141,3.4846694012628,6.53492882585833
C40H5.8,0.0372476427836931,3.14668199569539,6.07365315411782
C41D11.3,0.0109262002389765,7.86287270447522,-0.907593016277764
C41H7.3,0.0281149620852738,6.43333911449289,-1.62034611141952
C41H7.6,0.00174450511332166,7.04067464148019,-1.87478048650888
C43D7.11,0.033919558383383,3.6391064885021,-6.76382732903665
C43E11.9,0.00885203502424175,6.16894300978311,2.30105504650167
C44B9.3,0.0450110396537159,6.84441633500296,1.61300455846601
C45G9.5,0.00286857151313307,7.16536138215944,1.82900296711121
C46C11.2,0.0294714571184537,3.22360978912013,6.17778930293198
C46C11.4,0.0490340898798259,3.92641757857941,-7.12036368176566
C46F2.1,0.0366760159509232,3.30424422658085,6.2991156704535
C48B4.6,0.0465912911981201,6.66838304913621,1.89113532786303
C48B4.9,0.0243244990113305,7.6989424072303,1.08114968039648
C48B6.10,0.0109803262023745,7.70588924557631,1.22179769931237
C49A9.10,0.0036388713553669,6.42368207789696,2.27119726946799
C49H3.9,0.0253870848588379,7.00329379068662,1.4451678148235
C50D2.7,0.0186842313801903,5.77144418423102,2.48102951353325
C50D2.9,4.33923069623157e-9,5.99352930810942,6.29946634646422
C50E3.11,0.0482970464133143,5.41349604650685,2.68277590507405
C50E3.13,0.0390722060685462,6.37884346998251,1.89461386827191
C50F7.4,0.0329332712436809,7.05694872914939,1.95736867954822
C55A6.3,0.00716004998209439,4.53324628028121,-7.8272637434553
C55A6.9,0.00559478914189066,9.20532011314074,-0.866642536784558
C55B7.11,0.0469623995911915,7.91577542125895,0.981963430533468
C55C3.5,0.000804074189099227,7.60081473297598,1.63961166253924
C56C10.10,0.0047347361497187,6.35436186536701,2.81136120639452
C56G2.7,0.0145456193787038,6.99382612906914,-1.31576386410006
cam-1,0.0167889336062978,7.38574669331141,-1.14947754929981
capg-1,0.000709883487943476,6.55149940466397,-2.19596359308473
capg-2,0.00978986325954305,8.1664507769818,-1.02046366709218
cbd-1,0.0191274194642153,8.46718718591156,0.990072599844604
ccch-2,5.58173362074053e-13,6.64499113531675,-8.53748487649862
ccf-1,0.0133202621101626,7.83750720072719,-0.93313510380904
cct-6,0.0263575727078331,8.03085938217144,1.23825901247735
cdk-9,0.00494781256431662,6.75921139697183,-2.18291533078118
ced-10,0.0333048476449933,6.14371839709751,1.76869415682932
ced-8,0.0281507934156424,7.09701297777557,-1.67222361181691
cee-1,0.0274392616644196,8.00823275621173,-0.821387920522115
ceh-38,0.023676032489702,8.30860458495978,-0.8012237485436
ceh-39,0.0134475974954177,5.99881008074815,-1.98063072906274
cel-1,0.023667406028407,8.21455244341876,-0.917231204410876
cey-1,0.0326429197853795,8.49463198419019,0.975101251592615
cey-2,0.0129121476196675,10.3217434840718,0.88160061907598
chs-1,4.80022807556189e-8,5.27961243937833,7.91613061554795
chtl-1,0.0348217226355529,8.40242703000503,-0.706052590833771
cil-1,0.0170898652351302,3.20343797589724,6.15349964640934
ckb-1,0.0280351340721706,3.28316626598314,6.26456441351422
clec-53,0.00773024845123488,4.80323818299975,-8.13163560608338
clec-87,0.0288293096943538,10.9809537729317,-0.753916012893553
clec-88,0.0065745760639254,10.9673314771281,-0.946296687773946
clp-1,0.000312228964701495,9.80323487042481,-1.2802370165608
clu-1,0.0190295441960053,5.68718808235694,2.54844903402764
cpg-2,0.00125232168070901,8.63348260909752,1.81943826900718
cpg-3,0.00484569975252039,7.64938072374644,3.05248627024578
cri-3,0.00631819822646769,8.64453410106903,1.04339687336048
crn-6,0.00763966779473789,3.74922118767088,6.13859698322211
ctb-1,0.00341701838541913,10.950003077967,1.12999998518237
cth-2,0.00890242171062186,6.47777724484731,-4.31565297713248
ctns-1,0.0284069301270329,7.92532391800676,1.21708036214505
cts-1,0.021108674794803,8.60432988394949,-0.773464314975764
cyb-1,0.0381828205827917,9.1279636201134,-0.6371477646685
cyk-4,0.0463399570998402,7.57209504062649,-0.899182112364857
cyn-4,0.0312606505003574,6.79495356555217,-1.20955652861625
D1005.t1,0.0000243514928616248,5.98021582194904,-9.39299356135449
D1044.2,0.048371548290224,2.76984020777258,4.51683238341777
D1069.4,0.00092134565059137,3.72246260777577,6.85087633651462
D1081.8,0.024315255059366,7.49473059462293,-1.02941039580602
D2023.5,0.00134817256183619,5.55265535394059,3.85981914074092
D2030.3,0.024081195247835,7.41666699119133,1.24273592004955
D2085.4,0.02684458120164,6.45317046110309,-1.33556566166062
D2092.4,0.0202423063573641,4.96726170195463,-6.75340940204705
D2096.1,0.0343106865883239,3.65562148469345,-6.78699066475247
D2096.5,0.00781717100508704,3.91987530567079,7.0947273688704
dct-13,0.00006581361493353,4.64793178041571,-6.60153380093245
ddo-2,0.0234155840758889,4.46117833546985,-7.75354076639786
ddp-1,0.0465996620380014,5.95642803947945,1.7691098136591
ddx-23,0.0408019555753243,7.41477359230401,-0.95059407047456
DH11.2,0.0375490623582733,3.3770931309265,6.38957551178448
dhs-8,0.000158702318330403,5.2616025335761,-8.63497459950212
div-1,0.008032543983945,6.797527214735,-1.76919020926819
dnc-3,0.0317368976216073,8.1506246655534,-0.727060285343751
dnj-2,0.0277777618665138,6.23888874420907,2.21366983591443
dnj-23,0.040521053840808,8.20023947714236,-0.809983011677148
dnj-27,0.0288949652629047,6.35311994356349,1.84121933847715
dnj-3,0.000147671636180432,4.17361684863437,7.40228454869325
dph-1,0.0424229462186393,8.04820651306761,-0.843440721875677
dpy-10,0.0394061846028343,5.15550358711019,3.16176340655035
dpy-17,0.0420996388059247,3.89341108506658,-6.14750253161031
dsh-2,0.0102661514938366,7.36303660390292,-1.14774771269326
dsl-2,0.000233367742034613,6.67378436251305,-5.2430421520249
dut-1,0.0143339711531931,9.01150325009708,-0.775031256161803
E01A2.1,0.00931975389974448,8.13247280226241,-1.01682394249124
E01B7.2,0.00117031845747633,6.2536784965233,3.1936347699948
E01G4.3,0.0372840048365511,7.30273189381166,-1.02060640201494
E01G4.5,0.0126156386124728,5.88077859528153,-3.06384707230693
E01G4.7,0.000141350045867456,5.82711026419818,-7.3665545514607
E02H1.6,0.0299915483043639,7.41736628510639,1.11301353307064
E04F6.2,0.0419793460222612,4.03677189286581,-7.25374858394587
eak-7,0.039732310322328,7.63879576055144,-0.909738490931941
ebp-2,0.0029310280962083,7.81077175880528,-1.07995487113549
ech-5,0.0467009437507554,2.72168846162031,5.39685970504469
EEED8.12,0.00263265027349809,5.04352934459831,-3.08900219632973
EEED8.4,0.00040206097531805,5.13281827419033,-4.90039243643644
eef-1A.1,0.0152036469345384,10.4558651162406,-0.896208860193255
eef-1A.2,0.0459964824772339,6.23391337064829,-1.59226579612702
eef-1B.1,0.00573312619153832,10.2672335157878,-0.881788793929901
eef-1G,0.0000910083808983664,11.0147728213361,-1.78250805909923
eef-2,0.000690053001706353,8.51279918370403,-1.35455961947048
efn-4,0.016552311011911,3.21925893627418,6.17880926753766
eftu-2,0.0286906854913105,7.40532787550874,-0.953002773063733
egg-1,0.0039297602092711,6.40328551710946,3.77360068366441
egl-45,0.0476463480831209,7.36772435866942,-1.07482077453634
ego-2,0.0221211459737669,6.02611507725425,2.10480513382697
elb-1,0.0498767926741708,6.27889547783561,1.66057874955292
elc-1,0.0475025443308546,2.97121335595256,5.79698080903065
elo-6,0.00840691858270998,5.44890168732282,3.97813378028693
emb-30,0.0226283254241609,5.75586389229964,2.79605928260161
emr-1,0.00920834698682758,7.81345815150828,0.937894823377427
end-3,0.0000334108425156159,5.5848892368973,-7.04521164833144
epg-2,0.00176937261243172,5.62953045395314,-5.47875491673412
ergo-1,0.0388585664263776,7.62099975914386,-0.844198616751446
exc-5,0.0419233994356813,3.24761884108285,5.98455444542759
exo-1,0.0188612124540137,6.91889955303492,-1.37240328550836
exos-1,0.0208481758925368,6.6023821583528,1.50704254321496
F01F1.11,0.0184847040534765,8.7618747015683,-0.964612288893246
F01G4.5,0.0471672917272717,5.61061972762322,2.54198668828951
F02D10.6,0.00456609086121247,6.33096748267416,2.75815696349109
F02E9.1,0.00533290621102111,6.83795243314955,1.66691651304471
F08B4.3,0.0258223641646547,3.91057513167693,7.08214068916085
F08B6.1,0.00000522800113353579,4.81706986960489,8.14005998846065
F08F8.9,0.0231756145904633,7.26220383164608,-1.26487887114738
F08G12.2,0.0137859253916256,8.58698993064105,-0.883811437795678
F08H9.3,1.69222553610126e-7,6.15550763897131,-9.57654049793812
F09E5.3,0.000185475029913953,6.43586788911155,4.11956876562844
F10A3.17,0.0171133127317078,4.12619559500916,4.33216908440887
F10C2.4,0.0381516148300447,6.74418832960897,-1.31071974946511
F10E9.4,0.0105594618624186,7.87076683589521,1.13727092921124
F10G2.4,0.00371287389279981,8.27830909614284,-1.31759985206304
F10G8.8,0.0303729835218805,4.1027613168198,-3.83642607603128
F10G8.9,0.00180018648700029,5.09370859021561,3.97535551254938
F11C1.7,0.00273728254549509,7.30153388120054,-2.10326959720311
F12F6.8,0.0061537152869131,3.78666068915957,6.92799377717331
F13C5.1,0.00623691415323905,4.29683912520346,4.48996925827966
F13G3.11,0.00925297398421835,6.12908150876993,3.17994118713526
F14D7.6,0.00956304588741052,3.99960886277307,-7.21116923173154
F14F11.1,0.00988598833769911,4.00276094653445,4.19500382021572
F14H3.6,0.00547835288945613,9.2995011742054,0.893110651075538
F15B10.1,0.00121793862954374,7.65026788707808,3.66181502091975
F15C11.2,0.0363449762325139,7.75593642283493,-0.911251459065057
F15E6.4,0.0287456829420659,4.2760117455963,-7.53320729672668
F16B12.4,0.00000737739419481101,4.94612559826971,8.28380064509905
F16H11.3,0.0180451544307738,6.653959068246,2.32079457155913
F17A2.13,0.0298612794119955,6.37424016172902,2.02136884523394
F17C11.10,0.00534994839679717,7.49639455024112,-1.15618245028762
F17C11.4,0.0165049246583996,4.89652211900623,4.48408152531215
F18E3.11,8.27498175306701e-9,6.45497046425767,-9.88634425186261
F18E3.13,0.00000369315073482038,5.41887175049159,-8.80169288906797
F18G5.6,0.0417915479366443,2.95781838744436,4.04992708608894
F19F10.10,0.000138969709177021,6.84266882945976,-2.54863226540499
F20A1.9,0.0110610282403406,7.45963689715327,-1.45852379675647
F20D12.2,0.00740332533580403,7.14688800471408,-1.44862853557679
F21D5.4,2.59250973363254e-7,5.05879740405852,8.40652785689321
F21G4.5,0.0165761228552582,4.61092533532121,-7.91346285582457
F22B3.4,0.000242458532379361,4.61641742567323,6.83543525200874
F23A7.4,0.0244711560265357,8.84314768420642,0.912078758090981
F23F1.5,0.0285874556867754,7.94718770999736,-0.863576284660802
F23H12.3,0.0396372883704212,2.5364884102992,5.05202855704603
F25B4.4,0.00381309398055236,4.61215609498996,3.62545285088029
F25B5.2,0.00051352426747972,7.60524327365698,-1.42981555038724
F25E5.5,0.0270201343827578,3.08724000797287,5.98133190064896
F25G6.8,0.0039741160526092,7.60153147327423,1.62292119575698
F25H5.10,0.0283406489693706,3.62368691158699,4.00475464907602
F25H5.6,0.0139781229607599,6.39669523334734,2.01025071159078
F25H9.6,0.0347566161739293,7.66466480813089,-0.797354110777726
F26H9.5,0.00203253736509066,6.54478753044369,-2.09212762858302
F27E5.7,0.029143636579741,4.24138600831014,-7.48871640988827
F28D1.2,0.0004705210614721,7.23894250863689,-2.31246908312089
F28H6.8,8.13513229662233e-12,6.56477396872873,-9.99972583356807
F29G9.1,0.0121354723609011,3.90710433955745,-7.09965450253021
F29G9.7,0.00144912470460389,5.11955794439206,-5.78593462165391
F30F8.10,0.0000128003738056976,4.70084626917916,8.01029542713717
F30F8.9,0.00029125039967127,7.66755666260501,1.57600688558968
F31C3.3,0.0129166353104022,5.56179887565045,-2.01083991625454
F32D1.5,0.00231433363859405,9.1920514349529,-0.991139581601834
F32D1.6,0.0159929055670278,7.27134496326564,1.61361167059739
F32D1.7,0.00761049381501541,8.02389596227645,-0.917200583999523
F32D8.11,0.0371177660319719,3.25296101631931,6.22649849648368
F33E11.6,0.0166605423593599,5.09251775609682,3.17892553526164
F33G12.7,0.00432090111074163,5.19705330320572,4.19144314662325
F33H1.3,0.0183856908281487,7.68186317721051,-1.03053638011522
F35C11.5,0.000264604979288191,7.9914916813727,1.61209980846255
F35E2.2,0.0108250794385866,3.52588314836691,6.5948972717313
F35E2.5,0.0239980903505829,4.41533478568042,-7.69701466444338
F35G12.12,0.0193998246281593,7.49178572571471,1.15585422769106
F35G12.4,0.0117876933949925,6.94269914119171,-1.26840225997942
F36A4.3,0.0169117275257625,4.592775760124,-7.89296370862164
F36D3.1,0.0214200195195865,6.88248106997952,-1.24761548578962
F36H2.2,0.0303138351406534,9.11533253834735,-0.793091274178232
F38C2.7,0.0000266176744780627,5.06687059716191,-7.71494862211781
F38E11.9,0.0414271261936448,3.59054175265338,6.68082349138854
F38H4.10,0.0085573097952152,8.12526615659357,1.08598159908007
F39F10.4,0.029590538656402,4.3811065085176,-4.71538288026452
F40G12.4,0.0489849365494071,3.86107054174633,-6.38172731618203
F40G9.14,0.00644540590980409,4.91632710616206,-8.25389541178188
F40H3.6,0.000487302295343929,4.10933237774856,7.32559672921179
F42A9.6,0.0000311498961909792,7.12997875474324,2.66987132891483
F42C5.9,0.0248830301750395,3.45512521164065,6.50612317562115
F42F12.4,0.000429725679864852,4.28848079990655,6.23106112450494
F43D2.2,2.81820865360444e-10,5.67551413009961,9.06953214819147
F43G6.5,0.0000021420060251136,5.75678312512029,-7.25665216077984
F43H9.3,0.0355112168329895,7.45813790392542,-1.17920448045844
F44E7.4,0.0390468650179186,7.67902211623402,-0.870480945177168
F44E7.9,0.00401192253608774,7.64406438710807,1.14062513580342
F45D3.1,0.00021775498901196,5.46758139898136,-5.92949018137252
F45H11.8,0.00605058197048192,6.31988660384006,2.4141060316199
F46C3.4,0.000298662280107184,5.09243098287976,-8.44890716655992
F46H5.3,8.46087425881886e-7,9.00881982081361,-2.25581674619001
F48E8.2,0.0476576641439759,5.80064538337498,1.5196056411892
F48G7.4,0.0338987643013321,3.35153494500022,6.35942892634805
F49E8.2,0.0470614353063909,9.51374966174263,-0.629091508644287
F49E8.6,0.0000510509085123369,4.7664229094191,8.08488618385831
F52B5.7,0.00971030342917474,8.70134686091292,-1.34442703801482
F52C6.3,0.00486948499305986,3.67409684692737,6.78803266958559
F52F12.7,0.000546541991998729,4.2254353649497,7.46505263898294
F52G3.4,0.0287244953518944,3.77117126024317,-2.70770822769033
F53F10.8,0.00848875653271308,4.55754824906193,4.14284051767496
F53F4.16,0.0259710609448615,5.51623739984213,2.6042173378959
F53H4.4,0.00321374770086618,3.90786218117708,6.20523852234635
F54D12.4,0.00000338244612594539,8.37226124014924,1.88273928821557
F55A11.7,0.00257705496837138,7.07536374429326,1.78216063378292
F55A11.8,0.0469406580702677,7.2762912044402,1.22584865302994
F55A3.2,0.0325968316958053,4.83155956776005,2.73443832896489
F55D12.5,0.0000999861352245688,4.75396223945112,5.9594549664012
F55F3.2,0.0328848777119574,3.65072819330529,-6.77792444146431
F55G1.5,0.0220190945270494,3.29873986075532,5.00917441068596
F56A8.8,0.0103132400299188,6.79591922807399,-3.12732562404949
F56B3.11,0.0102017531193609,5.60006780559663,2.73100711548078
F56C9.11,0.0247135596298065,7.47568721096076,1.9618483937545
F56D1.3,0.00153034010668827,6.36509624762521,2.53803502276294
F56D5.3,0.0000347829360934607,6.16057578782373,-9.58327159833501
F56F11.4,0.0306137298857098,7.51406838392865,-0.857526705096699
F56F4.8,0.00311574623116681,6.81244048668215,-4.33696466334976
F56H1.7,0.0474859240178441,7.51367691776561,0.945447627495492
F56H6.4,0.029200990144694,3.70767681165091,-6.84171716508462
F57B10.14,0.0355869339587446,8.06208254406155,0.96601139981132
F57B10.3,0.000792109854844812,5.79681073805071,4.67080807711755
F57B10.4,0.0024272868105361,7.33189615955759,-1.41930498553645
F57B10.5,0.0457967798893556,8.26317888822978,0.850558216175588
F57G9.3,0.0429868920671171,3.57676670361871,-5.25297424978091
F58A4.2,0.00620867531249168,5.52519135303958,2.43465629098202
F58E6.6,7.01138192584358e-40,7.67659610284613,-11.1342781335751
F58E6.8,0.00000453663224331844,5.79802599242199,-9.20361564683036
F59A3.3,0.0206609870207227,6.86346952857977,1.35533122638997
F59C12.4,0.00208657025488812,6.75388718921533,-3.3953971706785
F59C6.10,0.0373582780731741,3.25565489187284,-6.2523490536017
faah-1,0.00648813089304854,3.46304146933715,6.51286743284565
fat-1,0.0363796655817563,8.69571106277289,-0.717259386127561
fat-2,0.0481624060062316,3.05941957685399,5.93596497742198
fbp-1,0.0223849208882023,7.4471426420436,1.47248262113104
fbxa-107,0.0447620993510658,4.33722330291435,2.85565495535711
fbxa-108,0.00000257219816367103,5.02140618747487,6.99259402112799
fbxa-115,0.00215587634465398,5.07751517960091,-7.01185355236641
fbxa-129,0.00279984775243779,4.57963218589095,5.49779826077144
fbxa-141,0.0026478750487397,4.46206018498855,7.73872947563451
fbxa-167,0.0122313293781517,3.61424689672657,6.70978683249333
fbxa-170,0.0315490058981461,6.64602235567318,1.44550810674432
fbxa-197,0.00000183900453390525,4.98390728823871,8.32477509264431
fbxa-210,0.00592535598805724,8.07893222183364,-1.01786272689817
fbxa-49,0.0073952283178547,5.09690181844414,-8.45391096396966
fbxa-76,0.00356057579385078,3.91059069693811,7.08412986564858
fbxb-103,0.0000229146720959266,5.81788311572443,-8.6758544443378
fbxb-119,0.0047785048948187,4.75945092822961,-7.17600441976608
fbxb-12,0.00424946219841933,4.2265787429303,-7.47860582489785
fbxb-17,1.12106154726391e-10,7.06021704030907,-9.16304918032093
fbxb-24,0.0213520416558292,4.1627774392356,-7.40835900743642
fbxb-27,0.0473065216955486,3.40434213322372,-6.44878263590858
fbxb-31,0.00420281101898947,4.72393181980801,-6.77777521486057
fbxb-50,0.00480289014399637,4.51233733913361,-7.45344283909542
fbxb-54,0.00464725134099889,4.42771766547177,-6.85903458371692
fbxb-62,0.0490902038462416,3.82591912407611,-6.34551976710516
fbxb-63,0.00678684371326977,4.85060429045328,-8.18134657512569
fbxb-80,0.000351457655836034,6.12191454414255,-8.4602511841636
fbxb-82,0.035127059599326,3.64344468236938,-6.76644577871424
fbxb-85,0.00365239282824217,4.21405890763547,-7.46485393113679
fbxb-86,3.20253333214374e-7,5.74981490156804,-9.15206196967591
fbxb-88,0.00582806019581737,4.91942978708049,-8.25732884700291
fbxb-99,0.0331553550262425,4.19162806832929,-7.43752357920247
fbxc-29,0.0328868331511754,4.47213083547868,-5.13874079537803
fbxc-37,0.021507925805722,4.19184735162821,-6.43602133731053
fbxc-41,0.0240026310419969,4.94771966117876,-5.40293166201267
fdps-1,0.00899969910029824,6.58415278561664,2.2139624663446
fipp-1,0.0249146404240803,4.80897492650455,-3.47322837698079
fipr-26,0.0228340756973966,4.84331755284958,-6.70711351731585
fkh-5,0.0177560858024038,5.42467008566464,-4.22991658328152
flap-1,0.0309923633190683,6.98908135365264,1.40420215780673
fntb-1,0.00254221479967657,7.71682998271965,-1.54814969864416
frh-1,0.036832282592383,7.23242588273866,1.28215783700085
fum-1,2.91389356910188e-7,8.71174773914726,-1.75255413688664
gad-1,0.0212583590222636,8.26296103728009,-0.950573315044443
gbh-2,0.0371096732962904,2.79241288517906,-5.53764248041435
gdi-1,0.0475429052728497,8.95880765487141,-0.62838317392709
gfi-4,0.030034803636132,7.73000017074278,-0.837912498423288
gla-3,0.0150323335351232,6.98736541166835,1.93572547480857
glb-27,0.0422224028918307,3.58428263833427,6.66898414433004
gln-5,0.0431801051846249,7.60546368641763,1.00214172944253
gob-1,0.00000676734851821253,5.80282342212295,5.10697384880311
grl-10,0.0413802004245381,4.11476387746896,4.77202014962042
gska-3,0.010823386201565,4.26326720050445,-7.51976399555906
gsr-1,0.0109353943887955,8.14517542960577,-0.944596784530745
gst-13,0.0409078093708943,4.07513479120462,-7.30491276656455
gst-30,0.00211487708359968,5.6664165968039,-5.12195003775732
gst-35,0.0469916655799857,3.43508122965977,-6.49229924143047
H04M03.3,0.0403540645517175,7.92549568756972,-0.813721984689905
H08J11.10,0.00217105900194626,4.46172496640502,-7.74913565810691
H08J11.4,0.00240517091142432,4.49694169977776,-7.78863263055541
H14A12.5,0.00222476147857764,4.45865160202866,7.73752023781763
H14A12.8,0.00508290127028635,4.49593734296138,-3.69297119624247
H20J04.4,0.0000252214803783576,4.58929755606042,7.88550124724729
H24G06.1,0.0409735343009953,3.4146486601824,6.45165233507963
H24K24.3,0.0498061833758115,7.22925093824903,-0.91536364681365
H27M09.1,0.0100797764488729,6.71490422289178,-1.42916060434205
H28O16.1,0.000100880120102527,9.80185828246337,-1.53953168617572
haf-1,0.00278815973200211,3.19244222696772,5.34217643013217
haf-2,0.0233964289724388,6.15432288097444,2.40391540833086
haf-6,0.00373297906705611,3.96926458717188,6.20050530568216
hap-1,0.0433061497527666,5.74655363501678,2.41246220502811
hcf-1,0.0231996022484759,7.8868389002584,-0.889355804373649
hdac-6,0.0418823482724286,7.87467715085015,-1.01979097113278
hel-1,0.00657035107401173,9.92925799897622,-0.791875056943482
hil-4,0.0273361970973596,10.4148638128806,-1.06342742535433
his-24,0.0350299037200955,3.62469527619207,-6.74380521928123
his-3,0.00379007912842827,3.99799870438111,7.19349688654202
hlh-16,0.0066593984662611,5.14811476402529,-8.50949252026187
hlh-3,0.015222998757738,4.18358988691913,3.71799534534467
hmg-11,0.0311273647485264,3.19964920293501,-6.16530601357101
hmt-1,0.0443884675352437,4.58611763700156,2.60908180427059
hsp-16.2,0.0182057778160034,3.94108636580922,-6.27208338410042
hus-1,0.00136103273231547,6.81610580919303,3.04039803817035
ify-1,0.0000166961151035009,9.69731989219108,-1.33998512563418
ile-1,0.0259737301164607,7.91091742909122,-0.946266502519333
imb-3,0.0138154245887903,7.90789163025515,-0.967478876340285
ins-37,0.000608999290787548,5.20043579364888,-7.61916775290956
irk-3,0.0279297282191748,3.77139113060169,4.03066185908059
jun-1,0.0217483362803683,7.55002943879178,-2.30783743875251
K01A2.10,0.00820940580144396,3.06604802713072,5.9470015335307
K01G5.10,0.0490631713036271,2.87717131048881,4.47152987070579
K02D10.1,0.000183508678327899,6.77161330184463,3.83002928441269
K02E2.11,0.0440152311617644,3.37684866544875,-5.29883983388632
K02G10.1,0.0471275789095898,4.06884816990201,2.7023204296102
K05C4.2,0.0200238003251037,7.05742140932038,1.51122188331304
K05F6.4,0.00016483429951776,4.99406809406361,-8.34401633567619
K07A12.1,0.0209056054303939,7.749206561966,-0.922064766982683
K07D4.1,0.00407612208274582,3.61423509560828,6.7111378642517
K07H8.3,1.04900541544988e-7,6.52229194155384,5.84383990595131
K08D12.7,0.0439712240394985,3.97662385055523,-7.17288839329991
K08F4.3,0.00726297446394939,8.56035758429779,1.30872509703182
K08F8.1,0.000889285965927874,5.89906094973551,3.4344905165886
K10C2.3,0.000410882479105176,4.86720469213151,-8.20540788843777
K10C3.4,0.00645735926497587,6.9270235192441,1.95282285514798
K11D12.7,0.00581390330707829,3.90031051439741,5.09306172256747
K11D2.5,0.00285216947353837,4.21743184548644,4.66972665550395
K11H12.5,0.0176670540312338,3.68778300269962,5.95660123955162
K11H3.4,0.00209833769597201,4.57358559928611,4.84150666148068
K11H3.6,0.0120608050408844,5.58361440440534,2.49058078526807
kin-10,0.0395626301390708,9.05967483894781,-0.659660667481503
kle-2,0.0465630984686078,6.36722064339947,-1.28840268890265
lact-1,0.0355811105533459,4.1071085263729,-7.32993798810641
lap-1,0.0271827691803798,7.71554172587463,-0.900673578784252
lbp-4,0.018151629557459,7.71823707595355,0.930859331376216
lbp-9,0.000476426428804164,7.57266785591964,2.55917897653484
lec-4,0.00611971502031625,4.08056750798115,5.74353237290622
let-413,0.010585415181165,6.51694301155067,-1.53164439488176
let-721,0.005848564296418,8.26518958588931,-1.00054842391267
let-92,0.014624893172825,9.84036351748153,-0.747868366655508
let-99,0.0194854246966686,6.90732005830621,-1.18339618454254
lin-41,0.0197567697187819,4.95671926500575,2.73176906013243
lin-61,0.0189135010687338,8.15518726468664,-0.889402806126446
lin-7,0.0050064605969318,4.17748180363342,5.10262239025357
lpd-8,0.00544205078478776,7.83424571355903,1.34367451781665
lsm-8,0.00490664578565554,7.80718941636634,1.88515111671392
lsy-27,0.0467161158436003,7.34929526395074,-1.4044778991534
M01E11.1,0.000417361140074587,6.0729633004758,3.81972223705921
M01F1.6,0.0409486197754403,5.01282942336891,2.63632455488904
M02B7.7,0.0393501550846141,6.22334577540824,1.41443543401561
M03A1.3,0.0286708154239306,4.75160954698064,-5.58292564787738
M03F8.3,0.0154231152844828,7.54896808568915,-1.08325054660638
M04B2.4,0.00598130768320061,4.38337406780398,4.4169197661114
M04B2.7,0.0290769875298042,4.31633642036173,3.13387120524478
M04C9.3,0.00000210514277777135,4.76344133977662,8.08075808854118
M116.2,0.0149025737784722,3.6769033868736,6.79524832831119
M117.6,0.00531431516701771,4.07430466967262,5.28932191115927
M176.4,0.0015997796123133,3.82422020262353,5.97821548586936
M18.3,0.0399015143050963,7.19789677497371,-1.13948650281183
mce-1,0.0299187307923356,7.22960648239613,1.70803089849818
mcm-3,0.0143883340431757,8.13856453971149,-0.922783287843677
mcm-4,0.0314299537194845,7.82240898968972,-0.810005536965456
mcm-6,0.0234563305243472,9.24230281355297,-0.718281942117624
mcm-7,0.0237588445240634,8.92778650755751,-0.681006501341332
mdh-1,0.00453617890258202,7.49025106880347,2.83423609506836
mdt-1.2,0.0142988730651679,4.1700046100932,3.75167815051039
mecr-1,0.00308238523498128,6.96831573177815,-1.63650265502765
med-1,6.39690711745544e-7,5.6871413406574,-9.08601241199249
med-2,1.65770471126865e-16,6.96277228658346,-10.4081107830515
mei-1,0.000842874766616119,7.93138532398565,-1.18425355491422
mes-6,0.0417317553080237,6.34678529351355,-1.82688116234149
mex-1,0.00618826515209503,8.12098794126975,-0.966750436706229
mff-2,0.0246579619234157,5.77459630838799,2.04819255756662
mif-3,0.0287340429812492,7.24536893494829,1.11632789000251
mig-5,0.0155933800263459,7.83597821341275,-0.954678762588712
mix-1,0.0024185025372835,6.78698176396066,-1.68666368077974
msh-2,0.0148863168313008,7.13906179931001,-1.18863188353463
mspn-1,0.0000380243129110894,8.17096334884099,1.5046371118625
MTCE.10,0.0254533554189434,3.35128704398433,6.35460990167139
MTCE.11,0.00943060431823329,9.004906904606,1.13531662031401
MTCE.12,0.0173606923344977,10.3804745917053,1.08658178535865
MTCE.16,0.000611842174352075,8.79125692992824,1.61258931117864
MTCE.23,0.00877620077948292,10.7898743110441,1.15713273183274
MTCE.26,0.0144581063974937,12.0050152852579,1.07768154663274
MTCE.3,0.00652089060162215,9.77192972466369,1.132530503296
MTCE.33,0.000907503791394532,9.19609000833377,1.39149944920889
MTCE.35,0.0491585883237645,8.96924323109716,0.815167481340993
MTCE.4,0.014229261999078,8.8347059480651,1.16084162419506
MTCE.7,0.0000622336016374414,8.40962461830174,1.70620904299589
nasp-2,0.00438096147940189,9.33555516239545,-0.846817026208246
nduf-2.2,0.026080484931214,7.89964706839892,-0.833023415752039
ndx-9,0.0174538720579496,5.83023253868471,2.44163494604657
nhr-142,0.00675296150307295,5.14701523264143,-8.50830078368513
nhr-145,0.040527548538059,3.18203918664923,6.12004424166218
nhr-17,0.00492869277863149,4.5615027411432,4.15816188484778
nhr-182,0.00565217118074148,3.67614834866427,6.78750040145663
nhr-190,0.0218798337763039,3.4061206992121,6.43478323853538
nhr-32,0.0474823653924867,5.58106290441834,-2.18563032521498
nhr-35,0.00606255843976826,3.35224467453354,5.77157944250773
nhr-40,0.0349488904180023,5.21534632665064,2.53486200563583
nhr-47,0.0484030541130751,6.37433616680483,-1.63389617865071
nhr-56,0.0000544857772049718,4.80705260087075,6.5075999025018
nhr-69,0.0343553053832315,3.08064877603643,5.17860922010581
nit-1,0.0272400720773593,3.31113235651576,-5.84036321802933
nlp-24,0.0262647171429409,2.95302030636854,5.77343431722717
nmt-1,0.0336840875931724,7.35213270878852,1.37314600520492
npl-4.2,0.0405646236715709,5.62035270747732,1.72993576578248
npp-10,0.003895450782824,7.35621252860854,-1.29590022133346
npp-13,0.011124790523197,7.18267170481487,-1.18307389958545
npp-15,0.0229212300063499,7.41346027577119,-1.18157045324324
npp-16,0.00343848405670506,6.36537379603102,-2.19150565104492
npp-9,0.0240603945627023,8.01201534351424,-0.860311544874083
nra-1,0.0215232681657698,7.60299574749615,-0.965251649360106
nrde-3,0.0478905072683826,6.34270409520351,-1.34360233374638
nspe-2,0.00303214913609751,4.39376685955813,-7.67328597511665
nsy-7,0.00503985828672951,6.6068225396752,2.01716177820144
ntl-2,0.0096643436880746,7.04661048081658,-1.67962244801863
oac-55,0.0336610251179749,2.77195684784298,5.48475284013918
ocrl-1,0.00183621884004283,5.75770102911892,3.52445324559473
paa-1,0.0047734889412507,8.61373144380203,-0.901500884643369
pab-1,0.0318532940873869,7.86891011423384,-1.62708467101665
pak-1,0.0181780997116065,7.07203913152536,-1.17015960115498
pam-1,0.00137015012159729,8.00159183853442,-1.22854882854125
pat-10,0.0000194484883917462,5.14941648597887,8.50529598395455
pat-4,0.0217534228421184,3.21314248224349,5.10205812779647
pbs-1,0.0370545444641461,8.69382389106412,-0.727272422720095
pbs-2,0.0468956122879001,8.4561901090379,-0.682007597402355
pcca-1,0.0259447178564885,7.06583608142743,-1.07556043076757
pccb-1,0.00243246637280347,7.61445161702613,-1.49456138867499
pdi-2,0.000504464065515924,8.72097292559214,-1.27076953370494
pes-10,1.60061268136043e-7,6.16138310445431,-7.8060471057552
pkc-2,0.0352025488367932,3.27676956312675,-5.79299307537187
pph-4.2,0.0462666757065365,7.52212692312693,-0.918695971444706
pqn-47,0.0236209381233234,4.03435670619127,3.70386812363925
pqn-51,0.0133796680396493,8.41498414530197,-0.870121823660318
praf-3,0.0000960164398302056,9.41876744626742,1.85124623808548
prdx-6,0.00109706614845136,5.05554064671326,4.50602109491985
pri-2,0.0000275801506484,8.23925789819342,-2.08372719840954
prmt-1,0.0105922981158064,9.16927757837301,-0.831050759218018
prmt-3,0.0152483270894297,8.40495848954968,-0.845868663902515
prpf-4,0.00770798774936863,7.47494976014836,-1.0817119439811
prx-14,0.0295654634294685,8.03963480993015,1.06957594273989
psf-1,0.0189164979202011,6.78742447970324,-1.44383384591929
puf-5,0.00472174493078866,9.53566636827209,1.0270023058093
R01B10.3,0.0229855209455415,4.4716560794423,-7.76545705629231
R01B10.4,0.00000198544476728454,5.3082732745181,8.67701814054011
R02F2.4,0.0151587590669976,6.99761814314255,1.7195432890167
R04D3.3,0.0255465156700142,8.0006418564191,1.03455043871347
R04F11.5,0.0316538446838538,7.18318091276586,1.45278636441268
R05D11.5,0.00383742192296068,7.74799392144285,1.15009361881007
R05D11.7,0.0231988830855338,7.55291040941997,0.998428443199937
R05D7.4,0.00643346718876679,7.48751317586021,-1.69211027918379
R05F9.6,0.0156430660085328,6.32174151215392,2.51008662951079
R05F9.9,0.0370038122887388,7.09303317319489,1.1720697339721
R05G6.5,0.00936368072876585,3.98476148923238,5.72893574632983
R05G9.3,0.00787247194956748,7.23555269885709,1.50395069073965
R06C1.4,0.00899374931478198,6.25160479076384,-3.70444384518594
R07E5.13,0.000236355632261194,5.6085900255068,4.0472901057121
R102.5,0.0267355946907655,8.37992285839206,-0.761924003881473
R10D12.14,0.0169497381136413,8.50471420765838,1.02967691889139
R10E4.3,0.0129349232086326,4.77218935814986,-8.0971594499034
R119.2,0.0122125981388155,3.23569496419602,6.19467934302921
R11A5.4,0.015581213132668,6.97220174838512,-1.72793892844237
R11A8.1,0.000608727463401919,4.51898973618914,5.43361185169262
R11A8.2,0.0405939931434195,7.72358028881511,-0.904212495974217
R11A8.5,0.0138938145251497,7.48596513067169,1.42513125793637
R12C12.5,0.000263534148362318,8.55296088563674,-1.52296423222377
R12C12.8,0.00488464228016589,3.29539438568887,6.28060386329623
R144.10,0.0269807787657956,4.50337735918492,2.59834373057768
R144.11,0.0000901491823724673,5.4442800137723,5.43873436610311
R144.12,0.015622216412346,6.48298470492778,1.71894016059485
R144.5,0.0132226419263673,6.35583181032407,-1.72429510576277
R148.4,0.0118796125529206,9.14188567818382,-0.910290038201204
R151.2,0.00391435254115006,9.54516631359643,-0.886116154255964
R17.2,0.00426846397294346,7.13147469752165,-1.51639972276429
R186.3,0.0000478046158184834,7.50180237842083,2.710926660955
R186.6,0.00755873063050689,4.74350647855581,-6.09062466761267
R74.7,0.0413018281141295,7.11887981184314,1.16432897624568
rab-18,0.00436736528168697,6.21582660981478,2.39952479890461
rab-30,0.0272382797646532,6.03778321453889,1.68275433247642
rab-5,0.00441394426045237,7.40876834202819,2.56627134056501
rab-6.1,0.0313654367982824,7.50857761813408,1.54692727452552
rab-7,0.0329811804732224,5.33610496711709,2.66899208636917
rad-50,0.00748289567197319,7.17189125664285,-1.19135800421445
rap-2,0.00494307849938992,7.11146870537569,2.0591312065661
rars-1,0.000471898325841331,8.49550022899011,-1.25233697224857
ras-1,0.0381526135104957,4.08620441738869,-7.30946364149124
rer-1,0.00214738337241246,7.58556476912067,1.27683371158264
rgs-11,0.0492143471141863,8.91620770118012,-0.869837183788015
rgs-7,0.00990009668466279,8.09712771772097,-1.01527153049747
rgs-9,0.00472814669570378,8.96468155834754,-0.993471886302208
rhgf-2,0.020204855315899,2.95562451986484,5.77971217797892
rho-1,0.0223038020626583,5.67449734672138,1.9962300515525
rhr-1,0.0257353461007214,3.91073629833988,4.72914493287765
rhy-1,0.0377770132160931,6.90879612217587,-1.249442830674
rlbp-1,0.0379411205430889,6.76048859597485,1.69960122007632
rmd-5,0.0466795293436257,3.46580512028255,-6.53900199590916
rme-2,0.00167092495814504,6.41733641091116,3.35603804321081
rmo-1,0.00659356856331006,4.8995835283987,2.94021981033683
rnr-1,0.0249165181560394,8.51174645877243,-0.751050022047507
rom-4,0.0156906601655819,8.0340852729863,1.19770099033497
rpa-2,0.00274246017682473,9.03689354446688,-0.89425833212856
rpb-2,0.045626080070717,7.26488538953128,-0.921388793687054
rpl-12,0.023943316622453,10.6042517076676,-0.700056933624521
rpl-30,0.0492117480391476,7.27614073696643,-1.015868906535
rpl-7A,0.00302822457631091,7.43921702106049,-1.67933887592707
rpl-9,0.0144076921617002,5.64548441971542,-2.23213716855845
rpn-10,0.00488584125164529,7.90118935663069,-1.00883294241869
rpn-2,0.0321084188209144,7.39500409455598,-1.12766110943082
rpn-5,0.0148618452526307,8.69159378409669,-0.819821249897461
rpn-9,0.000459746981946656,8.2796076189289,-1.19564171375578
rpt-5,0.0351724225630237,8.89871151542952,-0.70669872724739
rsa-1,0.0368891725467687,8.83505542814633,-0.758577247721675
rsd-2,0.00196996557087451,7.28323495459145,-1.58797830265365
rsd-6,0.049197722624296,8.20620968520754,-0.734148521454034
ruvb-1,0.0195510571116303,8.51373597758071,-0.78165690654281
sac-1,0.023250302954106,7.45710845499223,1.87549808074724
sams-2,0.00264822858649301,4.48350686986499,-5.00064036092659
sams-3,0.0413704909397142,8.93970286670331,0.647467480198566
sap-49,0.00203581090308213,6.4796707325463,-2.18953535750589
sas-5,0.0121590567670356,7.97190986714887,-0.954516757333275
sas-6,0.038374479923565,6.77012544587066,-1.23970523142967
sbds-1,0.0136285886047545,7.14054669750296,1.50606483315787
scc-1,0.0434808909234737,6.94540996312519,-1.1245795231961
sdz-13,0.0130327587773487,3.83914341771167,6.99816451492442
sdz-14,0.00482593894276337,4.27826211357358,-6.36218065242872
sdz-15,0.00000699623731899783,6.10191251249905,-6.92292732377703
sdz-16,0.0227573644551555,4.23678651092742,-6.14675310159651
sdz-21,5.37824817488524e-10,6.67314963473956,-9.32047632014453
sdz-26,0.0493685820199289,3.51061143679711,-6.60139879409645
sdz-30,0.00400670958684556,4.66702702089436,-6.88686543726311
sdz-31,0.01756700721294,3.69952332822984,-6.15781162548415
sdz-37,0.00000872979961974134,7.74399213024319,-2.02117013325195
sdz-4,0.0466058857931072,4.18245908348981,-6.1626602996707
sdz-5,0.0115863805742495,4.41408260936134,-7.69936523902708
sea-1,0.00126626337801799,7.37210790731693,-1.70033536678824
sec-20,0.0281344180340137,6.1542120187683,1.78238645484737
sek-1,0.00346751150354705,4.18144580065269,5.55762856309521
sel-8,0.0319842061274553,4.18031983483648,-3.1378017187872
sepa-1,0.00405495359732007,4.84410352363459,-6.83744453185013
set-10,0.00342248413206413,4.53545599695528,4.76659542470847
set-13,0.00838144995990942,3.33518071868576,6.33761933299304
set-27,0.0355259423372544,3.03329159226329,3.8382125971772
set-31,0.0324616976389962,7.75447903454087,-1.1404098639313
sex-1,0.0479239280606838,6.3312609525355,-1.65128842627259
sir-2.3,0.00165012541217324,3.81440523085096,6.96808822993415
skn-1,0.016879888234391,8.34185493071629,-0.777633845011659
sknr-1,0.00179179122733983,5.16578778674168,-8.52865450757821
skr-10,0.000070537277058953,6.33739288642644,-3.79211842650443
skr-13,0.0225425702833932,6.13635305135109,-2.65429655543221
skr-16,0.0317386835206224,7.00304378563373,1.60575630443458
skr-3,0.0000259188737351174,4.48421621406834,7.76539442209039
skr-8,0.00000480054928661156,5.91049710720829,-5.5312900144416
skr-9,0.0000270820755220793,5.79337262771933,-8.49917905382667
smf-1,0.00520942226682639,5.5493497547525,2.98413047316569
smk-1,0.0122967744571543,7.84981014466672,-0.947938237378574
smn-1,0.0239112066710143,9.46902792587098,-0.750464075916545
smu-1,0.0114160684041583,8.06914978850663,-1.18281374914113
sna-1,0.0323277397744376,8.67650672053969,-0.762830590273354
sna-2,0.000299756612931679,8.10111239053107,-1.24633684255631
snt-2,0.0396152675691871,4.75853380254834,-2.90870248145539
snx-6,0.00204184793911371,6.964389520761,1.93445649538447
spd-2,0.00702185660898197,7.95683145718232,-1.51718097094828
spe-5,0.0333325196399164,6.16090235037948,-2.2012839314061
spe-6,0.0346656911653062,3.50273725283288,5.41174940799064
sqv-1,0.00000163763566123764,7.06871585815277,4.37899669119988
sqv-2,9.66163888589516e-10,5.54007071815872,8.92570486974203
sqv-3,0.0213602151219049,6.54827946003027,1.63765702811151
sqv-4,0.021640295997782,3.47207760996052,5.57602416733989
sqv-7,0.0218205862678182,8.37191914905752,0.98409640425048
sra-32,0.00583283384583777,4.27678313185994,7.52608177465468
srm-1,0.037461012903512,4.02777377899955,6.24165453257437
srt-13,0.0112179655700158,4.53879446655738,-5.65900123906128
srv-7,0.00521774077660626,3.50637427519474,6.56924518787201
srx-7,0.0180993785442681,3.99971166072544,-7.20863126459439
sti-1,0.0290298928119805,8.1462010573466,-1.2362933217076
stip-1,0.0380097621710992,6.27825942625092,-1.38280811636119
sto-4,0.00653229305606476,6.59215411115625,-1.78318272637138
str-148,0.0000962865934249664,5.41967939658326,-8.80164169218167
syx-18,0.0344270397523712,7.07404542836716,1.17113952588368
T01B7.6,0.0375993027206192,7.74160300212551,-0.931237342350994
T01C3.3,0.0299335017102999,7.95875032713268,1.34725279168703
T01D3.1,0.0237632690405121,4.2990629419765,3.89664355024433
T01G5.7,0.0404679028523865,6.33575007421997,2.2106305232887
T01H3.5,0.0167495043373692,3.51580333338417,6.58197380141494
T02C12.2,0.00951258466223532,7.70756918733217,-1.42026714508082
T03G11.6,0.0359056624765455,8.74812222922462,-0.715121419627065
T04A8.11,0.000243487212357295,6.38433102746502,3.83470662666183
T04D3.5,0.00000569624762261959,8.89516797752436,-1.66835822712361
T04D3.8,0.00700697190885531,4.55539075237052,4.44598675750954
T05A7.1,0.0000641090646657423,6.78131658111599,3.24869565387109
T05B11.1,0.013094516579303,3.30582883955186,6.29865576071093
T05E11.8,0.034894428753994,3.75734811992509,-6.90220736557058
T05E12.10,5.42798424855558e-12,8.51681592640062,-9.14874842776861
T05E12.8,0.00000209773547275594,5.9862339478754,-7.59431083235023
T05E8.3,0.0043740480779743,7.77591552700676,-1.11937392641015
T07A9.10,0.0264316712530763,6.9959039228341,-1.6660277389107
T07E3.3,0.00522921457298472,7.73169735816841,1.95040677311491
T07F12.2,0.018304993222967,8.04788184329731,-0.988434189209897
T07F8.2,0.0234271978120104,3.83396900410817,-7.00193893612045
T08A9.6,5.41481998297849e-7,7.39626169160399,-9.42564092543491
T08B2.7,0.00159273030254683,8.56751547635842,-1.06010813995876
T08B6.5,0.00287054674067818,6.32974252164763,-3.10636216982148
T08G5.3,0.0314728169077725,3.52314752855065,-4.81240076230863
T09A5.4,0.0000154368983674302,4.80340769750712,7.15590240439585
T09A5.8,0.00648410964116403,8.93629351852853,-0.909401272442216
T09B4.2,0.0373112710990751,7.73408614554009,1.63118857945933
T09E8.1,0.0223812284914778,8.63113909575872,-0.807601856169968
T09F3.4,0.0280758825097959,4.67683004066916,3.70045781461648
T10C6.10,0.00755909586007175,6.89908300276507,2.380956852108
T10C6.16,0.0055546670990687,4.18225287239856,-7.42452242418588
T10C6.6,0.0459429699295133,6.69011822865546,1.36084133741379
T11G6.8,0.0152560756395147,8.16330441150763,-0.824840111787911
T12A2.3,0.0000103383066682078,6.94942194486752,-3.6189546014928
T12B3.4,0.00000139565823452763,6.35092456545096,4.7384857244941
T12E12.1,0.0197050281008292,7.93019269996648,-0.934512251880344
T13C2.7,0.00560182101691775,3.84230250850361,6.99913280633062
T13G4.2,0.00325076114753611,3.97244334090305,7.15975099148744
T13H5.5,0.0102325755248248,6.73945640721888,1.94694455241434
T13H5.6,0.0449394395635483,4.26418832078601,3.14137799737982
T14G8.2,0.0340062354632508,4.1397564692403,-7.36879421032608
T15H9.4,0.0278631875014785,3.68520928673068,-6.82658625968138
T15H9.6,0.0000450943689402544,5.33848482400155,-5.91803539420302
T17A3.2,0.0437553975617652,3.46335758693675,3.89699679691408
T19A6.1,0.0457813459550953,9.38153378048466,-0.660368861194997
T19B10.6,0.0462080990303567,9.07527589056495,-0.689545243900449
T19D12.10,0.0105415837007039,3.29279640057495,-6.29501392795952
T19D12.3,0.00411054760478534,4.75670345911616,-8.0820298147281
T19H12.2,0.00283727069441197,8.79212628229734,-1.01726535162265
T20D3.6,0.0167486136496315,6.53415560440455,-1.81062892759256
T20D3.8,0.00674415625289381,8.56458312675094,0.891175640588379
T21B10.1,1.11232663320431e-8,6.01133254387871,6.11951174196465
T21F4.1,0.000270815530563322,5.36410889134767,-7.09996142027165
T22B2.1,0.0204963650399605,5.93077452751765,-3.84338837127011
T22C1.1,0.00225639199483612,7.95925788756921,-1.40425266343002
T22C1.11,0.0372228936664905,7.35469520286217,-1.10505408746344
T22D1.11,0.0425336310345238,3.73418218535308,5.45046718549906
T22F3.3,0.0146091761205638,5.40697410229356,3.69663007625867
T23B12.2,0.000545866888073645,6.06064552904031,3.03228977869564
T23B12.6,0.000122541160558396,6.84592527183587,2.56864276029569
T23B3.6,0.00000230278659260805,5.45139210772881,-8.83499028261534
T23G5.3,0.0257392368356244,4.36690982861042,-7.6386931728154
T24C4.2,0.00704726680674194,4.91621770835271,-6.93523992505565
T24F1.2,0.0248353851100345,7.46017573108489,-1.02692380792311
T24H10.1,4.68460470818366e-9,6.2977692960532,6.44500796172092
T25B9.8,0.000683057465081089,8.24266035942292,-1.67925322373386
T25E12.6,0.0372757008588151,6.82509563136521,-1.67248249649805
T25G3.4,0.0414082146163069,6.2894729831542,2.19207541932666
T26E3.5,0.000264702711028355,5.81422406754212,-7.34380522597399
T26E3.8,0.0292965458118752,4.65989473988486,-7.02990360143017
T27A3.2,0.0311053918571402,6.79941789025022,-1.27480092839761
T27D12.1,0.045966118943389,3.93515465033107,-7.12235539731352
T27E9.6,0.0392206435086018,3.25568312251913,-6.25335352019702
T28H10.1,0.0211745717196065,4.04234354208724,-6.53449372916793
taf-11.2,0.000361960362545713,7.70091955736254,1.34909602973326
taf-11.3,0.0217899002695925,6.62104406850744,1.78108614626217
taf-7.1,0.0409526518772515,6.11408321375017,-2.39470393666884
tag-115,0.0137139679585347,7.3420462599374,1.24632279881306
tag-257,0.0272527354572236,5.32051748680839,-2.69019754978512
tag-260,0.0249297898009169,5.57110574157665,-3.82651086016447
tag-264,0.000278695793798069,6.79454318911524,3.85516241634722
tag-276,0.00677295668789397,8.26004843367375,-1.74164923871582
tag-281,0.0127828941655786,4.74259189293365,4.05872115734467
tag-313,0.0219264718916261,4.15200811696161,3.39977707948497
tag-315,0.0111732620807098,7.54528944279526,-1.0545710646812
tag-320,0.0348427468318646,8.0703068440989,-1.00401768345674
tag-347,0.000713310132465719,5.45948343537493,4.67469238402964
tag-349,0.0048046824176515,7.50839104915122,-1.35965603026874
tag-72,0.0435611643837027,5.68785935859364,-1.78113058275267
tba-1,0.0133435710802953,9.21673859183615,-0.80865714006225
tba-2,0.0115715531579618,9.08027930628398,-0.85936684946365
tbb-1,0.000302070393937271,9.00551727814217,-1.28924790709729
tbb-2,0.0117534499942414,9.78559319506801,-0.750765300031797
tbc-2,0.0100139544563386,6.94068946225305,-1.44755617552896
tbg-1,0.0204768935686269,7.88352282129883,-0.905664399254616
tbx-2,0.0425133693697898,5.81072747986647,-3.7241288280835
tbx-31,0.0443415996702856,3.25370327680471,-6.24611406102612
tbx-32,7.63506274532102e-11,6.23395771033149,-9.65826395950361
tbx-39,0.0000762508875640379,5.70670153533172,-7.22276181342451
tbx-40,4.33847298231963e-7,5.9571760411837,-9.37003779178534
tdc-1,0.012626167401564,7.91797514005952,1.07149786633858
tdp-1,0.0427989797343711,9.60616581928201,-0.675415751968882
tgt-2,0.0423050355008392,6.90261778130097,1.22960462622375
thoc-2,0.0386679993464876,6.30786759232718,-1.29450776775882
tin-13,0.00534038529090731,7.14237833208945,1.56812817867621
tin-9.1,0.0211197251318944,6.38589785871082,2.01211684572447
tni-4,0.0441001909118914,3.1279558462685,-6.06989356947293
tom-1,0.0376730383182137,2.60694716474527,5.18542592819745
tomm-22,0.032061621810082,7.08468575033787,1.54947320994752
tomm-40,0.0411041813070688,7.86914780890408,0.817312818239618
tre-1,0.0106663494090164,8.98756808353209,-1.09329886971054
trxr-2,0.0010479688610458,6.1920819300923,2.33307599704807
ttll-5,0.0072553889143931,7.22199815891172,-1.25745825934499
tub-2,0.0116870859743267,2.81582277221191,5.5528418105003
twk-45,0.0259013018055684,3.78490984031777,-6.94349920266932
uaf-1,0.00442082320454962,8.43144057644875,-1.14230853275503
ubc-6,0.0000125498774469784,8.52054704009491,-1.85540476322269
ubh-1,0.0285853312932343,4.75452303200474,3.1425369247843
ubl-5,0.0339096647719704,7.14444956212398,1.21803762624834
ubq-1,0.0164744317420801,9.22832389032534,-0.791329640321457
ufd-3,0.0296467171619843,8.3942815751145,-0.76303151061771
ugt-13,0.000872060830739226,4.73727330990568,-8.0597830468411
ugt-38,0.0489638199742661,3.53739130330309,-6.63024162935119
ulp-5,0.00454735502712727,6.04520409092544,2.41402925526417
umps-1,0.00443056847645811,5.26843855017155,3.33227277111363
unc-26,0.0336269311833288,6.74899042693219,-1.82389695979924
unc-76,0.0274605018896727,7.65717909389021,1.04554823773478
vav-1,0.017239554411206,5.38732707769347,-3.31140418751148
vet-1,0.0124077171202922,6.87662436425528,-2.42159089256915
vet-6,0.000494069867819031,4.82880988575935,-7.09375337157998
vha-7,0.0459885702418576,6.79007823666533,1.63145251401543
vps-39,0.0302235030792972,7.8709667532802,-0.787119147050449
W02B8.12,0.0286042498988545,4.3249475173733,-7.59744525169712
W02D9.2,0.0234463507617343,7.66551640732366,0.880265967212565
W02D9.4,0.037320422693488,6.32885560733717,2.24359564646454
W02F12.3,0.0493995739673882,8.16141392925114,0.81187126567019
W04A8.2,0.0190952486528292,3.49564131598169,6.55782164877683
W04B5.3,0.00690098697283037,5.05604649765851,-7.72255291649021
W04C9.4,0.0284290135048052,6.37008826121684,1.67015516652934
W04G3.5,0.0307710118073465,7.21502603447324,-0.99036399075205
W05H9.4,0.00109243546932773,5.30820474791279,4.52373907360015
W06A11.4,0.0173675500239842,4.00703697292596,-6.67633429090422
W06D11.3,0.0150695585667245,7.59432665496803,1.36853317226958
W08A12.2,0.0274704985557288,2.89125126463068,5.68145732350351
W08F4.3,0.0130313395234407,7.61016553899749,1.60766370288934
W09D10.3,0.00124362826391929,5.71940974988758,2.91262209820789
W09D6.t1,0.0269694138164904,6.64106076064363,-1.75113787012557
W09G12.9,0.0114067733443048,3.79366498672931,4.62408458054941
W10D9.3,0.00612285724601174,4.08907548847116,4.90174225356664
WBGene00235158,0.00889394196556819,3.67196849642249,-6.00534563097404
WBGene00235325,0.0341694002845633,2.52170709870304,5.02281867754364
wrm-1,0.0250049110075702,6.60644400562189,-1.55811553296334
xbp-1,0.0167990824621122,8.64034971279677,-1.11218198280209
Y102A11A.6,0.0151939096706168,3.64447996695577,6.75451919676523
Y105C5A.1,0.0209850591843509,6.19416390007822,-1.9575671257405
Y105C5A.25,0.0454260731489657,4.00829657335293,-7.22505490842478
Y105E8A.20,0.00798102254875514,6.43803864654,-2.22479640182099
Y106G6D.1,0.00175570359211829,4.20733806858957,-6.67236443205243
Y106G6D.2,0.00114509742728697,4.71580972681413,-6.27253226677211
Y106G6H.14,0.0135023175791263,7.18541326737411,1.26272382252071
Y106G6H.16,0.000197201614204468,7.93535715312265,1.34602590360826
Y10G11A.90,0.0012895502745099,7.10529167765244,1.96590349725182
Y110A2AL.1,0.0281093663398162,5.01349337543361,-4.59937360918967
Y110A7A.4,0.0474895347660281,8.27216859836849,-0.70356318747924
Y110A7A.7,0.000260099554324469,4.2604788369204,7.50604035808295
Y113G7B.16,0.00388693537125855,4.54023723988173,4.61975041613034
Y116A8B.1,0.0168863901408916,4.41174745950693,-6.44523488824757
Y116A8C.19,0.00000312209301022126,5.77762865369876,-6.97857962261261
Y116A8C.20,5.90540400563364e-11,6.51463144794982,-8.68119755526326
Y116A8C.22,0.00361279410102285,5.23476095722091,-5.481650557886
Y116A8C.27,0.0066086564616088,6.39323647704045,2.80669083090713
Y119C1B.4,0.00114302458240177,6.33988855755275,2.34262235427706
Y11D7A.10,0.0177485235618677,6.73097488589913,1.29604935819119
Y11D7A.3,0.0229163591916988,3.35886644793207,-6.38703100594958
Y11D7A.7,0.0414870796826422,6.65091261507989,1.40501563577518
Y17G9B.2,0.00702638058846739,3.42629253345098,6.46213591146746
Y24F12A.3,0.0057441919612883,4.06944798094938,-5.22711727489974
Y25C1A.6,8.206899402378e-10,6.13358315635198,-8.23640292812116
Y32G9A.8,0.0172123525448622,3.1612212150102,3.71756980706984
Y34B4A.2,0.0212493199224446,6.95210372070166,-1.51512002897209
Y37E11B.2,0.046364487971314,4.62337994416991,3.92052575165778
Y37E3.1,0.0427097461804769,6.73371027478647,-1.30957905629005
Y37E3.20,0.000952900529508249,4.17085474879814,-7.4115053881812
Y37E3.24,9.24441095498746e-8,7.57737726287573,-11.0340278427221
Y37E3.25,7.02873804316561e-7,6.72596309674385,-10.1660817254818
Y37F4.6,0.041462764132803,3.92711032994411,3.22132863374015
Y37H2A.12,0.000980286371963187,4.71625486844426,4.7687218452188
Y38A10A.7,0.000990418635921913,7.78289989627389,1.41585820305398
Y38C1AA.14,0.000040043586309927,6.0408177082652,4.75029694849814
Y38E10A.3,0.00325784185246849,4.26557565260792,6.42621961674065
Y38F1A.8,0.0332559369528025,3.54711078212776,6.61779713051676
Y38F2AR.9,0.00222196775116333,8.23182030112619,1.27521817369197
Y39A1A.24,0.0130363907185404,5.87666333932556,2.09911154940976
Y39A1A.7,0.0238712266595721,6.5456933510532,1.80861132536205
Y39B6A.11,0.0481620550548611,4.2392639354671,-3.3329072235525
Y39B6A.39,0.0413885260504386,6.74533556084871,1.22880692700681
Y39C12A.9,0.014306251141459,3.37724874084,6.39298025532582
Y39E4B.5,0.000793018100009204,6.96456691068466,2.6556139660006
Y39G10AR.11,0.0309848822659089,2.88393286113057,4.98723726835866
Y40B10A.9,0.0232448292006961,3.92129932417724,4.52982945963906
Y41C4A.17,0.00196718019091796,4.65875697060483,-7.97101775856204
Y41D4A.6,0.00477603632606169,6.00718066468093,-2.43693197421296
Y41D4B.14,0.0442848848014136,6.55089557828046,-2.5426878235089
Y42A5A.5,0.00430804801005533,4.14015572912583,4.72607159896166
Y43B11AR.1,0.0433869439612638,2.92807160246909,5.7427465445862
Y43D4A.6,4.59623431574059e-13,6.30223906882519,-9.72871096168773
Y44A6C.2,1.97717499493429e-10,6.83669475800313,-9.52731571365863
Y45F10D.4,0.0138533109003902,7.42536652432391,1.374682367297
Y45G5AM.7,0.0101567254421556,7.93459469192897,-1.18493438111569
Y46G5A.28,5.26226683254105e-10,6.77657806844866,-8.7358227338157
Y46H3A.7,0.00278225405393487,5.05517404385033,4.42099811165482
Y46H3C.5,0.00333112796037528,5.98926852342841,-4.23567095777635
Y47G6A.3,0.00905882881221514,4.8796095363737,-5.05198717690758
Y47H9C.8,0.0447364263886685,7.71083937644238,-1.13296975566007
Y48C3A.3,0.0298439101642871,3.11532419218577,6.01860366650575
Y48G10A.2,0.00498818527346521,7.86611936262084,-1.17536355065695
Y48G1C.9,0.00895723578379579,7.38945292979258,1.24838160900055
Y49E10.4,0.020219998318887,7.63191998908913,-1.43462559480283
Y49F6B.2,0.00802734841330176,5.1606708085642,3.52238488970071
Y50D7A.9,0.00244904800564826,5.89215612672217,3.43431188813583
Y50E8A.11,1.68188274530162e-49,8.47257255742842,-11.938473623466
Y51H4A.22,0.0375166285057852,3.05743539811647,-5.95700247954174
Y51H7C.3,0.0230464621442575,7.66778446446024,0.978669048754833
Y52B11A.2,4.12815432524594e-7,7.33049819007346,4.25360756033623
Y53C10A.6,0.0000345762767355674,8.03435624625601,-1.74212728730365
Y53F4B.4,0.0134767657203232,4.61170283232414,2.96798429050318
Y53G8AR.8,0.0104645556470086,3.82410274457661,4.98862149156353
Y53G8AR.9,0.0206364343896619,4.62490239508694,3.02854907268451
Y54G2A.11,0.0492309047999203,3.03724824263039,5.90324296533321
Y54G2A.26,0.0434654705750857,7.32047829212795,-0.918623826108722
Y54G9A.9,0.0189067358110253,2.8100386680713,5.54899732865646
Y55B1AL.2,0.0205978763067483,6.53905512218714,1.62067601182544
Y55F3AM.3,0.0259604763413938,6.932322850232,-1.42689541524865
Y55F3AM.9,0.0377919965872874,7.82818407446599,-0.93960869364872
Y55F3C.9,0.00205045999990179,3.88899723205818,7.05979740947322
Y56A3A.30,0.0494873046977213,3.98988091985423,-4.67624179867059
Y57A10A.13,0.0432334427420292,7.14739976078783,-0.987769114663296
Y57A10A.3,0.0334376002863251,4.2335782708816,3.42950904086726
Y57G11C.1134,0.0000709598526338106,6.2095781632627,-6.17245165123985
Y57G11C.14,0.0199692907596569,4.03485682232095,4.14344312215357
Y57G11C.15,0.0425513575306694,9.41592774127073,-0.868226612101045
Y57G11C.45,0.0334926877481656,3.65975127658843,-6.78712022764617
Y57G7A.2,0.00395165652124646,5.06272294916893,-6.39477795071681
Y59A8A.2,0.0367986475732627,5.55856640488867,2.31517557695334
Y59A8B.12,0.00874303169692837,6.7467133325421,1.91411916299565
Y59A8B.21,0.0103765847396054,3.76094978173699,6.30629791744349
Y59A8B.8,0.00257241616911893,4.37621938926394,-5.91330131679089
Y5H2B.3,1.22175413505185e-25,7.28841480429185,-8.37865810719511
Y60A3A.7,0.0248542437962163,6.01676430081233,2.09043039711939
Y60A9.2,1.67118514469375e-11,6.78588111755946,-7.0169811739782
Y62E10A.14,0.00372056309311256,7.33902912023187,1.79034549917838
Y62E10A.6,0.00457767785006789,5.98593998208,3.25536586532905
Y62F5A.12,0.000646546348520305,6.72220741176999,2.34898101235976
Y62F5A.9,0.0304744125503815,4.47561800777788,-3.78851936785796
Y69A2AR.1,0.0213733237067052,6.8314260651766,-1.24235984416465
Y69A2AR.3,0.0324782965267478,6.94038325865036,1.28506505265805
Y69A2AR.7,0.0126747074008928,6.73637103657867,2.14661856838892
Y6B3B.5,0.00318465197442458,3.51562813824876,6.57879302467257
Y70G10A.1,2.30211278584702e-11,6.931166803115,-8.42840286572855
Y71A12B.11,0.0055767531660612,4.62816815905033,-7.93531551495011
Y71F9AL.7,0.010866756429443,4.33262932536428,-6.00906932735054
Y71G12B.10,0.0183812559948486,6.90160271803417,1.2986765766152
Y71H2AM.20,0.00760376413332818,8.088552734916,-1.05410361308463
Y71H2AM.25,0.0273421511628057,3.76998689086009,-6.9294852870656
Y73C8C.3,0.00113508387639589,4.6217607438404,-6.25317250351618
Y73E7A.6,0.00396919059409268,7.15112526350054,1.63907084452446
Y75B12A.2,1.75780054481479e-49,8.21811593182669,-11.6818703487386
Y75B8A.23,0.0090643593429879,3.44041582638616,6.48201398562323
Y77E11A.6,0.0103023399960095,5.48655556543588,3.01437892019685
Y7A5A.1,0.0141736392181156,4.16446159127873,-7.40705565541208
Y82E9BR.14,2.43113996475295e-12,6.67504852759132,5.62850670058463
Y82E9BR.19,0.00635021520356999,3.49285254666378,6.55087213315532
Y92H12BL.5,0.0395565895230257,4.9018402135412,3.59646774644249
Y95B8A.8,0.0203898630834969,5.23460840986145,-4.70061518200201
Y95D11A.1,0.0208626958949498,5.65385659057414,2.51916250298621
zak-1,0.0261396813617417,3.91136000335037,-6.49465488330658
ZC308.4,0.00464047356882387,9.77111392906514,-0.895267839204974
ZC376.4,0.0413023712466361,5.95899014200936,1.93880983189373
ZC395.10,0.00783484013754081,9.17409291718683,0.891010722992226
ZC395.5,0.00876724802946432,4.13423148147485,4.3377474046475
zfp-2,0.0398298584784047,8.41727405412515,-0.753745029380285
ZK1053.4,0.0199803545530268,5.50703003862105,-2.30577978809543
ZK1073.1,0.0102924606302016,4.39052269695133,-5.49397691199612
ZK1098.5,0.0381428741030619,7.24739929348658,1.24722380938745
ZK1098.7,0.00429488586459025,6.24368124482886,2.45240392663662
ZK1127.5,0.00164101626425567,6.72273211062048,2.59912810201892
ZK154.6,0.0159964321767266,4.50855898229106,3.99936772171346
ZK177.4,0.00603893259473788,7.19740295789396,-1.33280507450742
ZK180.3,0.0469045790373832,6.51024144475933,-1.86953312837149
ZK265.9,0.000624137077168336,7.06468098752535,2.7475103744017
ZK287.7,0.00698034280629489,6.63225817117396,2.14370163871053
ZK328.4,0.00440249288552654,8.12276585385217,-1.03569339001333
ZK354.3,0.00652227402609747,4.53958004311878,-5.34955782555751
ZK380.t2,2.71999344901116e-12,7.49909369984717,-4.8927395777514
ZK402.1,0.0278717243920198,3.01088669775104,-5.88342084659585
ZK402.6,0.00000306554646081274,6.60921809771944,-10.0449612352849
ZK418.9,0.0184383326949937,6.81018060859869,-1.38610654786442
ZK430.5,0.0234021676932362,3.46924832215789,-6.54080524452481
ZK550.4,0.0412554537449755,7.95948959901089,-0.825589125731744
ZK637.4,0.041298883610526,5.22291043587685,-3.51365953955852
ZK666.1,3.0838150527518e-7,7.49010203461329,-5.01681482054217
ZK666.4,9.11375909888755e-8,6.87643486474274,-5.50017572222667
ZK673.5,9.4073539905313e-7,8.23598255978469,-2.2723918136253
ZK673.6,0.00819903642482122,3.89481374025493,-6.38306719538722
ZK675.4,0.0379031972762413,3.28821311767462,-4.84600602790039
ZK686.1,0.0105660258096639,7.58085286997735,1.16277214806766
ZK688.3,0.038599224908279,6.89272767064802,1.85754016981377
ZK836.2,0.000133765179037969,6.79349602789759,-2.31896940869869
ZK863.4,0.00287336206121546,8.34911045926207,-1.07989207140372
ZK973.2,0.0108997501174997,7.42297893315677,-1.1908528424834
ztf-17,0.001466400115329,6.3988969825751,2.14018922935931
ztf-25,0.0223223180498896,8.08995677364683,-1.16055500402724
ztf-3,0.0175100910614615,7.83830959523098,-1.38139687909565