aakb-1,0.000121960204971204,3.75371073557946,7.07175577539943
aars-1,0.0042659023267277,3.19981743459389,6.33485432304263
abcf-3,0.0000238801084719923,4.96846591033011,6.68311652538342
acdh-13,0.0227948815507863,5.35415704923949,3.70950288925851
acdh-9,0.0000325524306450523,4.21227313510612,6.4077817289345
ace-1,0.022439964732039,2.96921182537668,5.99722453838912
acl-1,0.0001364833710871,4.6007749306438,8.07342654297536
acl-12,0.00319337729095005,3.50591447673694,6.75324621129379
acl-3,0.0190651949792509,7.31662787982695,3.12907410329028
acs-11,2.52478009757031e-7,5.97869441807653,9.56001139716998
acs-2,0.0131853538898606,2.45042994582833,5.09356850090977
afd-1,0.00392906853521708,3.4972776674982,4.53422105406681
ain-2,0.00692814180123138,5.94198745389911,2.94294117397306
aldo-2,0.0272164286822559,9.98168860990188,-1.4295492766242
alh-11,0.000190548152405626,3.78323784440106,7.10809429665744
alh-3,0.0407284738693388,3.88135797460657,4.09124230198877
alx-1,0.0277050494953917,5.37388761201325,3.36702948611169
aly-1,0.0098297809698117,5.46203050405961,3.59356221390732
ant-1.1,0.0458167296881494,11.3031355926723,-1.15279765024596
apa-2,0.0000208428168979805,4.00962398955776,6.70197858505768
apm-1,0.0110833617103068,2.91353461159559,5.36520412871381
apm-3,0.000171026903156576,5.35112366829259,6.05085319597601
apy-1,0.00198408002222033,4.44757976095658,5.25016495111879
aqp-11,0.000268422469614156,3.60322133618549,6.87992123735953
arl-13,0.0432845343775474,5.25554463802429,-8.53091641850401
arp-1,0.0474135745439289,7.97563085175317,-1.57915257585535
arrd-18,0.00282428392696873,3.54876162211414,6.80963779288736
arrd-19,0.0000383104267921193,4.73702901694628,8.22599556373584
arrd-2,0.000605615407496124,4.62744633888857,4.68992565666635
atg-2,0.000793219552632713,3.13495623585732,4.88408353583572
atgp-1,0.00412384517945314,2.89514351993107,5.88004778542832
athp-1,0.00553470132903937,3.2669157939605,3.79400462596041
B0024.3,0.00852677192361168,3.4645977194435,6.69686400019026
B0041.3,0.00000909808782974261,4.52068850083089,7.98251902892349
B0205.11,0.0407918010088249,6.73470270535012,2.71995469929422
B0205.12,0.00950628404198846,4.34466940529183,5.08542414440762
B0205.6,0.0000173158951888885,5.43107343508988,6.91775543543446
B0228.7,0.00570504705650044,3.85503441527832,4.74197755841526
B0310.2,0.000110013596349139,4.9597232273344,5.86388545865456
B0334.10,0.00181096788975055,3.24463916663707,4.46398838964416
B0334.15,0.000168128916006601,4.19416068933414,6.25204606221143
B0361.2,0.000167954011040589,8.0240497424537,4.20611200061124
B0361.9,0.000156787693003338,4.18390347100533,7.59425402621013
B0365.1,0.00000600710997266666,4.76255644646951,8.25461939885933
B0393.9,0.00868357221881095,4.32965449957569,7.76448464207496
B0412.3,0.00000489995025182778,4.45531572767641,7.28579878976873
B0432.10,0.0111665172302865,5.28014621129172,4.30375203269799
B0432.6,0.00147998614543935,3.54811886736511,6.80851479249882
B0432.8,0.00000553464995221201,5.18286490826045,7.32423409140718
B0454.9,0.0000535485637280386,3.59458966199186,6.86910547623475
B0495.5,0.0000291348449672629,4.46204859435497,6.96292478998437
B0495.9,0.0125335483761831,8.77419430830344,-1.72482253593153
B0524.6,0.0113345571327982,2.76929612614594,5.67500823093815
B0564.2,0.000182728191527503,4.51778133195119,7.97950378881807
B0564.7,0.012569036733496,5.69888424285685,3.91348041552479
bath-39,0.00000205736935020262,5.19057826086526,8.72355832801657
bath-6,0.0359236967463294,3.13530217975087,6.2396767148564
ben-1,0.00293679249307841,3.46953585129225,6.70669149706372
bet-1,0.0238708913147374,3.02869698943605,3.83549271177492
C01B10.8,0.0181420355353706,6.50386904394483,3.64406487240853
C01B12.2,0.00000177382522785657,5.51032933119072,9.06625541079776
C01B12.9,0.0135342776610986,4.86853899741743,4.30454935517998
C01F6.2,0.004421955794259,3.21962586492654,6.36519716097313
C02D5.2,0.00159958238272878,3.90588453706898,7.26000653566983
C04A11.2,0.0000316363336992084,4.27773866053062,7.70359231950242
C04E6.11,7.34072575449786e-7,5.55068148735339,9.10923374111806
C05C8.1,7.85429994393688e-8,6.66300524731979,8.86820489111632
C05D10.2,0.0341708644420922,2.99169874907941,6.02916360714842
C05D11.10,0.0058431227942135,6.59511599045166,4.36214861707835
C05D11.9,0.00613158752867137,5.97238810070961,4.47735859676217
C05D12.5,0.0355128463704006,3.52769280395845,3.4166210426689
C05D2.10,0.00396129411190381,3.64890326101601,6.06960828493211
C05D9.7,0.00000184657080101663,5.40264606813336,8.95157429973201
C06A1.4,0.00000139345274038654,5.38446755154592,8.66697328530395
C06A12.3,0.023087386713394,3.57886056870275,6.85156096500405
C06A6.5,0.00639746070647308,5.29491289970291,4.70927714691135
C06A8.2,0.048952991593866,8.71813966231453,-1.51412768775457
C06G3.5,0.00624103608940548,5.62349800510825,4.94291359330937
C06G3.9,0.000423826968770922,3.2744737941861,6.44061903453316
C07A12.7,0.000764010450368527,3.29093017531217,4.94421580438585
C07A9.9,0.00820448581035449,5.48756973656323,4.47867336904205
C07D10.5,0.00701311851292291,5.27542792520945,4.53876234432459
C07E3.6,0.0138732499759822,5.78639092566995,3.64638246925948
C07E3.9,0.0203368453891186,2.5273422654795,5.24420513794536
C07H6.9,0.000347986100736629,4.04268377645803,7.42558140883615
C08A9.6,0.00000779074322057818,4.9891647864332,8.5044514223725
C08F8.9,0.00000323741441263161,5.03783026550739,8.55736834388811
C09B8.5,0.00000245551267127906,6.1993413913342,7.8206235541616
C09E8.1,0.022662041505329,3.39406391435238,4.15873580882056
C09G1.4,0.00489358233532106,2.9678060310581,5.99175581150192
C09G4.2,0.000136451977524575,5.08633563412977,7.49331691050081
C10A4.1,0.0284163705116936,2.94002790445989,5.94814306676538
C10B5.1,0.00000320737544196216,4.7746435601979,7.59599673955395
C10C6.7,0.000452636888734498,4.23660640703164,6.01147366947717
C10G11.6,0.0256604805993504,2.36963477515949,4.929547683109
C13A10.2,0.0109018694636783,3.30646685421591,6.48446304616731
C13B4.1,0.00729838302541224,4.91233933631645,4.63390488138004
C13F10.2,0.0000322822463769894,5.25255767066387,6.85559244424671
C14B1.7,0.000821686811206286,3.03053100625904,5.40076941966542
C14B1.9,0.0000233334556078845,7.93376698514266,4.95342330272395
C14C10.4,0.00000616962977336166,4.64928166562817,8.12804277339501
C14C10.6,4.50122245474235e-8,6.41078125651859,10.008963408943
C14C11.2,0.00623501439649613,4.71636404383773,4.34021196563213
C14F11.2,0.00169066963335402,3.06639334749562,5.47045802786573
C14H10.2,0.000650062540420321,3.40372344376776,6.6181045640703
C15B12.6,0.000640372304002517,4.95563327775915,5.90123402051964
C15C7.7,0.00141576448564965,3.51999530007257,6.77212358253076
C15C8.4,0.00069875617518929,7.42548257280545,5.10754652408006
C15C8.7,0.0388773062367782,6.96060615263908,3.00846017808549
C16A11.3,0.000132949260552365,3.87166983376663,7.21805166899426
C16A3.6,0.0000243030960193228,4.92875607289573,6.31608583119751
C16C10.2,0.00223046334666136,6.8639414724768,4.05042796774793
C16C8.11,0.0105820461997903,5.99540768669613,3.59474719289442
C16C8.12,0.033041231795741,3.90384922218657,3.92401739232684
C16C8.16,7.97896548132366e-7,5.61819471350519,9.18073939595362
C16C8.20,0.00875056738885164,3.23249761367272,6.38025664887706
C16C8.5,0.000406532829853209,5.18507922249526,5.95438714822149
C17G10.9,0.0377968254737893,7.54037992657753,2.36386008416763
C17H11.2,0.00666185981422399,5.14185143196378,4.48458699124792
C18C4.5,0.00023064257385489,3.3039725630505,6.48113414531999
C18D11.3,0.0263732069696284,4.74623631694755,4.00139896391422
C18H2.2,0.0147413583383603,2.55767766704859,5.30235497890119
C18H9.3,0.0228052876611018,2.40267533392794,4.99693451678186
C24A1.2,0.0187321631799907,2.93020839821132,5.93289667697534
C24D10.4,0.0464332604464616,6.72896169438456,3.03476038984268
C24H10.1,0.00801026219722489,3.05796610733496,6.12833583181143
C25A1.4,0.0250294662971785,8.02471316262035,-1.7278591695446
C25D7.10,0.000312795110277982,5.54567745004853,6.18019465025499
C25G4.10,0.00117411382808426,3.87229604626178,5.5050529793168
C25G4.2,0.0000528646801010042,4.63115865618294,6.88927529748606
C25H3.14,7.74448602668463e-7,5.42109242369373,8.97114061106054
C25H3.17,0.00000233801142934809,5.03604377759974,8.55549747681746
C25H3.3,0.00000529801472620163,4.88713703429347,8.39239188565177
C26E6.12,0.00000735547429887392,6.4388104990591,7.20982923389564
C26H9A.2,0.00134725524065035,2.81983281456035,5.27537666651881
C27A12.9,0.0000433058058802557,4.04839342791605,7.43284345057541
C27A7.5,0.0000115479542170895,4.23157312584267,7.64954296367457
C27D8.3,0.0447662126583947,2.54970439963592,5.2871033807675
C27F2.9,0.0239765874103552,8.14695450135234,3.43035124932575
C28D4.10,0.00842161437680134,2.71312081194639,5.57982627810598
C28H8.11,0.0449703424464947,5.20405245842635,-8.47624789517945
C29E4.15,0.00231728558595479,6.74453017491003,5.41828604511223
C29E4.9,0.0000476635397362572,4.44551027987458,6.52596828639444
C30F12.3,0.0369695916808606,2.5563564741661,5.29949487089497
C30H6.8,0.00725641049602443,6.16703659842132,4.90943665314337
C32A3.2,0.00101055551074873,3.72208898930317,6.43186943790628
C33A12.7,0.00226577933521828,6.22061732201083,5.92299823323327
C33C12.9,0.00179008899878775,3.31770058024777,5.24300714872559
C33G3.6,0.0258600648518243,4.38593153904331,3.53251516709742
C33H5.13,0.0258859256750012,2.64214164175232,5.45628471070316
C34B2.11,0.0367243096363712,2.4672633040923,5.1263651862952
C34C12.4,0.0352802543235825,6.44425432110498,3.18814485765371
C34C6.2,0.0155879481299611,2.90471633145272,5.89506360181463
C34E10.10,0.00204068907093806,6.43720933706947,4.52796214518108
C34F6.10,0.0172151038474256,2.55318096960018,5.29184105764562
C34F6.5,0.0425314602819684,3.89094961215232,7.24231573926722
C35B1.2,0.000341782435573567,4.15012172126505,6.86069565555966
C35B1.5,0.00453531081194264,2.8310299518969,5.77582197629622
C35D10.17,0.0000771889823624907,4.25118404251093,7.67238839142223
C36A4.11,0.0326068252611496,3.11644538878502,6.21183059794953
C36C9.1,0.0307592582411645,5.0735285555333,3.38460855264786
C36E8.4,0.00745909601074382,3.68865493728662,6.98953408174433
C37C3.1,0.0014877532701441,5.45238986933556,5.64558480849609
C37E2.2,0.000594791914031028,3.23908265606224,6.39075517811611
C37H5.5,0.0329366805499691,5.85536216880063,3.11774092005221
C38C3.10,0.046262840674234,2.56996938224993,5.3209456199712
C38D4.1,0.00494099589261564,2.84289072073714,5.79489732540666
C38D4.9,0.00000833523581306201,4.86741159335675,8.37039043688783
C39B10.3,0.0345401230579462,5.64743682062931,-8.94897232767657
C39B5.2,0.00011180187797268,3.98536917387136,6.1716461540347
C40H5.8,0.0113881896375074,3.05121759486063,6.11966982850212
C41C4.1,0.00125328226299029,3.60859884324956,6.88635521605991
C42C1.11,0.000176875344444855,7.28176488010697,6.20863693747874
C42C1.12,0.0449081615204206,5.55911116603826,3.44892528725141
C43H6.1,0.00810913298825808,2.86033391784279,5.82446793798097
C43H6.4,0.000270802426566001,3.62690114624424,6.34614104947649
C43H8.1,0.0108459092513656,4.41309866918527,4.02128655203217
C44B7.7,0.000666695775815656,3.81951006571267,7.15303401510044
C44C1.2,0.0237774706334107,4.78865795598885,3.43083761704694
C46C11.2,0.00937142810671792,3.14675751245657,6.2586771840756
C46C2.7,0.000395038545172503,6.31937630102428,6.13341881336116
C46F2.1,0.0142232970503434,3.19109066055079,6.32291387445291
C47E12.7,0.00000655905479821017,4.90406711036887,7.6093606212234
C47F8.1,0.047013300866164,8.41923017836359,-2.1516940495118
C48B4.6,0.0334804650011338,6.36571618442669,3.5325208166649
C49C3.15,0.0281684164615348,2.58082484125022,5.34394474341599
C49C8.3,0.00000413918123467186,4.81763647662475,8.31543684113942
C50B6.3,0.0237606094920197,6.6220252322563,2.67420541596655
C50D2.9,0.0020133290937108,5.90314537093901,5.4929382253747
C50E3.11,0.00000462716330569221,5.12589621030652,7.73610705044245
C50E3.12,5.1400644753397e-7,5.74855063145153,9.31856552249347
C50E3.13,0.0477706451395194,6.10168775927152,3.3424352213656
C50F4.12,0.0467323698685551,5.77587907100467,3.72745909215694
C52E4.5,0.0145488054004872,2.54506700393155,5.2790993895656
C53A5.16,5.17873589266838e-7,5.72367464561267,9.29220507278212
C53A5.6,0.00202873432142915,3.21849037672602,6.36067719252629
C53B4.3,0.00264776773685298,3.48598046079898,6.72680537560686
C53B4.6,0.0358744463127293,5.91066204011247,3.72626084819351
C54C6.6,0.00127515644354784,6.77662887808387,4.99115791627025
C55B6.1,0.0114038174107903,6.81360931053296,4.20106999737707
C55B7.11,0.0000026949808622735,7.24024444200303,7.00193807601483
C55C3.5,3.34135250777991e-8,7.11169256479133,8.61589524819162
C56C10.10,1.65654107609621e-7,6.06909342233652,9.65436772240729
C56E6.9,0.0337504167022848,4.35721848641293,3.01932877656311
C56G7.3,0.000913388247909517,4.14138819743703,6.53828277887365
cal-5,0.000247083125153121,3.72628862966516,7.03726648989465
capg-2,0.0306904064533564,6.71444036766926,2.81897225937781
casy-1,0.00048080494522879,3.44663936126464,5.23206800690756
catp-7,0.00857263941273043,3.44140287506091,6.66815717102414
ccb-1,0.0105427041674648,2.76180819116649,5.66288794940566
CD4.8,0.0169377754350477,4.45881195059741,3.74671479775934
cdc-25.2,0.0447934939316836,6.00514742182826,3.43686644894239
cdc-25.3,2.19694802281083e-7,6.29901793146408,7.45874408141352
cdh-3,0.0103960711527214,2.41918820863535,4.89153330092282
cdr-4,0.0384414742730392,2.61958882899208,5.41500417118381
ced-10,0.0421343867586651,5.94200199438744,2.61069862599795
ced-3,0.0000280583816285718,5.19382455522893,6.752303153102
ceh-40,0.0103976406248432,5.64754326491776,4.17527621209191
ceh-43,0.0491601677495649,3.0197843817352,5.1473325800984
cey-2,0.00551545344064532,9.89973009233702,2.28224276149772
cgef-2,0.0077443060844354,2.80893984506769,5.73898494736843
chd-3,0.0196490977212027,3.22896694961986,3.14307426316558
chin-1,0.0309182748883638,5.7529463380824,3.17006756713348
chs-1,0.0358139137745203,5.26936846295647,3.86607553950634
cht-1,0.000514766926902414,3.74604762513582,5.30699155205374
cil-1,0.00433153126132741,3.12930219964,6.2350324292056
cir-1,0.038840356833527,8.53895354188647,-1.70314596692265
ckb-1,0.00871296348032884,3.17885648878114,6.30402347155428
ckb-4,0.00011248005026443,3.95866120609308,7.3248466563994
cki-1,0.0339346405719684,2.30256527080115,4.78135451225823
clc-2,0.0325301942440142,3.15279022210548,6.26471325347466
clec-50,0.0191141158140799,5.1252079919209,-8.3897342085761
clec-87,0.0171098490558888,11.4900976474143,-1.37190763807118
clec-88,0.0397187906575075,11.2061932783812,-1.17212315248389
clk-1,0.0073322041823362,5.82108071682344,4.88731709631145
clk-2,0.0000271972571063932,3.93668007011573,7.29772352699069
clp-7,0.0173739934451236,5.45092510771562,3.89921091941598
cls-1,0.00826534981769574,2.45463140843162,5.102804406001
cls-2,0.0000444139514599426,3.91092657372406,7.26631709137729
cls-3,0.00114179591485802,3.49532516409157,6.02401123089784
cnb-1,0.0000190094924566514,4.59913655971299,8.07172528224293
cnc-10,0.00123083809369044,3.38843138241429,6.59606472501028
cnt-2,0.00000937497828641266,4.31281000789887,7.24039317693043
col-86,0.000402591979227318,3.42303737611395,5.86820415478167
com-1,0.00651453387447851,7.35538041014319,-2.93793463073208
coq-2,0.00000144380019658553,5.7981472485703,9.37078816030116
coq-3,0.0000144583638731559,4.2164158850264,7.63180528656204
coq-5,8.02638009976535e-7,6.65156147284472,8.06054321681425
cpar-1,0.0277440430889279,4.71046320549212,3.90744927263165
cpf-2,0.0142338437586222,2.87774372570129,5.85011731112908
cpg-2,0.0392103738659183,8.43307330984427,2.44515812836678
cpg-3,9.61989548165368e-11,7.36600810544878,10.9872309342205
cpsf-1,0.0000154095093483433,4.04868038801517,7.21840420664167
cpt-2,0.00000601698800747884,5.13409747891622,7.41424818781362
cpt-6,0.0158880174644802,4.21950894397307,3.72942245800967
crn-2,0.043248888676228,2.29978258402961,4.77364515114562
crn-6,0.00318668151485095,3.64278230054294,6.93012644423093
ctb-1,0.00975763428564196,10.8204419797731,1.49439863388626
cTel55X.1,0.000180241661125119,4.53860690649846,5.75852753357432
cua-1,0.0116263822794651,4.84272617118145,3.70505549882359
cutl-2,0.0398419777181013,2.91714421462537,5.91750504880402
cutl-20,0.000602898199182224,3.225992722567,5.5561705325666
cya-1,0.00443542140459915,5.24150999444572,4.60890914685609
cyn-10,0.0177121912317696,6.52087675644711,2.95058676001236
cyn-15,0.00894398195164619,6.00567904608888,3.37361073299352
cyn-6,0.00262395697226169,4.12374077095563,4.60477294343741
cyp-13B2,0.00381979062875874,5.0833680293371,4.71205524271368
cyp-31A2,0.0000257956076649924,4.47805010332317,7.934580481088
cyp-31A5,0.000151627563355205,5.4675296515477,5.97605394401178
cyp-33C4,0.0426178782679661,3.16142270037224,6.27731619723449
cyp-44A1,0.00000273406440303706,5.66797166654503,9.23352510462638
D1005.1,0.0000695995009251639,5.16053945736613,6.5654434593862
D1014.2,0.000249550294567592,3.62475568837916,6.90745747283885
D1025.1,0.00406185502775727,3.74315013462647,7.05863597367693
D1043.1,0.0131803091146918,5.71215042012564,2.999247692913
D1044.2,0.00496474659231705,2.68521762623032,5.31038004574191
D1054.1,0.0162458291784562,5.63918733115125,3.83871640604672
D1086.19,0.0215778913581105,3.91129786286469,5.11632039720575
D2023.5,0.0421858643347946,5.46986459850807,3.7562783596158
D2023.8,0.00658697347728049,3.41372429412173,6.6319800352317
D2085.4,0.00632571310730217,4.74166752183601,3.92228034334776
D2096.5,0.0036023561509109,3.83573896187782,7.17345059627609
D2096.7,0.0478858335068827,7.51982600269527,3.20265075518919
dao-3,0.00155099405574882,4.13138270353993,4.7538114512837
dap-3,0.030925064223656,6.33145095184683,3.6274451671276
dcp-66,0.0183329224528696,3.29117541928205,3.22925220217697
dct-18,0.0442045873211007,2.40758905304245,5.0063670761419
DH11.2,0.0154884120873341,3.29234002813732,6.46311135491823
dhs-11,0.0000123905123654426,4.20493174878563,7.6182616811837
dhs-12,0.000695838507813531,5.53695556596441,5.02523912890772
dhs-25,0.0000149371805715668,4.63696517736398,8.11404488727871
dhs-27,0.0000844516070451454,4.57164137212441,8.04060884863885
dhs-9,0.00123893467572347,4.2341773241253,5.35566766887116
dkf-2,0.0419304263931468,5.73940750621257,3.11645179700175
dmd-6,0.00106859577171028,5.62207279754062,4.64262954100406
dmd-7,0.0430209585516716,4.5061900977663,3.30520812992001
dnc-1,0.0000239822143052253,4.22543232172209,6.65207643784072
dnc-4,0.000167370258312179,4.87609732306468,6.20116379017155
dnj-20,0.0000259061443891377,4.08786988595595,7.4797797308249
dnj-21,0.00000245818378779081,4.94435057974739,8.45514952274853
dnj-28,0.0000358397786626213,4.24706369844784,7.66808363085308
dop-4,0.00123901520698547,3.16501979199314,6.28501081507739
dpm-1,0.00141204214989843,7.30101480886847,4.89704890819939
dpm-3,0.0149973681000692,6.71336252041577,3.79101264555659
dpy-10,0.0000296636429515466,4.93179762248801,7.70948043421298
dsh-1,0.016132138236484,5.00491271255343,4.11181654855097
E01A2.5,0.00121306705755919,5.85068464060487,5.15316066379842
E01G4.5,0.0436513209842666,6.61061891157143,-3.75982382067342
E01G4.7,0.00985374858832112,6.28866230961953,-7.69254127173031
E02H4.6,8.17804042273459e-7,5.56800719458689,9.12753587385736
E02H9.3,0.0000751581647809454,4.42148571597978,6.23859433597982
E_BE45912.2,0.0195132443326401,4.82810161013939,4.1944992600741
eak-7,0.0462568169002078,8.18604767176493,-1.55759462964705
eat-16,0.0022120208126554,2.96887633221005,5.99453818479312
EEED8.4,0.0354298648426481,5.09681717292347,-4.739086800875
eef-1A.1,0.034182365118738,10.8226803903584,-1.32146098086735
eef-1B.1,0.0489781941647705,10.5097964893508,-1.13709218413364
eef-1B.2,0.000982330692993152,7.31152205193152,4.85483336447269
eef-1G,0.00546473202309674,11.1013850222245,-1.78283863218749
eel-1,0.000121242810291071,4.40603666638217,5.48897583254687
efn-2,0.0496438711931109,3.10607571238987,6.20056977084599
egal-1,0.0027305413319579,3.34229974697002,6.53524810721098
EGAP2.1,0.00000816609626064119,4.95516178925862,7.57349438161574
egl-4,0.0461359049676406,5.89383581460943,3.38805519656512
ego-2,0.00000331204088116732,5.63299958154495,8.04862012621152
egrh-2,0.00163184971361507,3.74576534937423,7.06242236634985
eif-3.D,0.00000380686100349101,5.91673990083583,7.44270398647123
elc-1,0.0156380734407241,2.88981987428927,5.86801605146919
elo-3,0.0187540375258209,2.31168738125544,4.80260207562015
elo-4,0.0318790218270879,2.70701173051319,5.56781990848731
elo-5,0.0464589108625132,2.33718907824897,4.85632885631112
elo-6,0.00000311546019089976,5.27377739390676,8.81336664283919
elpc-2,0.000349134454887962,4.08064401696389,6.29279201687002
elt-6,0.0103448307891745,2.85520810931423,5.81547145613739
elt-7,0.0148771768784531,3.93914612278495,7.3014007838638
emb-30,0.00196205587732907,5.51260343230099,5.15153184670813
eng-1,0.000114935984632258,3.71295158481077,7.02056942846075
eor-1,0.012063067879232,4.8943030588313,3.98601879794488
eps-8,0.000965538517251864,3.27395434907315,5.38449240118592
eri-6,0.00203721035655108,3.83247977468943,7.16901636003577
erm-1,0.0260316735219869,6.04044129861022,3.42490794047768
esyt-2,0.00000964914415160239,4.12112608198887,7.17423172906975
evl-20,0.0485719747142608,5.81917699745738,3.72677162166954
exc-5,0.0181499275310771,3.16486798643889,6.28464934665553
exoc-7,0.00000246161140000965,5.29844491917992,8.83976065094298
exos-3,0.0408525378887526,7.76001314944833,2.65892904820532
F01F1.3,0.010310277202305,4.26236505385647,4.46946336851159
F01F1.9,0.0000472540530279308,4.7901557604473,5.98230346191382
F02E11.3,0.0462077026029721,2.35909352494482,4.90380837756931
F07A11.2,0.00000372295232809928,5.27453502324891,8.81414898107053
F07E5.5,0.000102003422127589,3.94999568840779,6.34113467605826
F08B12.1,0.0241340094640139,2.66358030508367,5.49422745851929
F08B4.3,0.0164430154965798,3.80703214938595,7.13646840473337
F08B6.1,0.00000823305338088998,4.7178211013442,8.20455478696156
F08B6.3,0.000442092089017419,5.72313330488556,5.92759478851268
F08G12.3,0.00277383046302765,4.82155518272957,5.0662197709981
F08G12.5,0.00000258562479083196,4.98308320546482,8.49777172373041
F09F7.7,0.0264981931768116,3.490741723927,5.20080712983442
F10A3.17,0.000350176833211679,3.98828683738593,7.36025258948947
F10C2.5,0.0000029561484556228,4.80060382348618,8.29674481577017
F10E7.2,0.0000971101081073248,4.69822421583215,6.39530666892803
F10G7.5,0.0000114053387712612,4.49321418055025,7.95137378402428
F10G8.6,0.00000535621884860683,5.23287991344763,7.8870622162695
F11A3.2,0.0076656759382562,5.21663659346142,4.74654384615921
F11A5.9,0.00000778824278387141,4.39758399888724,7.84210964512693
F11D5.1,0.00712213568510376,3.10371382876923,6.19593569522188
F12E12.1,2.18341674842258e-7,6.35947975131436,8.63941359675104
F12F6.8,0.00167824489906653,3.70421259948134,6.38264308200389
F13A7.11,0.0246418766870275,3.00658609121183,6.04868147806016
F13C5.1,0.0000827799878594856,4.16173157178317,7.56734130541147
F13C5.2,0.000605944808110554,4.47122516620975,5.46585559869227
F13E6.3,0.00000131924570280513,5.34208143334271,8.88655603829527
F13G3.11,2.86513349650154e-7,5.88390500382439,9.46071008915764
F13G3.6,0.0232216213378944,4.02163430354313,4.13276134106974
F13H10.4,5.44452633484395e-7,6.71479525228882,7.70957473087894
F13H6.3,0.0498716077161212,4.77673634162362,3.44806290791497
F13H8.9,0.0001253676280558,4.15248861406351,7.55713530928099
F14B6.3,0.0165271705794979,4.25620585420004,5.00601132529709
F14D7.2,6.38397075808228e-9,6.68003818552391,10.2863381562926
F14H3.5,0.0270550118671265,5.42858445108494,3.41744550644973
F14H3.6,4.79702337562523e-19,8.58376362246354,9.90354679980396
F14H8.2,0.0195842254654285,6.35749995638441,-9.6910820451249
F16B12.4,0.000014396940459028,4.85510033781729,8.35741484397848
F17A2.13,8.10702902118287e-7,5.96855846589632,8.54582826216463
F17A9.4,0.0035781509322519,3.12507723694824,6.22628900612365
F17C11.4,0.000200512282209948,4.74587424559089,8.23645200093889
F18F11.5,0.00322078049266664,2.74848999915973,5.63922700540241
F18H3.1,0.000384094911168913,3.91691216359389,4.93184691512481
F19C6.2,0.00000815503110025051,4.60009714194258,8.07260838765003
F19F10.1,0.0206573745942717,5.83264169543158,-7.05376782641871
F20C5.3,0.0000421960941609615,5.38472626446429,8.93237583046553
F20C5.6,0.0000693647026718573,3.99191631983808,7.36465149582136
F20D1.9,0.00000123303279142305,5.01493212636373,7.91078210838662
F20D6.11,0.0152469520020923,2.82968370966731,5.77685444727048
F20G2.2,0.0143515421993034,4.97371202101916,3.810109903482
F21A3.4,0.0483939978202233,2.41168512226176,5.01571152810531
F21A3.5,0.0138388637109158,3.21405725926288,6.35620879233771
F21D5.8,0.0189726581389868,6.12004207123918,3.6566544310531
F21F3.4,0.00006357762711295,5.08838160890232,8.61290311059567
F21G4.4,0.0195431269065057,5.1054445092565,3.79236252682723
F22B3.4,0.0000552413854784928,4.49469017693509,7.95343432757263
F22D3.6,0.00503403939671829,3.34304519538602,6.53366066187263
F22D6.8,0.00132710850188127,3.19349510991902,6.3250017038436
F22D6.9,0.00387359414948512,3.53820558599352,6.0428520116437
F22F7.7,0.0000455307623947409,4.71935079042606,5.67208946119849
F23B12.4,0.00000907419856590587,4.23821557914613,7.65735758487805
F23C8.5,4.66462794893442e-7,5.6805104491633,9.24668192595394
F23D12.10,0.0222681385266417,2.8473318769149,5.80517613943038
F23D12.2,0.000023526219756765,3.89225168305062,7.24362087745677
F23D12.4,0.00590261903937076,3.74496313317419,6.00613167748485
F23H11.4,0.00852455719761067,5.81328897841532,4.57246296757018
F23H12.3,0.00977475044392407,2.46507550438623,5.12290774049058
F25B4.1,0.00000131949036952775,5.68032023010976,9.24658667423825
F25B4.6,0.0000743004045153953,3.81025649591902,7.14230368592458
F25B5.5,0.000050109609892783,4.03561824331295,7.41787668228243
F25H2.12,0.00312701448930219,3.52305631327853,4.52251009931789
F25H5.10,0.000280863714669137,3.47089083051437,6.70666394946017
F25H9.2,0.00023540071621341,5.17744249395153,6.46429436676553
F26B1.2,0.0485637540935435,9.45467443457055,-1.29298777077479
F26E4.7,0.00290436971398366,2.9908274303256,6.02641792679964
F26H11.4,0.0422720094933276,5.30800043371291,-8.58813303091035
F28B3.10,0.0000268798040771704,4.45316738909936,7.90586137210646
F28C6.10,0.0494825637861888,2.87562518365077,5.84843531457
F28C6.11,0.0266028260352951,2.56714762046981,5.31775322751047
F28C6.4,0.00500899974060436,4.05866281939344,4.69763161558189
F28D1.1,0.0000667158863787954,5.45425703401968,6.5146202809366
F28D9.4,0.0000401637338895817,4.4488869693641,7.90071837114592
F28F8.10,0.0382791957723936,3.05950062182907,6.13165670877104
F28F8.9,0.0000639726879392986,4.33937918888951,7.77509150937482
F28H7.4,0.00136774413670365,4.11412753191,7.51173396523679
F29B9.5,0.00749975014005919,3.20065445812606,6.33545749117454
F30A10.15,0.00000116307304895329,5.55046113979766,9.10903480951738
F30F8.10,0.0000124164409006466,4.6126627388231,8.08684105617119
F31B9.3,6.89544536337368e-7,5.72956932203254,9.29852209359236
F32B5.6,0.000284744752064185,4.28063199533854,7.70658044198234
F32D1.11,0.0013494426858126,3.08317149130907,6.16485154582882
F32D1.6,3.49520909606923e-9,6.76516308903401,10.373731269775
F32D8.11,0.0132803719613921,3.1411895971518,6.2509568546857
F33A8.6,0.0000939229395406594,3.63062123505638,6.91526696472276
F33E11.2,2.20414981813446e-7,6.13880372223958,9.72696211181089
F33E11.6,0.00000618005389556955,4.84471047185336,7.6345470355542
F33H1.3,0.0431587395586607,8.11965919334801,-1.53085415089456
F34D10.2,0.000662275642902992,6.02817348091864,5.01321244779681
F34D10.3,0.00114759717147006,3.71524276662198,7.02251038024914
F35D11.4,0.0000180306662231104,5.14919543184437,7.04116239377891
F35D2.3,0.00000929756490472994,4.29176312444279,7.71969212531843
F35E2.2,0.00960133234528923,3.4406480854781,5.34891230488538
F35G12.11,0.0347707915932863,7.6774846637635,2.63399661647931
F35G12.4,0.0205731445946524,7.77304903075398,-2.21131165976987
F35G2.3,0.000263618766763593,5.22908378765173,7.07010790438916
F35H10.10,0.00547127400162529,2.70625508774348,5.56809057462332
F35H12.5,0.0100584657910648,3.51648700362735,5.16635791244534
F35H8.4,0.00000613899776273858,4.53570979377665,7.99978556995585
F36A2.2,0.00835558458651716,5.39712123626457,4.13567981266542
F36D4.2,0.0257501836952406,5.63886456233621,4.14862263542791
F36G3.1,0.027431785874894,2.422691154023,5.03723143296112
F36G3.2,0.00067737592300003,3.30220792685034,6.47832225705155
F36H12.2,0.000104633070961621,4.25641386267488,7.67800640719559
F37A4.1,0.0354759476651937,8.83669542396928,-1.44622502544182
F37C4.5,0.00189419563709764,3.11024850892816,5.19852526072811
F37H8.3,0.0128606028050947,2.83974095150497,5.78804224790585
F38A1.8,0.0206763841885309,3.32997807038567,3.31486432086113
F38B2.4,0.00066852742971027,4.10987535516786,7.50558737924036
F38C2.7,0.044167257528594,5.01292261738779,-7.54329511202223
F38E11.9,0.0228772533172871,3.51575742619516,6.76770059597398
F39B2.3,0.00000293849015459951,5.55767172885555,8.04634147580648
F39B2.7,0.0000182071604540566,4.21423115206325,7.62927898906704
F39G3.5,0.0310153332668723,2.31034321641969,4.79826706177216
F40E3.2,0.000141193300614514,6.17178603596301,6.30959635041291
F40F11.2,0.00371032424722909,4.35770012544451,4.21016066729325
F40F4.7,0.0349992156190543,6.35960208404001,3.27472693619147
F40G12.11,1.47170469750314e-9,6.89542811188145,10.5072252629241
F40G9.2,0.00439869290172387,4.93940691395663,4.98199399755618
F42A9.6,0.000434074070459899,6.85496169734631,5.69537788895802
F42C5.9,0.00999225356960401,3.34265059115021,6.53519105117287
F42F12.3,0.0140917572864936,3.72645435590686,3.76514896908463
F42F12.4,0.0000379751094317807,4.18013245990822,7.58888258231068
F42G8.7,0.0174546592391156,2.4346070799676,5.06255794203224
F42H10.6,0.000110227489809268,3.61523999296759,6.89609324810307
F43C1.5,0.0493936532954487,2.49786702756336,5.19134724635059
F43D2.2,7.63747905242286e-7,5.56752198303938,9.12698355623956
F43E2.1,0.0172736074169576,2.94185707590666,5.95022451240181
F43G6.10,0.00000851357708166634,5.79329887320364,7.45011945090058
F43G6.8,0.000218105010782902,4.10184783618478,7.49697748614425
F44A6.4,0.0000787831443633298,4.17462257644905,7.58230517653985
F44E2.10,0.0357385349421296,6.83809163514538,2.26554720723466
F44E2.9,0.0000218909318478097,4.50202422223165,7.96156982727942
F44F1.4,0.0137324426175916,6.02090144954078,-8.89958434564561
F44F1.5,0.0305881129142769,3.08276069802754,-5.90679008226059
F45D3.1,0.0304118129654358,5.41794519133176,-5.72027285121573
F45E10.2,0.000144156072160629,4.37606218927479,7.81764454415809
F45E12.5,0.00000185622419102245,5.93071438525756,8.18363401745684
F45G2.9,0.00129936609441719,3.2803845334506,6.44965042320965
F46E10.2,0.0173666236185241,3.10912085157241,6.20353547374553
F46F11.7,0.0000480224727328384,4.35458475656761,6.24256517780145
F46F11.9,0.00894947510443923,4.62810664749116,3.98867171247702
F46H5.3,0.000224929951006186,9.22717823884373,-2.38130993995166
F47B8.2,0.0211282631649508,3.13875064035476,6.24763161789554
F47D12.5,0.00932554039425728,3.77606312940632,6.07862126485296
F48E8.2,0.000412473463059186,5.33160684389559,5.24115501352857
F48G7.4,0.0129899730482996,3.27255952146642,6.43800139689121
F49C12.10,0.0000389398989170474,3.86912968738052,7.21504914706601
F49E8.2,0.0443464281590767,9.9699843131125,-1.20807238617459
F49E8.6,0.0000543873431493012,4.64957862977926,8.12838527935201
F52A8.5,0.000137133674665776,7.11157375785565,6.00080276735312
F52C6.3,0.00132862842860787,3.59341348710566,6.86799835011423
F52C9.3,0.0000400139722984396,3.86728172688209,7.21262720768685
F52E4.5,0.000159831208271439,4.07504663647282,7.46436519130375
F52G3.4,0.0179924728489609,5.17283829551136,-4.31361085039432
F53A2.3,0.00262899151320662,3.86009577754758,4.5243174567546
F53B1.8,0.0336943837638413,2.939105863888,5.03031746794117
F53E10.1,0.000212057088558636,3.79791681893933,7.12723268669662
F53F1.3,0.0491491005696314,5.36895590586011,2.92347206580497
F53F10.8,0.00000782137348852274,4.39732778652269,7.8419223203851
F53F8.5,0.0247915694634612,2.845019063578,5.7986755453686
F53F8.6,0.0167655786096608,2.93755476463433,5.94404117342093
F53G12.9,0.0160550138211026,2.95072495879732,5.96422152215189
F53H10.2,0.00428306666327272,2.96327177505943,5.98487962064511
F53H4.4,0.000280007550737842,3.81923803459473,7.15392218510207
F54C9.11,0.0238186413144264,3.31912302056371,5.81795962398398
F54D11.4,0.0218707920735123,5.01922393001877,3.75552992175298
F54D5.2,0.0105138878069992,8.34122947059207,-2.08761473063592
F54E4.3,0.00820281365833607,2.98258012899906,6.01611744138056
F54F7.6,0.000456641731970864,5.9104712028087,5.43236797981832
F55A12.2,0.0000190447299315904,5.83402359819408,9.40847677345854
F55A4.2,0.013906054353519,2.95105162086643,5.96598668301799
F55A4.8,0.00104498150335506,3.63838471233361,6.9266419358199
F55C12.1,0.000095931658117773,3.53979812247656,6.79773880589521
F55F8.2,0.01615044735543,6.49524670244187,2.87571148742647
F55G1.1,0.0421931326588492,3.15011983459399,6.26731578169832
F55G1.5,0.00254910583531452,3.20395214829143,6.34067139007255
F55G1.7,0.00177101107104373,4.09405261109918,7.48806055237864
F55H2.5,0.00330289777637009,3.01120836158628,6.05885900867399
F55H2.7,0.00463358549370171,6.37613686376095,5.09441114687597
F56A8.9,0.0000242666096122308,3.88475153378744,7.23438575115789
F56B3.11,0.00000167989331919579,5.31744373802116,8.86004324228075
F56C9.3,0.0441933568497178,9.01536608514772,-1.25837446577206
F56C9.6,0.0396638711673412,6.74468318993058,3.77149422025509
F56D5.4,0.00265800111552836,2.77859018917284,5.6892675307106
F56G4.6,0.00000426267006848356,4.65929595161596,8.13914940405132
F57B7.2,0.0239325187217718,2.61671546574103,5.41034392442548
F57C9.4,0.031952444897597,5.59738208440355,3.18359247780271
F57C9.6,0.0097434715953729,2.92724272307914,5.93072937974197
F58A4.2,0.000987859242771984,5.21622730916224,5.63569310772725
F58E10.7,0.000462529761827004,3.95749575862102,7.32340775080476
F58F9.7,0.00675594613523654,2.77801632656742,5.68727501134295
F58G11.2,0.027220450828335,4.27953076883472,3.40367012332506
F58H1.3,0.0154077743879339,4.91507327276427,4.23018519484167
F58H1.5,0.00471106217950009,3.01038575115446,5.45143677625276
F59A2.2,0.0266117216150326,2.84103366333576,5.79312492000508
F59A2.6,0.0249002130585882,3.06399156132238,5.51479883028543
F59B2.2,2.13425794784408e-7,5.88954710090158,8.81415991112432
F59B2.8,0.0490638445432574,3.3385545185,6.52592524975983
F59C12.3,0.000113154614762465,3.71291468398849,5.63809351282442
F59C12.4,0.000265175769000468,8.00545299639327,-4.61690982516666
F59C6.12,0.000433202970687422,3.94939401572788,7.3138345162024
F59F4.3,0.0357223545193765,4.1570828557117,3.72978285143905
faah-1,0.00144308606821196,3.37872751353105,6.5841841377105
fat-2,0.0155653262667491,2.98548330842444,6.01891576705739
fbf-2,0.0112603225231941,3.40753618632429,4.24418591058321
fbxa-106,0.0155527916638738,2.78101265418416,5.69407169979571
fbxa-123,0.0000198386171649395,4.9504858183734,8.46184958567521
fbxa-128,0.0189457922395991,5.85035040537158,-9.16235723714404
fbxa-129,0.000642415671530193,4.4536119592552,6.66737249952022
fbxa-139,0.0403946398589765,2.38730181843179,4.96385572874822
fbxa-143,0.0109517426869591,3.34551741920561,6.53962584183641
fbxa-167,0.00427732180531624,3.53624681508078,6.79345750969201
fbxa-170,1.52238062085791e-7,6.10868106979325,9.69563043237856
fbxa-179,0.0258577002802953,2.74934320491385,5.64040217084433
fbxa-181,0.00023584473966913,3.73103473260954,7.04266627919774
fbxa-192,0.0000314711839793727,3.93955889310032,7.30134858776296
fbxa-197,0.00000544582267378193,4.88091759409111,8.38554049228481
fbxa-198,0.0354510749548799,3.06153450732594,6.13443026618695
fbxa-2,0.00042292335635479,4.27316573521404,7.69785076763037
fbxa-217,0.0229095518403877,2.90693711417573,5.89627872744952
fbxa-63,0.0333169404868462,5.69574101141098,-9.00000991841268
fbxa-64,0.0000031708209384048,5.19197950393847,8.72508287655938
fbxa-76,0.00115989195055662,3.82354779289761,7.15859335172412
fbxa-90,0.0491817522401887,3.25997518192687,6.4169870258559
fbxa-97,0.0286294862800229,2.68795379667984,5.53660645112866
fbxb-10,0.030640200401377,5.58625485095776,-8.33841997393097
fbxb-3,0.0150309617993136,4.90966551493295,-8.15520756554998
fbxb-92,0.00875483203222872,6.07597286314629,-9.39839855860087
fbxc-32,0.000382523393430291,4.60062231538599,4.64563001548894
fbxc-33,0.00326397151502996,3.20498114805564,6.34265674741869
fbxc-37,0.0124344878700727,4.46710970502118,-6.61985069248185
fbxc-42,0.00000403377232544942,4.97421911207678,8.48795457517604
fbxc-45,0.00410301245113415,3.69024215954403,6.99000113713235
fce-1,0.00258832887575024,6.51690457396651,4.9104619303679
figl-1,0.0000196833833567848,3.91082872758191,7.26633537219983
fipp-1,0.0137490165702392,6.45328675269923,-5.14238006254316
fkh-9,0.0305155384085064,3.20052074726828,6.33614341442017
fln-1,0.0260499532650637,4.76693375647938,3.28879874185756
frh-1,0.0168025679400962,6.75543720177853,3.96176317755428
gap-3,0.0220380801523227,2.64848931730495,5.13469650768953
gck-1,0.048125522890521,5.19857855535319,3.02229650451945
gei-8,0.0118226789535386,3.71175566666436,4.26613455901494
ger-1,0.0000577709270876439,4.06735534217479,7.4555364277191
gip-1,0.00109260089311704,4.73423631789525,4.11259651273895
git-1,0.0000256189496757921,4.22585960746499,7.64331226108081
glb-18,0.0222332753693686,2.30083602596802,4.77813727940973
glb-27,0.0238502442706872,3.49930215042063,6.743832250589
glct-6,0.0229571530300283,2.42991106834872,5.05209224528381
gln-1,0.0000385541188510544,4.5138202411052,7.97486792045406
glna-3,0.0000802316717136838,4.33163204660439,7.76585634689767
glrx-5,0.00000848151848288606,4.48957532200766,7.94722121883265
gly-11,0.000111604121694124,3.7990237959585,7.12855401472372
gly-7,0.0428685489563935,6.13816355190025,3.43671270616926
gna-1,0.000512339754927211,4.4066908720698,7.85199540572378
gon-2,9.18014289652514e-8,6.19565858478457,9.78608183180811
gos-28,0.0000433223952825796,4.2121429929904,7.62679764217929
gpa-1,0.00611652064286761,3.56178196764034,6.82615397248929
gpa-2,0.0493820559706621,2.76622812458581,5.66753278412692
gpa-4,0.0142157968983369,3.43701037900932,6.66029753174806
gpa-7,0.025938584333941,2.89669228073669,5.87992980539328
gpd-3,0.000245308582034443,5.19987232044318,5.8556769973652
gpr-1,0.000287380663792681,3.73165319504934,5.67186218958012
grl-10,0.0368672074206965,4.01885429187031,4.74932670117578
grl-26,0.0432751030681705,5.25602948692849,-8.53080691345589
gst-20,0.0101989468921283,4.95624462498796,4.42310844384135
gst-24,0.0462419482977865,5.25979971617179,-8.53915959349737
gst-32,0.00814266228835141,3.44810167266308,6.67790287392078
gst-43,0.00000394718710516049,5.12498425623079,8.65218988000951
gst-44,0.0314535022548272,5.20892660739637,4.58975159389476
gst-5,0.017333883466584,4.65216549751669,3.0517342894426
gstk-1,0.00000718448120247032,6.04281301527148,7.85463849928698
H02I12.5,4.0479163682016e-9,6.76654764880033,10.3751560671104
H04D03.6,0.00460020750128411,2.90530425193271,5.89355470057697
H06I04.3,0.0145033204278995,5.57031737840597,2.97032632685812
H14A12.5,0.00174740682746614,4.35830690767717,7.79771516350596
H20J04.4,0.000722355925807994,4.51001324141322,5.76868879258999
H20J04.6,0.00129341481293466,3.75016085776594,7.06590813142668
H20J04.9,0.0000193163428982783,4.34947690465224,7.78638070467941
H24G06.1,0.0184067494912691,3.33437735723368,6.52600045784525
H24K24.3,0.00229345683990003,5.70237811258772,4.74665132385139
H24K24.4,0.000418569846076832,3.23129406610262,6.37947958822543
H25P19.1,0.0000964191354368967,4.83331460086272,5.85168734681663
H28O16.1,0.0295340766996042,9.83243555720825,-1.47406618974874
H37N21.1,0.047391335954705,2.23981298044128,4.63649865024064
hbl-1,0.00874904960424975,2.65788276677577,5.18268819172585
hdac-6,0.0443002507218239,8.3418441073506,-1.55839170425374
hecd-1,0.0204838635441282,3.4930696273416,3.31516486901349
her-1,0.0186542524880661,2.93936110135141,5.94794994499675
him-18,0.0483355874777739,7.81836617163058,-2.23915832002427
him-19,0.0117839340987021,3.22863063025179,6.3736832388754
him-6,0.0000346217225602571,4.1724417700868,7.58016418963688
his-11,0.0139266518645887,2.57122279643573,5.3274046284626
his-18,0.00577178107796774,2.74692748122477,5.63676774291735
his-24,0.00563220096564958,5.51921568622307,-8.81337531448463
his-38,0.00109921639947729,4.80729466455971,6.63511158390668
his-40,0.00000903348006024033,4.50350110864677,7.9633011861938
his-45,0.00102927682561755,2.92934993905876,5.93228166289805
his-59,0.000248987189308104,5.48847158757853,6.31795125510707
his-62,0.00000278440858449055,5.64229271120726,7.60496669645193
his-63,0.0012357958095435,3.74816264620239,4.77839390928587
his-71,0.000133798932034087,4.20230512971259,6.62263663004071
hlb-1,0.000186131657158279,3.54533501723891,6.09076627614725
hlh-11,0.00211982799651993,3.10660629715459,6.20033341662042
hlh-14,0.00654539040588989,3.03601166512775,6.09385109343669
hnd-1,0.0131205091784163,8.882518543105,-3.623469249106
hrg-1,0.00318152021911636,4.50336095488354,7.96313976889055
hrp-2,0.0441810103573726,9.12139885085277,1.32018612277393
hsb-1,0.0308143534709841,7.98755237306169,2.83871553461282
htp-1,0.00266189707804,6.97963637053781,4.79914846671153
htp-3,0.0136253177847548,5.22636163589739,4.23295988781995
hum-1,0.036633893297335,4.74450032415077,3.68264819749637
hyl-1,0.00530455405809006,7.60316834451812,3.2299375589401
iars-2,0.0000118542158138637,7.48972621548753,6.52944084960458
ife-5,0.0000359202735456195,4.34040205296719,7.7759241633585
ifta-1,0.00822550966726168,2.49255257926596,5.17697247060525
ify-1,0.00612665697327155,9.99548062297027,-1.6180159130043
igcm-3,0.00203626845347366,3.27068456114652,5.54041503175723
immp-2,0.00195042987367299,4.11026964901144,6.06410925396229
inft-2,0.0162128492842521,5.26103142710331,3.12462486094911
ins-5,0.0355164779200052,3.06507263507421,6.13893209819087
irk-3,0.000147237481374775,3.62176670619557,6.90401937292218
islo-1,0.000969566470793106,3.55147851140908,6.81375063556913
JC8.4,0.0000302589273939899,4.08828999634895,7.48054114515243
JC8.5,0.0138212245164266,5.86449417737038,4.51094899714103
JC8.7,0.0272332806439842,5.60815068622294,3.61713072534749
jun-1,0.0000231864061214845,4.99239230422929,8.50767410646993
K01A11.2,0.000524305595499627,3.66278904187301,5.83875188118602
K01A2.10,0.00107398935170682,2.98288260129837,6.0148488257357
K01C8.6,0.00128617827762107,6.6553168475044,5.65139532650243
K01C8.7,0.00122083638207208,8.12706806886435,5.04104429345642
K01G12.3,0.00000336860674705033,5.03726357918697,8.55715172808685
K01G5.10,0.00490324334674941,2.7767851036105,5.22170701989518
K02B7.3,0.000547707174295343,3.41917623410331,5.331415034297
K02D10.4,0.000358045336199448,4.04212716418307,7.42493577040791
K02F6.7,0.00000161946713517853,5.24890332201152,8.78645365678242
K03E6.7,0.00249335362338942,4.10165127738708,4.80967761494997
K04F10.8,0.040264090604564,3.17732881021024,6.30656117825656
K05B2.2,0.0440433137175202,6.16292773204762,3.18982320499521
K05C4.5,0.0380507901836957,6.96949300156806,3.17524521691765
K06A5.1,0.00121604555525577,4.88694480185182,4.93693657793594
K06A5.3,0.010665978967381,3.4132010817938,6.62789132110935
K06B9.2,0.0000361097400698057,4.2177418614011,7.6331264092016
K07A12.5,0.00246564818941336,3.10296209607839,6.19389737553627
K07A12.7,0.00150068082811331,5.90298479520354,5.6371316958347
K07B1.6,0.00227357408051392,3.45661651568367,4.54184683242402
K07C5.13,0.00534792807343185,3.74095217215252,7.05471426858498
K07C5.2,0.000284973071704745,6.08019562616488,6.61070365985299
K07C5.3,0.0283791865647949,6.54263727019436,3.50305964653871
K07D4.1,0.000938911449933716,3.52152591245555,6.77397871402486
K07E3.2,0.0312420354651417,4.26209389590511,3.66722835152485
K07F5.12,0.040263875518385,6.86546703353111,2.92442245515958
K08E4.3,6.26077770462687e-7,5.68111827143371,9.24735223416794
K08F8.1,6.1807830379371e-7,5.67907044692255,9.2452048450869
K09A11.1,0.0215082276176875,4.31031688539228,3.60518939032249
K09E2.3,0.0365800638106493,3.06488894229232,4.65956484462052
K10B3.1,0.0393616640416053,2.38878729120229,4.96937293219908
K10C9.3,0.0110694812290708,3.03231025175713,4.68456070295795
K11B4.1,0.00000168557980851883,5.48406334845356,9.03818093458066
K11D12.7,0.000136345376772647,3.77842142538476,7.10214490765519
K11D2.5,0.0296807121600817,4.22065808891552,3.11923414976352
K11H3.4,0.0000128811048239279,4.44553799141964,7.89717960458586
K11H3.5,0.0332959065055067,3.19959432589363,6.33179001352725
K11H3.8,0.0250634314864695,2.90913733335336,5.9007795196774
K12C11.1,0.000395348703021792,4.1669101788662,5.34001140269827
K12H6.12,0.00384274642254269,2.95003878521086,5.96377744615034
K12H6.2,0.0000706154634433585,4.49928856211494,6.46468430616451
kca-1,0.00000345914280477196,4.76255110551568,8.25450524448753
kgb-1,0.0000305003763029415,4.02884470352868,7.40945071476041
kin-14,0.0205578484805852,2.94038623727708,5.95289490297534
kin-20,0.000177570500863311,4.88804234397036,6.15336394834915
klp-16,0.0142318290011385,5.23208906176851,3.75474078305638
klp-3,0.0178654600168489,2.69804684911553,5.55546630256701
ksr-1,0.00434459935069131,3.87960295639565,3.60569728773958
lact-3,0.000169372885924073,4.19334449500612,7.17128043746125
lam-1,0.000423195191219031,3.0319093586506,6.08922711537952
lbp-1,0.022858940210479,8.61854652423329,-3.4078302200654
let-765,0.00117614876410308,3.57131436537434,4.53319215125801
lev-11,0.0250954588383929,2.88662467944945,5.86684192955583
lfe-2,0.0384709350269945,4.28398492325073,3.59941522643633
lgc-10,0.0243228454255047,2.74796842997315,5.64139058147159
lgc-40,0.00546142193158723,2.60744366883251,5.39255918961798
lgl-1,0.00252924241795553,2.84494820535947,5.79915167053426
lin-15B,0.0441389931408079,4.29577297846904,2.98245559347736
lin-41,0.00000441178114935439,4.67864237388349,8.16092976486012
lin-8,0.0142891440006216,4.73716456990312,3.90557183300129
lin-9,0.0466168048508741,5.46330677853539,3.33581052037016
lip-1,0.0000718571990678292,3.98016625295385,6.46254907606269
lir-2,0.00571957409360805,5.01039029534402,4.85907640147636
lnp-1,0.0199600907395917,4.71801948138226,3.26897626132704
lpd-8,0.0166562006535505,7.3465972023218,4.22847257734855
lsm-6,1.19378925835231e-7,6.1688026594633,9.75812576267052
lsy-13,0.0452754547834573,8.01846832561237,-1.70898964642649
lsy-2,1.62052643413168e-7,6.77461531111772,8.72342118427664
lsy-27,0.0431958352871831,8.03417185964208,-2.15444795414768
lys-4,0.0437620995487081,5.23536828934728,-8.50939319644075
M01E11.1,2.23063992352857e-7,5.8786418336243,8.86007725100647
M01E5.2,0.0000126964401412926,4.35394846366914,7.12293468882306
M01F1.6,0.000011016965403861,4.72290823188705,8.20995477768589
M02B1.2,0.0178601770894878,3.12737758561123,6.23369773046977
M02B7.2,0.0417440334401025,4.3180556313845,3.39771404133796
M02B7.4,0.00604252320460004,2.91616795442245,5.91329858383164
M03C11.6,0.000732577263571459,3.21648369257051,6.3576834891416
M03E7.2,0.000767971905365943,3.12088520724176,6.22059562160557
M04B2.2,0.00000156576898768387,5.16159132840598,8.69219712912525
M04B2.4,0.0000122125347740217,4.2411375749298,7.66085279297187
M04B2.7,0.0000365106970710189,4.09327204531723,7.48596903223613
M04F3.5,0.00665210414952926,4.04603269029119,4.37931577084949
M04G7.3,0.0217374835064231,2.44383422752596,5.07930770063749
M110.10,0.0000938527688589159,4.04625389595457,7.43031822280438
M116.2,0.00645663294234106,3.56408106009933,6.82998890546641
M117.1,0.0160223190245091,2.92288884786814,5.9212526168439
M117.6,0.000188864012952987,3.95799169182669,7.32296864239616
M142.5,0.0291046160601296,2.83184021030507,5.77823409260814
M142.8,0.0220027894828587,5.07336380034138,3.6621781569762
M163.1,0.0000319167063066522,4.22623195851703,7.64338813242303
M176.11,0.00000887397048099718,4.4252165442817,7.87399690011235
M176.4,0.0000733505521919914,3.70879413884517,7.01532702485098
M176.5,0.0220846487982893,3.05353703493254,6.1226580073478
M60.6,0.00124269988596299,4.02709277060528,7.40731135680414
M70.5,0.000922061359101722,2.94273296863566,5.95322197337365
marc-6,0.000016269412714951,4.94332472115044,6.97757302912717
mboa-2,0.0485436602467138,8.43494329342303,-1.77200451624572
mboa-7,0.00000293504969062097,5.01738045291811,8.53514191469001
mca-2,0.0340300130058949,2.52114273570829,5.23441336862729
mcm-3,0.00036049850141307,6.58515190740175,4.74304507700909
mcm-6,0.0128761384380659,8.03255180529642,2.44042455419244
mdt-10,0.00000391849761393444,6.69222654767156,6.77602093949272
mek-1,0.00688838290817957,8.30841248792311,3.9451537681187
mel-28,0.0102458407500921,3.51105107115273,2.98738887558253
mes-1,0.0156757548665781,4.78428285548187,4.29402775594535
mff-1,0.000045935088061181,5.73802398525485,6.49999363735489
mif-2,0.0477249949091934,2.7908744466654,5.71299032061925
mlh-1,0.000100105854982629,4.62358636776936,5.76415747648378
moc-1,0.000059906975422012,3.74639625170661,7.06251060123407
mod-1,0.0164356306508574,2.96118040027937,5.97963405100638
mon-2,0.000089827762829979,3.6203281879162,6.9024975658704
mop-25.3,0.0065770275358161,5.4229967516496,4.62035937844332
mppa-1,0.0037327561321341,3.32550079111592,6.50965777392926
mrp-1,0.0296502014152516,3.13637207545282,6.24095085399441
mrp-4,0.0000135528715483008,4.83943830233059,7.55594822725361
msra-1,0.00407573716101047,3.26313834226162,5.14554988398979
MTCE.10,0.00802043375398789,3.2626990096445,6.42190836129556
MTCE.16,0.0451748027524646,8.78412712173826,1.53813264599771
MTCE.22,0.018161657262326,2.73343886874493,5.61278247785319
MTCE.23,0.0392112488332148,10.7394311166817,1.27088338327469
MTCE.26,0.0046698986801086,11.8082094298789,1.6818307391675
MTCE.28,0.042755683651399,2.99686039878155,6.03664667809672
MTCE.30,0.000307435029789764,3.23024941283986,6.37798445635208
MTCE.35,0.0297094419288714,8.72878625797714,1.51166932341404
MTCE.36,0.0149021346380355,2.95652659882168,5.97305476813431
mtm-1,0.0277870439008552,5.08375418459032,3.97519909495705
mtp-18,0.000371130598712866,4.70191575634509,5.43631600372848
mtx-1,0.0415901499412185,9.53079054057808,-1.27624839393837
mtx-2,8.79806061851694e-11,7.18490148915739,10.8028567736058
mus-101,0.0112179978543344,5.09206189504362,3.73728418558593
nab-1,0.00211205930501674,4.40010322457414,7.84552902147142
nac-2,0.0099439753875648,3.29847676634888,6.47598520384062
nars-2,0.000123692623787822,4.66762505422246,6.1600298430039
ncbp-2,0.00000670987936976234,4.58371733111462,8.05394716742272
ncx-3,0.0000290845411853697,3.99342722157239,7.3668343240673
ndx-2,0.000367549116530167,3.46401175325186,6.69760609820291
ndx-3,0.0000688486104387784,4.29331263070346,7.72184654964201
ndx-4,0.00293593349684936,5.47184771791431,5.31442137710096
nhl-2,0.00554088739066939,3.62933986001422,4.24680478831667
nhr-1,0.00198580555188488,4.54072649779474,4.72598173650317
nhr-100,0.0000035746690986962,5.23909725731413,8.77574019843046
nhr-105,0.00176191267821138,3.11712038527792,6.21631971414637
nhr-122,0.00000470988755794735,4.96054174064841,8.47319441976182
nhr-123,0.0435724991427029,2.98685771075171,6.01885291897419
nhr-133,0.020739600462591,3.03646377745076,6.09395044223233
nhr-134,0.0357150785268929,3.08327763078864,6.16394562790386
nhr-138,0.000102901660976499,5.29096366317937,6.20120435865885
nhr-182,0.00163345704627213,3.5821654930449,6.85177917214699
nhr-221,0.046958385407756,3.35988803903781,6.55527242037144
nhr-243,0.000302532238903779,3.11860201486707,6.21789311478444
nhr-284,0.0122915051280666,2.81764206232668,5.754767654154
nhr-31,0.0194771077563374,3.10522603586661,5.66931350684079
nhr-34,0.0000178459746342774,4.68979023239568,6.97759987115181
nhr-35,0.00130217515382667,3.23823902503086,6.38922534415894
nhr-4,0.017132947260734,3.78562095932507,4.6739531317418
nhr-42,0.00321708953746186,3.40668962188524,6.62131418895817
nhr-56,0.0000160024880488259,4.6883217951664,8.17161456021797
nhr-57,0.0380371820942697,2.53982089530959,5.2681960035965
nhr-65,0.0417351907041932,2.71197996749089,5.5813548361649
nhr-71,0.00000219670199583381,5.52335835934787,7.67711720159473
nhr-95,0.0000390665014606981,4.38395762938915,7.82651044493385
nhr-97,0.0258661151725271,3.39493931934112,3.80562203891516
nkb-1,0.0122252757864125,4.98950432220889,3.6339347002084
nlp-24,0.00657785936576473,2.88152140875883,5.85731698103503
nlp-40,0.000430919156998892,3.43545565677078,6.65981696743438
nlr-1,0.00922092372185915,3.07789677185255,6.15577200000669
noah-1,0.00635445749641956,2.63627887450762,5.44495649513271
noah-2,0.00806645837907176,2.7131573882815,5.27417318017924
nol-1,0.0349215747765342,5.66630541270686,2.82995028531371
npp-16,0.0327880034136982,7.23327922259441,-3.07621501917074
npp-6,0.0116393147147183,5.1257682500716,2.9837239339136
npp-9,0.0300190317406694,8.56012825973313,-1.518060165989
nrf-6,0.0179861063677233,2.59437451244948,4.78577705605614
nrx-1,0.0004554595647251,6.15907181777085,9.74785326385412
ntl-2,0.0370104464298413,7.49091338414001,-2.12511383592748
nucb-1,0.0300917947199689,5.06162937566991,2.73445189489708
oac-55,0.00798433618927851,2.67817202573509,5.51892903023669
obr-3,0.0000617552060299242,3.5447900108239,6.8043714933401
ocrl-1,0.00000240097238966463,5.5491753049825,8.23258362551399
olrn-1,0.0159229840583205,2.79472684399685,5.0087718122874
osr-1,0.0297560109667773,2.59772350974703,5.37476562246292
oxy-4,0.000101004934478506,3.80173391444584,7.13152436723012
pac-1,0.0350017912013852,3.96921246648798,3.40856117945463
paf-2,0.000195090399496641,3.52249260966506,6.77517556314199
pam-1,0.00623269367730308,8.59790585427088,-1.89188079992129
pan-1,0.0124271358899432,5.59796445196936,-8.28503032381432
paqr-2,0.00115241049773114,5.41937840867081,4.91708295106522
pat-10,0.0000810329601003452,5.05811544288712,8.57972808976996
pat-4,0.00156869790169918,3.10219720881003,6.19310637598291
pcp-5,0.00000166649692321976,4.92549740206335,8.01588625869036
pdcd-2,2.3658637652443e-7,5.96602412279346,9.54674284923919
pdi-1,0.0264259768356568,7.82964381262524,2.40109083372281
pek-1,0.00146425812440255,4.35443333081086,5.0286118726612
pes-1,0.0361404957447229,3.93181821943976,4.30077158585989
pes-10,0.000488386056126619,6.43633018394979,-7.9515845685031
pfd-2,0.00134526766112894,7.00766514416518,4.36994954884532
pgl-2,2.52217985856996e-7,5.91684702811663,9.49527728469802
pgp-4,0.0482976691839435,2.65883389005011,4.35412265014442
phb-1,0.00915089370208752,7.88827520464999,3.83192711493752
piki-1,0.000888618374479439,3.7077284673574,5.38124546778
pkn-1,0.000234072375200556,5.15442955204345,5.02331983002451
plk-3,0.0264234793471142,4.90261712711585,4.03457102499313
plr-1,0.00191135499898279,3.01029149532391,4.92659444312468
pme-3,0.0104966225701521,5.3447651592544,4.03029484601909
pmk-1,0.002108605465529,3.72502300709118,5.01615835683182
pnc-1,0.00050271101353586,3.11265304243584,6.2088987362475
pole-2,0.0137795095916749,6.10677436823457,4.51519229283427
polk-1,0.0284067854913057,9.12362938652913,-1.56173526510752
pot-1,0.000948924967059786,5.55923776220836,5.72458397874601
pot-3,0.0205308797976377,5.36007451772409,3.6333635216803
ppfr-4,0.000760156943992167,3.69977056275229,7.00254696540615
ppk-3,0.00188804292280057,3.66245100844111,4.78203392659569
ppw-1,0.000211796758028114,3.15517928718699,6.27087154168204
pqn-39,0.000504669696849417,3.05566205557417,5.70127352936749
pqn-89,0.000791682049085604,3.7364066632121,7.049871937077
prdx-6,0.00000345566101649793,4.90425412810709,8.4111388279586
prk-1,0.0402165208394869,4.33550948720216,3.55346363723311
prp-4,0.000800455873438669,4.88339435517299,5.68207256382437
psr-1,3.122923338844e-7,5.88394391625258,9.46072054865854
pssy-1,0.00956535875983659,5.3137021924658,4.21060416737749
pst-2,4.45241687288046e-8,6.32359144190382,9.24427926690053
ptl-1,0.0252402864192323,5.9011851638271,-6.08535027881218
puf-10,0.000383258410288092,3.51436236217783,5.74215744893499
pus-1,2.59130847922939e-7,5.9397224570721,9.51920555617931
pxd-1,0.023890286614772,3.16481434808392,6.28567202555621
pxf-1,0.0000434683887798611,3.7299543667869,7.04170563661844
pyc-1,0.00104752586503101,4.81748365829636,5.68671319078761
R01B10.4,0.0000169389296039718,5.20566607848239,8.73955988441001
R01H10.7,0.0454033207057725,3.02542334541334,3.00827604860487
R02D5.8,4.72166821332802e-7,5.79286321770958,9.36508405591972
R02F11.3,0.00132644545788033,3.19364223539315,6.32561402476859
R03E1.2,0.043083367921013,5.85001956874316,3.07784448405904
R03H10.1,0.0157145119910496,3.12208570301591,3.99324125405755
R04B3.2,0.0000967343702846732,4.49653734945787,6.52443480739729
R05D7.4,0.0421068406346873,8.08289159738637,-2.28810546791694
R05F9.6,2.70515784377451e-7,5.99234162607581,9.57431857295637
R05G6.5,0.0014064720558404,3.88706304651229,7.23773875063716
R05H10.5,0.0374761113464535,4.01844053937625,2.40936019098662
R06A4.2,0.0000428959205943056,3.58408667315771,6.55582078356339
R06C7.5,3.04105550215373e-7,6.07757054359335,9.66318331457096
R06F6.8,0.000189380800916646,3.97127405892399,5.38203500371866
R07B7.10,0.0445859098086406,4.51531330835624,3.28218332523781
R08C7.12,0.00411354271081656,3.32008245972674,6.50345837040136
R08D7.4,0.00000832947386999888,4.73610142896583,8.22527215548752
R09A8.1,0.0000329837166686728,3.98698680633346,7.35886928527846
R107.2,0.0000148346614606592,4.31776473124864,7.75000183911841
R10E11.6,0.00000792432269824733,4.71671546745582,8.20357273602329
R10H10.6,0.00000260589570869927,5.64569485525932,9.20987028326667
R11.2,0.0498894040100523,5.02968812996436,-8.28539281072637
R11.4,0.00288695361487133,3.83778752372815,4.46459637218861
R119.1,0.0141515065398469,3.00017536835891,4.26090051436655
R119.2,0.00265659511360443,3.1453569518369,6.25583543468284
R119.3,0.00136350888899026,5.64876199763831,5.7109667515984
R11A5.3,0.00000342422661392244,9.45197397580178,-5.30438340845149
R11A8.1,0.000014635021050704,4.39600924735579,7.19690472321767
R11D1.10,0.000175705568866729,5.03169006681838,6.22955003568134
R11D1.13,0.00126248375612295,2.93987058724582,5.94833168073821
R11D1.9,0.00517375186201273,4.98037246247246,4.87748986177161
R11G1.2,0.0026160410536331,3.47502071441489,6.71221359028876
R12B2.2,0.00011468923915697,4.22370385334523,7.64124280973232
R12C12.5,0.0408129101167994,8.97561972745932,-1.95201782510053
R12C12.8,0.000685989387767019,3.19623172880652,6.32922027527027
R12E2.12,0.0000418664526704182,4.5870082103075,8.05756398394687
R12E2.17,0.0012952002969608,6.71645584050191,-10.0609689175635
R13H4.5,0.0133258287425231,2.59762894282516,5.37419175496251
R144.11,0.00000589034152842895,5.32207149900387,8.86506214598368
R144.12,0.0334988502976358,6.16387848778484,3.3945177965821
R144.13,0.0000237193216909867,5.25375392765041,7.4570329622566
R166.3,0.00000121329641042514,5.2657663907551,8.80461648451392
R53.2,0.00579554611273436,6.93943729302153,4.93535328178822
R90.1,0.0000175763609341739,4.10184497031797,7.49650156839857
rab-19,0.0201380718791989,3.6394270965856,6.92733328502912
rab-5,0.010271885868484,7.19687783342771,3.74799321417442
rabs-5,0.00000731573215046755,4.65448995969315,8.13400031432502
rabx-5,0.0102433534855576,2.60931853942774,5.39775474938661
ran-2,0.0422709114588871,5.25614178406954,3.46619212286304
ref-1,0.0376519192709913,7.7049216816129,-2.60586497876965
reps-1,0.0155133899888505,2.73471311257675,5.6139796716345
rev-1,0.000344329384039803,3.39078523656187,5.84686082131792
rgl-1,0.0229118633108872,4.62972435825333,4.03971616195333
rgs-10,0.00103744975788379,4.17515028269923,7.58413188616858
rhgf-2,0.00411422353423916,2.86250776512329,5.8262819872062
rhr-1,0.00123349840847629,3.76535224407448,7.08694179294887
rib-1,0.0141359887520702,4.31300626584408,5.16735624177833
rib-2,0.0466377051952487,2.85837744732178,4.31008344358103
ric-19,0.0236946028532845,3.46710503230267,6.125880313438
riok-3,0.000750551243921297,5.5782876178397,5.88508929966603
rlbp-1,0.00000157386149958421,6.2871288554987,7.99290121816775
rmd-5,0.0314630314022177,4.99319359978787,-8.24653750139525
rme-2,1.99975945761113e-7,6.17172614070541,9.76124557158076
rmo-1,0.00888736255117877,4.72211059291977,4.13331291254996
rnh-1.0,0.00000274223071077756,5.65768078527146,8.14483423999564
rnp-3,0.0222351366312574,8.7280737496026,-1.62991274777319
rog-1,0.0439301391139584,2.36673459220029,4.92396196622165
rom-5,0.00975483704935635,6.020131859714,3.29549984986983
rpn-9,0.036488141037882,8.51373797431092,-1.39762924581702
rps-20,0.0119489228261955,5.97584270576325,3.20277435506884
rrf-1,0.034876728400153,5.07621158142376,3.24059304636203
rrn-2.1,0.00165238444676919,6.34420841043448,5.21328048319988
rskn-2,0.00365939198423907,3.29275019596841,6.4640715058873
rsp-7,0.0455793538461631,5.1815465774812,-4.24349434542534
sas-4,0.0000508310679795411,4.58004375239531,6.99714844182887
sas-6,0.016346618390274,7.70822756923931,-2.32749777836301
sav-1,0.0000663469642242903,4.30282280441384,7.73266856359954
scav-2,0.00483050174997769,3.56827060522561,4.57818365746924
scl-27,0.00165760873972354,4.05860638545847,7.44613371816187
scrm-3,0.0441362326034505,2.87953498423183,5.85083407370002
scrt-1,0.00222565825456054,6.67279848888512,-10.0158368009763
sdc-1,0.0155690512833692,3.74895833428365,3.56350363611705
sdpn-1,0.00602171940824008,3.60588453662075,6.88547968460064
sdz-13,0.0121986004355633,3.7700245884008,6.27120933217945
sdz-14,0.0028613054575142,5.89149652557894,-7.99715666195663
sdz-2,0.0253299489186975,3.36774954497072,4.9916099797421
sdz-21,0.00578200920730051,4.00214713528385,-6.29513135797588
sdz-30,0.0437481851536676,2.88123206968258,-4.4387505771344
sdz-33,0.000489374417385037,6.95882651756679,-9.76124749429008
sdz-37,0.00264242056472551,9.00057443064167,-3.32624100179032
sdz-7,0.00176548420144229,4.13214147014391,4.34853675785364
sdz-8,0.0199358149869898,2.83906143125149,5.79120088239164
sek-1,0.00123988105567115,4.07645749015206,5.8421185786673
selb-1,0.0018587786875756,4.0830508334981,4.78569517077767
sem-2,0.00052377154910233,4.38433088802218,5.35757775207272
sep-1,0.0000596487384704917,4.0141680972802,6.10840883618029
set-10,0.000852361014008114,4.43334891679166,5.53529823936285
set-13,0.00162513213533804,3.2521322617986,6.40929216014271
set-15,0.00000174346944045253,4.9421106199067,8.45287777367421
set-20,0.000405675595523932,3.85313610579074,5.80358896900482
set-27,0.000972513788395316,2.90603118352537,5.89586345299666
sir-2.2,0.000951844697751037,4.09193222300759,6.46667021952394
sir-2.3,0.00034579772401791,3.70759492477339,7.01391689170628
skr-19,0.0369727203504232,2.61186968482281,5.39833480328947
skr-20,0.000313746340068443,4.06947647299121,7.45808026404008
skr-3,0.00857061814851069,4.43876263890873,4.4580890851856
sma-4,0.00672672202425971,3.01903502906671,6.06939877100786
smf-1,0.00000950926652345695,5.30427980623012,7.97263775347206
smg-7,0.000145861119636437,5.03284074344022,6.15251224559079
smg-9,0.0048327229796206,2.74550456290562,5.63475795432497
smgl-1,0.0000117909524104849,4.24885217561369,7.66988898396033
snf-6,0.0282702843260375,2.46621269237533,5.1273148355454
snt-5,0.00292644927769111,2.97832209868112,6.00715245118513
spe-6,0.0060635186593106,3.39240454115369,6.6025899967818
sph-1,0.00000226826492358144,4.79489742058397,7.59413798787854
sphk-1,0.0000831031573915679,3.91431548786873,7.27106003445242
spr-1,0.00000347214914123006,4.88214461010196,8.38693409146253
spsb-2,0.0495841990045287,9.7460091008902,-1.2113095727723
sqv-1,1.29278169872427e-9,6.89821274482155,10.5100703022763
sqv-4,0.00284686767769341,3.36174740636386,6.55934399454113
sqv-6,0.0256039861714348,2.33356506681358,4.26723460890369
sqv-8,3.32516338125385e-7,5.90236090603847,9.48015127208605
srm-1,0.0137354909692637,3.92645372421162,7.28356315217508
srv-7,0.00115033713551454,3.41847559069692,6.63722415704709
stn-1,0.0259510393231962,4.60223266774225,4.27024109292507
sto-1,0.00000405665864986698,4.99891468492206,7.87616225848834
sulp-8,0.0128645402619128,2.9883940161293,6.02315199025103
syn-16,0.00693295067650204,6.15881580079897,5.00390710608976
syx-3,0.00000700351970389229,5.0833687010484,8.60702554188322
syx-7,0.00000112471149192562,5.69723897543292,8.36401665884617
szy-4,0.00182861856282117,7.51925908498885,3.61069488234098
T01D3.1,0.000189158976470971,4.14047612301972,7.54279420843959
T01G1.2,0.0228894619392656,2.7279880350161,5.60576445084166
T01G5.7,2.8640490495608e-7,5.96406578064631,9.54474272681219
T01H3.4,0.0195122122013538,5.847003441376,4.35437554083309
T01H3.5,0.00630686177711876,3.43255605472737,6.65647975708189
T01H8.2,0.00265085876766293,3.50739432989972,5.22938704143964
T02C1.1,0.0201017603967908,3.20876572596884,6.34532185562308
T02G5.12,0.000296715713552021,6.48079531960867,5.94913259330174
T02G6.10,0.0030421420163622,7.06960037089395,-10.4223849176415
T03D8.2,0.000136111700396465,3.83062837724008,7.16710258731385
T03F1.6,0.00331819275310366,3.67222765977599,6.16928754459611
T03F1.7,1.60982214819379e-7,6.06896681803401,9.65426352430385
T03G11.4,0.0000921076803931184,4.58333583222534,7.06827600821901
T04A8.11,0.0000759659219268001,6.19958889695592,6.54557883775654
T04C4.1,0.00465917905568156,3.51231014206545,4.63937421964696
T04G9.4,0.0422650121326518,2.54908369332042,4.42748612346231
T05A7.1,0.00494638249578736,6.59700796648297,4.52502959544458
T05B11.1,0.00820297119581272,3.22582099320872,5.38188318026739
T05E12.10,0.0000852714802198211,9.67892573970121,-10.1840491035868
T05E12.8,0.00948261304648433,7.02157877890921,-8.50184671188523
T05F1.13,0.0478544750671942,5.92118276104324,3.66109689819439
T05F1.4,1.92153076782716e-7,6.36180986980593,8.76891611318989
T05G5.4,0.0157294895751277,5.29541818207618,3.51003603697988
T05H4.10,0.00505912462528494,6.10703360908792,5.10347848815019
T05H4.6a,0.0205881324249441,6.69358479279905,3.80558262270479
T07C4.10,0.000233649082723405,3.09738634627396,5.58212272100377
T07E3.4,0.000004065842904793,4.67273991141521,8.1542483395892
T08B1.4,0.0288746516437574,5.88492090789571,-9.19927037695114
T08B2.8,0.000114938488327554,6.02868179303894,6.27018311110798
T08B6.5,0.0142475750795094,8.23916564827544,-5.03187925208915
T08G5.16,0.027830833301636,5.94928126104011,-9.26641923369729
T09A12.2,0.0374135979588559,3.18193949246179,6.30697247285136
T09A5.4,0.00000628425807452226,4.70468198722401,8.19015449754682
T09A5.5,0.0195128809795162,5.65947809235929,4.30271408316024
T09B4.5,0.00200559836913571,5.32797787833528,4.83095919846334
T09B4.8,0.0000736486507100401,4.10088199253516,7.49594152951526
T09F3.4,0.0000207257686181453,4.46877740979671,7.92376156873384
T10C6.10,1.66131976402713e-8,6.55410383154473,10.1568099881889
T10C6.8,0.000845659461915123,3.2970465554867,6.47164591381223
T10F2.2,0.000907181138174349,5.9270556387642,5.90131348041087
T12B3.4,0.000275245268548509,6.22466521155625,5.50259954231877
T12G3.4,0.025460116842057,2.82444837483451,5.76607319566267
T13G4.2,0.00113239920078237,3.8699115950186,7.21523937170953
T13H5.5,0.000120595780521825,6.35220471179043,5.19673146466321
T13H5.6,0.0000452263426818805,4.05311737228947,7.43819334822636
T14B4.5,0.00000760003645356143,5.28738966228461,8.82772509560491
T14G11.1,0.0118713174875567,3.04824298325353,6.11259789594343
T16H12.2,0.00186303285170362,4.36940319062021,7.81014468644737
T17A3.2,0.00129675612497978,3.31991126933039,6.50189630503568
T19B4.1,0.0000440065116937986,4.44442681058647,7.36163591903398
T19B4.3,0.034676568050202,6.35693157805625,3.51737639439802
T20B12.1,0.00641779391309037,5.43843225223002,4.92673876791084
T21B10.1,2.83830788221294e-7,5.88962674800904,9.46669236593258
T21C12.8,0.00119322880254568,3.81813863862813,6.52634722894855
T21C9.16,0.00474209977420274,2.79053917559075,5.70942773151255
T21F4.1,0.00000368236321852091,7.32014922575296,-8.9875423803634
T22C8.4,0.00902795917552833,2.80998017612836,4.71133482158289
T22D1.11,0.0162218833720073,3.61296956392874,5.44094606341104
T22D1.17,0.000360956607135792,3.12318058499738,6.22431550225452
T22F3.3,0.00000359748127416291,5.19085760751628,8.72389763122832
T23B12.2,3.87886195483621e-7,5.79646210216776,9.36890530632301
T23B12.3,0.0000202414196357055,5.86233132262184,7.24980259883748
T23C6.4,0.00141204367381368,3.02433316729405,6.0777747724738
T23G11.1,0.011602147690892,3.17448196817693,6.29766484459275
T23G4.3,0.0000110039686270738,4.3951075797745,7.83938288161072
T24C4.5,0.0094828976128167,2.78267859797163,5.69593071358315
T24E12.1,0.00000208314707233434,4.89565217865223,8.40173107745971
T25D3.4,0.0318981592184264,2.35103758647867,4.88900121575644
T26A5.4,0.0000225122434017166,4.52165363949572,7.02463931992964
T26G10.1,0.00000100232598023319,5.50877141828954,9.06457375338203
T26H2.10,0.0207805916835106,4.78785726604622,-7.55049966352668
T27A3.1,0.00000102329780041572,5.22464270804886,8.76024677460974
T27A3.6,0.0427134809396191,6.23499152304738,2.77314470776047
T27A8.1,0.0317343072149181,2.57859420437946,5.34242694661012
T28B8.1,0.00023094732408036,4.2512074184567,7.67260967259293
T28F2.2,0.00474856040976193,4.28647102982758,4.35374508603982
T28F4.4,0.0268109640522841,4.15541400357042,4.15713612976785
T28H10.1,0.0464723435477883,4.93539770337896,-7.44381531439853
taf-2,0.002257879520167,3.2301177822819,6.37762484083862
taf-6.1,0.0431034190222012,4.79382365903968,2.83974048339342
taf-7.2,0.000336142073415937,4.36571314079713,5.51037227692426
tag-115,0.000423019169830012,6.79080954670046,5.13624577147231
tag-117,0.00205040284835708,3.38377631627627,6.59078946699996
tag-179,0.031124924613785,6.1930266171391,3.67457909274098
tag-224,0.00498410062508227,2.96432795346527,5.98549016216216
tag-231,0.000352732428576998,3.59235311907477,6.86640555693099
tag-264,1.35794638709133e-8,6.60012528153886,10.2042022851806
tag-266,0.00153994379180627,3.0651848597246,6.13819199345806
tag-280,0.00000506324897184178,4.61696644210729,8.09140057702001
tag-299,0.00174221401991969,2.87497123598551,5.8462079843319
tag-304,0.0000265251325161135,3.85352063503057,7.1958520086934
tag-347,0.00000137529795994893,5.30634237956906,8.84822643795536
tag-53,0.0000631242855452932,3.95749759283952,5.93537086979464
tag-60,0.00240688991976992,3.16327433728034,6.28341332983721
tag-63,0.000118467734579754,4.26278787699965,6.01543609451533
tag-97,0.0339134094459674,2.94497874982581,4.55526321668165
tbc-11,0.00276005084607563,2.72043815086128,5.30379523955868
tbc-15,0.0328005960151691,2.41555802222456,5.02166494635332
tbc-6,0.000112857055473378,5.00907550893762,8.52665369870316
tbc-9,0.00806846075727134,5.1650264486472,4.21783997840331
tbck-1,0.0207038769938469,4.11219921036886,4.11014172849174
tbx-11,0.0000576920641076377,8.58060756242515,-7.69350926530346
tbx-2,0.0373357225905821,2.65166959464323,5.47195442577803
tbx-33,0.0324046928614404,7.15032993151135,-2.75419271928854
tbx-36,0.0165446071894617,6.69847062066893,4.37538259156428
tcl-2,0.00742652933255665,2.95442415862209,3.93562614262659
tgt-1,3.15856662454744e-10,7.06066478143963,10.676133747392
thoc-1,0.0267596044185124,3.40294465072678,3.38084165406688
tin-9.1,0.0337718316140786,6.10204378892649,3.63733686837341
tli-1,0.00000531004433527182,4.75322603007703,8.24421762420871
tmbi-4,0.00560870915493,5.93621712858077,3.84602484717284
tom-1,0.00908781775453633,2.52855174432945,5.24575133113564
tpa-1,0.0146780833169148,2.44128478018076,5.07652102088292
tps-1,0.0062656565874445,2.50534855941366,5.20182221144614
trxr-2,2.25278701358097e-7,5.8399371248962,8.7536450534217
tsn-1,0.00117316375251449,3.50443127269543,6.04890432602763
tsp-14,0.00925769175713852,2.95828739859757,5.97704025510386
tsp-9,0.00842638822992936,3.33008702320899,6.51843121870729
ttr-51,0.0234915883137222,2.96489949573392,3.59524858597388
tub-2,0.0163274075152847,2.78725446206861,3.84814291678363
ubc-12,0.00000334252124029764,5.3945679951734,7.90110738303108
ubc-14,5.92248811057504e-8,6.32621558611487,9.92142698471562
ubc-16,0.00147484767492529,6.18650671393732,5.70707337279702
ubxn-3,0.00263143074013476,2.704601610214,4.92912500833356
uev-3,0.00415733980421757,5.74410177674225,4.39969781869203
ugt-58,0.0128602018251258,5.18423228850637,4.26189949491966
ugt-61,0.0271094330163448,2.75686432651685,5.65070597437645
umps-1,0.00000600522244950555,5.02387387208606,8.54247589044625
unc-115,0.000385627269687069,3.31022234668399,6.48945072840247
unc-129,0.0019770114537671,3.76294903945563,7.08266735553173
unc-36,0.0380207318117116,2.54668904533455,5.28199170616163
unc-44,0.000822878807159414,2.8074096594001,5.43706396493811
unc-5,0.00416117564659386,3.41052277063425,6.6274547747338
unc-50,0.00176190555572201,3.65624840387752,4.91702825550035
unc-59,0.0125528895713708,8.91166412964815,-1.63929596666512
unc-69,0.0376764409062597,9.56949651332616,-1.34744745586154
unc-73,0.00115660545547141,2.82354079451858,5.52647374727378
unc-83,0.00176279961707829,3.10948325124148,6.20491477470602
uso-1,0.0153892200987157,2.81567702584523,5.75059799550277
vab-2,0.000162099800818615,4.36597883277535,7.80623920763971
vab-8,0.0271277907225905,4.6764059571071,3.66706570365829
vang-1,0.0000271302691726011,4.66083272285379,6.90415719433458
vars-1,0.00000166414007371902,5.03014453412278,8.54926622981859
vars-2,0.0248421091350431,5.99648750934676,3.40517396692037
ver-3,0.00550751997368797,3.23128634511417,5.76413344210471
VF13D12L.3,0.00568345409630934,3.68314294602818,4.51755620752698
vps-18,0.00186018500032653,4.57955799786379,5.14974642524302
vps-25,0.0458770579182273,8.87135455133153,-1.25802793227372
vps-36,0.00136254410437553,6.69449254305113,5.17437205972588
vps-4,0.00000740318147280888,4.58713453230149,8.05784159891632
vps-52,0.00000409908009548693,4.89930732792652,8.40595628116234
vti-1,0.000150358591697499,3.71342787129925,7.02111525626547
W01C8.5,0.0171770450744634,3.04245441897159,6.10646331383251
W02B12.11,0.00056085428080642,3.65276005489668,5.80937975613709
W02D3.1,7.28388870246237e-7,5.62333313666283,9.18617988014008
W02D3.12,0.0329104286949091,4.59192573909601,4.03539303199354
W02F12.3,0.000587408575105751,7.44118039211428,5.7049396958644
W03A5.4,0.0000199668556259257,4.46315918805153,6.87406302584516
W03F8.3,0.00020351726281587,3.72843673635731,7.03935224395258
W03G9.2,0.0000421613448584568,4.31298513284699,6.71359845337846
W03G9.3,0.039871470630904,2.30812427615288,4.79520405496762
W04A8.2,0.00734011654150847,3.40810788535634,6.62451950233475
W04D2.5,0.00000100138261868224,6.46154420377908,7.94036646748675
W04E12.2,0.0321098649221832,5.73872969961943,3.72692497165782
W06A7.4,0.000238831395569395,4.15777592725088,7.56262026449047
W06B4.2,0.00000322810767204757,4.65468105577925,8.13393125225068
W06D11.2,0.00111597601594665,5.01006732947545,4.47263438941459
W06H8.2,0.0108195919525998,3.37110347147665,6.57099542604446
W06H8.5,0.000570376580497481,3.32661736875248,6.51228596989632
W07E11.1,0.000492906229085507,3.90755375448277,5.1258325853892
W07E6.2,0.00000821731662138303,4.63208336113887,8.10874459882548
W07E6.5,0.0263245425861159,4.31515267125903,4.64584865751877
W08A12.2,0.00585501144974735,2.80081609056125,5.72718618185329
W08E12.1,0.000773351509788285,4.32072164805033,5.60415983989502
W08E3.2,0.0076082921698851,4.14855420405664,3.76896099173408
W09B6.4,0.00000226831739609079,5.03313650517169,8.55245884342087
W09H1.1,0.0421855946362169,2.72009904772154,5.59193819970958
W10D9.3,0.0000659691232306968,3.95924119663926,7.3248634983939
WBGene00003979,0.022360213380892,4.08337094983319,3.34142880734417
WBGene00206380,0.0000479880884740125,3.93294521407458,7.29315240018542
WBGene00206487,0.0000915288741512021,3.79974908554798,7.12931978871691
WBGene00219275,0.0220291935699713,3.65629122658291,3.19995965523828
WBGene00219803,0.0221584299043545,5.3382801559543,3.32343483522653
WBGene00220040,0.00293450689700817,2.86612858789698,5.45629161407826
WBGene00235158,0.0232248287104591,3.35252515500403,-5.45944200413228
WBGene00235267,0.0196142437755426,2.514224662104,5.22048047025239
WBGene00249808,0.000731469088510985,3.65482023743942,5.14283908890764
wdr-5.2,0.0136571320709606,2.75884107276151,5.65871729142913
wdr-5.3,0.0221269172252436,6.1029350162055,3.9997302723007
wts-1,0.00350925501648113,3.92662459733494,5.28223006169502
xbp-1,0.0046504558149082,9.31992528094168,-1.90225955620285
Y102A11A.6,0.00636726429071942,3.54653698116225,6.80826377765882
Y102A5C.2,0.0486779718194453,6.40445761197539,-7.58750469744437
Y105E8A.11,0.0000477571819136589,4.96312883490366,6.65504472162355
Y105E8A.14,0.00569070074824568,3.32870362044109,5.60701189796654
Y105E8A.19,0.0174872411040506,4.45851826046284,3.59484041973675
Y105E8A.23,0.00093996549399671,3.49335914392478,4.98083507644601
Y105E8B.5,1.82284838735381e-7,6.33107402095671,9.04173308054276
Y106G6D.1,0.0369243562547466,2.55893352300331,-4.22168982116514
Y106G6D.2,0.0404243997411339,3.42034710549016,-4.5575795657432
Y106G6D.5,0.00213258836577056,3.44110566554877,6.66635790295646
Y106G6D.7,0.0000100236144518041,4.21905479528213,7.63495014984449
Y110A7A.7,0.0000899446076853283,4.15615133687089,7.56093722793188
Y111B2A.12,0.0000924542611373708,3.97840957418246,7.34827687915418
Y111B2A.24,0.004162702172283,3.42478973712063,4.86268935780658
Y116A8B.1,0.0215976734360158,4.70807959890727,-6.64684444238101
Y116A8C.10,0.00422752190306134,2.52890158188462,5.247062545553
Y116A8C.27,0.0139881632467312,6.1720008036025,4.51223179452827
Y116A8C.9,0.02881617497006,2.37737167252384,4.9443931118431
Y119C1B.4,0.00266432537058062,6.06077087951674,4.47940101113155
Y119D3B.12,0.0284749332361658,4.23024657184307,3.69496843478945
Y17G7B.18,0.0462376035658783,5.11170019373648,2.73077657936817
Y17G9B.2,0.0014763999213852,3.33309437599527,6.5211600111583
Y17G9B.8,0.0066318505542927,3.52646820216585,6.7803590801079
Y17G9B.9,3.02838955130868e-8,6.46576939627012,10.0657640966558
Y22D7AL.7,0.0277145411513389,3.1193353916566,4.05142477636821
Y22D7AL.9,0.0000963690416927508,3.82120485782447,7.15561263898275
Y25C1A.6,0.0123053052403873,5.48338683012913,-7.43025603068925
Y26E6A.2,0.0070622845094158,3.31956447952477,4.86017917558379
Y32G9A.10,0.0171406818357166,2.88919003716561,5.86817442961679
Y32G9A.8,0.000468288282290618,3.02613042477338,5.48071781918351
Y32H12A.6,0.0000759374087941793,3.75636734711686,7.07476231507141
Y34B4A.8,0.0000158785758523409,4.26328880651097,7.68666422027103
Y37B11A.2,0.000018624614349734,3.9752070186764,7.34461148094776
Y37E11AM.3,0.0376519711873885,5.13213420388443,2.85149761936964
Y37E11B.1,0.045793185805201,3.52881481066166,5.48835239991156
Y37E11B.2,0.00030542955627696,4.45102116333725,7.90309237534092
Y37E11B.5,0.0314919138490676,4.02579036769946,3.4008378065302
Y37E11B.6,0.00375418234806065,6.64909540030982,4.59069794659106
Y37E3.10,0.00096600534755583,4.72585939806703,4.62874034661143
Y37E3.25,0.00826262497050581,6.283070499092,-9.61426726828391
Y37F4.6,0.00109809710851192,3.74143490679112,5.47209027413781
Y38F1A.6,0.00527307318342517,2.86514044008444,5.83099889178628
Y38F2AR.3,0.0000370723191483693,4.22720662901956,7.64448588476238
Y38F2AR.5,0.036049261220883,2.46282745812192,4.08678457729826
Y39A1A.12,0.000304005476497936,5.71275423515554,5.52986514225089
Y39A1A.16,0.0195898769316962,2.65473279014489,4.63651185086551
Y39A1A.20,0.0299016598001977,3.69923037311467,3.62812133152038
Y39A1A.3,0.00000613725960959569,4.61642245787697,8.09079891461964
Y39A3CR.3,0.045198066906254,2.56179769430913,5.30693970814043
Y39A3CR.5,0.0162230525292331,2.6942955746333,5.54610399487678
Y39B6A.33,0.0274109524220539,2.97207684277929,3.50103061531278
Y39B6A.34,0.0000768969545178521,3.687530854838,6.98785494632141
Y39B6A.43,0.023147016447704,3.74495000830329,3.88497970762806
Y39G10AR.11,0.00870717936126345,2.77777211042753,5.32808780468434
Y39G10AR.20,0.00000101574828040852,6.06419913863968,8.07758015237922
Y39G10AR.8,0.0278046373334307,8.04140669926495,-1.69351904522751
Y39G8B.12,0.00729383981783415,2.65355991134018,5.47613573995637
Y39G8B.2,0.000413159885656851,3.23555283083948,6.3850827394052
Y41D4A.6,0.000329175606642411,3.56670325149022,5.48741119520226
Y43B11AR.1,0.0134121596454304,2.82270608386798,5.76294195481721
Y43B11AR.3,0.0135235238618961,3.02086105765064,6.07296730610807
Y43E12A.3,0.00000233598935163333,4.88104173337394,8.3857766814971
Y43F8C.7,0.0435239331828572,6.48979132088888,2.49878030397607
Y44A6C.1,0.00143612646162021,4.68472322874119,5.26324457603662
Y44A6C.2,0.0000478422888793608,7.94925672154806,-10.5356778745608
Y45F10D.7,4.11038683364938e-7,5.72485520217172,9.29349247879456
Y45G5AL.1,0.00799432603371028,8.33140912774241,-1.86960771093589
Y45G5AM.2,0.00000364938149939551,4.62160493463359,8.09676578017027
Y46E12BL.2,0.00370052929622192,4.18155653345851,4.25170298926172
Y46G5A.15,0.00350098184755117,2.77292062312322,5.67965309926998
Y46G5A.28,0.000316186864773429,6.67708004286592,-8.49731833656248
Y46G5A.34,0.000313007869869911,3.50867706386428,6.75676778325324
Y46G5A.35,0.0439593827810661,5.18484119608062,3.33410775052944
Y46H3A.7,0.00000612397192877016,4.89869289372338,8.4049383594508
Y47D3A.1,0.00879526914861946,3.42811880860911,5.5389692658602
Y47D3A.14,0.0000450146173831872,4.21280400081493,7.6279339926293
Y47D3A.20,0.00000183755297686395,4.95106355074603,8.46264320309882
Y47D3A.22,0.0247289560975211,2.43452385476958,5.06341971297274
Y47G6A.14,0.0357909854009492,5.21527583528426,3.66191039167093
Y48B6A.13,0.00000364230468462202,4.97143010070424,8.48483510266775
Y48C3A.14,0.0269917334798841,3.17608899883066,3.59359296433207
Y48E1C.4,0.0335831686389932,5.50214397004215,3.52508435552653
Y48G10A.3,0.00017159270262921,4.56808268075186,7.13335500751173
Y48G10A.4,0.00353062194046809,4.89154979944151,4.78924239610519
Y48G1C.12,0.0000246955499877654,4.36633542578783,7.8064035786878
Y48G9A.9,0.00411849521412219,2.94987526357371,5.96376007359589
Y49A3A.1,0.000157069417885725,4.661177404476,6.7706812836864
Y49E10.21,0.0000467070955283095,4.01417500617881,7.39122002885217
Y49F6B.2,0.00000737271134711748,4.96140771981434,7.35743799168007
Y50D7A.9,0.030343347487439,5.80062422213357,3.60110664517191
Y51F10.11,0.0272769869283755,2.79205661706263,5.71362530697635
Y51F10.2,0.00291047460683109,11.2761991738538,-1.86597691542499
Y51H7C.5,0.0000549068562712761,4.12334554902411,7.52200738989613
Y52B11A.2,1.21204520178387e-10,7.15814482493965,10.7755790967151
Y52B11A.8,0.047885855187471,7.33625360405592,1.72967638664347
Y52B11C.1,0.0000148059609660263,4.15738769498934,7.56232099584337
Y53C10A.5,0.00307023358924824,4.05004326104564,5.73737693254338
Y53C12A.3,0.00893709951970056,6.66621131849187,4.06309956618296
Y53F4B.18,0.0310935360492049,2.80397963237982,4.4607069352185
Y53F4B.39,0.00305739093403583,3.85711124157659,4.99363816819118
Y53G8AR.8,0.000294961265704625,3.68875414855596,6.99020970213643
Y53H1A.2,5.56204139598831e-11,7.37152533575833,10.9928365180126
Y54E10A.17,0.00135634486769795,3.89848562047039,7.25063859667205
Y54E10A.3,0.0119654722859452,7.31997699260902,3.23141002030496
Y54E10BR.2,0.000161126401132733,5.93335658885063,6.5121162289159
Y54E2A.4,0.0314518588736239,2.87364569394717,3.51358468989095
Y54E5A.5,0.000551692304715833,5.35026540948854,5.46602862064419
Y54E5A.6,0.00516106711914007,2.58737482758871,5.35665622507189
Y54E5B.2,0.0000577392164750465,3.99207993573181,7.36464571800842
Y54F10AM.11,0.0000518132480727864,5.59221480618335,6.93040292879336
Y54G11A.17,0.00472825387857179,6.06686196326904,4.66087748232219
Y54G2A.11,0.015891488967187,2.95873150280089,5.97779190289004
Y54G2A.16,0.00270619738852701,2.76986131348765,5.67489189017301
Y54G2A.19,0.0000470779128436686,4.06829148600423,7.45662742737839
Y54G9A.7,0.0427583792940387,4.3260595111686,3.7328751553044
Y55B1AL.1,0.0119029631369678,2.65493006142848,5.47820551151668
Y55B1AR.2,0.0000196950908538875,4.43446435035718,7.88474790639236
Y55D5A.3,0.0476188452694944,5.21573163686184,-8.49176744325441
Y55F3AM.1,0.00000303143305732535,4.89941545368462,8.40587442959018
Y55F3AM.11,0.0054385083274157,2.9153568836758,5.91069314182901
Y55F3AM.13,0.0201492096328317,6.01373371154174,3.51161906913223
Y55F3BL.1,0.0253715443185185,2.5631536732451,5.31059515737256
Y55F3BL.4,0.00000972832958600164,4.53479990266276,7.99859625361864
Y55F3C.9,0.000583129499451037,3.78669412444245,7.11309052371224
Y56A3A.16,0.00368825351147032,2.61437014543492,5.40560520276435
Y56A3A.18,0.00032222355090153,3.35222838984827,6.54684383229191
Y56A3A.2,0.0301557442586598,2.37734883779884,4.94480690812224
Y56A3A.36,0.00102878211586536,2.94590747689631,5.9580958494502
Y56A3A.7,0.000330735927563811,3.37969259662812,6.58502884461334
Y57A10A.23,0.0000107239003488036,4.55116821033078,8.01734931549519
Y57A10A.3,0.000134773449182812,4.0417178261533,7.42482326795967
Y57A10C.11,0.0119182948048925,6.13537172766506,-8.86537674979546
Y57G11C.14,0.000141899476064764,3.87163620041442,7.21815497834764
Y57G11C.34,0.0140028367657251,4.91983107199996,3.90925910220938
Y57G11C.36,0.000005851759842875,4.46216949678618,7.91613625664794
Y58A7A.2,0.00417865334209661,2.94262227539332,5.9529357989575
Y58A7A.3,0.0369258388474081,2.6765057868106,3.98823572446687
Y59A8B.12,6.22935419721362e-8,6.3179961691631,9.91292768706233
Y59A8B.21,0.00434899075470307,3.68054485606189,6.26353555670764
Y59C2A.3,0.00463686500563808,2.51174408161291,5.21427215937179
Y5H2B.3,0.0000892794351805268,7.33670774154694,-8.29079090091304
Y60A3A.7,0.00000173959990320625,5.62372211276769,7.76915536583216
Y60A3A.8,0.00347746343505854,3.15173000113249,6.26745395243261
Y60A9.3,0.0482753596787467,3.31240044439286,4.57917990208123
Y61A9LA.1,6.14806897770268e-7,5.65544708909648,9.22017150647203
Y61A9LA.10,0.0000242517619467776,4.19568096502521,6.73329348782952
Y61A9LA.11,0.00000701723341722876,4.8249605794749,8.32351709152629
Y61A9LA.3,0.0000214314174820706,3.99751990103788,7.37131933287668
Y62E10A.14,2.09554422848062e-9,6.8711015098829,10.4823264686817
Y62E10A.17,0.0249030534996141,8.35495700801299,-1.62608557490698
Y62E10A.6,0.0176074950170934,5.8271187836433,4.39695069076273
Y65B4A.6,0.00367337425099545,3.00956545765516,6.05569993465635
Y66A7A.2,0.0341979044630258,4.92086677848281,3.75986266496651
Y66D12A.24,0.00882025297221517,2.69939996136339,5.55572228312725
Y66D12A.5,0.0000232919296876193,4.42635474256969,6.72529483095271
Y67D8A.2,1.14241473288511e-8,6.6742374515992,10.28038386181
Y67D8C.9,0.00586884302484795,2.78097324456522,5.6928764739719
Y67H2A.7,0.00467944771629811,3.87504603163832,4.29723826845244
Y69A2AR.32,0.00292322860595519,3.30632993159603,6.48463009798016
Y69H2.7,0.0000541702058597412,4.21891471559955,6.92711948480501
Y6B3B.5,0.00242155159601114,3.45367545151175,5.10110211234297
Y6D1A.1,0.0000365367279889075,4.67829139623409,5.7826214644995
Y71A12B.14,0.0263512232817809,2.59199580655844,5.36470546493342
Y71A12C.2,0.032830736058019,2.75594326731176,5.64955427503897
Y71F9AL.12,0.00187585580817776,3.8832179384742,5.21467774662993
Y71F9AR.4,0.0000540009376454812,3.70273678189031,7.00724063215942
Y71F9B.13,0.00285478246731035,3.49553626567466,6.73928873758246
Y71F9B.6,0.0290280502085143,2.31646883963642,4.81290855596188
Y71G12B.23,0.00000489950432587683,4.79881806984343,8.29464288785586
Y71H10B.1,0.00679904783298016,4.0472511029549,4.0846195865075
Y71H2AL.2,0.0434912462973294,2.95195064293537,5.96857028100552
Y71H2AM.17,0.000465180606885875,3.10679855887042,6.20087606973909
Y71H2AM.2,0.00486978898213172,2.94858638591194,5.962654501374
Y73C8B.3,0.000210948863220995,4.23341400371192,7.65147454857049
Y73E7A.2,0.000125859114831364,4.15852224201624,6.7274667827477
Y73F8A.24,0.00000715607644187113,4.48073390910314,7.93743068797851
Y75B12B.1,0.0123068780739498,2.72421391046654,5.59755113269791
Y75B8A.14,0.00000140412063033752,5.41843633121517,8.96833228914331
Y76A2B.4,2.59741979156316e-7,5.99646310977946,9.57856607269629
Y7A9D.1,0.000121097542605111,3.49062324607197,6.73339095820768
Y82E9BR.14,0.00486093809332631,6.60691857684969,4.57414917838845
Y82E9BR.19,0.00153066188953034,3.39817341928649,6.60945677838741
Y82E9BR.2,0.00756778817576737,2.77657097307081,5.6870940889568
Y87G2A.2,0.0211966825968098,2.51613897701026,5.22167657301205
Y92H12A.5,0.0116393482548305,3.04754120057477,6.1105433553531
Y92H12BL.1,0.000782893078188678,3.46670818173958,5.91704536060601
Y94H6A.12,0.000474139504238727,3.85513654548613,7.19758299654869
Y94H6A.5,0.0191352047484798,3.35839717703198,4.71231690731579
Y9C12A.1,0.0243133642833669,2.57819285866924,5.33879199058412
yars-1,0.00083765650667493,5.69964831553065,5.88636605583317
ZC13.1,0.0132729678721971,5.67409739880407,4.26964642545975
ZC204.14,0.0259800002758874,2.79072883788671,5.71181798909448
ZC21.10,0.000295223360232108,4.09554696165849,7.48889246082645
ZC250.2,0.0236842238344216,2.59007977907696,5.36421886663357
ZC395.5,0.0000302829973681404,3.9874152053551,7.35915244248114
ZC416.2,0.0138892900249715,2.59916904404104,5.37715356600618
ZC504.3,0.00000776050782833123,4.63151270738347,6.89038911022439
zim-3,0.00000170636470890576,5.70999705058171,8.40306324883043
ZK1058.3,0.00302395138783127,4.17681451060351,4.82539383688836
ZK1058.5,0.000404067228659642,4.26732162145829,5.21638602766431
ZK1098.3,0.000243817468423668,3.50390184438858,6.75021382658091
ZK1098.4,0.0000724028748207157,6.37778754494757,6.75254408759284
ZK1307.1,0.047815252313785,2.647604775071,3.80050809600143
ZK1320.11,0.00000111987933388339,5.23151568828449,8.76761963701708
ZK1320.7,0.00128950232501981,6.30444331185864,4.82349706186902
ZK154.4,0.0000238621178647572,4.50649506329233,7.96673709376764
ZK180.3,0.0452830157192651,4.45369710616556,3.94311165335616
ZK185.1,0.000128328634920505,3.55867120905171,6.82209738869458
ZK355.2,0.0133033811841423,3.9670828306585,4.12680268636401
ZK380.t2,0.00288596656700372,7.31895541685928,-4.55172246740083
ZK470.2,0.0000916168527175214,3.75306252562819,7.07107727838437
ZK512.1,0.00505001401735573,3.24224386695479,6.39552540219726
ZK512.16,0.0301366422733131,2.55864046905819,5.30372830991259
ZK616.2,0.0000292602790617465,4.04937252989229,7.43359551349715
ZK632.5,0.000548925817988546,5.26536567226211,5.74366102172972
ZK652.6,0.0277823978619334,7.84244815846714,-1.88000210672732
ZK673.6,0.00528714454051689,5.80232238143949,-8.3986345586995
ZK686.2,4.26753092039771e-7,6.06225982756243,8.89895875463623
ZK792.5,3.38579428644649e-7,6.44700965216924,8.25634890870898
ZK792.7,0.0349950329732781,2.44817895839344,5.08760841790607
ZK795.1,0.00310174686900368,2.908186175003,5.8989711275471
ZK809.10,0.0348651263630077,3.0537606669694,6.12080541297735
ZK856.10,1.44512020592864e-7,6.11110105117206,9.6981100721838
ZK856.7,0.0149513055092533,2.83067311964716,5.77667267727117
ZK858.7,4.49682910369668e-10,7.0317618376806,10.6466078206583
ZK896.9,0.00983057848785603,2.97690569333365,4.63637630770484
ZK970.t1,0.00771413326827939,3.28754783623567,6.45848742751008
ztf-11,0.00516734987968426,3.28582207503472,4.66358256003477
ztf-26,0.0487060357396038,3.11078234462079,6.20701891260661