aak-1,0.00776204551221361,5.17690909818441,6.25975486014308
abi-1,0.0157151981931576,5.55293190551354,4.70310517861865
acbp-1,0.0410076256659805,7.90482115629744,-1.42398100811975
acdh-1,0.0312167123467656,5.19907799448502,8.58056024388664
acl-11,0.0488164870221365,4.9873692739229,3.27752123627775
acl-6,0.0381278356813282,6.14896356952381,3.30128350399795
adm-2,0.0348863966941724,4.28360381810654,4.25881869888738
ajm-1,0.0151347695870547,3.85669558641424,7.04733963022295
aka-1,0.00333749809311981,6.77942390399427,3.53887300363305
aly-1,0.000566445117891488,8.52168225614375,-2.77699766873943
apl-1,0.0347830069348728,5.04128479713805,-8.41224486558288
aqp-2,0.0164045001340678,3.53154819885992,-6.64350907711828
ark-1,0.000450684891311396,4.69847788202755,8.03240484322675
arl-8,0.012905511491961,7.74213089112348,2.86118362179565
arrd-13,0.033542016597954,3.28868862838737,5.56780809807114
arx-5,0.0269085926374712,4.29261194977067,4.23677134885201
atg-3,0.00157154555677261,5.29637196052099,5.5711775469616
atgp-2,0.0274889413435287,5.33279316211623,-3.99331864476873
B0024.10,0.0401875338801476,5.96594468002167,3.45684888477286
B0024.13,6.12766490749727e-8,6.6769677489996,7.93824973457775
B0035.15,0.00414109433340184,6.12676788201927,4.52336683017619
B0238.15,0.0321543742952929,7.29760561756122,-3.10673932707304
B0273.3,0.0466502011929616,3.96919193302207,-3.61006929983927
B0281.5,0.00551442363098965,8.94682301734563,-2.02897563321227
B0303.14,0.0124054326878056,6.78350424292918,-2.91769793502015
B0348.2,0.0113614229036118,5.83493161062834,-9.2622619822329
B0361.8,0.0474501524004237,7.72434239435119,2.00523645652806
B0403.5,0.0396679721380894,4.35933678386753,-7.65298812560792
B0432.6,0.00494394677282937,5.18118252588797,-7.07071976024464
B0464.6,0.00548825078745463,7.51694225031206,2.4592939184415
B0563.1,7.7811660137799e-7,6.05849102531698,-9.49449671351098
bath-31,2.56266887507895e-8,6.8570519724291,-10.3189964530943
bath-8,0.0033801146034238,5.26100312646091,-8.65043601169178
bca-1,0.00149685317847876,4.63398944641413,7.95984416161698
bca-2,0.000837180112433717,5.538779567956,8.94679649343597
bcmo-2,0.0223076825400463,3.42976433153188,-5.49613681414199
bcs-1,0.000101177407533062,6.65010770313955,5.8523583686435
BE0003N10.1,0.0291118178020932,2.7205734897787,5.43470858901314
bed-3,0.00694804739532684,4.24807777844159,7.51765399246114
brc-2,0.00114507172493011,5.20887214443055,6.06330262025471
brd-1,0.042557629607817,6.15365388735245,2.60696885804362
bre-3,0.0290518739898023,4.5920655493944,7.91392453752457
btb-10,0.000999459806169726,6.95737992913459,-6.45187399777558
btb-12,0.0347026686378578,5.09113348559385,-7.40883071547027
btb-13,0.0000175278481656622,6.23512812931522,-9.67819099477141
btb-19,0.0404363978702057,4.16547674256664,6.40836478102084
btb-6,0.00020145377100166,8.04004307056144,-2.82016337412521
bus-17,0.00554003897734076,6.27192398561982,-9.71758524653252
C01A2.2,0.0169967168978607,4.96491302764028,8.3273443542471
C01A2.3,0.000542681217259506,4.6651153275324,7.99479031519668
C01G10.9,0.0145936902512479,4.13147407752801,7.37871587348098
C01G8.1,0.0358681002834676,8.64097318460574,1.72353904872041
C02B10.5,0.0455923167408547,4.41854171064439,4.53375647472514
C03B1.1,0.0279813760201819,5.20400122186696,-8.58886189639446
C03H5.2,0.000684748758118803,5.39928214795253,6.35662651502285
C04B4.2,0.0121400314725697,7.19993818810047,2.97072241671032
C04F5.9,0.0106450273523272,5.51064004103221,4.91259164059038
C05D10.4,0.0206610813542125,4.13555012027161,6.74007620093344
C05D11.5,0.043970342582562,4.29420167899651,7.57162146009049
C05D12.4,0.0000565876936972232,6.36539504835184,-8.60332677204043
C05D12.5,0.0189561535530418,7.85767255841882,-2.74889536663884
C06A5.2,0.0452849658637944,4.04312802303467,7.27398286882546
C06A5.3,0.000129003300405213,5.40839854860588,6.64244229513349
C06C3.7,7.76924477494995e-8,7.66897950821699,-11.145756857907
C06C3.8,0.0348870226203401,5.04525660253034,-8.41681242530597
C07A9.2,0.0445981039996428,8.76635762032502,-1.14989436867739
C08B11.8,0.0000999376860197876,6.17126475435116,6.12453500692102
C08F1.10,0.0272742699246091,4.74456791853596,-8.0866789383247
C08F1.6,0.00000206168434591058,6.66198137409664,-10.1188283777836
C08H9.2,0.0139134559188427,6.73000812673655,2.3406995934333
C09G5.8,0.000291682552159527,6.36100577295082,-9.80933317794119
C09H10.10,0.0215787044635303,4.39109495227735,4.5568224023031
C10B5.1,0.00475732078360705,5.32364871311929,4.78525269535383
C13B4.1,0.00700366041822358,3.60779098919254,6.7321192758414
C13F10.1,0.0274757492001824,4.57704864761001,-7.89841893797286
C14A11.9,0.0018520712518131,5.80062041081816,6.80379251656398
C14A4.3,0.00760456612548253,4.44219087862247,6.75249474230701
C14C10.2,0.00457384389938601,4.58774895200612,6.89410460002387
C14C10.4,0.0169482409442979,4.12943180263097,6.43471128946883
C14C11.2,0.0334742525878077,3.43140282284934,4.6849434463318
C16A11.10,0.0440908591359555,2.81577692920897,5.59664834959734
C16A3.2,0.028283873154878,4.07112238441608,5.29623764290288
C16C4.17,0.000618948731123125,5.36433064423767,-8.76176533889879
C16C8.20,0.000974962909123583,5.1954202219064,8.57785879628081
C16D6.2,0.0486729263216042,4.79130709618004,-8.13755552685529
C17D12.1,0.000573908611651128,5.22833606359253,8.61426406942059
C17E4.2,0.000416684314474053,5.6623059970169,-9.07856292438169
C17E4.6,0.0460928835919334,7.84644238223305,-1.44393868997914
C17G1.7,0.00129569275490927,5.55156192282048,-8.9611626325294
C17H11.2,0.00117786475173487,5.74690596041351,5.72442676096317
C18B12.6,0.00212074917615522,4.68557200471786,7.44534638417611
C18D11.3,0.00469391646310061,4.50884119884968,7.81910462739392
C23G10.7,0.032873736807269,5.52814322418962,3.78145332296882
C24D10.4,0.00127868984752835,5.87316971334322,5.0703434928674
C24D10.6,0.000951727615050955,6.27442309266436,4.25122823138047
C25H3.4,0.00933630450864207,7.01936323532412,2.51730456216076
C27A12.6,0.0246866304943896,8.7729006507594,-1.41483880896449
C27D6.4,0.000276299395553577,6.39885769180773,5.42004429246123
C27D9.1,0.00702465929769566,4.19026684127665,6.84062847351463
C28D4.7,0.0425782200855967,4.8821011632106,-8.23770176073562
C29H12.5,0.00545875163468696,3.80556175502687,6.98450284366866
C31C9.2,0.0328680350076452,7.20043669296231,-1.80094854385088
C32D5.3,0.00617817593556424,5.1520717136827,4.7096140638915
C33A12.12,0.0258071649760088,4.55548312112137,-5.62212099483837
C33C12.8,0.0451525103154825,4.84478572478939,-8.19650738905109
C33G3.4,0.0157687600810282,4.25477560364553,-6.84799733508547
C34C12.8,0.0133702046366915,6.9457189281035,2.9400371005106
C34D4.13,0.0397005850644395,7.46147776138276,2.06731299815595
C34E10.11,0.0427055039589819,5.65640246660594,3.27659289257322
C34F6.7,0.0154971088241037,3.68854601340175,6.83754171751756
C35D10.10,0.00222628059261022,6.96924510584945,4.28876640412356
C35D6.4,0.000811549823019364,7.9507079754423,-3.88880924586386
C35E7.11,0.00000107532932322595,6.70460533476991,-9.40386147034575
C35E7.3,0.00203036742058165,5.1901810602916,-8.57607430413358
C35E7.5,0.00143350330981953,8.10289326400221,-2.28839737987484
C35E7.9,0.00113428924456203,7.28092830120994,-10.7522550150286
C36A4.4,0.0475222619149014,5.5951046209729,3.50504755685907
C36B1.11,0.000858552879547997,7.2898917695572,4.08196826962392
C36B1.14,0.0326096221884591,8.73331145139671,-1.38013501410899
C36E6.2,0.0274042010783796,3.83663529098664,7.02348190315625
C36F7.2,0.00342951524361394,5.83878231039308,4.77740975152379
C37H5.2,0.0281808798580645,4.48608662579069,7.10557980327876
C37H5.3,0.000173414162129706,6.3373668955043,5.94732052950672
C38D9.8,0.00109655850588527,7.72253375607365,-4.7593511056493
C40A11.7,0.00886266256311893,4.66392230995707,-7.99462063049141
C41C4.1,0.00728479209242354,4.0954134450023,7.3368141419017
C43D7.10,0.044122211521364,4.85399583803815,-8.20518208471431
C43D7.4,0.0196716552840108,5.50133668023853,-8.91017487841135
C44E4.4,0.0343128079446515,8.69178839574975,-1.12589307708152
C46C2.7,0.0260522108447988,5.16477403631573,3.95027834027391
C46F11.6,0.0470691357419132,4.11912408693448,5.91123195157281
C46H3.2,0.0345387831854331,3.95248536286913,7.16690626946612
C47D12.4,0.0483503709991114,5.32404469240985,-5.21546023640011
C47E12.3,0.044494911791117,4.94196436886181,3.99809872606585
C48A7.2,0.0499560523272951,7.16264773235399,2.84733336303965
C48B4.8,0.0140006169845137,4.40371073142482,7.69809218684153
C48B4.9,0.00220302108700362,5.92661047063624,4.58145733357532
C48D1.1,0.000247816246743521,7.14118511169114,-10.6092504181789
C49C3.5,0.0482497387676945,3.54952324708572,6.65622534442047
C50E3.13,0.0325009473588513,8.49629426359175,-1.29254744332221
C50F4.6,0.0121383966921212,9.36567324021821,-1.29412793493922
C50F7.1,0.0385273437369117,4.37897004660406,-7.67502774272572
C50F7.9,0.0479894533412128,4.79509852482222,-8.13991165906666
C52E12.4,0.0240116234838677,3.61434624380127,5.42879760398685
C53A3.1,0.0428213238996371,4.25228424817684,-7.52532762632752
C53A5.16,0.00035280818809971,5.38459442489155,8.78197544443825
C53D5.1,0.0327803505224788,5.94007143367852,3.18372251269866
C53H9.2,0.0171204216130409,4.6332457059973,7.95886666200961
C54D10.10,0.0356596205397824,4.45605250916256,-7.76414153055277
C54G4.7,0.00175663284435437,6.78327704718941,4.15037487760199
C56C10.9,0.00775521747653221,5.8257871974694,4.75952324909088
cal-5,0.0257085471862877,4.4193736218974,7.71602551754838
cand-1,0.048466590897106,5.5562459174309,-2.5830925841091
CC8.2,0.0258110295713933,3.55605764772041,5.1625893402454
ccch-2,0.00000107318517941125,8.35715961565921,-3.05486430338286
cct-8,0.0231013895430033,3.29136959551906,5.4571525278762
ccz-1,0.0418449127034654,5.77704220768067,3.43742505207024
CD4.1,0.00030583416470884,7.44248279577353,-10.9164404974979
cdr-4,0.0372241673963383,3.8318742608479,7.01663916110922
ceh-43,0.0017565309808177,5.05721401145712,8.42721381847943
cey-3,0.000433560651799642,8.3686651876861,3.13450280885443
chc-1,0.00335929796157395,5.27652473527276,4.79508183525065
cht-1,0.0157934570701478,6.74873548746984,-3.77766995147413
cids-2,0.0299655084508658,6.84082620855143,2.71608335637932
cir-1,0.0122938502311866,8.60585740516217,-1.57065192789348
cka-1,0.00000141012586763093,6.39765636364793,7.36769263251438
cki-2,0.0295605885577711,6.26272698853179,3.83267516002742
clec-157,0.0405306363432027,4.93863073513488,-8.30100628517657
clk-2,0.0405972123782601,3.6466702025953,6.43396852347102
cln-3.2,0.0224357959034308,4.9591740368958,4.47163908172722
clpf-1,0.0450794655458851,4.2523789413921,5.22017817119927
cls-3,0.019175967427892,4.6348227882946,4.57356630935143
cnd-1,0.00142339995854182,6.96598116009528,-8.35196953662726
cogc-6,0.00059572403513556,5.51449701559383,6.04438571002873
col-132,0.02611141537702,4.94540266861444,-8.31104391206343
coq-1,0.0000438431679725707,5.54545843185125,8.95353965285187
coq-2,0.00000403681163254722,6.61602830475026,7.05892368069726
coq-6,0.0179719188042446,5.79006506420404,3.39821005302841
coq-8,0.0333099389075521,4.03320116703109,5.10722743367623
cpg-2,0.0271539161579245,5.58650661162661,4.26915073922332
cpn-1,0.00000874189821974318,6.28366120914399,5.85630447115506
crn-4,0.00342941474101147,5.43210827600992,4.70011677508647
csnk-1,0.0127913485354777,6.6471312037192,3.94916000430963
ctns-1,0.0000296948564320967,5.6504906648407,7.76845093973631
cyl-1,0.0424035468429987,7.99727462386304,-1.32510499974928
cyn-1,0.00363013178925715,5.09261736481568,7.37681367914951
D1007.15,0.0138631406955592,3.73835444904691,6.39123676584524
D1014.4,0.0167002355004106,8.59727000447361,-1.77800179443159
D1081.6,0.0106080229232331,8.4402602017035,-1.55512418973742
D2023.4,0.0422863439188283,4.79040983135451,4.99191545566837
dab-1,0.0370820829081028,6.74347501918862,2.70478966213752
daf-5,0.0371023999558126,4.79814067515226,3.68967559197302
dap-3,0.00343636261225903,4.45135965370452,5.77518666144414
dars-2,0.0152086209780589,4.62723550075809,5.78860341652876
daz-1,0.0138231097092178,6.61983848911697,3.53253805796018
DC2.8,0.00963535897571421,4.12980201355877,7.37755579299401
dcaf-1,0.00760463185904195,3.79277361397087,5.99827461712725
dct-1,0.00163598347751339,5.72919327665582,5.6432997283352
dct-13,0.000788175732244368,8.65437078141777,-2.98631099419748
ddo-2,0.00490866117351548,6.31568679228608,-9.76156973060517
ddp-1,0.0426408912367756,7.09723351682683,-1.92883015750352
dep-1,0.00517314917512754,4.90629091366261,8.26280048493724
dhs-24,0.0342003404661277,4.76753347564349,-7.03985864429762
dhs-8,0.0341725253550111,4.52080892700766,-7.83502055795435
die-1,0.00639670123537405,7.23614709499499,-2.39289841656066
dnc-5,0.017257603920401,7.02147299030361,-2.50399689826128
dnj-18,0.000434797732372032,4.78767551115857,6.60898324536315
dnj-28,0.0000819692253654232,5.40571279767264,8.80456232226086
dnj-3,0.0103949320894831,4.28642430351474,7.56240786907981
dod-6,0.0268950389625778,4.80872803076404,-8.15662883704782
dph-3,0.0402294476492002,5.45690516653042,-6.04207909622352
dpm-1,0.0347540082035842,6.64147437424039,3.606803084031
E01G4.5,0.0297307174593471,7.86814626927048,-2.57183018832853
E01G4.7,0.00000241760143300497,7.10475886825676,-9.00645933113578
E02H1.2,0.00200061352967535,5.35504345787059,5.44643109028248
ech-4,0.00446469407612145,5.72987536599042,3.91710741008024
EEED8.12,0.0000126394739930167,7.11135609101251,-4.62510384487804
EEED8.16,0.0000377831165773568,5.47038871860956,8.34726391395339
EEED8.4,0.0000403564500338211,7.55830710295006,-4.30231479111701
efl-1,0.0139647116297802,8.28291278160694,-1.5835775258386
egl-9,0.0104236766673193,4.58051800594896,6.39686099348362
egrh-1,0.0297234718866609,7.16799665975668,-1.939647357032
emb-8,0.0000115309561901747,5.64069736828739,8.48385778867839
enol-1,0.0278402105200858,8.25181123868007,2.28227294364816
eor-2,0.0107258002355171,6.25351663658474,2.87723444105808
epg-2,0.00263289085915734,6.18080341053278,-4.47115413728282
erp-1,0.000892504697903725,5.30347059588457,5.99048015193158
evl-20,0.00132436567172266,6.02956994666394,5.60590020860787
F01F1.3,0.00439212389438387,4.72178400232958,7.02605128164052
F01G4.3,0.0185759509641022,5.63788946497674,3.79405095285018
F02D10.6,0.0406951371048859,3.82062747408768,7.00251617381752
F02E9.7,0.000189636918959296,4.91353887527771,7.50055431625553
F07A11.2,0.0364362336015989,3.81751679948777,5.27507607236449
F09E5.7,0.0334692633647235,4.54207446311096,4.25495448189062
F09F7.7,0.0226694647861559,6.44286305109508,-5.82393752421087
F09G8.3,0.00790335914838175,4.89130085435474,5.85835815378497
F10E7.1,0.0205999954821477,4.16246491420732,-7.42023373131385
F10E9.17,0.0262324600486377,5.24685889108475,-8.63397127111254
F10G2.4,0.0148143406423179,8.81500021074669,-1.88244576979832
F10G8.9,0.0109491730330692,4.6479278180395,5.84544062958287
F12E12.1,0.0000666494338864368,8.59437120769812,-2.66788739335573
F12E12.2,0.0386921856427687,4.32420148861781,-7.60934799292623
F13E6.3,0.000222456222952486,5.28518888503806,6.370782502283
F14B6.3,0.025246916022054,7.42773829038724,-1.98200563418322
F14D2.2,0.0352675341292041,4.6518751784324,-7.98618692623358
F15B10.3,0.00000151599089018866,7.85741095442956,-5.00401573511478
F17A2.13,0.0101952745866373,7.74790129134278,-2.58002855143571
F17A9.5,0.0197880415463427,5.45860408043152,-8.8622624917025
F17C11.7,0.00836305980923886,6.07872403162265,4.18629656855298
F17H10.1,0.017342600805639,3.9102004036922,6.01268536695092
F18A11.6,0.0199966426231956,3.36728132843234,5.71590549653648
F18F11.5,0.0116520167411899,4.33670582219056,6.94293994455742
F18H3.1,0.00848301322035319,5.74994174774262,4.22768644443246
F21D9.5,0.02448807553247,5.18617506236967,-4.89334069801567
F21G4.6,0.0322775966611322,3.03875062576477,5.22076628736085
F22D6.8,0.00976229075649557,3.8274446770245,7.00851670883669
F22E5.17,0.0478475427262052,6.64191105102349,3.52759974689796
F22E5.20,0.0234746985558191,6.6436051973394,-4.67976131041959
F23A7.4,0.0172530906803593,8.89380760180559,-1.5696675499482
F23A7.8,0.0234380952903785,11.1273894022142,-1.26993438307562
F23H11.2,0.00925210456968782,4.59834471395173,5.6621087485778
F25B4.1,0.00462852336812619,4.59993596668462,7.28963940044044
F25B5.3,0.0278427617566083,7.69785704477885,2.25675716006258
F25B5.5,0.0330649376447194,4.16570090866602,7.41844133621862
F25G6.8,0.00022409477265841,5.29822536090163,6.73199388585455
F25H2.7,0.0344561638935054,4.23787715477253,6.22682491232594
F25H9.2,0.0273153197682246,5.80023482808356,3.82942688519809
F26B1.2,0.00000639405374205479,6.36667347168019,6.87593552691712
F26F4.9,0.0296478686866181,7.31861652497165,2.62474328159811
F26H9.4,0.000111062845171112,5.01086090605817,8.37733434826061
F27B3.6,0.000722090057644143,7.81664173268003,-5.67719442440003
F28C10.3,0.0304554569512468,6.26472121072174,2.74246872335464
F28C6.1,0.000659290410399812,4.83757130985348,-8.18853755647764
F28D9.4,0.0490217608154011,4.20001436433339,7.46208565540551
F28H1.1,0.00591417760722235,7.79072066709924,-3.28493504104951
F29B9.11,0.0347383313064063,8.89106490555116,-1.35889065391916
F30B5.4,0.000113612592368898,4.92860558114942,8.28736994773459
F30F8.10,0.0247330912612614,4.50962245771537,6.21684872030174
F30F8.9,0.00913685893381469,3.99895181906871,7.22086816214146
F31F6.2,0.000200729723787147,5.04224502873767,8.41202499597083
F32B6.2,0.0374012065433833,5.35288916634247,3.07207697922077
F32D1.2,0.030067655769635,8.27471979035727,-1.47571799059622
F32D8.12,0.0143193002804782,3.89666596912825,7.09763710424046
F33H2.2,8.56409456386171e-7,5.97051002432627,8.94276485084952
F35E2.8,0.0301339022102219,4.82798490970147,-8.17912282852028
F35G2.2,0.00353077301378503,6.73529598599293,3.98610178482097
F35H10.6,0.0434566997019382,8.0331659178933,-1.72214368904493
F35H10.7,0.024953597700932,5.52376372459936,4.51066585294513
F36D4.2,0.017427031185954,3.95136355991481,7.16463333482398
F36H5.8,0.000579163807767586,6.00593359029974,-9.43953934689964
F37A4.1,0.0217960107633499,6.09017048470163,3.32112406442719
F38A5.7,0.00201904528864026,7.65956332725905,-4.60107421787026
F38C2.7,0.00234428545959048,7.13487553397589,-3.25993211948237
F39B2.7,0.00193867247409023,4.35821813988421,7.64504848447145
F39E9.16,0.000199220999218823,7.05957234120185,-10.5258238248818
F39E9.20,0.0217148154596114,4.71131467008601,-8.04757651650487
F39E9.21,0.0123599096345602,5.0844020616658,-8.45841173301271
F39E9.7,0.0322252285784858,4.4529195915067,-7.75561713374068
F39F10.4,0.00321185811464702,8.41083949283532,-5.30537957319671
F40G9.12,0.00000376909225902252,7.78295970091272,-11.2612285199516
F40G9.18,0.0374099046503716,6.50800275852716,-3.88816303005545
F40G9.20,0.000189308423765437,7.09452641175707,-10.5617010955276
F40G9.9,0.013630231629638,6.60910259826724,-4.83623627921085
F41B4.3,0.023469240774976,3.62332274683069,6.75194025934489
F42A9.6,0.00148984344319858,6.04531797844813,5.42122390486196
F43A11.8,0.0264080451633424,4.66524360095639,7.9932085346738
F43G9.3,0.0356521883477268,3.09919278637774,6.03505600959425
F43H9.3,0.00000579549054898186,5.8465944929981,9.27173032567844
F44E5.1,0.045787865721818,8.1735411703387,-1.29217041573119
F44F1.4,0.00350633875497429,7.51653215586194,-3.99106884068459
F44F1.5,0.0333673409230557,6.53178033586211,-4.37384467951513
F45D3.1,0.00212492430705204,7.5804601602394,-2.77449341600184
F46C5.9,0.00467022625100673,7.43260226640184,2.9753360151143
F46F11.10,0.00944066821602564,4.66064302721303,7.99070810109124
F46F2.1,0.00856065868716751,4.35680818490575,-7.64717075148313
F48A11.7,0.0323674935893223,5.10308670002813,-8.47952754903195
F48B9.8,0.0140490031560479,4.55947076471855,7.87371050334167
F48E8.6,0.0143420397647843,6.15551420729421,4.1778084764206
F49B2.7,0.0171121451659903,5.19344582677364,-8.57747838213025
F49E12.6,0.00508210176342734,5.47124354847625,5.05548577495983
F49E7.2,0.0103340889188261,5.86085168206614,-9.28760292187513
F49E8.6,0.00589467356302067,4.86401587026172,8.21692642163678
F52C9.3,0.0241257093976313,4.18733575407228,7.4444280673084
F52G3.4,0.028228529266923,4.56662723251051,-3.3164195687653
F53B1.8,0.0460760480619213,3.6298657223781,6.76028766992429
F53C3.11,0.0222447527001651,4.73788877244256,-8.07663251466924
F54A3.6,0.00252225439689696,4.31064462873812,6.90634034559851
F54C4.4,0.0142918434519886,8.5266370188222,-1.55260304915155
F54D11.4,0.0337055127476314,3.90665919906867,5.82455836975504
F54D5.2,0.0438082668026392,4.33609596875333,5.18615451892213
F54D7.7,0.016887713437192,9.52148880601028,-1.71879796585586
F55A11.4,0.0449121865829196,6.33935220644205,2.33187219635768
F55A11.7,1.62478486366839e-7,6.08295567645177,9.51899267785385
F55A3.2,0.00608758182174999,5.02176936091395,6.41078380210788
F55C5.10,0.0415986271869888,4.90055910058716,-8.25658283057571
F55C9.14,2.23332980940531e-7,7.61828724051901,-11.0944434442553
F55G7.2,0.00836889166589946,5.01120654513592,-8.3786116785671
F55H12.2,0.0177097059869403,4.43248237515612,-7.73627850768454
F56A11.5,0.0000949571769312137,6.05489519125619,8.59149668004487
F56A8.8,0.0000240011236682882,8.95185301101324,-4.501592658156
F56A8.9,0.0173669179365342,4.05055838379473,5.31153264173131
F56C9.11,0.0124763450509637,4.31900572433995,7.6016795473599
F56C9.12,0.000251468694567241,7.23190439093965,-10.7016872078308
F56D5.5,0.00000997766419241663,9.06395837299632,-3.19608140593993
F56F4.8,2.65103092975913e-10,8.50080084090828,-7.71446785181784
F56H1.6,0.0440200377398211,7.95136201480467,-1.29393083195823
F56H6.2,0.0257113157129416,6.7923430918225,-6.15794947240379
F57C9.1,0.000902213170513896,4.63408355172406,7.07845539533596
F57G9.3,2.63786360742373e-7,7.15356768472214,-10.6219266356576
F58A6.5,0.0310447835225457,5.18290132953403,-8.56927468563579
F58D5.9,0.00781014527143655,4.6163846670824,7.93814610989917
F59A3.12,0.000479591756234511,5.61862441268444,7.5404519530775
F59C12.4,0.00262513020983069,9.11948506783286,-2.52143153348632
F59C6.10,0.00109099829839313,5.59575697312425,-9.00820154232273
F59C6.15,0.0333390430870964,4.50879920114241,7.81695387579724
F59D12.5,0.0282680829314879,6.06458730177637,3.18266819244546
F59E10.3,0.0338913804754855,8.69618560266894,-1.39275532597072
fars-1,0.0382904259783852,7.12145830094117,2.96046535821199
fbf-1,0.00291898658635081,4.69283074472754,5.53542439208088
fbxa-103,0.0164572550015473,5.03178558082912,-8.40502338472561
fbxa-104,0.00648441526909199,4.92448212640158,-8.28478032621584
fbxa-107,0.0337435697636786,5.56652475532294,4.65702231038381
fbxa-175,0.0211203038811884,4.96620633641508,8.32678594603758
fbxa-184,0.00634578156551031,5.46076599154051,-8.86428349962973
fbxa-206,0.00193370338592073,6.54581341704653,3.86362096901031
fbxa-65,0.0229533372814905,6.24198753429341,3.5568076261625
fbxb-1,0.019283117542034,4.83166890224622,-8.18258561219475
fbxb-102,0.0269046845034633,5.2296808626983,-8.6167909732863
fbxb-103,5.18821509359064e-7,6.32832634614197,-9.77476822016925
fbxb-105,0.0192757183897248,5.10983570984951,-8.48782608470998
fbxb-106,0.0225650360867631,5.35784217919051,-8.75456263713944
fbxb-116,0.00719901574682796,6.06685353719484,-9.50305188459955
fbxb-118,0.00801150632319608,6.40652866793024,-4.67344761452052
fbxb-12,0.0000280623142450261,6.2983310186011,-9.74357294741872
fbxb-13,0.0370802627174274,4.61165390478934,-7.93782053924976
fbxb-15,0.0129277445706981,7.03650226250386,-3.5356429821073
fbxb-2,0.00916437968322888,5.11682223000942,-8.49545961345505
fbxb-20,5.12578591559107e-13,7.90239364519668,-11.3821209481151
fbxb-24,0.0380767350510558,7.15776582159209,-3.50044901547597
fbxb-26,0.0351139424999532,4.203958651043,-7.46811302768372
fbxb-27,0.000685461970559994,5.86132614800192,-9.28801034930352
fbxb-3,0.0047930961726548,4.55230431865879,-7.87051179725701
fbxb-31,0.00710332575464106,7.49804024084659,-4.22673367651645
fbxb-33,0.0000674184241092456,7.22107197238973,-10.6907070626215
fbxb-37,0.00899815687578471,4.72234420575679,-8.06218855323562
fbxb-40,0.00259683278098458,5.54772813517941,-8.95770830891793
fbxb-41,0.0000126532763962177,6.55441996472843,-10.0081397712642
fbxb-42,0.0150891755334811,5.28634113430324,-5.77293099478397
fbxb-47,0.0000201969825205329,6.32965035682579,-9.77591945400915
fbxb-49,0.0303565089810315,3.87648982003406,-7.07592941684475
fbxb-5,0.00959108471961465,5.26872568058085,-8.65918910840994
fbxb-54,0.00000162535205337698,6.38180018859244,-8.99739589085433
fbxb-57,0.00000933928075161273,6.67539951359076,-10.1325542299219
fbxb-61,0.00307929150206481,5.86132106497253,-8.41348787707769
fbxb-62,0.0000297494115005489,5.73499210380121,-9.15507560984157
fbxb-63,9.58633949614311e-7,6.98931133240762,-10.4542044459411
fbxb-66,0.00000676994064400235,7.24914680913944,-7.80834314760086
fbxb-67,0.00564104620767494,4.92043563231992,-6.97807040688849
fbxb-68,0.0000132524342719117,7.32745313635186,-10.798950848412
fbxb-74,0.00401965540035067,4.99992977084377,-8.3667823965713
fbxb-75,0.0152617319224846,5.20310482806,-8.58679868452351
fbxb-80,0.00051664582901985,6.05792317890226,-9.49377546437402
fbxb-81,0.00121688928032517,5.09488426023583,-8.47011328815297
fbxb-82,0.00121415959887114,4.72590481920615,-8.06564166182707
fbxb-83,0.0000961672259923724,6.3260588266979,-9.77237953233782
fbxb-84,8.74531426162004e-7,6.44908676197475,-9.89956683990506
fbxb-85,0.0288583003614673,7.99022359475061,-2.84600370368096
fbxb-86,0.00161957475846481,7.46146770926304,-6.29470451494566
fbxb-92,0.00000716140445301922,8.14592806000172,-7.24617366397529
fbxb-93,0.00538791112377086,4.84877485690661,-7.37166013786246
fbxb-95,0.0115751284195567,4.12566064406791,-7.37511496591413
fbxb-98,0.0369645972626104,3.92658608069877,-7.13748837309212
fbxc-14,0.048657315432231,4.19943381963225,-6.7214266102021
fbxc-21,0.00363133129979164,5.72361583973722,-9.14319374461059
fbxc-22,0.0284057012852043,5.19452161745058,-8.57861810919507
fbxc-28,0.0475902745188447,5.95201237084449,-3.88008141999683
fbxc-31,0.0000617936841680167,6.83916645989641,-9.37859637041432
fbxc-32,0.0457110538060024,6.75142391247102,-2.32399384662643
fbxc-37,0.0308543250590385,4.5068916160704,-7.81842835794144
fbxc-42,0.0176982091293367,4.41779311994486,7.71372897169601
fbxc-54,0.016920513489679,4.94934012729783,8.31042865185342
fce-1,0.0409436783278926,2.91294308131742,5.75012117167102
fkb-5,0.0166245979294198,4.41252026034059,5.45545688939241
fkh-4,0.0242298138275988,6.2136644355922,-2.36902036552514
fkh-5,0.000101815765370283,5.90290564785093,-9.33196916862922
fkh-7,0.0334530770671118,8.27895095396144,-2.4029830423126
flap-1,0.00722747296370577,5.70107397706522,5.05015287587379
fmo-5,0.0456119459053871,4.63360371614866,-6.65777538132015
frm-10,0.0183670479309627,5.80794421185192,4.32872943182871
fzr-1,0.00552336228624029,5.377403756479,5.16103563209672
gcl-1,0.0343211086062361,4.40407277498998,-7.69925983076496
gln-5,0.00332505040108791,4.94325794438699,6.56205573429583
glo-4,0.0117227034277196,4.04750866344059,5.28447317274317
glrx-22,0.0168879334094999,8.74159890076908,-1.83811528044761
gly-11,0.0354749269063642,4.16955077364278,4.79552504896819
gly-3,0.0384579859007187,4.65039094846723,4.37854775343342
grl-27,0.00676780950715043,6.10060996129028,-9.53822632272273
gst-1,0.0136899875080109,7.19799659935992,2.91746072062431
gst-5,0.00213450809244116,5.62492360007465,6.13437365960704
H02I12.5,0.000175307799647081,5.17223529652649,7.45056136918914
H03A11.1,0.0496640023096771,3.58438484414043,5.76119625372077
H04D03.4,0.0193611885863673,5.65245592606818,-4.92364948232313
H14A12.3,0.0249185890399094,7.95273679726163,2.36601423152259
H20J04.9,0.009785941227137,4.16627051895662,7.42118268319936
H37A05.4,0.000711851362048767,6.60261798845668,-4.89655800617716
haf-2,0.00811350822804547,4.41780873517916,6.88775600672921
hap-1,0.0156689678592334,4.23888704538973,5.74603633357749
hid-1,0.0342806560502796,3.64008477756219,5.03267726825577
hil-3,0.00947218698782822,5.05911103147812,-8.43273326605905
his-24,0.00193518639416619,5.43564654523161,-8.83788365873857
hke-4.1,0.0370736199169386,5.78314331298865,3.5601781200598
hmg-11,0.00290413234489517,6.46757510977498,-4.19679709849813
hmp-1,0.0419035314250272,5.10401150602508,3.4502946170699
hrdl-1,0.0367867244853928,8.42642583761888,1.69466077321292
hrp-2,0.045223338672389,10.1002460938444,-1.1808981703167
hsb-1,0.0350037732357728,8.9806865501631,-1.29882119067751
hsp-4,0.0443901716168201,7.35576600923387,2.3347402271149
hsp-6,0.00830256028462942,4.7090642178196,5.09672380656313
hus-1,0.0272548726768406,5.72025463960342,3.42920865896646
iars-2,0.0158286124094525,8.34242230376182,2.2996728915606
idh-1,0.0216331788925757,7.08226130382847,2.89435254158868
idi-1,0.00675703793652102,6.6554396832351,3.83962063965791
ife-2,0.0407483900148306,7.11688712947773,-1.92041551469253
ife-5,0.0122875067044488,5.9217200617482,-7.57041363304676
ifg-1,0.00431249910462097,7.39574710255483,-2.35244489117867
ima-2,0.0095337365320729,7.80799602144766,2.08869174252215
inx-14,0.00928657944544288,6.71623643962583,4.10723362629606
inx-9,0.0190136638502149,4.50895859496553,-7.81959641339718
jamp-1,0.00180749801998449,6.52380014557287,5.18127362784786
JC8.5,0.0050440351612375,5.735546144209,6.00651585456083
K01G5.8,0.0225625679022449,8.1507873908384,-1.38285975291005
K02B7.3,0.0170338918715522,5.16506087128881,-4.62340756912212
K02E7.12,0.00396918410474742,6.80126147230631,-6.70136922964436
K04C2.7,0.0175317127342893,4.47761650902536,7.78034118166134
K04G2.10,0.000554688925041491,8.49036820410911,-1.93257825652219
K05C4.2,0.000246423401346757,5.17200139187258,7.47935146803779
K05F1.5,0.0445136400585655,4.22152481680996,-7.48982333926935
K05F6.4,0.00000519372963484038,7.09461575613543,-5.54931817428337
K07A12.2,0.0131144059312803,5.28909084401181,3.6693966667591
K07A12.7,0.0226551190093148,4.15212775632109,7.40476541659118
K07C5.2,0.0429270909660171,5.54649292315512,4.46043336337513
K08E3.4,0.0488898325714317,5.53644996192507,3.31356704617621
K08H2.2,2.96184268923189e-9,7.69270359735984,-7.61827540360076
K08H2.4,0.00963017303534303,6.77959043851381,-3.70957674066257
K09C4.10,0.0191561723972057,3.74434952954212,5.26879115550312
K12H4.2,0.0228513346474166,5.53554788755767,3.71454412212942
kars-1,0.011131827513996,8.18816321432522,1.66571182971236
kin-34,3.62488075299958e-7,7.69372415990685,-7.04976567598223
klp-12,0.0424665178311349,8.22612492701645,1.83764395290607
lec-1,0.00179062395850386,5.94014766403459,5.02552483318
lpd-2,0.0000790660170024549,5.62294953388707,7.5153609498192
lpd-7,0.0434929592330335,7.91340479273796,-1.26610532736561
lst-4,0.015907677344392,6.19594868343069,3.7025885006422
lsy-27,0.00365022813006632,8.00570279250325,-2.17228624267914
M01B2.10,0.0382832405554605,3.573410777233,6.6911855211408
M01D7.9,0.0278012010292608,6.46257395966447,-5.68305117908198
M01F1.8,0.0119611750462778,4.22952736993502,6.5573575343246
M02B1.2,0.0332168739014732,4.08028144117707,7.31891825897369
M02B7.4,0.0368283497665765,3.48356249309707,6.57278007565543
M02D8.3,0.0178917421087766,6.4269212616481,-2.53056452552739
M03B6.3,0.0156564166647377,5.7649945621033,-4.46036340108799
M117.7,0.00872816398716581,6.31651839408212,-6.0417336346456
M151.1,0.0193165047507421,4.70301833449215,-8.04021563370106
M162.6,0.0298108997445251,5.1675105192079,-8.54961591839142
M176.15,0.0432520943852848,4.87805365742811,-8.23350429979658
M18.8,0.000177334131489122,6.63009820605907,4.63902250863789
M199.2,0.0464891988479763,6.37068483518507,-2.06396818573553
mai-2,0.0266610912497443,8.42055230398403,-1.38840283782249
map-1,0.0112227756152188,7.42942180439424,-2.63547112866349
mbd-2,0.0330666391895998,8.55796396476238,-1.23061203677655
mboa-2,0.0000792640075236532,5.1844888511606,8.56626490310382
mdh-1,0.0264104083692549,4.51064497796284,6.94733793011636
mdh-2,0.0266024134183961,7.09713599694893,2.85552419737688
mex-5,0.00864037971278414,8.99722476537175,2.27371953659319
mig-22,0.00637303445416464,6.40230068313364,4.06149022550239
mir-2207,0.0040380836355033,6.43834437422687,-9.88783820085098
mir-260,0.0187413901318636,4.81088891193893,-8.15823016226069
mkk-4,0.0331652026305672,5.20175884293395,4.11967751726323
moag-4,0.0372571000193928,8.49777176934143,-1.29532459951317
mom-2,0.0470668106459731,8.19266398450035,1.47918468876174
MTCE.33,0.0490267764326976,8.83340070211965,-1.31188107847405
mtm-5,0.042641595678755,3.11927385105025,4.76459058012417
mut-2,0.00000261310226878398,5.853532008809,8.52615267645548
ncs-3,0.0280944980061797,4.63388823408672,-7.96239916334276
ncx-3,0.000309932341193531,5.18512384037546,7.08483864519894
ndx-3,0.0326481719623262,4.47891137432561,-6.49972955181761
ned-8,0.0258725191882578,7.37078299252519,-1.73791893853442
nfyb-1,0.0118887544952751,6.31809258137986,3.84940890968032
nhr-100,0.0000588044201519656,5.64462021076891,7.87408155008991
nhr-102,0.0379000231522968,3.04176777542265,5.94703741444548
nhr-104,0.0112020179242474,4.55243288836411,7.86812684990205
nhr-138,0.0356760640704918,4.47714661313478,3.98633230257322
nhr-145,0.00833718786925582,4.22796169136107,7.49457133463892
nhr-181,0.0278307819409684,5.45524373468841,4.25452729190728
nhr-2,0.00947053860405964,8.09451843826324,-1.949826598586
nhr-28,0.0337846934034541,4.98385956003626,4.58998583906851
nhr-284,0.0199565646780703,3.93670271855998,7.14563527241806
nhr-69,0.036319863295565,3.57337062616226,6.68860807919952
nhr-71,3.72274285338595e-7,6.03106804131263,9.4648991044001
nhr-86,0.00688915278547308,4.79807112887917,7.37522800844865
nhr-94,0.00378496182179722,6.48492227802327,-9.93592542976946
nos-1,0.00714404529980557,4.19943140040309,7.46056531931611
nra-2,0.0352113504408116,6.31623533092255,2.66861423540764
nrx-1,0.00405908727720383,6.02208411815136,-9.45624303642989
ntp-1,0.000326199587504255,6.22609716410391,5.614268835569
nuo-5,0.00914815195332637,5.1974563133552,4.34145353389303
nxf-1,0.00336965484443845,6.68944847724725,-7.42983677343278
nxf-2,0.00320965192821236,6.95807110915126,4.06885930057252
ocrl-1,0.0426723286251434,3.59335531989584,4.37649793791511
oma-2,0.00651015707128378,7.16074394653482,3.4827018727927
pas-5,0.0459499886377827,9.21634624523167,-1.01613240149559
pcs-1,0.0038583489820368,5.3580782179637,4.30667036347294
pde-2,0.0228457402262178,6.13806295702127,3.23331073523151
pes-10,0.00000428053986799933,8.07462109019125,-5.8702383601764
pig-1,0.0164147249162173,6.12968630826929,2.84757346536427
pot-3,0.0373558325219004,4.29960166437328,5.44002714261245
ppk-2,0.003204274434457,4.68314873377956,8.01590431930777
pps-1,0.00421268679685349,5.48526357586792,5.16474940465664
pptr-2,0.000732492219187963,7.6463811524649,3.0195296930411
pqn-10,0.00518090396878011,5.557016522477,-8.96722968067486
pqn-75,0.0456167166378025,3.08614224488616,-6.0218742529082
pro-3,0.00694216164882668,4.13553637500237,7.38546020413483
prom-1,0.00182590686767228,6.51389971869114,4.83638726285838
psf-1,0.0140864678400241,7.44220323764444,-1.97804140296722
pst-1,0.0191700529767014,4.25641071277992,7.52854021628205
puf-10,0.00976065015383859,3.91419384235687,7.1183833734263
puf-3,0.00291557969394736,5.63053306258597,7.18076233725139
puf-8,0.00000669259733031688,6.3290634220012,6.68524100025185
pup-3,0.0232647770781846,7.36068354786813,-3.56685403005443
pyk-1,0.00895034825584133,7.71990013734937,2.71901250351775
pyp-1,0.00831502339298492,6.69899270277837,3.61544063401166
R02F11.3,0.0243141270943529,3.42636211468939,5.77043678492458
R02F2.4,0.0000292879986688268,5.30526952051316,7.95634421124873
R03D7.1,0.0156488863416863,5.84071480612023,3.31558896460748
R05D3.12,0.00856114059753943,7.85005562540855,3.85314190333851
R05G6.5,0.0387576116520527,4.95348173686396,-8.31479955562372
R05H10.3,0.046586930524319,6.38649699612807,2.67213725776478
R06C7.5,0.0297767451085091,5.78577715621494,2.77302071449808
R06C7.6,0.00061223189041884,5.37276173844152,5.77916703862303
R07B7.2,0.0128209572541112,6.10143113749551,3.40596057524504
R07B7.6,0.0411785040339949,4.91298135795544,-8.27170868012388
R107.2,0.00568656548157195,5.24199640787348,5.50370639621706
R10D12.14,0.00344685234443699,6.81099592642907,3.99067305611898
R10E4.7,0.0372179172202548,4.60327120799892,-4.25399925946788
R11.1,0.0362585774679839,6.90839835065447,-2.72909099082864
R11.4,0.00660924846620564,7.45441095313139,-3.8325600591477
R11A5.3,0.00222433002228081,8.6783168143359,-4.71551624404683
R12B2.2,0.000384266063108815,5.37906916023726,8.77596494640557
R12C12.8,0.0265816063393432,3.96601562831537,7.18093386207026
R144.12,0.0117011809042174,4.26325589700156,6.78823069106749
R74.8,0.03494053109159,7.59362254232423,2.07971265222799
rab-11.1,0.0236058449723441,7.22086457246322,2.30673741488637
ras-1,0.0481165683192812,4.87855555620479,8.23372298987567
rbx-1,0.00792972149844858,10.4319716112782,-1.6817573444033
rev-1,0.026411377958531,5.1880831836479,3.58220186422217
rgs-1,0.0197220641628587,4.31264694065783,7.59253333921506
rgs-10,0.0211329528790779,5.03931830505116,4.54891043305435
rhy-1,0.0230895462639811,4.91897741030046,5.88936508950418
rpia-1,0.0380489841784433,8.24831456807719,-1.86603351769557
rpl-10,0.0131655889278991,9.19345651414992,-1.70114412563501
rpl-17,0.00428303971489109,7.88662372917533,-2.56182895167018
rpl-21,0.0115274594293417,7.96709850769958,-2.09126723343746
rpl-27,0.0175803896109006,8.48073842630578,-1.83857529155257
rpl-30,0.00959408150105314,8.56787634754733,-2.23934079565541
rpl-41,0.016919340406626,7.63801591224324,-2.13972954130665
rps-21,0.0300176647361992,6.20785910807565,-2.90374091792224
rps-23,0.0208591153368719,9.19598384385743,-1.60657835862763
rps-26,0.0162078810011889,8.23140004081531,-1.90307517482211
rps-8,0.0235735877682494,8.79830765555381,-1.73391400151795
rps-9,0.0166924182639352,8.57976227217955,-1.68058872229177
rskn-2,0.0271783925343964,3.05927633697953,5.38314250226508
rsp-4,0.0393156380521367,10.7000169596325,-1.19242257064847
rtel-1,0.00337992472508388,3.98761543355216,6.83476956926271
sams-2,0.0372134463787644,7.48917381379691,-2.98022019313744
scpl-1,0.0465660643642992,3.94220768338661,6.26736498240844
scpl-3,0.00235518940515751,5.38847554674729,5.74459710735056
sdha-2,0.0048338100336459,5.05349359216773,6.80334647741079
sdpn-1,0.0395864490806957,4.91117410668409,-5.04289794263457
sdz-10,0.000650581235800167,6.04062779107892,-9.47582714906918
sdz-13,0.00189551345075229,6.58717741087732,-10.0418332026541
sdz-14,0.0329968256482124,7.48171203323427,-2.66712313596404
sdz-16,0.000073509057935994,7.63408569288449,-6.31832806276693
sdz-19,0.00233535558471621,5.92101655467466,-9.35053283900254
sdz-2,0.0369367846861412,3.73866844440057,-6.90624643870265
sdz-20,0.00823747050263444,5.25303865149138,-8.64182912050564
sdz-21,3.92211584756689e-24,8.58246612738583,-11.3186392264349
sdz-27,0.00689422948200357,5.45355632930589,-7.74569287353986
sdz-33,7.13169106795571e-7,7.20566894035084,-7.64308137853737
sdz-4,0.0000851838796965762,5.62034062591974,-9.03422084943425
sdz-5,0.0000251683426407685,5.82293686064291,-9.2478592551283
sdz-7,0.001462492264489,7.23425867727159,-2.95002027595979
sdz-9,0.0472263284882595,6.2471800169962,-3.0691161133429
selb-1,0.0261994002810767,5.09454021650005,3.91102522866338
set-29,0.0255162747009618,3.86364833036706,7.05796478424487
sfxn-2,0.00896341528505614,3.8631250127416,6.17845905684127
sgt-1,0.0128701442528784,7.99982831907435,2.67444660973839
skr-10,8.30099707354481e-8,8.98257372772276,-4.09381922867605
skr-12,5.56460462046666e-7,7.06043666404676,-9.38738605457552
skr-13,0.00000403830714950092,8.22293807304771,-4.10981265404141
skr-14,0.0000520199455872588,8.77402736155012,-2.61577645362832
skr-15,0.00313756155930994,7.91316780838336,-2.37518481190698
skr-17,0.0411940122986867,7.64117564496885,2.17295456712658
skr-2,0.0145105628673487,9.60936585296732,-1.34618318103191
skr-7,0.000367579899749337,9.31975178637525,-1.85589193749453
skr-8,0.000411177259735737,8.64939410355941,-3.19237127231936
skr-9,0.00108119506635907,8.73074291160536,-3.12952262174386
sma-3,0.0415952474397964,3.23721804879027,6.23405581611498
sma-6,0.0184348799304236,4.30101580260447,7.579752642174
smg-8,0.0007272185688031,4.55753742622797,7.87307707773774
smo-1,0.0487611494066259,10.045391535278,-1.05921432349595
smp-1,0.00226438279889119,5.39839565506112,7.67727221565265
snr-1,0.0409649407080421,8.46145665936446,-1.26622558115083
snx-6,0.0303354202038166,5.0923322730028,4.57207119903986
spat-2,0.00897955566362773,4.62594327292236,6.37877086088816
spsb-2,0.0134849373629987,6.83386407393925,3.7724118795766
sqv-1,0.0264513445483951,4.69246909145993,8.0264232653632
sqv-3,0.00194124887152202,4.30011190863667,7.57876677156121
sqv-7,9.47076879910638e-8,6.95826896450211,7.12503173403003
sra-33,0.0268560285052811,4.05563046053752,-7.29365259777584
sre-13,0.0100733764507685,5.31899305817413,-8.71176990039995
srh-138,0.0126048236014413,5.12876315147146,-8.50717563307624
srsx-27,0.00131626984551859,5.18196354064826,-8.56527182083616
srv-7,0.00800573058274252,4.69650616394152,8.03026167314413
srx-88,0.030393227644869,4.29041318018101,7.56470695333311
sta-1,0.0177709448792351,4.18425218192334,-7.44554186472427
sti-1,0.000105070687301737,6.79112284152578,4.49271466835589
stn-1,0.0322997215848718,4.15947157538381,7.41464733109393
str-160,0.00796969087920551,6.02069828016156,-9.4549006609626
syp-2,0.0353644072938784,7.73435207663554,2.24954221396338
syp-4,0.000329511805853574,6.90598871088529,4.81931899346432
szy-4,0.0302979353588579,6.2017298039588,3.42857045512271
T01C3.2,0.0454542825844102,8.36313636458077,-1.34735563481651
T01C3.9,0.000596329850071445,5.31389464483092,6.08266122401774
T01D3.1,0.0158383212056917,3.82557235900659,6.26713303533939
T02G5.14,0.00315685480614316,6.65422834186811,-10.1118248465447
T04A8.11,0.0163236626039714,4.14140774784522,6.28788247573874
T04H1.5,0.0448501833442192,6.26684051707943,2.53536429462416
T05D4.2,0.0312389602488564,6.01984870641339,-4.73786646523758
T05E12.8,0.00000296630705596878,7.60321230937399,-11.0790667573193
T05G5.9,0.0169136539693897,5.48822911077908,4.30357840730494
T07E3.3,0.00488157153216905,6.3226141955869,4.69850775621432
T08B6.5,0.000022159844753303,8.37479645139525,-5.72233680317919
T08G5.3,0.0145676055069369,6.76864590273923,-3.88974654326242
T09F5.12,5.18279167564053e-10,7.20360019107513,-10.6729575092746
T10C6.6,0.0225555524988734,5.13675995781585,3.73985311951961
T10C6.8,0.0000259520257833737,6.81104978928852,-10.271730438014
T10F2.2,0.00000496840483105574,6.09132475016554,7.61516495440565
T12A2.3,0.00163677367515462,7.53179675878897,-2.75368078611038
T12C9.7,0.0038807989255918,5.2361410575961,6.84481393303037
T12F5.2,0.0414638184447793,4.62911945566555,3.90584022147334
T13C5.6,0.0112538022121935,4.51872004642249,7.82869477296954
T13H5.6,0.0294151863387885,4.35049603409931,7.63582233739616
T14B4.5,0.0332790229413913,4.56863280215587,7.88569644286912
T14B4.8,0.00572499381476202,4.4223211270615,7.71915653508622
T15H9.6,0.0048046330317663,7.34463570909003,-2.35432844126374
T16G12.4,0.00387934205272832,8.32603372947138,-2.50581411120965
T20B12.7,0.0294110878739579,9.67907857460881,-1.21641484855041
T20G5.9,0.0391042236407109,6.25286545753568,2.63299147012682
T21C9.13,0.0147730519252767,9.84617040910027,1.38210232500383
T22B2.1,0.00000145128759758647,7.68484029513256,-6.238519772234
T22C1.3,0.00692518058990749,6.57947894419193,3.14622961001853
T22D1.17,0.00959144292731136,5.53292330831123,-4.43857014989359
T23B12.2,0.0223909962494851,4.11720325236462,6.46242368055498
T23B12.6,0.0476400358484343,3.81734098882199,6.1369134208975
T23F2.5,0.0426289855415809,9.34450369466421,-1.17236661803468
T23G5.7,0.018943846655365,4.21455510992788,7.47861052039019
T24C2.2,0.0107062661960011,7.35725015841479,-3.08693110875833
T24C4.2,0.0382039996765084,6.27158660605571,-4.21443231826216
T24C4.5,0.011921569594516,4.87909262953526,6.99592891513271
T24E12.13,0.0180560437796344,5.75983822193816,-4.78328035993009
T24H10.1,0.0298371630958774,6.86393012042212,-3.82234056303479
T24H10.4,0.00069486246709579,7.23892508151997,3.39737772308879
T25B2.4,0.000501594690449413,6.69872253184463,-10.1564351301233
T25D3.2,0.0241772390767941,5.72684069280263,4.15652209967298
T25E12.6,0.00789160131047979,8.18346860630246,-2.1769169473792
T25G12.11,0.0105712657080773,6.08274651062675,-6.64408919162805
T25G3.4,0.0261866778416122,4.96490952183679,5.68730615957478
T26A5.4,0.00386451848155662,4.98228936244004,6.53247696655213
T26C11.8,0.0481888004298536,4.38447975616146,-7.67946836831616
T26C12.1,0.0000547849817239825,6.25951411849546,4.94415559706099
T26C5.3,0.0263804275699173,7.32207195138274,2.1002112747259
T26E3.8,3.42174050915132e-9,7.36700141129176,-8.98399897678405
T27A8.6,0.0247731245700516,5.99469031343335,-5.60677866159209
T27E9.6,0.00640408456872425,6.14931794046679,-7.01147897722775
taf-11.1,0.00162527942214493,6.71893061299098,-4.23113288704164
taf-11.2,0.0406298347447999,7.11792465380677,2.07675368466577
tag-146,0.0000550134039397856,6.00615505396509,6.39465739417459
tag-196,0.0126000487706257,5.03266856414215,-7.76940638502063
tag-218,0.0308681015362338,3.35719132591375,6.39794236346243
tag-264,0.0343925229838438,3.97112640984631,6.05175346122481
tag-276,0.0000947871873984555,9.18951801043568,-2.58059801310663
tag-340,0.0404169863674233,6.8648850783313,2.11708642272903
tars-1,0.0286108497325053,6.44628484765557,3.06325122723646
tat-3,0.0146105816146604,4.15433168913129,6.69903540535602
tax-6,0.0284430334491639,3.6626157926908,6.80532920054829
tbc-10,0.00124152722130256,4.70722004995795,8.04178711645041
tbc-20,0.0322312505733544,3.66806927606954,4.78027221331396
tbc-3,0.000190675662860342,5.62834530173143,9.04164943809555
tbx-11,0.00162561317363493,5.52569608309712,-7.2181756984146
tbx-31,0.01766755942016,4.7521619929304,-8.09404025869692
tbx-32,0.00113876112728415,5.73883903841153,-9.15878254434048
tbx-33,0.000888965226173515,7.28073975969415,-2.93669776194601
tbx-39,0.00000779536269480212,6.30061993470931,-9.74616214709873
tbx-40,0.000556778469773798,5.3589725085043,-8.75608247681823
tbx-9,0.00380160009714533,5.95826249243634,4.9643350258996
tcl-2,0.020788219069049,4.17571069592639,7.43317430415907
tiar-1,0.0234991409613272,7.9760006467792,1.75184217360489
tol-1,0.030392129462684,5.00962619206156,3.56755713738408
tomm-40,0.0000287015594396568,6.26297084189867,5.92360740259315
tomm-7,0.0497285956403523,5.79541789644577,-2.86417327973367
tpi-1,0.0330743897464085,6.99356976832674,3.35639759311423
tpst-1,0.0149844952828277,6.72657091562314,2.63945686603505
tra-1,0.0356432917992743,3.99148203725369,6.04565325578617
trap-1,0.010218870961609,8.35413023575801,1.4967644151402
try-1,0.0159055609090023,7.65124861977554,2.5578591882322
tsfm-1,0.00282257468463279,5.91368228715376,4.92376212883811
ttr-50,0.00000637156627836421,9.65400629121426,-2.44703464282962
ttr-58,0.0186264578434194,4.82511725212995,-8.17491917708791
ttyh-1,5.33651509630099e-9,6.89697283662905,10.3592492810494
tufm-2,0.0423274161393193,5.99368227874549,3.27675941197236
twk-6,0.0470616698357866,4.80959481358003,-8.15600317754456
ubc-20,0.00017928435064641,7.72868517141354,3.60626009794067
ubh-4,0.00420327692857836,6.06756357167499,4.43459440897272
ubl-5,0.0306021487805526,7.85150058549747,-1.63948991018259
ubxn-1,0.000671815886577665,5.76204450235706,6.64587260256465
unc-101,0.0380305348457457,6.64210544161913,3.66999447551109
unc-26,0.0137069979439551,6.02521223125347,3.56473263045781
unc-34,0.0470560782097632,4.96421155927794,-3.69819052330374
unc-57,0.0137581131609908,7.52627170412858,2.5937788007055
vab-2,0.0000319616196438252,5.35343264100069,8.74840139394279
vars-1,0.00892078914337313,4.54927398391864,7.2808485370748
vars-2,0.0368301902757551,4.87511902223655,3.96257570595544
vet-1,0.00133211025706105,7.78750636660055,-2.94368324602614
vet-2,0.0312010889401402,7.81011834734118,-1.63378369493493
VH15N14R.1,0.0228473699254675,5.10846966606121,-4.14056678755428
vha-11,0.0142597517651093,5.93688130918899,3.73565313106289
vha-13,0.0250615967264178,6.88007954870092,2.12650097046493
vps-33.2,0.0441834509898613,6.23041096641983,3.84205511760978
vps-51,0.0081010926727986,4.36451487489442,6.80807372767248
W01A8.5,0.0490254662606796,7.67188203418446,1.84415944953094
W02B12.9,0.0322671713729877,5.65533062984714,3.62226617905956
W02D3.4,0.0127721047397111,6.29412808203167,3.59746231468566
W02D9.4,0.00956642233791563,5.02285761779901,8.38923176146393
W02F12.4,0.0000355847168104397,7.91949713973616,4.20488780444586
W02F12.5,0.00511880913276752,7.19134768430064,3.45000160881438
W03F9.1,0.0269739531923854,5.52389428630799,4.37476921324735
W04A8.4,0.0365462180781511,4.3949651256813,-7.69115111013191
W04C9.4,0.0330193350610008,7.23301873741124,-2.47053212016443
W04D2.13,0.0245368056896311,5.29557413318902,-8.68754297686733
W05F2.6,0.00641322621691784,6.32872803710758,3.86134122292303
W06A11.2,0.00877496325018073,4.33740644067696,-6.22737613819349
W06D11.2,0.00297519025102332,8.17751034113719,-3.51246102200559
W08A12.1,0.00170564031977052,5.02410304141102,7.12950711888573
W08F4.3,0.0461719090226391,5.03176408200448,4.59630632372918
WBGene00003979,0.0252990243805372,6.97779839765362,-2.42052059793751
WBGene00206519,0.00406452813668256,5.16849168077983,-8.55083738512282
WBGene00219422,0.0000144356577028111,6.49224693510118,-9.4015895223382
WBGene00219451,0.0191945571224808,5.57256427848802,3.68178216874659
WBGene00219700,0.039248457932309,4.14446348206632,-4.69063631445336
WBGene00219741,0.00724142875932624,4.53571612497975,-5.1369091469209
WBGene00219796,0.0115185280064215,3.83373772798994,-6.18975781178095
WBGene00219904,0.0237945673635885,3.28149551213369,6.2958293147419
WBGene00235158,0.000249578586386287,5.18171243658747,-8.56508988931677
wee-1.1,0.000318681033786809,6.84652450173915,-9.66269687998294
wee-1.2,0.00943041731170173,4.22672934425573,-7.24277658485548
wht-2,0.00101257154963426,7.71582810892663,3.43682876348049
wrt-5,0.00318374431263154,4.79779234923271,6.84709176529655
xol-1,0.0427822684831331,4.2855685565245,-7.5645488926446
Y102A5C.6,0.00774840201078168,5.41308616190563,4.08175934671465
Y105C5B.14,0.0347836019461993,5.04722002982953,-8.41895303592035
Y106G6D.1,0.0000224972633008984,5.4978723733764,-8.49262407457652
Y106G6D.2,0.00153482257811029,8.02737107378098,-4.18669182431325
Y110A2AL.4,0.0209875433427872,4.75113430240874,-8.09272815038141
Y110A7A.19,0.0393576019576446,2.90257205020222,5.73494754886007
Y110A7A.7,0.00564314386919896,4.53584342096553,6.39704787729891
Y111B2A.10,0.0459663762908939,6.72873600103009,3.11128983072207
Y113G7B.24,0.0476662670984792,8.94388245027734,-1.23434031797108
Y116A8B.1,0.00157691782375604,6.8368129836859,-5.19319299902508
Y116A8C.19,0.0000167022269646263,8.84841994390356,-3.1147473149422
Y116A8C.20,0.00783754306346356,7.47573617046296,-3.24218520908507
Y116A8C.22,0.0466953830757915,6.45796348342428,-2.51312241102052
Y116A8C.27,0.000126872761490993,4.91735240276846,8.27484852036386
Y116A8C.44,0.0136297717751894,5.7246360571756,-9.14634532809044
Y116A8C.7,0.00113194559990609,6.26718916856122,-9.7114594952638
Y13C8A.3,0.0448802768966645,4.28732690109221,-7.56705933643079
Y17D7C.3,0.00656202007124087,7.93730868284648,-4.42817970736531
Y17G7B.10,0.0272424915447317,6.15805685721651,2.8587043483049
Y17G7B.20,0.0353471278617984,8.04854030096943,-1.64729424920296
Y17G9B.9,0.000779884439000313,4.74396073998605,8.08345597995799
Y18H1A.7,0.000679095469829848,5.86249709044917,5.21762718428
Y19D10B.3,0.00575084921946746,6.19270086354628,-9.63334356329684
Y19D2B.2,2.29973347760479e-8,7.64619362740177,-11.1226805372088
Y23H5A.2,0.0399465258661394,4.24537089311774,4.01293126096534
Y24D9A.9,0.0427940531842886,4.42021530040619,-7.71899958008273
Y24F12A.4,0.0162083151021386,6.07640840856769,-3.09947063179343
Y27F2A.6,0.0440877874739326,4.87715679116711,-8.23340554733982
Y2H9A.6,0.0190676709795555,4.85733354255373,8.20852408155534
Y32H12A.7,0.00366600229586277,5.51531207344609,5.80714496145263
Y37E3.25,1.35498507954466e-21,9.12387957450454,-12.6130522338904
Y37E3.8,0.0276448997492246,8.50356240449375,-1.47046251188126
Y37H9A.1,0.039147325741897,3.6928716926397,6.15552414989327
Y38C1AA.1,0.0224458351058007,6.28159198968955,3.4233095033666
Y38C1AA.12,0.0210800502199495,2.95722490947693,5.81906676542641
Y38E10A.3,0.0104352795663854,6.73006707645114,-4.56821781513747
Y39A1A.16,5.42219152703356e-7,6.46988654165102,-9.9210348000126
Y39A1A.3,0.000151535416634295,4.93402130406389,8.29316202436203
Y39A1A.8,0.0225220141962569,5.62735021520191,3.13531320386997
Y39A3CL.3,0.0465775742175131,6.3686891257801,-2.52670633497796
Y39A3CL.4,0.0358553017263002,4.38165425090217,4.59288249774676
Y39A3CR.5,0.0357633962285163,3.62100666067277,6.74683625543035
Y39B6A.16,0.00750727163700753,4.49041056887808,7.79809400474792
Y39C12A.9,0.0156603662247564,3.71715853899843,6.87244780290079
Y39G10AL.1,0.0000182768226470935,6.16302357222503,-9.60324048033993
Y39G10AR.9,0.0357640293443417,6.77808224133984,2.99146749766533
Y40B1A.1,0.0380864215237761,8.1861791039244,1.93233156711802
Y41D4A.4,0.00697848461111389,4.30323777028684,7.04129907057818
Y41D4B.14,0.00554023828876046,8.41419898880058,-3.76825145097792
Y43E12A.3,0.00443119767404344,5.15800922074747,4.86988920905878
Y43F4B.5,0.0371974991949865,3.37186109554891,5.08491540127042
Y44A6C.2,2.43881457030417e-13,8.15177111958528,-7.9298634406478
Y45G5AM.5,0.00000947343140424836,6.52064751619791,-9.97336782577053
Y46G5A.28,0.00818599162090538,7.73966074865098,-2.96184803687668
Y46G5A.34,0.0285722679788751,5.08587029101774,-5.37789682977897
Y47A7.1,0.0169900487681613,3.39175761598146,6.44899279096156
Y47G6A.31,0.0369416380293312,8.08328605153204,-2.11182493208348
Y48A5A.3,0.00794448550685309,4.50561268966074,5.57217393120048
Y48B6A.13,0.0283451325866274,3.28288423447183,6.29903745087344
Y48G1A.1,0.0276841012791302,2.90363924321046,5.73509231997818
Y51B9A.10,0.0324270948071348,4.50406506767547,-7.81496922409203
Y53C10A.5,0.0303564917880789,3.5595284856476,6.67032845894947
Y53C12B.1,0.012030909953299,5.46938868809471,-6.82689062534985
Y53H1A.2,9.93606059505436e-9,6.92121559387799,7.94352442919991
Y54E10A.17,0.0316264856377311,4.56241449420829,7.87721967668569
Y54E10BR.2,0.0000464659558373759,5.47097405119244,8.87427675472126
Y54F10AL.1,0.0391023298484517,5.31136229657808,4.22027297704249
Y54F10BM.6,0.0083057002079772,7.21169356291908,-4.36508340531778
Y54G2A.2,0.0162814704576523,6.04975679192379,3.61127405081993
Y54G2A.23,0.014944465548418,6.13247939734132,3.4806339298292
Y54G9A.7,0.0247418391883416,3.85542551013624,5.18881039738539
Y55D9A.2,0.0429562845935947,8.2878656022876,-1.53722677998768
Y55F3AM.9,0.00621576240613304,7.11893399808142,3.15877307011441
Y57A10A.16,0.0143579423924832,3.69515512266617,6.8452024533307
Y57A10A.27,0.0416406986680124,4.58643202415632,4.83123331495806
Y57A10A.5,0.0359118615726741,5.22458800629522,3.49862756385875
Y57A10B.6,0.0193689953853462,7.61088965186612,-2.81453034553478
Y57G11C.51,0.00523236691671966,4.99349314323089,7.01344639217063
Y57G7A.2,0.0441614675703636,6.50432164027531,-2.83552453250498
Y59A8A.3,0.0126966433565149,6.48965627158245,3.44117615980783
Y5H2B.3,0.0000464622562230871,7.83871910075897,-4.54904802584247
Y60A9.3,0.0340240923610089,7.31275810546404,-2.71828046449165
Y60A9A.1,0.00357431284710971,6.53086307952798,-9.98383215393762
Y62E10A.14,0.000293678244347493,5.39778036033564,6.63217531640529
Y64G10A.10,0.0125370065930268,3.82538776936039,7.00938456666736
Y65B4BR.5,0.0381164787680658,9.48337694372394,-1.41932134757832
Y66D12A.28,0.028662804140525,5.20236304675117,-8.58800844437722
Y66D12A.5,0.0441547419177491,3.59417105893875,6.22396049249276
Y66D12A.6,0.00544632261587862,4.19025328199464,5.97915411095233
Y66H1A.4,0.0408975590355177,7.79125358893101,-1.8323154218156
Y67D2.4,0.0000458733266337151,5.72861177834412,9.14750288072512
Y6B3B.9,0.0488570986259033,3.99868908784523,3.79215979371875
Y70G10A.1,0.0200147646077518,8.35834942653089,-3.06433471603331
Y71A12B.11,0.00000691325046502899,6.19358553346418,-8.77655268092617
Y71F9AL.7,0.0000744507569866966,5.82033243040248,-9.24483816792771
Y71F9AR.3,0.0342811405529377,4.67854983028056,4.22009670927983
Y71G12B.10,0.00374339749422413,6.3947561810935,4.56059334105051
Y71G12B.23,0.0470892860428371,4.07831519034895,5.91769179566689
Y71G12B.6,0.000159770142013429,5.37679294877278,8.7735188481022
Y71H2AM.6,0.000118560180154438,5.65956683051277,9.07454554584864
Y71H2AR.1,0.00765243292062089,8.05968887867104,-1.84540935192688
Y73C8B.3,0.0173253862750022,5.70860841699141,-4.50254651256421
Y73C8C.3,2.91461957917143e-7,6.12417087404807,-9.56288288258898
Y73C8C.8,0.0000165152719180774,6.02848057745615,-8.75298202580198
Y75B12A.2,0.0342718720816221,5.05259349936588,-8.42327016133886
Y75B8A.14,0.00186773884619266,5.68695635764167,5.82600000800119
Y75B8A.16,0.0433662555523864,6.76448428838589,2.31953712425485
Y75D11A.3,0.00427804891796836,5.78514076504033,4.74387214864647
Y82E9BL.2,0.000065835548757133,5.75807664309336,-9.17986969395557
Y82E9BR.3,0.0290304596984163,10.9352082336325,-1.31107648021388
Y97E10AL.3,0.000612416448058085,5.86740129275574,5.17151042764423
ZC13.1,0.0168032817555428,6.25818757666052,3.28825495575281
ZC239.20,1.69816992575596e-14,7.73724139828497,-11.2149112551883
ZC239.21,3.51332399511012e-19,8.32547948205059,-10.5247142343899
ZC434.7,0.0166118485814414,5.61735233660306,3.96365121631667
ZC53.1,0.00261023565722812,5.27742345791314,8.66718931165815
ZK1073.1,0.0394660684968664,4.38464247026921,7.67757437170611
ZK1098.4,0.0220833779212852,6.25163795289354,3.87796813875436
ZK1098.6,0.0302516130708799,3.37018104427819,6.41637690100403
ZK1248.11,0.0340877768193251,8.02869187534064,-1.49449343951704
ZK1248.15,0.046026049975985,4.92877646874595,4.07622614341914
ZK1320.9,0.00137660210359838,4.85318780499864,6.15844157948566
ZK177.8,0.0279027400078369,7.0539049570192,2.29057944253393
ZK287.7,0.0000606203371186132,5.55206298161199,6.89125660578447
ZK380.4,0.0183388851956849,4.99080725571293,-8.35710197297826
ZK380.t2,0.00670823884368659,9.5420218468783,-2.63612477145602
ZK546.2,0.0378881194134856,5.83629515192156,3.13965066370439
ZK550.3,0.0396573879048974,4.14225839770145,6.06538724212984
ZK616.3,0.00114931227773977,4.88890192839241,6.77780629173065
ZK666.1,0.0289854950438016,7.14919440817453,-4.48936562777808
ZK673.5,0.0465694736327743,7.48138800607931,-2.68132485554528
ZK792.5,0.00478859478168155,6.45927795065122,3.51221981446863
ZK899.5,0.00356623730987521,4.50231317522029,-7.81313246890826
ZK899.6,4.27214102416626e-10,7.92147113481823,-7.56374428754094
zyg-11,0.0473329443638035,6.90856174983939,1.86293679791022