aak-1,0.0230634554449587,5.53327360761557,5.1598959133489
aakg-5,0.0242943268922395,7.15768540085563,2.4836650407111
abcf-3,0.0459709305452921,3.68826336163254,5.49430162124982
abi-1,3.5390000954198e-7,6.42716270059614,8.94633026535467
acdh-7,0.0384870492809178,7.37630407261434,1.76100375975573
acl-3,0.000093953935244716,6.091219369623,6.62241851475361
acl-4,0.00722555594094357,6.03260363379116,4.44680384443379
acl-6,0.00000194668936729701,6.16140116166644,9.19540198783158
acr-16,0.0486329054453678,4.60367084117918,-7.93323902928785
afd-1,0.0131383535209282,3.56214284932123,6.11063336367549
alh-11,0.0344456219233882,4.446260946836,6.80573964973212
aly-1,0.00529683012599286,8.07866907510774,-2.46187746523599
amph-1,0.016578925545321,4.38354089326018,6.40801532299352
apa-2,0.0200553834082506,5.74101026087247,3.62287821578062
app-1,0.0109303759565797,7.46735415099423,2.77887282711613
arc-1,0.0145693984970176,4.42207828056929,6.69135920416469
ark-1,0.032607148680968,3.56994246205369,5.66929762867393
arl-8,0.0380779571713401,8.31608279911227,2.82011252617981
arx-1,0.0340780187806975,3.60773314659681,6.74499278469146
asd-2,0.0350392565137668,4.3605523918639,7.65764080907184
atad-3,0.0100876221812184,4.88537432470528,7.48666894116797
atx-3,0.0118536501425952,6.91749485436874,2.75484360032347
axl-1,0.00800982982436343,5.63790497656333,9.05965200133951
B0035.15,0.006564223002771,5.94247199165619,5.40058266228988
B0205.6,0.00824492517934888,5.51778994015242,4.97052837272695
B0238.9,0.0128421857720528,7.25293055196172,3.33184233683267
B0250.5,0.0345428548772855,7.51973421423246,-1.77988489933299
B0281.5,0.0040730562500396,8.55660770249057,-2.2391474397103
B0303.14,0.000406807356329608,7.32842767917078,-5.80042492414043
B0310.2,0.0320967049036304,6.14328127515227,-5.45637022641739
B0393.6,0.0218905618747153,6.94934592641316,3.27995240549999
B0410.3,0.0247502249512565,6.85488429879238,-5.58487326085286
B0491.6,0.00372506233122715,5.86743891733176,5.00171988339051
B0511.12,0.0341036197693917,4.0007837833953,4.43933396321295
B0563.1,7.97861430160483e-7,6.85681455751861,-10.3248778587136
B0564.7,0.0129106998085398,4.1938251650229,5.94693377861989
bmy-1,0.0244847132312038,6.41502356591811,4.26244496565906
brc-2,0.000128281181467763,5.39811901942279,8.2148185708197
bre-3,0.00494191860029541,4.5675140879821,7.8944101363563
btb-10,0.000232135293220068,6.06865241559081,-9.51109444759705
btb-11,0.0221757699776266,6.21853344798644,-5.87712880567864
btb-12,0.000831488712195555,6.81812376061519,-7.38024614413349
btb-13,0.0116115498804151,5.14004640535627,-8.52661577678258
btb-8,0.0371270559196845,4.37357469469659,-7.67284550639522
C02F5.12,0.0000583503706789746,6.33054840070452,6.09076797546982
C02F5.13,0.0100197486404319,6.3764528730703,3.42762935714802
C03A3.2,0.0217488095938417,5.95802023097554,4.07484153235078
C03A7.12,0.0417033591969573,4.13010424597513,-7.38687771488032
C04B4.2,0.0000307400234811096,6.73217382945865,5.8852191190247
C05C8.6,0.04913873246678,3.36060021800346,5.58441937621125
C05D12.4,1.36301955884961e-7,7.17228729807979,-10.647177559873
C05D12.5,0.0281033892110794,6.23943295066669,-4.39271699771894
C05D9.7,0.000125173263250066,5.71040325807211,9.13571877333859
C06A1.4,0.00326284946937991,5.15234363102115,7.30672602939317
C06G4.1,0.006389655896644,6.53728667755321,4.19041579511521
C06H2.2,0.0107084222369919,5.60582677348057,4.87148569673537
C08B11.8,0.000667521403625673,7.0523625097018,5.58488518680019
C08C3.4,0.00557912764972637,7.29727482568803,4.08170012244074
C08F1.10,0.0161464876885122,5.27589532822979,-8.67323291429698
C08F1.6,0.00176889231254165,7.06318215904313,-5.59689480033779
C08F8.2,0.00786002533999995,6.17798879420737,3.78840874733152
C09B8.4,0.0430220634076735,6.78187889063228,-2.99919962469057
C09G5.8,0.0426425983705413,5.23604199497,-8.62958551120211
C09H10.5,0.0430205628615135,3.88660335918492,7.09722807688655
C10C6.6,0.0374081528722201,7.47164747713311,2.17450809413699
C10H11.8,0.00985005397358378,4.19404085400488,7.46513535010176
C13C4.4,0.00070581243211654,5.28363899026609,7.9216945907136
C14A4.3,0.0160023598664237,4.56962706062582,7.27618637698032
C14B1.6,0.0269036154720032,5.99705300967487,2.77816671128996
C14B1.9,0.00270792951888518,5.352179505171,7.33785453565918
C14C10.2,0.0311640156922392,4.1425942031007,7.40311290601409
C14C10.4,0.0204130668007163,4.45170164644831,7.49383389099274
C14C11.2,0.0418819706743633,4.12740933524141,4.95764792698018
C14C11.7,0.0203400780687837,4.20755581358416,6.05501264486344
C16A3.2,0.00668382582610697,5.01500074603412,7.53493521341563
C16C8.12,0.0110005363482392,4.07683858970044,7.32566228073525
C17D12.1,0.0243651731299848,4.53713522687474,7.85970287270559
C17D12.8,0.045516826470389,4.54943862434025,-7.87271604935478
C18A3.4,0.0225840466028408,4.94772100990697,7.65205807729208
C18A3.9,0.00602208824144732,4.78973517696238,-8.14137300569308
C18D11.3,0.00785105280432367,5.08595373441598,8.46856883106319
C18E3.2,0.0156955060610065,8.3626787701298,-1.50945415694903
C18E9.4,0.018004187659096,8.4580191277867,-1.58303621008856
C25A1.12,0.0235748032417036,8.66761027889203,-1.38174435143323
C25A1.13,0.0430754118706951,4.85029675093467,3.9498584443424
C25G4.3,0.0228560842291217,6.22203157363153,4.32137083808383
C27A7.6,0.0140308973313404,4.69011059969238,8.03226307012121
C27C12.1,0.0399660225640068,3.84835435330902,7.04841470244657
C27D6.4,0.00098567862364712,6.31794345887081,9.77085392456139
C27D9.1,0.0117979692408629,4.84160837445131,7.75273743252813
C29E4.15,0.00000143808980755993,6.2195350269207,9.66837934424193
C30C11.4,0.0240230545435603,4.92797677904531,4.9082700143508
C30G12.6,0.00452249272038633,4.76118558260766,8.11177630427279
C32A3.3,0.00133247066764555,7.81586442518652,3.0227106124626
C32F10.8,0.0458744836357051,4.35849980539632,6.9502661563381
C33F10.14,0.0493876477201689,8.02814692040173,-1.49058173697084
C34B7.2,0.00737951502612226,6.70063812535523,3.15694618944226
C34E10.11,0.0082737501747098,6.40174653892765,3.98171337908763
C34G6.5,0.0183155947200407,7.09680796303553,3.15912930508193
C35D10.5,0.00181015604383008,6.48844443258948,5.2993470584936
C35E7.3,0.0205101328791658,4.2253091241426,-6.04744278956585
C36A4.10,0.0443252175837584,5.21683648298716,-8.6087380989344
C36A4.4,0.00401325473797826,6.13945048772285,4.92079760086761
C36B1.11,0.0433078183609442,7.29579351961174,2.8734710061986
C37H5.3,0.00746661933897072,5.91985868304915,5.7875513830768
C38D9.8,0.0000707310994808858,7.57674126682928,-6.45627373847843
C39B5.2,0.0000728800487059108,6.33148285141254,-8.47284949410746
C40A11.7,0.0226230661654744,5.11778632158196,-8.50249216784612
C42C1.11,0.044656692593041,7.91381955891552,3.06638823348862
C42C1.4,0.0312963342431641,7.30400198381673,3.67297669121441
C44B7.11,0.0115176901628908,3.8929512238342,6.62671616264664
C45B2.6,0.00137196588581011,4.7265711195164,7.38060180832282
C45G9.2,0.00502269305853644,6.94396028635685,4.45932768946896
C45H4.14,0.000802998712093969,8.44038933483017,-2.37749898724357
C46E10.8,0.0173523860706254,5.17298628019122,8.56210338139536
C46F11.3,0.0437975916924714,4.60687378734371,7.93853999150673
C46H11.2,0.00263496108587669,5.41439285916604,-8.1248329005802
C47B2.9,0.039815565879213,3.99468209796138,7.22729187299302
C47E12.3,0.0176900712419462,5.26681789606864,6.58074579259442
C48A7.2,5.56880830810871e-8,7.08108361988789,7.32645114014302
C48B4.11,0.0489701968586963,7.11031231551542,2.94330987200377
C48D1.1,0.0183179294428342,5.05338077723876,-8.4324929717174
C49F5.6,0.0284688200397406,6.09051233964633,3.17321567443023
C50C3.1,0.0191166581431992,6.51350967048429,3.54985789857192
C50E3.6,0.0113066218249037,6.13539930785682,-9.58041949220312
C50F4.16,0.00037244676158671,5.58213499039995,8.39621363392168
C50F4.6,0.039009802765726,9.59299538306219,-1.08391834335012
C50F7.4,0.00871301973133632,4.66291952276622,7.44100209589876
C52A10.3,0.0133130497474999,4.56912865713728,7.17596498250357
C52D10.10,0.00226797143366163,5.5602463642314,-8.9763144542466
C52E12.t1,0.0227620769054703,5.71119334071166,-9.13599089713784
C53A3.1,0.011039162957524,5.18290142996124,-8.57227893648009
C53A5.16,0.0429025622744139,3.86824463029967,7.07223788619724
C53H9.2,0.0412107372722766,4.35029628019669,6.70782197282457
C55B7.11,9.096699391778e-8,7.04366795227533,8.49133782455193
C56G2.1,0.0149209580009346,4.77953240890336,4.22852377067146
car-1,0.0377891602216688,7.23427892300245,3.32000079643117
cbd-1,0.0000667714300120557,5.68371748376133,7.31063857652086
CC8.2,0.0397858348207707,3.63387740328026,5.10878672156575
ccb-1,0.0301997980525861,3.94621357654446,6.7387079683581
ccch-2,0.00271754827090094,8.00028499458086,-2.69274499200621
cct-6,0.00158512071434015,6.30623811118749,7.51179228264207
cdr-6,0.00580777016049695,5.40626200606793,6.3172297802799
ced-6,0.0243342441428877,4.29975815791379,5.92055824527501
ceh-37,0.0310450582716878,4.91730383743167,-8.28264755445553
cep-1,0.0000464785828533389,6.47913040707146,8.46558150694257
cey-2,0.0266882769036542,8.81566967946535,1.5192518545036
cfz-2,0.0444880203182485,4.57113034433765,-7.89732988906934
chin-1,0.000833586083098089,5.28284250696838,7.80255549352115
cki-2,0.0342724761111361,6.47497145260057,3.77524387818814
clr-1,0.0154060956332189,6.36910615385392,3.44580426945599
cls-2,0.0273108742295321,4.73580283458352,4.02746986646411
cnk-1,0.0409923447374831,3.6170080798566,4.2324785470953
cogc-6,0.000161327740955095,5.83727169993174,7.35137293025657
coq-8,0.0408152696402298,3.47948258035932,6.21138506951926
cpg-2,0.00877023302525431,5.82595877832649,5.67701304734423
cpg-4,0.00141711030475678,5.04509032620626,7.74647386619381
crn-7,0.029617010371529,4.95107079079707,8.32068716790359
ctns-1,0.0302298913976522,5.38924531130099,5.75827842987503
cwn-1,0.018598071428135,4.64142639592055,-7.97590098544918
cyb-2.1,0.0236383137183699,7.69764001127959,2.18794974513174
cyld-1,0.0254731422559751,5.91116902185735,3.4353623084544
cyp-29A3,0.0483870803657581,4.49560936692415,-7.81189505354125
D1005.4,0.0254027270911006,5.63017389950221,-9.05045233175322
D1007.5,0.0000895123889522264,6.30165381936237,6.98105192434243
D1044.6,0.00156813179647255,5.04599552239151,7.53553951179835
D1054.17,0.00896683920927279,5.65560105038455,-5.88342212068019
D1069.3,0.00217374368754803,5.1585104588743,6.16847224120541
D1086.19,0.00128511121175892,5.45035971490999,-8.85971594287651
D2005.4,0.0464982607335103,6.79231096727641,2.20223408140441
D2023.6,0.00150922065928375,5.27899364617745,7.8132770042963
D2096.7,0.0273149426717243,7.7604669380195,2.86736971063732
daf-4,0.0364672188912961,5.91376055588309,4.02611705127524
dap-3,0.0208302944646629,3.79357427168073,6.97868029167541
dars-2,0.00127608331380185,5.34321372429793,8.74578505556342
dct-13,0.00919045005376181,6.9983873298498,-3.16811056441644
deps-1,0.0174708932231963,6.86187137000424,3.11454775349546
dnj-1,0.00492868866829646,5.39366344312148,8.79973891512605
dnj-16,0.0182773567300919,6.99440856155142,3.29293268813603
dnj-18,0.000825810904400635,4.80542807746572,8.15964577657537
dnj-26,0.0122365401046342,3.99851894022104,7.23200839063213
dnj-28,0.00000258070417438489,6.50932095965941,8.3571801962609
dog-1,0.0237999453000638,3.87079477571923,6.78778799755947
dop-4,0.0263354823286431,4.30982092119771,7.59997273307723
dpy-19,0.0109441551568199,3.94604585971276,6.75360286040412
duo-1,0.0315386423616079,4.05463715839657,6.80519412194757
E01G4.7,0.0000104153142961993,6.98842839529204,-10.4595014766467
E02H1.2,0.00267153263652159,4.25412498487882,6.913144538775
E04A4.3,0.000814164910572089,6.25818386873342,-9.70801677388332
E_BE45912.2,0.000568125081247316,5.40508252151869,7.80068477824174
ears-1,0.0119311828053026,4.2520851976996,7.14582535667671
ech-3,0.00897146524119391,6.08081449637314,4.6911117209766
EEED8.10,0.0439404319457874,6.60958072553987,3.10137042638039
EEED8.12,0.000748721037653204,7.21905570059283,-3.89312314973947
EEED8.13,0.0147199170005059,4.75883863669013,8.10859610165327
EEED8.16,0.0227694585416568,5.62896926070818,4.46171890860728
EEED8.4,0.0218996033537759,7.39355613287243,-2.44700133640467
egg-3,0.000014462032507687,6.00650564648878,7.89599473089376
egg-4,0.00921950287026391,3.25687883895696,5.89268436013465
egg-5,0.00316081964185593,4.00546539449055,7.23976709554039
egl-26,0.0476845236704752,7.71923186987977,-1.50618324709701
ego-2,0.0230251724072855,5.99091975748323,3.13478569507801
ehbp-1,0.00416210331492019,7.0831466331047,4.03639088138415
ehs-1,0.0377586760593247,5.31965724243475,5.1075085651659
eif-3.J,0.0423414080212467,8.19307676613225,-1.26525804686833
ekl-6,0.0195860908381514,4.04857019877429,5.28653205930717
elo-1,0.0295921494796855,7.62789548182064,2.45957942720654
emb-30,0.0498038332401522,3.78566371329579,6.97045760977564
epg-2,0.0191610352527446,6.98507217702817,-3.85603792263452
epn-1,0.0198232752038244,6.11376053930883,3.50660566040473
eri-3,0.0277598521233115,3.72956096721175,6.90136104879293
erp-1,0.00317676379507925,5.1306229503831,6.44920329798917
etr-1,0.00073967289708017,5.57496841071738,5.98495372352426
evl-20,0.000018505272011566,5.94129051469858,8.28396534180132
exl-1,0.00188765200074563,5.40924514774169,7.86793451799509
exos-9,0.000224210097244983,8.67005636278712,-2.64849410711182
eya-1,0.0491312542768753,4.66446649249719,-6.20524685899408
F01G4.3,0.0043388735522833,5.21448569244165,5.21651098223888
F01G4.4,0.0327635590266143,4.4490053177065,7.76107738233993
F02D10.6,0.0105060465603177,5.09982180522269,8.48322252428192
F02E9.5,0.0390917437792075,6.57113905281902,3.30793361095374
F02E9.7,0.000935123874301482,5.24215969002694,7.29753469619654
F02H6.4,0.00481603536287739,7.3085416929518,4.50293536978781
F07A11.2,0.0445231430814335,4.73465565168717,7.50821250372067
F07F6.4,0.0103710001608618,3.27695803765406,6.30252407951568
F08G2.11,0.0292125647429948,4.10786305021409,7.36370568409743
F09E5.16,0.00217070910107132,6.02442820370381,-9.46478318448994
F09G8.3,0.00464751980983209,5.4035476202152,8.81027394240746
F10G2.4,0.046139497331525,8.43369096598559,-2.96379949591573
F11A10.5,0.0219976203367559,7.82329149275653,2.05162949839754
F11A3.2,0.0293916442228555,5.400578166194,4.88735697909922
F12E12.1,0.0142766753803209,8.47962955798685,-1.83570377965601
F13B12.6,0.0340391887365667,5.21125755415529,3.66629863430252
F13C5.2,0.00633048226074285,7.305521919354,-3.44181146099199
F13D12.5,0.0000432573260525702,5.74083248141747,8.19389206321781
F13E9.1,0.0102840707287819,7.08180447691145,4.03429325015467
F13G3.6,0.0489197187639994,4.98793631194675,5.30302934939051
F14B4.2,0.0109269680713841,7.00427781116232,2.98040301746307
F14B6.3,0.0000696524629492569,7.89903941700279,-5.22242277954515
F14D2.15,0.0422658537086914,3.31171842468232,6.35262117106277
F14D2.16,0.0216826786545404,5.75261076447781,-9.18047633240788
F15B10.3,0.00000229297383578201,7.25454071766961,-5.42652612990284
F17H10.4,0.0183467504961826,5.85842454150893,-9.29104558361003
F18A1.6,0.00971621897540056,6.47325057526378,3.86169390914194
F18H3.4,0.0244959441760367,5.90956386586264,3.60005419744587
F19F10.1,0.00931835173528789,5.3577313224623,-8.76041879617748
F20H11.4,0.00527701737557593,6.4742161827317,-9.34538044266178
F21D5.1,0.00828932006263194,8.44065762698094,1.89291895914324
F21D5.4,0.0377737532954707,3.88331468360427,7.09157469660377
F21D9.5,0.00262348908844573,5.42010550843847,-6.80981837555734
F22E5.17,0.016589350747373,6.92530619468571,3.6658459796386
F23H11.2,0.00734923591847448,4.84230935254926,6.9406315908377
F25B4.1,0.005273910244891,5.20827924543347,8.01067658908513
F25B5.3,0.0370433986378976,7.79079389406336,2.18686728272167
F25B5.5,0.0223094475753565,5.17668429650145,5.51927284949809
F25D7.4,0.0217134369509476,2.82574192094062,5.27726463878636
F25G6.8,0.00147606423286802,6.07918731674444,7.04785947941926
F25H2.7,0.025339788980142,4.65871861209259,5.69769697005489
F25H5.10,0.0132489700294538,5.58446538428949,-6.75833170189265
F26B1.2,0.00000966068559918254,7.44801357917483,6.34211836885952
F26F4.6,0.0187995475884592,6.87873380085243,2.88909023095646
F26G5.1,0.00402102170094989,7.14965949783542,3.62385671086817
F26H9.4,0.00614152536853479,3.91282494282664,7.12792161966581
F27B3.6,0.0471721725820465,7.05027393532366,-3.45580510905958
F28B3.5,0.000565875085468137,7.63549936051486,4.91580952963174
F30A10.1,0.0111162686250998,4.79747808137767,8.15157230318902
F30B5.4,0.00000986974357820374,5.73479300022568,8.68189943661259
F30H5.4,0.00821406824381688,5.72113643959209,-9.14656854962368
F31B9.3,0.0000117987026461511,5.8198814079116,9.25109067030901
F31E9.10,0.00257967865405585,6.45756368418612,-9.91430163493457
F32A7.4,0.00532429630859854,7.00900256628022,3.54989920728824
F32D8.12,0.0142840742292208,5.00447779428983,8.3790453410826
F33G12.7,0.0390087611052733,3.27330405558939,6.29978174770021
F33H2.2,0.0165348261024443,4.72456158604088,5.59248986710627
F33H2.3,0.0105981606705496,8.46546518232265,-1.99133386151092
F34D10.3,0.0202026310415981,4.53348594531705,7.85539707463251
F35C11.5,0.00781262538820824,5.6811056548149,5.51745997800512
F35G2.1,0.0344229281503306,7.5863779971669,2.87338518757764
F35H10.7,0.0372740646746011,5.49802267222249,4.72816550393027
F36D1.1,0.0014191018032798,4.67938995220065,8.01979722486871
F36D4.5,0.0366982958308975,7.54238352230072,1.88375567686897
F37A4.1,0.0000300258445162689,6.08066507366611,9.52401842523369
F37A8.5,0.0398123471790237,5.28580679159452,-8.68318547191584
F38C2.7,0.000886817767443929,7.30109433659395,-3.49244900170305
F39E9.16,0.00371116159143888,6.78388591452817,-10.2500669843298
F39F10.4,0.0154650654343475,7.72388752955258,-4.14479454193325
F39G3.3,0.000022074414627699,5.96863579766145,8.64924340557966
F40D4.17,0.0244942082659149,5.66923713242407,-9.09167389882757
F40E10.6,0.0121368624815422,4.92502626782253,8.29220118713292
F40E3.2,0.036632393165703,6.98259559373049,2.51625151771919
F40F8.11,0.0420263506836858,7.12410600550098,2.34181239074381
F40F9.7,0.0113554292951248,6.98525276171121,3.67963405706347
F40G9.12,0.0000396430428500536,6.133063805905,-9.57824257582004
F40G9.14,0.00553576350015368,5.1885362450706,-8.57829007546857
F40G9.18,0.0203730166326927,6.63763042590569,-4.33219477501163
F40H3.6,0.0415808668729831,5.2572697483845,-8.6522098952578
F41E6.9,0.0000905263442543902,5.95457166515012,9.39236939065634
F41H10.3,0.0207211459478068,5.19050842792228,4.34043148564379
F41H10.4,0.0101860415283436,4.77025308459364,5.77639730878394
F42G8.10,0.0493778457234129,8.72724775032917,-1.15807015150387
F42G8.8,0.0174486926099985,5.31513605670843,-8.71448567423389
F42G9.6,0.00990898492171605,6.42396881218897,3.36802609258144
F43G6.5,0.0159363786099324,7.35060896096597,-2.96225641556493
F43G9.3,0.0265589595162759,4.27023565510944,7.55096993018831
F43H9.3,0.000233713653463798,5.81431107629755,8.43148107546258
F44E2.8,0.00221652761136723,6.6273523513545,5.03215357991748
F44E7.4,0.0177664393604409,6.82355667112658,3.36919359955697
F44E7.9,0.0478630802451731,6.77614358080601,2.31105845020124
F44F1.5,0.00399366548521966,6.444377107125,-4.91407137715992
F46B6.6,0.0134900493105195,4.27642518102701,7.56022702412475
F46C5.9,0.00000486793213598646,7.54349736775527,5.13730587497225
F46F11.10,0.0119860334919928,3.80029317093381,6.98929847367003
F47A4.5,0.0176672214084812,3.99405284426275,6.97470793462162
F47B7.2,0.00720057724068472,6.23489479671561,3.64865284829691
F47G3.3,0.0340914639702278,4.24396090337141,7.52268032090606
F48C1.6,0.042077493875659,4.24066276249244,6.65272212934365
F48E8.6,0.00086339972670936,5.91081671276626,5.74871184382055
F49E12.6,0.00825453603767371,3.62232125741792,6.34783519919555
F52C9.1,0.00881957570425368,4.25002068570562,6.02192449685155
F52D2.7,0.0289923494106066,5.78084496455772,3.98148337942426
F53B1.8,0.0320409360656537,4.033228295048,6.98585267842885
F53C3.11,0.012667426898288,4.78257118634549,-8.13421054765546
F53F4.12,0.00818778545513275,6.59297658439474,3.85415850018321
F53F4.3,0.0320565432713669,7.30617798969895,1.86334548553025
F54C9.9,0.0491221156800168,6.20344477530132,2.46761164141417
F54D11.4,0.00954718648211647,4.21603867613986,7.49038069556852
F54E7.9,0.0228270855062658,5.5959084944504,4.68207338054314
F54F2.9,0.000907746719332735,6.05343267435736,5.75399851775689
F55A11.7,0.00019787732636209,6.23954054172473,6.50783053601025
F55A3.2,0.0171555510994931,4.31914355572765,7.1800381726358
F55C12.5,0.0159920151196426,4.21250741162871,6.64748637916678
F55C5.10,3.60837621964882e-12,7.60839068405863,-11.0905827580022
F55C5.15,0.0117473754493929,6.11723145035489,-9.56164377350768
F55C9.14,0.0156088084913109,6.92447520089957,-3.79860589665656
F55D12.5,0.0140485288362264,4.44753971231045,5.67096623370764
F56A11.5,0.000003354001957787,6.69712007059878,10.1613681603857
F56A8.8,0.0113441298937626,8.38205037409717,-2.20676798273132
F56D1.1,0.0164836576343973,6.7446856557039,4.21044621076437
F56D6.13,0.0370317340658419,5.35061386471398,-8.75266661287473
F56F4.8,6.54060564355166e-14,8.18031275399444,-9.22024774394896
F57A10.4,0.0178052771275858,4.45309036122203,6.65042868009059
F57B10.5,0.0382836776958922,6.84533487263441,3.22698481506254
F57B9.8,0.0295571879220924,4.25546652317665,7.53493973254676
F57G9.3,0.0037712165329343,5.75262811777075,-9.18001697271475
F58B3.6,0.0435644556030009,7.7686374623186,2.05014304042192
F58E10.7,0.0183890775398769,5.09504632640581,7.26822940786347
F58E6.6,0.0209914963342041,4.43303142192403,7.74238317359994
F58H1.7,0.0330457665896644,4.98843293387081,-8.36061386777175
F59A3.12,0.000600093882786996,6.0820038315743,6.38411974200831
F59C12.4,0.0011472546385094,9.13153874567718,-2.55759957254013
F59D6.1,0.0225761291291655,5.05121445912029,8.43027478741411
fbp-1,0.0114288898373705,6.17039413859232,5.97710844630666
fbxa-107,0.00703182309624156,4.24340355519929,7.52243041318859
fbxa-123,0.00911589677476675,4.52790907244687,7.84945251266727
fbxa-126,0.0337445529155008,5.41450158351663,-8.82116398198556
fbxa-167,0.0425739717604357,5.23657431623925,-8.63015961867579
fbxb-104,0.0338306234719053,4.8174278761533,-8.17327294342749
fbxb-105,0.00315714690735653,6.13283934615329,-9.57782253450472
fbxb-117,0.00190492232588565,5.65952764623308,-9.08155265613922
fbxb-118,0.00404195542533676,6.01395098215657,-9.45428115152354
fbxb-119,0.00772626564531247,7.79897143033518,-3.23951070560942
fbxb-12,0.000362166934166896,6.19493166792612,-9.10312128637651
fbxb-20,8.76856243255363e-7,6.4856303622523,-8.38192996633313
fbxb-22,0.000507395850616238,6.13618339790683,-8.74679087311826
fbxb-24,1.83627282705514e-8,7.46385138472588,-10.9438661596004
fbxb-3,0.0010989295556989,6.10108830126083,-9.54475889024535
fbxb-31,1.49857945657914e-8,6.9684964637614,-10.4391510790619
fbxb-33,0.0187973736400138,4.47784393568635,-7.79116228860256
fbxb-37,0.000013109952228179,6.40338905914184,-9.85853706639685
fbxb-40,0.00865743671520948,5.67566663427241,-9.0992076700173
fbxb-41,1.83639032566857e-8,7.1904502599467,-10.6657142231338
fbxb-42,4.31104589156402e-7,6.97108940602383,-10.4417771267696
fbxb-44,0.010175379930124,4.2459050378727,-7.52332378908313
fbxb-46,0.00928320076825944,5.63575711634018,-9.05627399066282
fbxb-47,0.00000598202825285124,7.03301825980296,-10.5050711929183
fbxb-48,0.00452459935362812,5.31981200513863,-8.72014433650827
fbxb-49,0.00347769863499094,5.75882977304935,-7.89229087595305
fbxb-50,0.000222383347775934,5.66874423370196,-8.41648050848913
fbxb-51,0.047927400803809,2.98888145967672,-5.88024668803751
fbxb-53,0.010577890354606,5.72251400754817,-5.81714920054507
fbxb-59,0.000462563008313051,5.88733741276509,-9.32153764423406
fbxb-61,0.00876534696819987,4.84895716737337,-8.20752745406694
fbxb-63,1.32141379641788e-11,7.40981197529337,-10.8889511071689
fbxb-66,0.0457504547267748,3.11906156240986,-6.07446253405559
fbxb-68,0.00188266534185876,6.33520841640635,-9.7880109862805
fbxb-71,0.0130041630189292,5.37524060338966,-8.77971464176377
fbxb-72,0.0286943670121692,5.54671569038169,-8.96276723255517
fbxb-81,0.0045061617372948,4.20942711551019,-7.48114620934638
fbxb-82,0.0156529718411858,4.19895994737163,-7.46928508847681
fbxb-83,0.0000251806910907433,6.3698054757835,-9.01805473735601
fbxb-84,7.25328316015113e-7,6.4992964411035,-8.73223087190516
fbxb-85,0.00420568905361094,6.69801939286968,-5.25669497384631
fbxb-90,0.0296009313765508,4.93327692951188,-7.51665459516044
fbxb-91,0.00069148807409392,5.71482078361421,-9.14040957093455
fbxb-92,0.000261305854333362,5.8678853930345,-9.30136570176651
fbxc-18,0.00918046265248334,4.70893260295294,-8.05265579432456
fbxc-21,0.0290512460289205,5.14094342374754,-8.5264805199547
fbxc-28,0.00414190885916259,6.60133123058028,-6.07862400167135
fbxc-32,0.0126999494930007,7.45945015679279,-2.52863468714861
fbxc-37,0.0100212431123138,4.74963262224989,-8.09694299259344
fem-1,0.0428532852151789,6.63509043064508,3.28526816914355
fkb-5,0.0239158922820008,4.37022810099284,7.66977419440545
fkh-5,6.61357341463294e-7,7.27769591563578,-7.81037878999711
fkh-7,0.00391353311648097,7.21040123176459,4.65832546225552
flap-1,0.00133268485789616,5.16109815985687,8.54882410609653
flp-18,0.0205965289200083,5.09017705724814,-8.47154295531493
fncm-1,0.0336358198167875,5.20527586317722,4.13663117812108
fog-1,0.0386112672640075,4.75826596084881,8.10902735115758
frl-1,0.0422063449465777,3.58396889502709,6.71420564257963
frm-10,0.000587297130646887,6.43752012655164,4.58740536430928
frm-7,0.0105346500086058,5.80094411136482,4.29204238954318
frm-8,0.0288999725217947,4.94078293997656,-6.45618693802898
fut-3,0.00372051469871237,7.9546973696428,2.47898373655016
fzr-1,0.0348059853310139,4.82297832753032,5.70334633628186
gei-14,0.00689007032076919,5.32078200690992,5.04565487849429
gex-3,0.0000831488958392316,6.03950767360498,6.92011609736706
glh-2,0.0308493127628099,5.6483692783696,3.32584172274034
glna-3,0.00239235821916646,5.35418760064759,8.30917405571268
gly-3,0.00198464389331792,5.37182390800656,8.31169155634018
gon-14,0.0377192335139865,6.67759555801682,2.74635166629604
gspd-1,0.00257108359923531,6.17467755454524,5.18246756388743
gst-32,0.0292337807693676,4.05321480359418,7.29738385500367
gst-44,0.0000702417662999369,6.02589702727093,8.61650812332765
gsy-1,0.000259228941318025,5.03429127065504,8.03309562791082
H09F14.1,0.045573663488362,5.21053846770785,-8.60299308156827
H13N06.4,0.0055765796280722,5.42981055206974,7.74003355850877
H14A12.3,0.0196517696931862,8.07751718040409,2.64291063978769
H19N07.3,0.00307463988776321,6.07217663267698,5.99235150101492
H20J04.9,0.03486593172053,4.4829410208281,7.79802266112429
H24K24.4,0.0465686297883656,4.08747330904639,4.21889585880841
H37A05.4,0.0267972620994149,6.60696204979915,-3.20361406117148
H43I07.1,0.000073859637473668,6.00873255659317,8.60790754458068
H43I07.3,0.0482604520356848,6.56037071218217,3.02307554055614
hap-1,0.0000762173733026791,5.42823522285742,8.83607663198784
her-1,0.0284310753806362,5.25807402420541,-6.09346349645545
him-5,0.00566675451967465,6.24420465367299,4.59795160766328
hip-1,0.00995605481331375,4.7637807411987,5.97839910477421
his-24,0.0248458398712116,5.18372510261191,-8.57282307225018
his-37,0.0200083746862322,8.41137160020913,-1.61371628067638
hke-4.1,0.0446992488166181,3.66303438583415,5.54218842817415
hlh-25,0.00014392808458743,5.13448775434681,-8.51978173446737
hlh-26,0.0000341641620952314,6.48058605181699,-9.9381403701338
hlh-27,9.94074034355686e-7,6.10760412709006,-9.55164388172991
hlh-3,0.0335865194642482,6.90897282704569,-3.36060466541452
hmg-11,0.00000106282259765961,6.66051519586715,-10.1234346175917
hmg-12,0.00689312575064875,7.84023692031783,2.66601033911098
hmt-1,0.0162052307821129,4.57548224394056,5.22740323626536
hpr-17,0.00184533554134641,6.51689229246529,4.17276371128791
hse-5,0.0198821516809762,7.22641698556347,2.43136063311185
hsp-16.41,0.0244655116256626,5.01759156112691,8.39406683084572
hut-1,0.0152514656798594,4.34532231984507,5.92061610892397
hyl-1,0.000038599257870919,7.50892709670521,4.70400954816991
ikke-1,0.010407486702428,5.9795542017835,4.5846262943518
ile-1,0.00475847910853576,6.81403968398009,5.05683967444828
imp-2,0.00331231427134178,7.49920137494088,3.2675182138009
inx-7,0.00150742329757649,5.35343339032824,8.29416579643072
ipla-1,0.0214095964378225,4.46514065487691,7.77814373211712
islo-1,0.0282684174120678,4.88144814575362,8.24505498293879
jmjc-1,0.0396618204542823,3.83494227547569,-7.03044170943109
jtr-1,0.0122348275914458,5.50484910557465,6.00127934546397
jun-1,0.000314709026773072,7.81740346617187,-4.5092485184653
K01C8.6,0.0459821164827326,5.90142237960885,3.75860323931563
K01C8.7,0.00157138266300682,5.58229817602801,6.36416237723808
K01D12.6,0.00000328787051382718,6.63545645047677,8.98222167948473
K02A6.3,0.042480189692704,5.20908552440173,8.60131448496347
K02B2.3,3.45394647066057e-8,6.63939608096566,9.34179926273125
K02E2.11,0.0435369124674331,5.93858367842217,-3.50343655479985
K03B4.1,0.000926292713509225,6.66275894691392,4.99758039467791
K04C1.2,0.000170274365319562,5.40733560743596,7.61464886475435
K04C2.2,0.00146493770771798,4.48033899710836,7.25081100695433
K04F10.3,0.00000260564618668384,7.75521233007928,6.64061217812109
K05B2.2,0.0417549800405507,4.60522333654956,7.93611483446912
K05F6.4,0.0383683724785427,6.2100051618622,-3.70190117981248
K07A12.2,0.00114326191654109,5.76903169759747,6.12163120178072
K07A12.4,0.0298012102779376,6.25250517239314,3.92175389969048
K07C5.2,0.0446825203105194,5.84446465301297,3.8186407729986
K08D10.12,0.00284298326773714,4.9956302088042,8.36907438371167
K08E3.5,0.000296553517575421,7.28621942443025,4.78592159262799
K08F11.6,0.0389803772920647,5.31220788601942,-8.71131630427168
K08H2.2,0.0000266984881494755,7.19761059518223,-8.4478596523971
K08H2.4,0.000526811548547229,5.89058959511889,-9.32484033162144
K09E3.7,0.0140752129730321,3.64832234270391,6.79661516516874
K10C3.4,0.00512456158702682,5.13377834274632,6.96201340203823
K11H12.7,0.0120933963807212,4.81355120304551,8.16742002974244
K12D12.5,0.0032214735010716,4.94584233417024,8.31564033639624
K12D12.6,0.0217414312585722,5.05420209024691,-8.4323402342506
K12D12.7,0.0448249087898754,4.55017278652461,-7.87292636575202
K12D12.8,0.0459657375965341,4.55859208139742,-7.88230740655415
K12H4.5,0.045295154334931,8.22003491029374,-1.39014761585378
kars-1,0.0323881195770481,7.6607965110748,2.01686088644155
kel-3,0.00330800680615652,4.9639749134074,6.17236595482305
kin-34,0.00206527350908733,6.38710581514152,-5.44777202647492
klp-12,0.00902919086323267,8.03052560932105,3.03479763093749
klp-7,0.0404632338110124,3.44453171863972,6.53317808448771
lact-3,0.00793006498639237,4.9674784063919,6.75441952881029
lap-2,0.0000270195670869174,6.64026462907193,6.62221005938827
lec-1,0.0264983157318751,6.25715977166487,4.12616590039763
lec-4,0.00130312401174994,5.87005173111143,9.30370033878058
let-413,0.0101167432239158,5.38104124725381,4.14125510118719
let-60,0.000245360936998867,5.80641038441235,8.21958290885691
let-607,0.0446996360979903,6.47469803996753,3.10599646383803
let-711,0.00563793692031001,5.40823516691966,3.80558109862197
lin-26,0.00206116057441734,7.30149724207178,3.6889464253891
lin-37,0.0197733500238008,8.19184283587706,-1.45748577740109
lin-44,0.0142266455451929,5.43391441884035,-8.84172648813109
lin-45,0.0036343262819528,5.76967618581685,5.19317554221285
lip-1,0.0128718765191685,4.35536636304857,7.65176012045926
lir-2,0.0202735636845469,5.56778785354644,3.62106082498932
lpin-1,0.0157438544968115,4.61924570695431,5.57069213017595
lst-4,0.0302694579288085,8.0471816955163,2.74894467116792
M01B12.4,0.000125796717832584,6.26118392950471,7.00660121744829
M01F1.8,0.0184739438226052,4.50522885603749,7.82183813676568
M02B7.2,0.00116808523196821,5.15224900167639,8.53968879787262
M02E1.1,0.0220316289269588,4.80674843534196,4.24341270009607
M116.5,0.0271751939052139,3.80770750027995,4.62144793664896
M117.7,0.0437445331324974,5.22191996818661,-8.61422619978266
M88.2,0.00707430578987623,6.13383663715036,3.80097337745444
math-34,0.0128006709914824,5.68085137162666,-9.10395861126933
mboa-2,0.000362392047348102,5.47386758217313,8.10867111021981
mboa-3,0.047907788000484,5.30300443846431,-4.39751189697993
mcm-2,0.0180836843173153,8.76200505505606,-1.48030029460829
mdh-1,0.0363532516828446,4.58346103353446,4.92898318272886
mec-8,0.0288723374234905,5.5426327603647,5.08345416604758
meg-2,0.000522650234468428,4.74548776136144,7.7863137996613
mel-11,0.0357051844403545,5.43996784777146,3.96375143138003
mel-26,0.042339786226995,9.09317031938276,1.42881538868182
mesp-1,0.0145734460885339,6.38831405840689,4.35315037285238
mex-1,0.0254130951672044,8.2066971544642,1.51169405396363
mex-3,0.0460188000787372,9.32900638243406,1.47607172357978
mex-5,2.79006467130111e-9,8.45725429446701,6.36034108226883
mex-6,0.00640160082556933,9.40477175615976,1.5959482675192
mff-1,0.00433539625852422,5.35479752362126,8.75785845647672
mff-2,0.024315439204841,4.56305264634619,5.04888823098986
mmcm-1,0.000830317801975477,6.18031993357439,5.61665265733833
mop-25.2,0.0011320894783623,5.06098050005192,8.44107991918479
morc-1,0.0450748828862102,6.28269145954641,2.65302596268066
mtm-5,0.00649392281273725,3.6321499140736,6.56347837668327
mtm-6,0.00861703864951023,5.00613118874607,5.17766739089363
mtp-18,0.00983300310672955,5.1265795029239,6.73080637808509
mtx-1,0.0344707727120531,6.84877734192089,3.34585880453249
mut-2,0.00900101242504416,6.52314308690334,4.54274023971644
nab-1,0.000325504167062864,6.36833192775264,9.82203531323705
ned-8,0.00449078268423759,8.24575078768332,-1.93403178095434
nhr-100,0.00475866386895922,4.82718066699753,7.58072391511656
nhr-104,0.000374956476186428,5.97656157036644,9.41549563512669
nhr-138,0.0478356735776179,5.20797718894911,4.30471988261605
nhr-2,0.0455940357395254,7.56725900714675,-1.66892915819422
nhr-256,0.0492089098445751,5.98919958411731,3.09540399536647
nhr-35,0.00749874045894209,4.56888079888438,7.89600737302828
nhr-66,0.000177408812706926,6.33152707208449,7.61297028904056
nhr-71,0.0011555699636382,6.07765119770358,5.62286796943038
nhr-84,0.0260222321829631,4.27762189407928,7.56159253637039
nhr-86,0.0100238860513582,4.85436150279166,8.21470283374751
nhr-94,0.035714248087289,5.33747651196866,8.73944277681375
nkcc-1,0.00884561701296512,4.01843530386333,6.94730999212088
nol-9,0.00110597126182328,4.82499278693324,7.31719649449417
npp-9,0.00419021269918578,7.16213838587987,2.72868714526407
nra-2,0.00000587013009494162,6.68353039022313,6.93054921780628
nud-1,0.000122996233352959,6.51679895332906,6.45935953445095
oma-2,0.0176782122585264,7.71099845651127,3.00931798215404
par-3,0.0410357441998212,5.64926082345007,2.95154822106639
pars-1,0.0031259738776976,5.81085671024237,5.23814138774544
pas-6,0.0397192078864467,8.41405068287277,1.60628620310506
pat-4,0.0259737781382332,4.82073423635358,5.66104384033252
pccb-1,0.0469571936882503,8.63029999383921,-1.31284801607786
pct-1,0.0171623671712274,7.3006938400066,2.27575032559485
pes-10,0.00169413665401844,7.86517237209473,-4.28122990871716
pgl-2,0.0000588629864557737,5.67764742842338,7.59001962140703
pkc-1,0.00558685411708363,4.3500416739895,7.35769887066237
pkc-3,0.0434267253347111,7.43670257077162,2.12577069342664
plst-1,0.00457275605620442,4.58589816575487,6.55702457578692
pme-5,0.0309218813827487,3.73452446111936,6.49418751687329
ppgn-1,0.0180637178717553,5.47467250965322,3.5547833195332
ppk-2,0.0113294232532691,4.18801879189055,6.67625946640406
pqn-10,0.0342502261125542,4.78487844684733,-8.13662721465711
pqn-89,0.0279948201909376,4.1815157626995,7.44662877863737
prg-2,0.0250732188099997,4.43734583191781,7.74767877226925
prx-14,0.0110136396724756,6.38785026375551,4.56802407336993
psd-1,0.000163887590744757,5.47650186734455,7.92562844114379
pstk-1,0.0319391542313323,3.98001046827954,7.20779720437758
ptr-2,0.0090823581282174,6.31516954797043,4.59680427688355
puf-10,0.006635515932319,4.1449677375536,6.44892834935693
puf-3,0.0157245301506753,5.21604483375063,7.09410418436863
puf-5,0.00872438995154651,7.4312828400506,3.43707816351377
pzf-1,0.0330079531664188,4.24128119041706,7.51878398968752
R02C2.1,0.000877037770824372,5.55820044839125,-8.97413002159987
R02D5.8,0.00611480920767825,5.69453556570556,6.1024536095739
R05D11.5,0.00646387195853113,4.75657978987331,8.10449366996533
R05D11.6,0.022016329662371,6.11722321275483,2.72005570337778
R05D3.12,0.00769439813600914,7.37993500297547,2.79524911414146
R05F9.1,0.00722868515273289,7.0459860858707,3.91222054243472
R06A10.4,0.0456077291339568,5.03917386862868,7.88718394308805
R06C7.2,0.0286895602517572,3.75843127872719,6.93676131655817
R06F6.12,0.00231086403603214,4.7419466930349,6.7305207632522
R07B7.4,0.0457635465145855,4.55552147674288,-7.87962005161809
R08E5.2,0.0115402098059542,4.78783163593544,8.14088141442232
R09A8.1,0.0494609748041574,4.43023768345357,7.73789888971195
R09F10.8,0.0340938621708192,6.94163417240304,3.33043899702766
R107.2,0.000303936354640826,5.41665632633283,8.82356566907181
R10E11.6,0.0241508600069305,5.20427386424231,5.75310813908578
R10E4.7,0.00807530087677128,5.37790313622568,-6.2588156928865
R11.4,0.00086446112571041,5.88689600548581,-7.3584355908923
R11A5.3,0.00675470425694719,8.49949045458572,-4.12437054209135
R11D1.10,0.0310639095451072,3.79028153044032,5.57423469334923
R11G1.2,0.0119691126679357,4.84401060218272,8.20149475392167
R144.11,0.0208707515904539,5.06894132904926,8.4499822856707
R148.4,0.0371388659811998,7.55437109340636,2.87911885934781
R53.1,0.0010143739305175,6.47121846362097,4.54279941864927
rab-21,0.0108331016133257,7.10394574464676,3.31869707846029
rab-6.1,0.00322719089481258,5.1345059545294,7.42636634460898
rabs-5,0.0369100975763857,3.97721857229562,7.20621901694781
rabx-5,0.0480708281942246,4.53975021162697,-7.86118199059646
ran-2,0.0406678525073525,6.58112058584263,2.14902358527664
ran-3,0.0276377080675927,7.51967579314801,2.08040807203061
ras-1,0.0429701002806422,5.21563764096797,8.609319029554
rbr-2,0.0299430166195667,4.02374318362373,5.0816119808156
rec-8,0.0388946990232527,5.47555313477117,4.70033879462546
rev-1,0.00733323156298678,5.82756403510648,4.20546144789037
rgs-5,2.68210649898548e-7,6.5107252646569,9.22766258385229
rme-2,0.041893660534316,3.89863080831428,5.091862255946
rnh-1.2,0.039807082452414,4.31169454292771,3.97558091966774
rop-1,0.00680049889100047,6.40609444444506,4.26479847384684
rpl-19,0.00177355586478441,8.08604065136737,-2.80169119188515
rpl-23,0.0342198695292477,8.42444666132241,-1.60481488094088
rpl-30,0.00708171378971321,8.37261810523867,-1.95687440099639
rpl-43,0.0174513203667697,6.87794293603336,-2.85251995013777
rpl-7,0.0398495943768011,8.52222719668626,-1.28665871860118
rps-15,0.0455133593675001,7.53978932606901,-1.844759425422
rsa-1,0.0476033438502537,9.58174481149501,-1.05831718982062
rsd-2,0.0476596547158592,8.11710341042343,-1.53462636806309
rskn-1,0.013162935250483,4.28665536565844,7.19498985261737
sago-1,0.0384445628281631,5.28472552332325,-4.68566294749299
sars-2,0.0467460401473717,7.03638759087988,-2.77605392303715
sdha-2,0.00043321592042279,5.73904491193528,7.64109706236135
sdz-12,0.013222548673191,5.02896671947408,-8.40568512937034
sdz-13,0.000172918874692915,6.47968530119423,-9.93728498884254
sdz-15,0.0000144902848773955,6.5858706170534,-10.0467661813142
sdz-16,4.71077003609865e-8,7.58515299809893,-11.0670090732947
sdz-18,7.94141528329455e-8,7.02684827798468,-10.498793844197
sdz-2,0.0171677381368852,5.38142588090784,-8.78568612459728
sdz-21,4.43985816569403e-10,8.10876246236875,-8.2111850005256
sdz-28,0.00416078231780466,5.70194679839091,-9.12657513680148
sdz-30,2.9674808809896e-8,6.67840404640287,-9.62821224133674
sdz-31,0.0211761572494161,5.37710265177059,-8.78093523034367
sdz-32,0.00683278098314713,6.43075241996257,-9.88660836725342
sdz-33,0.0000010358077979831,7.29576546120601,-9.83871695363545
sdz-4,0.0000377054409924247,6.46993455899865,-9.92724234380235
sdz-7,0.0019415967869016,6.42583480118049,-5.76449577223297
sec-23,0.0261959740745519,2.76462484127174,4.72126415949639
secs-1,0.0000018410408605483,6.19434403616198,9.64219976728803
sepa-1,0.000983086338309869,6.73111014890238,-4.072296433533
set-12,0.014913007444368,5.52920909554381,-7.815048523114
sgo-1,0.00505706988551532,7.17582339216705,4.17746116351694
shc-1,0.0440530950754319,4.04383369045942,7.28571353414323
skr-12,0.00382967308923717,6.72421810553662,-4.98341328331033
skr-13,0.00000840539212342832,7.68518383012834,-4.77299256480515
skr-14,0.00597890864472495,8.55882673937857,-1.59878334661786
skr-7,0.0386363515483958,9.31423997721282,-1.20505451880919
skr-8,0.000199992450189511,8.51183714787948,-3.59135776240533
skr-9,0.0001456174208609,8.39793099139629,-3.2333047909287
smc-6,0.00605685583067666,6.10452375289353,4.01779181558185
smg-8,0.0193092160905306,4.55411681017045,7.88001063556171
smp-1,0.00411816986028838,4.97047376373174,8.34160766215349
sms-1,0.017658391711544,7.14181877540123,2.71674127227516
snt-2,0.012261197996009,5.41540339742607,8.82296186490447
somi-1,0.032826218045519,4.3230727120611,7.61461604901886
sphk-1,0.0128325251122593,4.77999746174827,8.13239580384884
spsb-2,0.00964019633514658,6.90839431718211,4.07406140583661
sptl-1,0.0190267825087508,4.26694541019505,7.00498639434009
sptl-3,0.000132497920147073,5.53791575228009,7.84763843781939
sqv-7,0.00852274060189988,7.17718335667285,3.89505627343293
srbc-14,0.0435191923572259,5.22373497673648,-8.61618531622183
sre-4,0.0149473288586956,3.11288119774547,6.0673846216575
srh-9,0.0145239376865344,5.10895278080291,-6.98558890548262
srp-2,0.0263336427084811,5.12409758924897,-8.50820626394801
stau-1,0.00897981459475432,4.71992353125133,8.06543347775308
stc-1,0.00366644289175289,5.69908095569404,5.94373005856131
stim-1,0.0497309827643209,5.99625008370452,3.37871236258815
str-166,0.0371776838935864,3.26705427149381,-6.28615770323552
syp-4,0.00194915530627934,7.17284120058117,3.89315303666095
szy-4,0.0480697220734238,4.84757172834441,5.79666946190329
T01C3.3,0.00103663429611042,5.35825091513166,7.919738358616
T01G5.7,0.00263556553641056,5.11960155291002,7.73106807722669
T03F1.1,0.0269561169018239,4.15839886304349,5.97308974754786
T03F1.12,0.0327149626421249,6.9258277278798,3.35236366729238
T03F1.8,0.00200795228797444,6.50834201162206,4.41918414500662
T04D1.2,0.0254375447879013,4.98428916510186,-8.35680358476522
T04D3.8,0.0327534654485107,4.0541537930383,7.29542396129622
T04H1.2,0.00326566450037398,7.89654637950872,3.08274278536962
T05D4.2,0.00206964233468678,5.86252112364853,-9.29576635847888
T05E11.6,0.0476728259128965,5.45661118452838,-7.87005192613325
T05H10.1,0.019666799780419,6.30462325120091,2.96859585311182
T05H10.7,0.0230990732104605,3.84911245822762,6.70702953906268
T07E3.3,0.0000127664663719524,6.01865505491196,9.45938845533952
T08B6.5,0.000168858238075591,8.34352901500285,-5.46991266685336
T08G11.1,0.00704261153822218,3.62989138216556,6.66397768159305
T09B4.9,0.00368185942279126,7.24799404114747,2.86674543967924
T10B10.8,0.0233581508757317,5.00522605291465,8.37947211532375
T10B11.7,0.00794218323003354,6.17168504852238,4.69163814190803
T10C6.6,0.00113979034957483,5.51965638791049,6.56378178449591
T10D4.6,0.00389517490671498,4.44921511151444,6.97555288358253
T11F9.19,0.00612234842228329,5.81520847501996,-9.24574610844303
T11F9.21,0.0107597956040671,5.68197647704909,-9.10516389139673
T11F9.23,0.0360442048571068,5.36905160303557,-8.77253617220962
T12A2.3,0.0473385790819383,7.51344318003584,-2.70791584718092
T12C9.7,0.000827254235692715,5.75186315935949,9.17981301464416
T15H9.5,0.0259448986789246,4.22990026672267,-7.50417984440307
T15H9.6,0.0180159908683224,7.39975006799342,-2.4880042649453
T16H12.3,0.0382569924844779,4.13793328183244,5.77085201378734
T17A3.12,0.0188134421324056,5.15889141577659,-8.54683085772585
T17A3.2,0.00012974066553062,5.27244777108913,8.66985187118659
T19A5.1,0.00161992921232611,5.96367904887481,6.08808398580255
T20D3.5,0.0151904448564902,6.43533194484284,3.67368759268594
T21B4.17,0.0375611176667289,4.00979760578761,7.24403198909727
T22B11.5,0.000092672147789271,5.835118126719,7.47741260401033
T22B2.1,0.0000983432495329681,7.10632046084207,-5.49689383381348
T23B5.3,0.0441289898061403,5.15237857025744,3.99935361568856
T24C2.2,0.0294474189002573,7.16926601482436,-2.69644047321815
T24C4.2,0.000216010260006221,5.53498021406631,-8.22725917371144
T24C4.5,0.0182954303725432,4.64966001810871,7.98787007829262
T24C4.8,0.0236123058292171,5.17247527447654,-8.56180411764933
T24H10.1,0.00000259923092766558,6.72761344565182,-8.45871208348244
T24H10.4,0.0000014622551823675,6.95838759863992,5.89980075695404
T25D3.2,0.000669627617074816,6.43434138964261,5.53160783455004
T25E12.6,0.0312353265002948,7.92062429577586,-1.84112692138685
T25G12.11,0.00527620418806933,4.86486897068635,-8.22482921742426
T26E3.5,0.000322772934018582,6.72088943239706,-7.59740406667067
T26E3.8,0.00118624759119077,5.76703254801286,-9.19528214418015
T28B11.1,0.00396720431167645,5.57495772027287,5.08040018472177
T28B8.1,0.0035013138744595,5.45671783559917,6.74689971274216
T28H10.1,0.0368484983626636,4.66135397187163,7.9977979760639
tag-144,0.0237752346694848,3.55562669674737,6.67815211894684
tag-173,0.0107816088596778,6.88796255328563,3.8560304200379
tag-175,0.000183088479144404,6.26855555767804,7.87907606841992
tag-210,0.0405925634863625,7.73316818675039,1.70093491547058
tag-231,0.0272245815824152,3.92066512385871,6.25310821881564
tag-266,0.0128550860919084,5.38588917679941,8.78996552732737
tag-276,0.0037613971163448,9.27030133723619,-2.20497091417538
tag-280,0.0402373333770343,3.86305115545732,7.06378484546793
tag-281,0.0438137689404551,3.18780270295282,6.17419623527894
tag-296,0.0162260813893299,4.53013547338748,7.85122008127038
tag-321,0.000354454923729071,7.60788909344856,4.56336207754158
tag-333,0.00269125135123378,4.23529446983158,7.51281743766676
tag-347,0.00658653057704191,5.06020113783043,8.43985539203189
tars-1,0.010102617404411,6.37061013834595,3.77121024939327
tbc-20,0.00507741327802755,4.74767953355817,6.9342660182312
tbc-3,0.0000750815784877581,5.53348448754017,8.94876919918622
tbx-32,0.00000903142604497455,5.9854278969725,-8.80334303274202
tbx-33,0.0138963722343163,6.7225503335446,-2.97520534017853
tbx-39,0.0301977656413678,4.24463146984096,-7.52276556059961
tbx-40,0.00117497077302863,5.40069975829208,-8.80674163236558
tcl-2,0.0384215601873773,3.52497507515462,6.63746275470169
tiar-1,0.00374446747741908,8.08247988481576,2.39191055562515
tkt-1,0.0000425190350666763,6.37273931677145,6.37420166929148
tram-1,0.0420004575702019,8.39255475736166,1.6942120675458
try-1,2.24963631276948e-10,7.23888511854872,8.25622473152893
ttr-50,0.0244167378394857,9.33774895877102,-1.28587117785023
tufm-2,0.00389785213082702,6.25800408637251,6.04438182002353
twk-40,0.0407022064140841,5.27093972930139,-8.66693239376693
ubc-20,0.00632565603070521,7.80214654776029,2.9626772669745
ubxn-1,0.0200071853302565,5.21889819996396,4.63864387465555
ugt-12,0.00974009799422399,5.57614399574379,-8.99327005327375
ugtp-1,0.0466611913435109,6.28939240412138,4.43825283298365
unc-57,0.025023001594844,7.30492906031295,3.0275955209632
unc-60,0.0234675805552984,7.11463481484382,2.33262313303847
vet-1,0.00000422868079259469,7.9544618787602,-5.41713170962544
vha-12,0.0000137882719893313,5.93516496291542,8.72902797850656
vha-13,0.00165863904668704,7.23795255609384,3.50666238202882
vps-33.1,0.0434887801355269,5.8518248622287,-5.19340426325667
vps-33.2,0.00000439739286612815,6.49052450122996,9.10888728975426
vps-35,0.00631768935008644,4.02101584978559,6.69683467208219
vps-51,0.00414856445159033,5.13828233506694,7.72435419832934
vps-53,0.0321951830283317,6.02702344754651,3.33815603746789
vti-1,0.00407247558363412,4.76602560525682,8.11631579150262
W01A8.5,0.0153274412200113,7.76487382476969,3.30081783633368
W01D2.5,0.0000636974380179379,5.34277963378606,8.74488194686356
W02B12.9,0.0109275827054035,4.74967666252858,5.88002472149986
W02D9.2,0.0467156791008875,6.56634759971098,2.73242414490977
W02D9.3,0.0404989387516292,5.84466980541228,3.93941922398767
W02D9.4,0.0154567503908195,4.6245108723149,7.95669389005394
W02F12.5,0.008014644720299,7.49625595241417,2.71910882093176
W03A5.2,0.0188441861254804,4.45306119396334,-7.76290492406696
W06A7.4,0.0252310530269957,4.28036360629874,7.56320950746752
W06B4.1,0.0414479223789625,7.1879879670473,2.50703784251467
W06D11.1,0.000370092809905784,6.62273194257841,5.74468076049372
W06D11.2,0.0129111055476913,7.95342794066015,-3.48372880084656
W06E11.1,0.0243312903620306,3.84879856311741,7.04832739771671
W08A12.1,0.0331988618495727,3.20813008789459,5.61014582587905
W08A12.3,0.000388160667638803,5.93607923224979,9.37262818571192
W09C5.7,0.00258613944801575,4.92975277395351,6.93505254409008
W09G12.3,0.0272163253768923,5.59832870343024,-9.01751207824588
wars-2,0.0168783724525096,3.72232408887563,6.1745992697677
WBGene00219443,0.0273569394980475,4.58678199897306,-4.72768792371253
WBGene00219700,0.00276543114353555,3.96956073511847,-7.19448816000517
WBGene00219741,0.00885719446450744,3.68731939766682,-6.84470097251657
WBGene00219803,0.013633729382496,4.17937179903799,6.51870335406164
xpa-1,0.00290115429126674,4.67985307291599,8.02083155305149
xpg-1,0.000704364643729066,6.90147989081005,3.56790764045817
xpo-3,0.00482654918601844,6.34373967117431,4.50146905500479
Y106G6D.1,0.000891870228224451,4.79824328357835,-8.15106732321637
Y106G6D.2,3.7287485993643e-8,6.87647823419356,-10.3450117186887
Y110A2AL.1,0.00534140427434884,6.16854798079913,-8.4689831120461
Y116A8C.19,0.00242761491516744,8.35544676462367,-3.80753869344971
Y116A8C.20,0.0000937898526346492,8.16265423671649,-4.50890724693583
Y116A8C.22,0.000476953128786651,6.55331374332322,-5.56720292320142
Y116A8C.27,0.0225218649445228,4.74949517132352,8.0979203328922
Y116A8C.7,0.00827062462085591,5.74562300457976,-9.17240457853455
Y119C1B.5,0.0407494315703554,2.95944394780713,5.83881320462282
Y17D7C.3,0.00174004263049856,7.73658498211472,-5.07987796380288
Y17G7B.12,0.0165378830299944,4.7567283390163,6.71476214931762
Y19D2B.2,0.0000034608211867673,6.82238009606594,-10.2895922386413
Y24F12A.3,0.00303888741759344,5.25286810598296,-7.66264428856203
Y24F12A.4,0.0433938370787503,5.64041026574276,-3.24593826146905
Y25C1A.5,0.0304359329897363,3.98923767138084,6.02112381251692
Y34B4A.2,0.0294942221495306,6.44090230762275,4.36769351056275
Y37E3.24,0.0167258862600373,9.57520384287261,-5.0440591877
Y37E3.25,0.0340268228980095,8.27473025714331,-4.69094379776384
Y37H2A.1,0.0039268827619697,5.30826454061869,5.97984609807831
Y38C1AA.1,0.000108396665777064,5.80307270585035,7.64358010474578
Y38E10A.3,0.000292458323163591,7.0508746587838,-5.98089801448774
Y38H8A.1,0.0455088383567945,5.20335663860092,-8.59430247470528
Y39A1A.16,2.00013432119781e-11,7.55671105333374,-11.0381479932606
Y39E4B.2,0.0388131544196188,6.69023882370093,2.35941864717718
Y39G10AL.1,0.0188815893376669,4.48142169302148,-7.795351749131
Y39G10AR.18,0.00443241630161199,5.75632608604566,-4.35764756003943
Y40D12A.1,0.0484953264425812,4.73331238052728,6.25859245849266
Y42H9AR.1,0.00104574170766312,5.82005486641142,6.2623247135982
Y43F8C.7,0.0154553753124437,4.70026532554007,8.04166994816917
Y44A6C.2,9.24276954323644e-7,8.50889357585973,-6.66841198936721
Y45G5AM.5,0.0212497338484135,5.22054590184568,-8.61277424104248
Y45G5AM.9,0.0000369326147463138,7.07498809226575,5.82029635313966
Y46G5A.18,0.0146242038525169,4.27831050935732,7.56287193197515
Y46G5A.28,6.96841650168264e-7,8.2186686610598,-7.24658825073596
Y46G5A.7,0.00760003714396526,5.92988004676491,-6.9287146209281
Y47G6A.25,0.00577179291072349,5.66809328267545,5.52050399027678
Y47G6A.9,0.0171005110711632,5.18072637127111,5.82388095156619
Y48A5A.3,0.0204280385134814,4.68063510093084,6.15588351783268
Y48G1A.2,0.00357688610261909,7.10811762744644,3.82915578910472
Y4C6A.3,0.0382000533806147,9.33687901049597,1.81851507841235
Y51H4A.22,0.0205040324478563,4.55335008890256,-4.79974346498441
Y53G8B.2,0.0258294335278154,4.85317916967004,5.41880814393276
Y53H1A.2,6.14423462980508e-13,7.71733599805594,11.2011135491483
Y54E2A.8,0.0025409805363092,4.3572409484241,7.65417806021085
Y54F10AL.1,0.00969464831272232,4.91528105901334,8.28222181814505
Y54F10BM.12,0.0307926916324785,4.85008191958035,-8.20858643821841
Y54F10BM.6,0.0316083469646627,7.1634279508306,-4.18514781365935
Y54G11A.9,0.00774779969059949,3.398827903847,6.46887025544786
Y54G2A.17,0.0202321201633436,5.2088756046141,4.90291285856857
Y55F3AR.1,0.000393431013092677,5.11700548363967,8.5013994862859
Y56A3A.28,0.0372095534725238,4.06836930565898,7.3151972346138
Y57A10A.26,0.0448177698835561,5.89986293621636,-3.88437292191177
Y57G11C.15,0.00636466348709602,8.12772291426987,2.86307472671318
Y57G11C.36,0.00475218527963142,5.22742919396351,8.62175500687199
Y57G11C.51,0.0415410334366587,4.9797173355559,7.28054669054047
Y58A7A.3,0.01227809791436,3.91904748806392,6.71938801672756
Y59A8A.3,0.0164156723596602,6.97728141855606,2.94178018545896
Y5H2B.3,0.0000473220903561325,7.77426381488212,-4.21441631615541
Y60A3A.7,0.00141721115121689,5.79027404840437,5.8584588978705
Y62E10A.6,0.000555687268590372,5.58762333193165,6.40061594466923
Y65B4BL.3,0.0122705580810487,5.18668220743605,6.04690268444199
Y66D12A.16,0.00324072250216425,5.03679133279524,7.34110486193426
Y67D2.4,0.0107057882813798,5.73125260898306,5.5674911874288
Y6B3B.9,0.0282112098993358,4.86883726053925,5.09561309644214
Y6D1A.1,0.0282528614347025,7.25193319029686,-2.14612944438222
Y70G10A.1,0.0296869219917842,8.2860770699204,-2.82009028920636
Y71D11A.7,0.0270602069334624,5.58766080913749,-9.00529503786447
Y71F9AL.7,0.00570975873179781,6.11243892651135,-8.62805184951638
Y71F9AL.9,0.0000577222088859111,7.83728446272412,3.96136203867137
Y71F9AR.3,0.000233066078695203,5.65230956300151,7.20293274373311
Y71G12B.10,0.00000967685235060784,6.19416333718136,9.6420745965602
Y71H2AM.6,0.0468252322508181,5.89386253587355,4.46664340861232
Y71H2AM.7,0.0158532908269448,4.47908809708922,6.93948117548086
Y73B6BL.286,0.0443497035123268,5.21701619354217,-8.60905535547719
Y73B6BL.29,0.0398962921729576,3.06497368402952,5.99849387242259
Y73B6BL.4,0.0000544430109333915,6.02177538038434,8.67486987452976
Y73C8C.3,3.15822394858047e-7,6.34371006495448,-9.79674981458419
Y73C8C.8,0.000907706223446989,5.66991932258231,-9.09280445803562
Y73F8A.36,0.000338397894532254,5.11410106664341,-8.49764508912427
Y75B12B.1,0.0160201129370526,4.94827488819605,8.31775208930282
Y75B8A.16,0.0421939675639161,6.93698992899771,1.89902884633483
Y75B8A.33,0.0249534189011863,4.89765504053267,-4.2115192204723
Y75D11A.3,0.0445808696399971,5.71242137896784,4.08244429346827
Y82E9BL.6,0.00022297612462848,6.41135203400561,-9.86677774780323
Y87G2A.20,0.0350504469370976,5.38269335862083,-8.78690879694749
ZC21.10,0.00538485908161387,5.22586104009185,8.6182977270285
ZC239.20,0.0000245141362537261,7.23865836452789,-6.34832144275429
ZC239.21,2.55110872609157e-13,7.9080030497494,-9.8936372451795
ZC262.2,0.0206256702180758,8.09690629191282,-2.02959632936328
ZC376.6,0.0378899965179741,5.92505310440368,3.01248539805061
zfp-1,0.0325934399011295,6.04417505936946,3.50346331130035
zim-1,0.0226124198856613,5.78374908153864,4.02494625502288
zip-4,0.000172459173344956,7.09712774850066,5.54384630645891
ZK1010.2,0.0400288830582346,6.37841036462379,2.22280032634366
ZK1236.1,0.0263809805431645,4.83632819421289,4.95566182631816
ZK1248.15,0.00545201380077128,5.16820231846483,7.56144216852139
ZK1320.7,0.00123970378119017,6.41905930897539,5.17166255440011
ZK177.1,0.0458938862755852,8.15785431873738,-1.2635343024801
ZK228.12,0.000235542377253778,6.74471544683158,-9.33684580429114
ZK265.9,0.000367542154815567,4.8593714185289,7.52461927818649
ZK353.9,0.0166721787631922,8.96450641310964,-1.39980786449021
ZK380.t2,0.0116211029426272,9.95209219821091,-2.243417535854
ZK512.1,0.0324421063606673,4.82475272222298,-8.18058249089332
ZK616.5,0.0000196285214346383,6.05513792577575,7.93293851801071
ZK632.4,0.0131794020032009,7.40178712836662,3.18005767906243
ZK666.1,0.0329090094721523,7.84908014538377,-4.30675983956387
ZK673.6,0.0487924733386033,5.1394280027877,-8.52497545254043
ZK742.2,0.0253192950794042,6.83004509652949,3.30527298570774
ZK858.7,0.000834836550902892,5.16970152197954,6.95050742873443
ZK899.5,0.00832779495995061,4.43894309928076,-7.74674628522517
ZK899.6,2.32631412048826e-7,8.03284023321971,-6.61011818821693
ztf-1,0.0000104337636256248,5.81984703003267,9.25113902806479
ztf-15,0.000541742994076258,5.59501419792866,6.99120632162331