acl-11,0.00114167590859463,4.47011251483165,8.59795427760652
acs-11,0.0014428432201013,3.47368632083151,7.38822627956857
adr-1,0.0495071362216803,5.343129874275,-6.67775822076504
aho-3,0.0307393502230282,6.03748768664143,3.28492320799373
alh-1,0.00610198005835195,3.14355348713938,6.65575500326798
alp-1,0.000272063459408201,3.69890167309073,7.33865280827897
aman-2,0.00225547139788567,4.99024029254317,5.56977309153232
amx-1,0.00253604308622704,5.423899517084,5.87502851128608
ani-3,0.0398813171156689,2.74242852136504,6.31468407912018
apb-1,0.0291820528337587,6.53776496742974,-7.52470992802079
app-1,0.000286966672496709,3.89185808586732,7.12562286198856
ari-1,0.0255965601562252,6.1967595586882,3.19851469858053
arrd-1,0.0170414144452912,6.29595021085173,-9.29946700292122
arrd-25,0.00000848725032809851,5.61544203265765,8.24521893941118
arx-3,0.0356373736669789,5.61186420835384,2.90924691041736
atg-18,0.0493231379324651,8.86181265336197,-1.74586643524927
ave-1,0.0133324902501274,5.39419273207645,5.85934995768651
B0024.13,0.00457396598093975,3.72024454411615,7.7050754171808
B0228.6,0.0197110183877826,4.3910761831137,7.16379716478632
B0228.7,0.0328659624890172,3.611867154131,5.9561044495952
B0238.15,0.0374170729919661,5.85081047916216,5.11702428939668
B0238.9,0.02512246411137,3.34799794396804,5.90112635703087
B0273.3,0.0365217536972509,2.07928301267074,4.16144275997306
B0281.5,0.012865229577401,10.6497182092933,-1.83417852806297
B0285.4,0.0118687474419789,6.99649843781889,3.48455841466253
B0361.3,0.0131746243224108,6.38721488886776,4.18011840420038
B0393.6,0.0077165405498257,3.14364660731827,6.93493857702903
B0432.9,0.0368821918969364,2.72830863026412,6.29070127161427
B0511.13,0.0295785190303745,4.39463474143544,4.54992621008938
B0563.1,0.000598508806808558,6.0429300439456,6.31123044712555
bath-1,0.0152454358474995,4.91563083967842,8.0873153096126
bath-29,0.0493055319042075,2.57381396341163,4.29660215938343
bath-31,0.00387571295770303,9.10822581284726,-2.92322870505796
bath-4,0.00330899791210276,4.42369498029115,5.97379427414445
bath-41,0.0255853599209024,7.57506529827465,2.35601162124432
bath-5,0.0000543051704950988,4.71381247646953,7.51832182965563
bca-2,0.00008949896494315,6.65311464432953,10.9290227876464
bcs-1,0.00820421444588183,3.73634105757786,7.72532138451389
btb-10,0.00682238637066106,9.3801919059505,-2.91986060401542
btb-20,0.0212759377015555,3.37188587711298,7.2509492704667
C01B10.8,0.00163671325767102,4.60554206874062,7.21684430125632
C01B10.9,0.0165815130515251,5.53084650608642,4.81165352626751
C01B12.8,0.00605459103970858,4.75113023902102,5.51878414896874
C01G10.7,0.0401291683208818,3.9282346113591,7.96198914362949
C01G12.3,0.0272779535648654,9.02369954991919,-2.66652390988791
C01G6.3,0.0311601896794971,10.1469982437298,-1.60792814996399
C01G8.1,1.87611778428773e-11,7.38706047199693,9.67657132127976
C02F12.8,0.00617084556933721,3.00774728784771,5.1527484748934
C03H5.7,0.00191467409716075,6.61083404847579,-6.82619358014613
C04C3.3,0.0000280777880577718,6.17718790008188,6.37880758467601
C05C10.5,0.000180566711538153,9.56164475452888,3.93797498726724
C05D12.5,0.00554960377193449,9.38041982637563,-2.80495888898852
C06G3.8,0.0388258141524074,5.94599820611108,3.75049340778046
C06H2.3,0.00000133219129002327,5.24290028031733,8.64942177007795
C06H2.7,2.91275725994604e-8,6.11716814531905,10.3751487648821
C08B11.9,0.0255192037611585,6.20142127828576,3.251079605815
C08B6.15,0.0409262520866293,3.92014246290659,7.95219620380767
C08C3.4,0.0408642555601518,2.90700081383042,5.30928847023213
C08F1.6,0.0145114966620492,9.99674038184244,-2.49940274791167
C09B7.2,0.0193093512205546,3.56165095296988,7.50418516599367
C09D4.4,0.0000237119200074826,5.03114201281839,9.22206322383874
C09E9.1,0.00052575204608406,4.94320562216789,6.61086489169681
C09G5.8,0.0207215098463555,4.43420785758813,8.55702399901745
C13F10.7,0.0354913776533499,10.0840159688105,-1.37917792229807
C13G5.2,0.00309034776655717,6.42291894616238,4.24124648097531
C14B1.2,0.0113779178680245,4.46416060165277,7.82216049391986
C14F11.1,0.0234127587483055,6.56327286324306,3.35116167932187
C15C7.7,0.0159140840587798,2.68857443754719,6.22349068238012
C16C4.17,0.00713296059475316,7.63153071718297,-10.6647087524346
C16C8.4,0.000671430957860144,4.44440223639209,7.66520402489327
C17C3.1,0.00248952428601831,5.25825026408973,9.01062166261123
C17E4.3,0.00393453431732766,5.1724882719227,5.6013844776809
C17E7.4,1.66514563443145e-10,6.65083438712112,9.72292549177862
C17G10.1,1.42102278913536e-10,6.39097114415999,10.6589628034983
C17G10.2,0.0415603530850915,4.0514900928862,5.2933418708742
C23H5.12,0.0426887786185385,3.87682873574638,7.89857437622228
C24D10.1,0.0166739736884043,3.58692773869728,7.53660022506591
C26B2.7,0.00563872054764893,4.48745046616913,8.61723457827534
C28H8.9,0.0349329584590502,7.96357757436793,2.00254291583374
C29H12.5,0.0100802280661307,3.92393248688973,7.72434263948554
C30B5.2,0.0408353253975163,6.68602252380391,3.19569179632263
C30F12.4,0.0120320829148993,7.80481896522249,3.42724692048943
C31C9.2,0.00851936171178078,8.84963013135702,-2.22108316303077
C31G12.1,0.0171607699966745,8.6274403965185,-3.75953884848074
C32A3.3,0.00555263723243997,4.05956253090076,5.26325415172
C32D5.3,0.0211618474585552,3.9994859162751,5.6097026357575
C33A12.12,0.00143387677683709,8.59681507904408,-4.74598230698644
C33B4.4,0.00449665635054076,4.47702356428029,8.6061396845832
C33E10.9,0.0276966268081644,4.22172035938289,8.31248291816381
C34B2.5,0.000911276717166753,4.24565263971236,5.96702199451849
C34C12.8,0.0277850839789134,5.54952917384213,3.88197712243
C34C6.4,0.0492667064403571,3.60329964320922,5.46459296616208
C35D6.3,0.010148585769724,7.27859219307362,-10.3062525778509
C35E7.3,0.0123952839554993,8.16122588617019,-3.7598101186706
C35E7.5,0.00866964253103753,9.05023679225639,-2.16867300217437
C36E6.8,0.0304162003992458,4.16643188192014,8.24768287958545
C36F7.2,0.000694124648426281,5.31533998846182,9.52921528819602
C37C3.9,0.000376864278683032,8.20204976056751,4.83038530755599
C38D4.4,0.0000535261748286201,4.36565840220193,8.10190228017684
C40A11.10,0.00357009716775699,7.013064803786,-10.0357816195501
C40A11.3,0.0367814622665233,6.13633876690744,-9.13425144999595
C40A11.4,0.0208252837837979,6.65173451759867,-9.66589691622655
C41D11.5,0.00646580893671363,7.2417634898874,3.78207084867824
C41G7.3,0.00338813855096995,4.60925341595224,8.75569324955505
C42C1.11,0.012792810315806,4.052437360279,8.11261930924057
C42C1.4,0.0459848576213098,3.14589619400141,5.60962538119564
C42C1.8,2.18669538056732e-7,6.02171679096747,10.2756575000286
C43D7.10,0.014961762503114,5.96408854213695,-8.12190772791315
C43D7.11,0.00279295360000363,6.67606400016932,-9.69098261115315
C46C2.7,0.0483608907446729,2.60537726088445,6.07769920426168
C47B2.2,0.0000261844230261457,5.31865782550932,8.2621685272381
C48B4.9,0.0373140221622757,2.69480677906648,6.23514687443191
C49C8.3,0.000349946462073474,4.8250212009276,8.99571841962203
C50B6.3,0.00205017949627705,6.94097877325036,4.75768541870889
C50C3.1,0.00924748214095405,2.6919080938576,6.22943927787191
C50D2.9,0.0310422302070468,4.14678554143839,8.22352392918952
C50E3.11,0.0202461224807966,3.48870286856183,7.40756339532303
C50E3.12,0.0167627763393439,6.38381879817536,3.81823199912018
C50F4.12,0.020376700981371,3.95039615279393,7.51128326468628
C52E12.t1,0.00907015758151745,4.89285757837019,9.07052368462349
C53A5.6,0.0401639874220402,2.70357864216133,6.24912695468138
C55B7.11,0.0477276521568477,6.64251780754713,-7.714204639357
C56A3.4,0.0115712450629942,8.98731661263254,3.73489602741462
C56C10.7,0.0100129048324726,6.34404495630075,5.04455513945748
cav-1,0.0028721537796528,9.61523582814737,-2.46055877937131
cblc-1,0.00033425283024213,5.14921850425117,9.35032468518914
ccz-1,0.0123061184119112,3.73848925311821,7.23093006891145
cdf-1,0.000201990729957243,5.37802448596723,7.59924288643206
cdr-7,0.026771788374858,4.41180109793942,7.99590904535251
cec-1,0.00772043609992551,7.03075213394252,-7.27810800691251
cep-1,0.00769433456720289,7.01914112273886,-8.61906255060635
cey-3,0.0012883003053518,6.13972117371812,5.80411165534471
cfim-1,0.0399556866719183,6.63897073490604,3.41246639388305
cit-1.1,0.000143005268612236,5.43894306600182,9.16149768482751
clec-266,0.0191999066394743,8.89214078996306,-3.24905536700219
cln-3.2,0.00868332316646299,2.97652018748504,6.68723872368552
cnp-3,0.00845818601165298,8.76340953571014,-2.45369427328159
cogc-3,0.00304306776283014,4.44606615694903,6.55221962118713
cogc-5,0.0235452100018186,6.32836323965164,4.36832287959531
col-86,0.0310119741099381,3.22689029984743,3.64009852067633
coq-2,0.0021516291087725,5.12245083393963,9.32123380966447
coq-4,0.0135909647306874,5.27614029592215,5.45300375608921
coq-5,0.0146271181453993,4.82758350404606,5.73299613660775
cpg-1,2.36275776090378e-11,6.87045901727562,9.64713778000577
cpna-3,0.0393926656810249,6.10055842381374,3.29976990937064
cps-6,0.0299571945458231,3.2285756267088,7.05635550624185
cpt-3,0.0093885723855899,3.71384742359624,7.45099220472369
cyn-9,0.00201994374310761,3.90223422708565,6.91826686871246
cyp-29A3,0.013021630942002,3.74375605056466,7.73509792662805
D1007.15,0.00842065828900087,2.72615636028923,6.28756457466383
D1014.4,0.0240144372976254,7.22887566516902,3.44694621671244
D1037.1,0.00658647650542111,5.30376712592083,4.09649079839983
D1081.6,0.0481171943334115,9.89271687712617,-1.42788566489797
D2030.2,0.0163726688659959,6.24398477220403,4.20417542974508
D2096.7,0.0222972292944771,4.08259493207231,5.67682245731589
dab-1,0.0473519000314027,3.80013750164832,4.87456049085788
daf-19,0.00267779650293922,3.53710639132373,7.47153800003214
daz-1,0.0000107134340536779,4.69094992632369,8.00041721201074
dgk-4,0.00129406962514963,2.891297492413,6.12225678820758
dhod-1,0.040100126940355,6.18919539719126,3.63414272863246
dhs-19,0.0319652609570918,6.67068831397273,-5.08860984900658
dhs-8,0.0355912853270324,6.24110277911161,-9.24257646259357
dif-1,0.00211474330372578,6.67256338452236,4.25604358863318
dis-3,0.037344930036334,5.44470159908854,3.17371023032907
dlg-1,0.0045625453303265,3.69461918697178,7.40099904922853
dna-2,0.00614585306364229,3.15815044584331,5.62217588385935
dnc-6,0.0144983687544837,5.14439721237814,4.19208930231149
dnj-4,0.00643642908211024,4.97277556106356,6.68419881216379
dnj-8,0.0130606936225845,4.7640848547649,5.413268561091
dom-3,5.28444554348332e-7,5.73598736181038,9.9761334446355
dre-1,0.00302230665436797,3.88912127352844,5.91209651346736
dsl-2,0.0378996645912837,10.2517236249401,-1.77460194787415
E01G4.5,0.0041299481541661,9.13994200104558,-3.54777368080993
E04D5.1,0.000819427374217295,7.62687452963137,4.26197169283654
eat-6,0.0398118121876378,3.55650846327526,4.55490051310404
ech-6,0.0323875575410791,5.25205288236706,4.72237842667677
EEED8.4,0.0334094715526168,9.26180321595169,-1.55804946248461
efa-6,0.00826883729161382,6.41465869402748,4.04137599952588
efl-2,0.00458240327231742,3.61648851060829,7.57277611067822
egg-2,0.0236082286272918,4.88442390537051,7.93861942447085
egl-18,0.0497186505882312,8.28141173954628,-2.06491590693274
elt-7,0.0330300838439343,4.08491451762341,8.1503018779274
enol-1,0.0059089640961935,6.8096150169114,5.43843649407743
epg-2,0.0047942637956169,9.52922638214269,-2.16006359391084
eri-1,0.0307496311774775,6.5786397451584,2.97782106029072
ero-1,0.0144187984186383,6.44810567507509,4.38996512912012
ess-2,0.0190343605496993,6.54827035326981,4.09723157339164
exo-1,0.000181084376210467,4.72685750476447,7.30544720994913
F01G4.5,0.0400266581051974,5.27536033791005,5.15253466984382
F02A9.4,0.00533737313732338,6.55200700777687,3.08337979392234
F02E8.4,0.000297750710394486,4.25836274858576,8.09030273504679
F07C6.4,0.0378673201811951,3.61966324790688,5.48797198967365
F07F6.4,0.0225565856758425,5.25292051496351,-8.20330787646775
F08B6.1,0.0269281145273943,6.41363065722037,-9.42086452487792
F08F3.6,0.00408816059031082,6.74966305369334,5.63938833309802
F08F8.2,0.00114919749734299,4.82555294538123,8.39963211439863
F08F8.4,0.0167987492189233,7.13572325663114,3.89191949027074
F08G12.3,0.000318455472484726,4.43851216282705,8.56231385163682
F08G2.11,0.0311453465003847,5.73781212481121,-8.71757680918637
F09F7.4,0.017616072828121,6.01144716081828,4.99997384765737
F10C5.2,0.0197535679573883,5.71173509506449,3.71195138379097
F10E7.1,0.000027859249421821,7.46642295155125,-9.63119843738414
F14H3.5,0.0287129900850276,6.40656316649291,4.06382810197688
F15B10.3,0.049633128373469,9.2979381216307,-1.520958636628
F16A11.2,0.0309669959973133,3.32814332645855,7.19407689563081
F17H10.4,0.00729442664373183,5.03341477417216,9.22446418222715
F18A1.7,0.000281335803194205,8.12636429606085,4.80151663290737
F19C6.2,0.0131703448339344,3.88086558683986,4.68204885124915
F19F10.5,0.000953542942637281,7.18505214834561,-10.2111267844289
F20H11.4,0.00109361537348557,5.6317244826241,9.55751056350481
F21D9.1,0.00438884345271902,6.73487425766165,-9.08640022620536
F21H12.1,0.00713612055641677,6.44072154799325,4.47628983388377
F22E5.20,0.0136078297596869,7.71642860143839,-3.78869129104839
F22G12.4,0.0200591725143823,3.10308395434839,6.38973287269496
F23B12.5,0.0082257522479046,6.4896089128589,4.44107404750263
F25B5.3,0.020469371442946,4.65239907653078,5.32099094360159
F25B5.6,0.0158000941923414,5.46408978173457,4.19255153192066
F25H2.2,0.0215894175348627,4.94254962301273,5.01619879494131
F25H9.2,0.0146289913735579,5.21056519693048,6.49442451193669
F26F2.7,0.0049314714875847,2.8149250878094,6.12966981423852
F27D4.7,0.000215120002052395,4.78620786620983,8.95257678588886
F28B3.5,0.0367178659594529,2.65851260870575,4.66215585960599
F28C6.1,0.00858687123975944,9.20472379577091,-4.19996331901988
F28H7.4,0.0324794600233633,4.09890526835023,8.16627147397989
F30A10.3,0.00297785978156877,6.57071377209087,4.84178943795962
F30F8.3,0.0394179328950295,5.87611459058255,4.05718337945449
F30F8.9,0.0447033840701474,2.70690657705409,6.25487592745988
F31A3.5,0.00365386380693664,2.92402107756835,5.41568712582946
F31E9.10,0.00401940092844959,5.62245403998757,8.23556441834943
F31F6.2,0.00770226334034714,3.76889621626494,7.76596159109144
F32B5.6,0.00255149328899576,4.13054322778639,7.75574529805108
F32B6.3,0.0322177114520172,5.63959659284595,4.44821984477081
F32D1.6,0.0000134167021419856,4.95478701383034,8.74313841801118
F32D1.7,0.000210746667543048,7.27201469698154,6.27275031735755
F32D8.14,0.0145655340937172,7.39838826692157,3.97983022565698
F32D8.5,0.0302966399445929,5.57571041031752,4.93271905021847
F33G12.6,0.0147429438078227,2.48615014822699,5.85705286609972
F33H2.6,0.00767333327030211,5.23567543870605,6.06740674446566
F34D6.1,0.01856362109845,7.5574708155538,-5.28773746606697
F35E2.8,0.0192870854929999,6.5485965881042,-9.56001622478121
F35G2.3,0.0304596265161358,9.00418401891775,-3.02568220602404
F35H12.4,0.000255376445946348,2.72193104997664,5.96695583643016
F36G3.2,0.0430739254175663,4.61333684536901,5.07005183897213
F36H12.2,0.0213560133186388,3.51575179190486,7.44300276724166
F37A8.5,0.0190767959963804,4.48122428332064,8.61061724174535
F37C12.18,0.0453242942250304,3.80281050418405,7.80815322288773
F37F2.2,0.0409172978316305,5.87212394011696,4.12802393137423
F38A5.7,0.00470804636135362,9.21195816789198,-2.40618668402955
F38H4.10,0.0000578432777650295,5.64921216497601,8.42648718817099
F39B2.7,0.00278911662604547,3.87862815694024,7.90150110184692
F39E9.10,0.0309115963021877,4.14939638812008,8.22664196832805
F39F10.4,0.0124945116407873,10.6101991242738,-2.49384189199843
F40D4.17,0.0235074815146985,4.86917560396085,7.10749720046658
F40F9.5,0.0209922289193663,3.31084849532536,7.16842815666302
F40G12.11,0.0137725894456658,6.83000368846147,4.24203799666839
F40G9.20,0.00119573223935074,8.97844241998652,-12.0230971240396
F40G9.5,0.0488031332293769,4.05599186987142,-6.86247534510341
F40G9.6,0.0263289620394695,6.25699879279178,-9.25936861382354
F41E6.9,0.048195382161396,5.44269951164655,-8.40553953070429
F42A8.3,0.00010853850018264,6.15647027774162,8.44428382727158
F42A9.6,0.0272507191427994,3.05142785094269,6.79949188892344
F42G8.8,0.00730284541975666,4.51842924007155,8.09039206387597
F42G9.1,0.0159714884667878,8.22349027727065,-2.22432815405563
F42H10.6,0.00467547234485172,3.31012139000397,7.16738949877671
F43C1.6,0.000744437760282745,3.63155502491777,7.59334608959463
F43C11.10,0.0155433564912402,6.92084774441343,-9.94167447050328
F43C11.6,0.0498730303781252,6.45419927270518,-9.46322991024822
F43E2.1,0.0129861686668232,2.92684977899441,6.61103840249408
F44B9.8,0.0265362177446821,6.95126204601388,2.93202709077731
F44E2.10,0.0123932093756445,5.95164345386213,5.74326694539497
F44E7.9,0.0000880805244278624,3.62274555063237,7.58136420890958
F44F1.4,0.0471037352793406,8.6821819803153,-2.26305976999564
F45D3.1,0.00391475683166027,9.96706741983093,-2.40693281928243
F45F2.10,0.0000157463868013038,4.708323067337,8.22254103433732
F45H11.5,0.0477578282564286,5.34880516741543,4.1245321771541
F47B7.1,0.01578002102464,3.72328787288537,7.71016726315042
F47D12.9,1.4482686374017e-8,6.65866424358902,10.210966125658
F47H4.2,0.0376830790370775,2.71512482514563,6.26771742299115
F48E8.8,0.0228474243307799,4.3640164977175,8.47641554066501
F49E7.2,0.0257348560946647,4.27342169169913,8.37176213835638
F52A8.5,0.00870357733275354,7.13281679341575,5.17529249340462
F52A8.6,0.0236597837202314,6.53520002978638,4.96234440614189
F52B5.2,0.000942855947148668,6.86699206746732,4.83892174870551
F52F12.5,0.0414790736698003,3.90325970103285,7.93280258159576
F52F12.7,0.0466041889258225,3.31938668348587,6.84937544261737
F53C3.1,0.0405196482675931,3.9248002471416,7.95786059481745
F53E4.1,0.00015993311131262,4.25023739411904,8.03068259824591
F53F4.12,0.00691656127170653,2.58624535358417,6.04459953604209
F53H4.4,0.000983663260944135,5.28503981595726,9.49643515865211
F54D10.5,0.00584283291031231,5.53594513177311,5.32375528973524
F54D5.2,0.0224375483342197,3.41467994971653,5.36225990503167
F55A11.1,0.0233484680533739,7.12994683761125,2.72936287014997
F55B12.11,0.000942841817530799,7.54444852859216,-10.5763454199201
F55C5.15,0.00434394262642543,5.27787527340866,9.48899501578335
F55F8.3,0.00000763477924713243,4.80016006214516,8.33676467100776
F55G1.6,5.79211938535797e-7,5.99196283502402,8.43833499395788
F55G1.9,0.000845058338977819,4.10391889090263,7.36198041496773
F55H2.7,0.000461599509565721,5.2374750943228,8.55144732738901
F56A8.8,0.00764748915543274,10.4856416900401,-1.85668402755733
F56C9.6,0.026200204545102,6.99745302755137,3.11725871688303
F56D5.5,0.0230422729371912,9.61610244388707,-1.69500814293982
F56D6.13,0.0169881278294437,4.54785243547477,8.68612921082432
F56F4.8,0.0280354630663273,10.3737318460838,-1.64142486668514
F57B7.2,0.0285024583221807,3.17504402749652,6.97871851058303
F57C9.7,0.0350195302648938,2.39454912188576,5.03902251332535
F58G11.3,0.00910955825346371,5.32447557553417,5.13466836213385
F58H1.7,0.00967365404133325,4.2017271117796,8.28814815997124
F58H1.8,0.0472194171598367,4.5476010030792,5.63085326437843
F59C12.4,0.0264941321594523,11.0707139549397,-1.61010384056267
fan-1,0.0300738563966917,5.21858997671895,4.68220130410462
farl-11,0.00376967106016335,3.59576921912456,7.12856962352928
fbf-1,0.0441741269729576,4.51135496941117,5.49333365834907
fbxa-104,0.0281058630667361,7.85934848861669,-4.90389322919192
fbxa-126,0.0153737221503881,4.60321294388858,8.74857963397763
fbxa-145,0.0434189850317043,2.66592565144247,6.18315135984237
fbxa-163,0.0491936465590947,3.71063041322848,7.69217698169895
fbxa-167,0.0137608981273964,4.43727234149092,8.15072695410072
fbxa-170,0.000274422865070016,5.19624769389183,9.40127020788454
fbxa-215,0.0398803944112844,8.23734487405514,2.22581072722084
fbxa-76,0.0161493912860964,4.3535246178754,7.51561600268477
fbxb-10,0.00414198970554678,7.25991031354517,-8.92014964513282
fbxb-103,0.00332563404263816,9.64353392433002,-3.87024301403248
fbxb-106,0.000361806006304176,7.53592683358404,-9.40407842515538
fbxb-107,0.0221784452090329,6.35529405065294,-9.36079654327089
fbxb-108,0.0220848751231098,7.31249607280439,-6.11254754542042
fbxb-11,0.0412808490665872,8.2407458398246,-2.49477019112327
fbxb-111,0.027353197986012,7.37030965923315,-4.84855574434599
fbxb-13,0.000297138724695384,7.35461846906305,-8.6337602801384
fbxb-18,0.00375692946023616,6.62669537890894,-9.64030061029723
fbxb-19,0.0110013251890974,7.31422922656482,-5.36639735212975
fbxb-20,0.00366170099672548,9.29543413591304,-2.36225496689765
fbxb-22,0.0313608443603882,9.46498661011436,-2.92040817076357
fbxb-25,0.0398381541966263,7.05177890763294,-5.58558796930934
fbxb-27,0.000830043084735224,7.21479742670355,-9.47126472280968
fbxb-32,0.0103819627360633,7.60266227201346,-5.36143797878534
fbxb-33,0.011315195594494,8.28644407767844,-3.54967636138672
fbxb-35,0.0019616373025079,6.47395214832678,-9.48318338080466
fbxb-38,0.00830597703392308,6.89943689573564,-9.91968338096376
fbxb-41,0.0348880120480877,9.63956182310237,-1.94235987383922
fbxb-43,0.00469340103763178,8.41815911071091,-4.07455277358882
fbxb-44,0.000890929038373131,8.53085625071682,-4.08109776125183
fbxb-45,0.00000502294755689223,8.45859017198209,-9.06919998086702
fbxb-49,0.0438945421992239,8.76782788558893,-2.59736876917283
fbxb-50,0.011918359720729,8.86450923857543,-2.79768721632131
fbxb-51,0.0301854797417146,6.61978160132401,-3.78440075271325
fbxb-52,0.0440845621554735,7.08542718468628,-5.60055364670157
fbxb-54,0.0107932057958679,9.60007964670005,-2.03086873648562
fbxb-57,0.00242859685312176,8.15445172585734,-6.5889204190347
fbxb-59,0.0225849118562339,9.47102218713503,-3.22051629886047
fbxb-60,0.0192182070862602,8.16569463939779,-4.97742916385663
fbxb-65,0.000409008738847962,6.68069712265106,-9.69572061126926
fbxb-66,0.000027860119697058,8.89870692324402,-5.93373141445151
fbxb-75,0.0000132141920844868,8.06178266276782,-11.0998190983307
fbxb-80,0.000552919296136453,8.95867604376095,-12.0032462267064
fbxb-81,0.00936927647953533,8.27347401946523,-3.85532393762677
fbxb-82,0.00853988122527112,7.96157673460307,-3.54198086806652
fbxb-84,0.0167394566825658,9.05932465798092,-2.09543727698417
fbxb-88,0.0279357815249252,5.72901188505236,-7.90100331311244
fbxb-90,0.00496090495733481,9.52934803263562,-4.31502923841272
fbxb-91,0.00114491368769096,9.70037233579461,-3.62370640243245
fbxb-92,0.0270708005042718,8.83747491102016,-2.54738910052442
fbxb-93,0.0492246101977019,6.59379647570448,-3.83628727705082
fbxb-94,0.00022207451873078,7.54749024447125,-9.13692272712249
fbxb-95,8.64476675193303e-7,8.88060372624318,-7.48001105631366
fbxb-98,0.0111864847527953,6.93985325566276,-9.9612168546599
fbxc-14,7.02425331761131e-7,8.34854610343313,-7.66401903665686
fbxc-18,0.0289686317577377,8.76354388125141,-3.77283108376402
fbxc-22,0.00764519864633879,5.89171195126527,-8.87913724789851
fbxc-26,0.0211347917250166,6.83415181323873,-4.9103255036439
fbxc-31,0.0150893053356347,9.23739948848458,-3.51099809189127
fbxc-45,0.0201524741533236,4.63386687793599,5.95391766090332
fbxc-50,0.000449302634573381,5.29714201031801,8.53240669710987
fem-1,0.0143600083921571,2.91981468295977,6.60014948218323
fem-2,0.00418711387822552,5.77472289738854,5.53574644897989
fem-3,0.0249987207986207,5.8504582738638,4.48079486379247
flp-18,0.00628911322909946,4.28823676671757,8.3888418203423
fog-2,7.13192746555256e-8,5.88385477728115,8.40661728748413
frh-1,0.00876886337039816,5.85422254496637,5.56493635256045
fzo-1,0.0000878447358775443,4.24242528679659,6.62871241953997
gcy-11,0.0027297117651161,4.90104845089755,-7.82151797022454
ger-1,0.00773175960946899,3.48392713895123,7.40122472829518
gfi-1,0.0306426908269775,4.14861720693453,-6.97140265250626
ggtb-1,0.0198374580604409,6.59586883743588,4.61210381078419
ghi-1,0.0196222960020378,2.22767100494701,5.31064441681009
gip-2,0.0405125572700573,6.18830103953942,3.09511822208167
gla-3,0.00243560032133283,4.35740600275169,8.46878761247002
glb-33,0.0296260360235584,5.70484829816938,-8.68299315092881
gld-1,0.000876278293569545,5.00245626727174,8.74759423743459
glp-1,0.000967539101773818,5.2964899167918,5.55985242246926
gly-20,0.0353249621899284,5.78301331235863,4.57740934180413
gpdh-2,0.034457860373449,6.53182247456111,2.99627144665189
grk-1,0.0000949529723581967,3.72288536909964,7.70878758055081
gyg-2,0.0140312563557105,6.8134842299297,4.34556181527681
H01M10.1,0.00197914068196151,5.2097035122402,5.94947306196449
H02I12.5,0.0135371301000832,3.72300335279171,7.70844385867718
H04D03.6,0.0360966060908634,2.8958302001144,6.56147879808592
H12D21.7,0.0200498755471275,3.35311248989787,7.22571251891032
H25P19.1,0.0287950297952801,4.0302506085851,5.08181117709262
H27A22.1,0.00291969204848855,4.71776571557295,6.78122367898272
H34C03.2,0.0382645845295509,6.58250051475791,2.50646202745715
ham-1,0.0027856155539117,6.8615602677693,-9.88108110294376
hex-3,0.0427084041085907,4.17428159275629,5.17502219730967
hil-3,3.07180505085944e-11,9.19881856941962,-10.8406103920312
him-8,0.00510547639807294,4.12926489020159,7.65727739188779
hint-3,0.03136701537977,4.13793642720907,8.21248945853764
his-1,0.00719208084327197,7.59077642284655,-8.13603617434956
his-24,0.00820105088938887,9.20233233176011,-3.73683245421762
his-31,0.0000143827940411128,8.64255283219492,-9.81622741899805
his-38,0.0390408599994103,7.00318769773219,-8.13302269469237
his-62,0.00440656250081355,7.0417466578737,-5.05913324803748
hmg-12,0.0147343911625612,4.40178118243124,4.45680120119874
hop-1,0.00368723486986263,4.0223218574369,7.32482033075698
hrdl-1,0.00000110793923515981,5.69110047514664,9.56188751439658
hrg-1,0.0433382238439323,4.14410133900648,7.32967280081825
hsp-16.41,0.000383609417351939,7.9732822838783,-11.0103903624539
ifg-1,0.00187793951682227,9.00306103750579,-2.77134806159089
ima-2,0.0280250658972674,6.43591542833412,4.08982606092241
immp-2,0.0110295055778974,3.31707271870063,6.4212830819973
ina-1,0.045005545541925,2.73835516156736,4.83429195449541
inf-1,0.0186343074240954,9.07499011098036,-3.40544989955822
ins-6,0.0297054071644153,4.1761469142674,8.25813150866537
ire-1,0.00298563880689249,5.37369703290957,4.81549858227876
JC8.4,0.0311965300957723,2.92379337601594,6.60625847661831
K01A11.2,0.00441003183965733,3.44938201025772,7.35618767715962
K02C4.3,0.0496437159731957,6.58516059373671,3.19904223720482
K02D10.4,0.0315618788149984,4.12649501976171,8.20060317318541
K02D10.7,0.0391887325816441,3.94243455174842,7.97927040515588
K04F10.1,0.0372770846534696,3.98201002297824,8.02822686326241
K04G2.6,0.0114065008046826,3.9955046370468,7.69135718885474
K05F6.12,0.0000130185548656906,7.47712595803387,-9.13545791707542
K05F6.4,0.026661589343797,8.89120993411734,-2.33712472415875
K07E3.4,0.000993564089423232,5.18013722014273,9.38350881512158
K07G5.6,0.0262713620124322,5.33908037699969,4.48767750076482
K07H8.2,0.000139157674563817,4.78933034821551,8.10731550253032
K08C9.7,0.0300473084175907,4.17437803265777,8.25590181446617
K08E3.4,0.0153473741002252,4.53281553641624,5.09015200444284
K08F11.6,0.0217558790971716,4.51530024788354,8.17276092414025
K10C9.3,0.0166716167366595,5.85411634562954,-6.11648766661357
K10D6.4,0.00488577757822727,8.83485473393233,-4.72474620091588
K10D6.6,0.021021037562089,3.74924471427468,7.7414246463412
K11H12.7,0.00486052309582073,6.87577935613969,-9.89566806909909
kca-1,0.0259295078070283,3.48787076973174,7.40643318386935
kin-18,0.0384305179216887,6.32679502306533,2.62546571542444
kin-33,0.0256400149156314,8.31561699293952,-3.00382217434516
lbp-1,0.0123166152906873,9.6914613501759,-2.32987595765568
lbp-4,0.0000188692547343657,4.44888842573174,8.57356806636747
let-754,0.000343733509922678,5.25359138031022,7.90032578674344
lin-23,0.0202128191320052,5.48466102457361,-8.45025170106958
lin-3,0.000409158175727878,4.3293474603706,8.43677239557944
lin-39,0.00269548342990712,4.90601092971495,8.60458512641055
lin-44,0.00395456485635078,4.62813004329034,8.77650261118715
lin-66,0.00825748580356594,9.35495221443004,-2.65619658024625
lir-1,0.00880453231706469,7.25009947328852,3.77388582623518
lir-2,0.00952532216417837,6.99264681363213,-4.80599556896234
lpd-8,0.00000252166544942383,5.59767795346764,9.83009498804621
lsl-1,0.0473772374542282,3.56040048011901,5.34031406105051
lsy-27,0.0357573573792444,9.45756541167167,-1.74011028394136
M01E5.4,0.00226528851148292,6.70399947207086,4.50269708082917
M01H9.3,0.0000079143738274915,6.31304317537716,8.94685729667726
M02B1.4,0.0313734999709397,4.13947381547696,8.21592910310451
M03C11.2,0.0222031702288637,2.18149943686445,5.20042883086165
M04C9.3,0.00900522368485783,4.89723514525534,9.07533797251106
M05B5.4,0.0430118897411972,8.80981929281108,-2.25019219408294
M106.3,0.014579445464044,7.12530017759492,4.30095528547242
M163.1,0.0277670596013789,3.46362628265026,6.62278435875156
M163.19,0.000688265669175439,6.45313385250826,-9.46171504097189
M176.11,0.00113549061368252,3.19935635017543,7.01344732249044
M176.2,0.0381113317225767,3.2195299066027,6.5943733253285
M18.8,0.0485252010646076,5.83285974217552,4.03341852612866
M57.1,0.0148348732341792,3.17895649683598,4.27404095477552
mbf-1,0.00063485917890385,6.79201121936228,5.02861167060068
mdh-2,0.00011493456596062,5.16188054224337,8.79452994165402
mdt-10,0.000353557205093857,4.88073138232368,7.55150995418211
mdt-11,0.0385855850074124,6.62903321207817,4.05989415748335
mec-15,0.0111438664267862,7.52218066381833,3.57868869801341
mek-1,0.0144654621193111,7.81776113065321,3.39938249352702
mes-4,0.0224731591343601,6.78140137140536,2.68508073092525
met-2,0.00886295929565588,5.29264204488092,4.93311079702276
mex-3,0.000303088608882715,6.63376247255634,5.52262708181709
mex-6,0.00993378221481101,6.80901654968135,3.55658456905662
mig-32,0.0328537633330851,8.41815241393271,2.50894459014926
mig-5,0.0126045394435318,6.601938885848,3.65065365819091
mmaa-1,0.0002230183739338,5.42332261959171,8.36303462741068
msra-1,0.00892364961186423,3.27648044187127,6.51024094402732
mtm-9,0.0241246229882869,3.64718424001275,5.00267324875302
mvb-12,0.00336585741866616,6.72908789053335,4.82396694760522
nars-2,0.013681787812235,2.99710508526057,6.71806330342875
nas-32,0.0314040408314145,2.47977018943592,5.844427582959
ndx-9,0.0266306260080232,4.77791287811232,4.91878145190828
nfya-2,0.0253958704651409,6.23601367874614,3.62538254665296
nfyc-1,0.0408097342054189,7.94764647615185,2.62475858591837
nhr-1,0.00355775064594789,5.23593923858601,6.4518159683616
nhr-116,0.0132503737671044,3.44327407452507,6.54116630667028
nhr-12,0.000149178551859911,5.43802389176422,9.16837001797707
nhr-154,0.0192230643420384,3.79421187945162,6.52885084226608
nhr-17,0.0314926997340561,3.17081291526032,6.53346668626649
nhr-181,0.0149295972209349,4.62376085677423,8.77164370693586
nhr-2,0.0124837841192133,9.58552949471762,-1.90438103743427
nhr-23,0.0219259701247416,3.36160550414304,6.85185825821893
nhr-4,0.0184354492365196,2.47705290490865,5.83924022396845
nhr-46,0.0173791880354605,5.38322194157947,4.11420418535347
nhr-70,0.0126806767356426,3.77012134221244,7.76750687756818
nos-2,0.0000106118790249419,6.14820032909109,6.37465250235789
npp-9,0.0330451675396296,3.86107826637267,3.52808753538147
nra-3,0.000278351510508945,4.3680913818399,8.48116134338044
nrx-1,0.00735956257017209,5.54431147704827,8.62998528653346
num-1,0.0001846449645688,4.66856830573387,8.82177068701477
nxf-1,0.0176604210497936,6.5866512833853,-9.15554317201874
oma-2,0.0296430324840265,4.00062672858901,4.83272456811962
osm-7,0.029771814695608,3.27022654058563,7.11264202110309
oxy-4,0.0446186205533591,2.68110829555487,6.21076450631544
pab-2,0.0194930501400587,6.2056876475773,-3.80689905435672
pac-1,0.0146801330233054,2.73922740802938,3.71898704491463
pal-1,9.55205924116341e-11,6.46163375086895,10.3468290480214
pas-1,0.00464381892766171,6.07271909639205,4.72424733562888
pas-2,0.0192097791563035,8.52892132873995,2.04802734342636
pcs-1,0.047970226646164,5.16424875757051,5.11553655182915
pde-3,0.00548480996695436,2.94431313246322,5.64173531325303
pdp-1,0.000320969674949964,4.7049586230075,7.91432752287711
pes-9,0.0498515073721542,6.948696258833,2.68340659481115
pfn-3,0.0430878231918252,2.51339824261394,5.90742098477034
pgl-1,0.00910807818171185,2.65467494969883,4.7190551517123
piki-1,0.0174921710746803,4.18941318730833,5.6374357886506
pos-1,0.0147639014138304,8.7065667364779,2.54131447291435
pph-4.2,0.0163674992218443,6.03173894189786,4.45691343290718
prx-19,0.0156351886321613,7.39509559427932,3.82318146658637
pssy-1,0.0236650953511075,4.33293822106679,6.25088110738268
ptp-1,0.000718527639837641,2.4802178223253,5.84521595341649
puf-11,0.0320341206479849,3.53218948283577,6.22859496508113
qns-1,0.0424352786641289,2.85673035308365,5.17022342444063
R01H10.7,0.0000897829464945533,3.45454682749993,7.36248280373656
R02D5.1,0.0172548070749685,7.28397225729787,-7.8311527547014
R02F2.5,0.0276525126607925,4.22213150704801,8.31143159589395
R03H10.1,0.0206202842667632,7.99499250644564,-2.17224873008095
R04A9.7,0.0104994135834612,7.01479723255486,-9.08110021908989
R04D3.3,0.00319615612786974,4.63712135839963,8.78660208772142
R05D7.4,0.000668645862187432,4.87991252594845,7.58420505964796
R05D7.5,0.0134896946159413,4.04082244982793,7.59776863954966
R06C1.4,0.0320840852591004,8.29994235984869,-3.85427898183011
R06C7.6,0.00796422950668377,4.20007765917734,8.28618418505548
R07B7.4,0.0122772321351107,3.80530147930692,7.81163850314807
R07E5.7,0.0146712164699778,5.77186866935647,4.20891068228143
R07H5.3,0.0218894600528011,3.3370577076856,7.20366432233695
R08D7.1,0.0132050240704369,6.09546771895175,3.70194247161426
R09H3.3,0.0399551048442063,2.59662881935175,6.06319733525028
R102.5,0.0368442902463871,6.9325850214945,3.50144594296143
R10D12.13,0.00190936416098029,3.20936556834968,7.02741965494885
R10E12.2,0.0495050742753489,5.27963565505459,-8.23176367494515
R10H10.6,0.0137429722546174,5.47774589365184,5.06704686532132
R11.4,0.00371122414269675,9.17590084162097,-2.90242082900231
R11A5.3,0.00849834266523466,10.894834225741,-1.96564335965839
R11A8.5,0.0105168471715001,3.52343062492302,7.08217358404633
R12E2.2,0.0430993094324689,5.65181993526551,4.32767272168911
R144.12,0.0404105475826532,3.33802696244865,4.96344661005762
R144.6,0.0481458002510769,5.89834573691303,4.50733310403314
R148.4,0.0432142875454528,3.97125012882149,4.79753679977081
R151.10,1.30022189448225e-7,5.89586958208115,9.35765513012543
R151.6,0.0162724125111135,5.92932744722655,3.96435645982285
R166.3,0.00273615250185355,4.14270879524266,6.4871791164082
R186.6,0.0276929543226591,4.22151476991258,8.31071043642455
R31.2,0.00164120701453,3.76250422820408,7.49344596189834
R53.2,0.0127442510281333,6.81149021187434,4.55569712832531
R74.6,0.0299886644180184,2.22246739374812,4.20463140723593
R74.8,0.0186796678682232,6.4435893045243,3.35137860696253
R90.1,0.00555248630661463,3.20261692594921,7.01889653999399
rab-1,0.0291631833693,5.68269412559687,-7.8153410400614
rab-14,0.0166752237072482,7.63660233607777,-3.90100979535283
raga-1,0.0354368289229048,7.98587819986234,2.93187881841702
rep-1,0.0116385495572633,4.50578390862744,4.53993504468259
rheb-1,0.0178784584320602,3.67458793670094,6.69850381944999
rnf-5,0.0000471473287873895,5.44791668597559,8.29912266048233
rnp-1,0.00493646950971459,7.23716649392683,3.92565090416192
rpn-6.2,0.031377072272011,2.96169167935587,6.66458925925791
rps-10,0.0497316600580686,7.40939299814364,1.89006769655944
rrf-3,0.0364698939294882,3.26367965066611,5.41475072837537
rskd-1,0.00465673347445602,8.43751733962036,2.89982685189018
rtel-1,0.000563071697073013,4.08696246522668,7.94770843832986
sars-2,0.0083440172884345,6.13846735135454,4.39428346425098
scl-27,0.0428822262272978,6.13743253417052,-9.13516137982096
scpl-3,0.00058564452986648,5.4211704358251,8.4282273291979
sdz-1,0.0449991014782734,5.47026510433471,-6.3985967033288
sdz-11,0.000311686120330367,7.81860663153648,-10.8540001317958
sdz-15,0.0308443066326195,9.34292860055272,-2.29058660197616
sdz-28,0.0150240925506761,9.26825547993562,-3.21048013976436
sdz-29,0.0254164778996881,7.37131870420519,-4.76011960805257
sdz-30,0.0023705184767261,9.65057772369747,-2.53235349028355
sdz-38,0.00655538316531862,7.4153073576774,-6.08374269226943
sdz-9,0.00246666812226539,9.38361084275889,-2.77285771582133
sec-16,0.0000245048811121252,3.99005822696862,7.19786347826681
sel-8,0.00241842917822907,3.24642380391945,7.07955343458496
sem-2,0.0066506912360146,7.60755662430288,-6.5118081764517
sep-1,0.0343394125520301,4.75305626547969,4.32812553693886
sepa-1,0.00177426882746291,9.47476851238449,-2.36476030084297
skr-10,0.0136536270305463,10.4776193288683,-1.77127475509875
skr-12,0.0162871343439556,9.22781072504177,-2.06340402164856
skr-13,0.0461631061646804,9.73883838868736,-1.54902440321059
skr-17,0.000808527750427398,6.54513658934882,7.08130024472309
skr-19,0.046243111994495,6.5205528265698,-5.96316004517714
skr-7,0.0490615990712441,10.7908093686131,-1.41485469058544
skr-8,0.0486765858944375,10.428850728907,-1.45911484632098
skr-9,0.0232571048926893,10.443136000414,-1.64217685941408
sma-4,0.00920715363618626,2.40666317019977,5.44181393403064
spd-3,0.0146924824374306,2.96501697010832,6.66960410663795
spn-4,0.00601886073471326,7.58036572363965,3.58227748404593
spr-2,0.000028809627830609,7.49493006443597,5.56734645640684
spsb-1,0.010654026776744,5.24600575107141,4.15613600314371
sqv-5,0.0190471840543152,4.80471976914301,4.90545839410826
sqv-7,0.0324843381730131,2.91037394849722,6.58520438714239
srbc-14,0.0210027626939117,4.42779420914178,8.54966201637804
srh-217,0.00645861214020364,6.41968740989362,-9.42728940695895
srh-9,0.00119349973199078,4.31637208853184,8.42198509575144
sri-16,0.0437830103577294,3.84152671296591,7.85597939230475
srw-135,0.0388935345051256,2.80216813266722,6.41193814210096
ssup-72,0.0259049903191522,6.50209185712874,3.66587812923274
sto-1,0.0351390045203758,4.33581216360567,4.45297791736472
sto-4,0.0187056628765732,4.55008191540349,5.35185511351927
str-148,0.00485913759462014,6.8313884640684,-9.85026109102432
str-172,0.0465394089255651,3.77269525878739,7.77201949693882
sup-26,0.00913900316173352,7.37233531190633,-4.51279862290976
syx-6,0.00286058435494389,5.40206587695699,5.15518954499823
T02C1.2,0.00455626945845239,4.54076670724402,8.67816780882075
T02G5.11,0.000207007669633787,4.09224121424693,8.1591670734263
T02G5.3,0.00744369851169968,4.12483562841375,7.42893318413112
T02H6.5,0.0211099074437286,6.2777893177848,-7.43278567642188
T03F1.12,0.0436245529521122,3.07133782208362,6.05003781693563
T04A8.8,0.0438113984562372,8.69675774429966,1.68489171983834
T04B8.2,0.000932441584118805,7.61376809532009,-8.41124920085496
T04B8.5,0.0439664700349358,2.56504740316183,6.00497742932398
T05A7.1,0.0190086841955718,3.47517038428584,7.39111932148502
T05C1.4,0.0445560619417691,2.29666110185412,4.92931721670938
T05E12.10,0.0126546043758706,11.9105439016795,-2.63121891052093
T05F1.13,0.0440722161595516,6.91179005610786,-4.32810001048702
T05H10.1,0.0388978769873602,3.04311602603239,3.50047372392369
T05H4.5,0.0300429146553949,5.48797178643554,5.0021725092108
T06A10.3,0.0092253959873566,5.68794290053209,3.59815415398399
T07C4.12,0.00943345815496534,4.87806574723535,5.46553009260706
T08G5.2,0.0436569259442661,2.4726230105694,5.82996670262248
T09A12.2,0.0484356813416631,3.72423348567817,7.70929102841967
T09A5.15,0.0387459581890521,3.98229806866644,4.90926412935315
T09B4.2,0.0329427728204351,4.2348178209185,7.81993810402736
T09E8.3,0.0000791395581638251,6.25258198418743,7.72544221770666
T11F9.22,0.0387234182554434,3.2535654441478,5.59643850692404
T11F9.23,0.0165041201918349,4.56006698544248,8.69995735141811
T12F5.1,0.0244045970709433,6.78613816714673,3.48958511311264
T12F5.2,0.0011689802195992,4.98974519181328,5.28661276183361
T12G3.6,0.017745744187737,7.19316622696091,3.55381878307619
T13C5.6,0.00691178076957888,4.61202528003264,6.41500943223862
T13F2.6,0.0425345243772168,4.01148727421384,6.65895440052766
T14B4.2,0.00687187786524074,4.14398634848459,7.17456143820372
T15H9.2,0.0000391778805196045,5.59096973398023,6.99591134890463
T19B10.8,0.0000744174179300066,4.49929021934637,7.47366889524019
T19B4.1,0.00212684569456389,3.98535869221429,8.0318024699929
T20F10.8,0.0155721350499685,5.81692777042741,-8.80083176199651
T20G5.10,0.0250294411967107,3.29255517218367,7.14255830950915
T20H4.5,0.00903418307579457,7.70102908803235,2.32530483971623
T21C12.8,0.0294775729838216,7.73431211205172,-4.10908964352173
T21C9.13,0.00000918787190049373,7.34504295117986,7.5266763140275
T22B2.1,0.0219554862832789,9.3003502858415,-1.69222990610249
T22C1.5,0.0311748095709286,3.88498120033075,6.11132599650742
T23G4.3,0.0149472505914177,5.5672756527677,3.90312354721537
T24B8.3,0.00627200596608952,9.43822375974035,-2.35247093733041
T24C4.8,0.00664564238674961,4.38572739955469,8.5022852572424
T24H7.3,0.0407204672577272,7.31536684372514,3.18826156392007
T25E12.6,0.0151008877467201,9.98277239114003,-1.8940526975903
T25G3.3,0.000471218329105956,7.1636763141103,3.92371349384
T26E3.5,0.00130512704958759,10.9610021824381,-3.85516880623388
T27A1.2,0.00161203066109896,7.35999023542467,-10.389070609056
T27A3.1,0.0000601359939586718,4.82878439634781,9.0002973705804
T27A3.6,0.0112124505775638,2.48860624061087,5.86147311658193
T28B8.1,0.0197636313200913,7.39908848148599,-8.37390371308443
taf-11.1,0.0114709704339015,8.96447595646591,-2.78897278464447
tag-321,0.0237124331749579,2.81669847324303,5.40825926644026
tag-345,0.00125674635275872,5.01187893722438,8.36094103733334
tag-63,0.00249994360597306,3.05626760805815,6.28949707731913
tag-96,0.0316678216004673,3.66803215296215,5.85923097807026
tars-1,0.0127421515816065,2.58132654091497,3.99608940812185
tat-4,0.0164355845601921,7.4309909887824,3.99950893615558
tbx-31,0.0129255353633833,2.32303314638336,5.52716845891388
tbx-32,6.30295685573495e-7,5.15000382159486,8.95807138097908
tbx-40,0.000117190492906547,4.59790856155144,8.74293758212458
tiar-1,0.0315432288992469,7.99298800377969,-2.04532038823086
tli-1,0.00547361561985287,4.43884665229352,8.56226100455817
top-3,0.030272831269995,2.67698514674412,5.25802811596657
tra-1,0.0280108274660508,3.19934565030926,7.01518466000485
tra-2,0.0300213508985953,4.14748778956635,4.09171477969852
tre-1,0.000387143103448458,4.69538601123688,7.14981412043407
ttll-12,0.0350470387832867,4.97397268717234,4.23319771026413
ttr-50,0.0495967905312175,10.752860107085,-1.31776120155536
tufm-1,0.014462780471375,6.1552485682436,3.35617751562643
twk-22,0.0192857005015288,2.83149166569012,6.22993781372228
uba-1,0.0130916157990748,6.82189336848575,3.05011712214348
ubxn-6,0.0085725324598529,6.4543013377298,4.70176988204928
uev-3,0.0298432541377217,6.04670050830347,2.90807184609077
unc-14,0.04599758324568,1.97239690926016,4.27258749629099
unc-37,0.0156070522901382,8.68612264117261,-1.94811542364668
unc-5,0.000497758104881577,3.64423185498712,7.6089434486061
unc-6,0.0300657002258368,5.47572942582119,-8.44097764686156
unc-71,0.0393759758043645,3.99878150263703,4.70908808692226
upp-1,0.0322357949309668,3.30242425879963,6.51266365593412
use-1,0.0349934360097228,6.77143563394445,3.74181753624075
vab-1,0.00476197103000631,4.57526711308678,5.23019974630266
vav-1,0.0295281032091303,3.50020079424479,7.42263743368807
vet-1,0.00212534996088278,10.6353740154713,-2.22847319586197
vet-2,0.00440352345834904,9.46570037909375,-2.28849079165271
vet-6,0.0119398343058894,9.0119382852227,-2.27584052198764
VF13D12L.3,0.00209330196798993,5.90143981588794,7.63117877173344
vha-18,0.00103335091937344,4.60257551199986,7.96136109997795
vha-9,0.0167819779673387,6.85498944063442,4.2078110473392
vps-2,0.0407172359088108,7.13200348258991,2.25131299073613
vps-25,0.000021774145348131,6.25026347361797,7.76060486250651
vps-29,0.0489587481818899,6.83144177322006,2.73450377262373
vps-32.1,0.000150463808072621,6.22390282959137,8.74133784348949
vps-36,0.0339907217409563,5.52247265410506,-7.83723415913508
W02D7.5,0.000834750124964808,4.47316280304435,8.60149255584504
W02F12.3,1.59367452318019e-11,7.40776824771883,9.56216497633146
W02F12.4,0.0060791959499329,5.96820199728621,6.92821893536317
W03G9.2,0.0000987081670352193,4.72974876375073,8.88996250691814
W04A8.3,0.0178209427687435,8.17419862916402,-6.38057676506631
W04A8.5,0.0237742042782998,9.63314441312881,-3.98199976878846
W04B5.4,0.0140593264595084,3.63769081034269,4.65762325144163
W04C9.4,0.0155636811040707,5.21100069996593,4.77956759360635
W05F2.3,0.00107011258007158,5.27047658088251,6.76996684114429
W05F2.6,0.00195255148520259,4.69566903311449,6.13117991292654
W06A11.2,0.00178605950417244,6.67841525759459,-7.24354964527083
W08E12.7,0.00398069210277037,7.93977474119989,2.88144468674288
W08F4.13,0.0043761576410551,7.19827022143776,-7.00354294781185
WBGene00206519,0.0451726230939546,7.04533528091073,-3.32175493398456
WBGene00219205,0.0257927224374918,2.16490460412379,3.54030916801682
WBGene00219422,0.0175503056107358,6.17868663232603,-9.17833087972728
WBGene00219452,0.00163661124465938,6.05463545565304,-9.04910433182771
WBGene00219491,0.024155033295307,5.83359150027371,-6.11320746128287
WBGene00235272,0.00263247693018847,6.98947840281708,-10.0117755690018
wdr-5.3,0.00000637027872836614,5.62579536919445,9.41717417196936
wee-1.1,0.0000256723240097836,7.29111582335226,-9.52327716988055
wht-7,0.0230781256902569,2.93929044765766,5.84036665749459
wrt-5,0.0172469999106434,3.57294176199021,7.51729639666737
xnd-1,0.0462329918885351,4.46860131398692,4.72240664293003
Y102E9.2,0.0403144397389942,6.50194193731301,3.53953636740698
Y104H12D.4,0.0160622284161696,4.99565150725793,4.88790926915596
Y105E8A.1,0.0378862832640164,6.68289134350744,-9.69818991918052
Y105E8A.8,0.0000125168787852615,5.29926705611032,9.11395138095165
Y105E8B.5,0.000184808610501607,4.73038517747186,8.01838764539791
Y106G6A.2,0.0430954778791251,7.73202725214722,-4.01126379504221
Y106G6A.5,0.00208898744279705,7.4840435682905,3.87000762091505
Y106G6D.1,0.0000130938223502014,9.36964185207063,-4.31084060389714
Y106G6D.2,0.00188684587639242,10.0141887688759,-2.70510061658973
Y106G6D.5,0.0451924413704309,3.80421127587854,7.80988888717649
Y106G6H.14,0.0000376313078236824,5.0228938620552,9.21301865080656
Y106G6H.15,0.0442749190100113,6.8759053217838,2.65091283688086
Y106G6H.8,0.0326927971994787,4.08970837186279,8.15599906366884
Y110A2AL.1,0.000681392902737974,5.33027857325327,9.54539130985221
Y110A2AR.1,0.000861868024283479,6.75722026636692,4.11720649595483
Y110A7A.6,0.0341342433920519,7.70691272578561,2.06813056347379
Y113G7B.27,0.00431711919663354,7.17364791055781,-6.87009631295061
Y116A8B.1,0.0000178767376263559,7.92911155460563,-6.9395645971481
Y119C1A.1,0.00439017311043128,5.20622661535397,5.25254059454109
Y11D7A.10,0.0366652507880521,4.4051100347569,5.76158735244713
Y14H12B.1,0.0212345591931881,6.15198143954721,4.46679945147993
Y18D10A.16,0.00642127085280895,3.43958264468036,7.34256356930609
Y20F4.4,0.0372698934141258,2.24503495114737,5.17200508863537
Y25C1A.13,0.0296993150635431,4.77020422026225,4.18604394181916
Y26E6A.3,0.026337084773507,6.23020182853079,-8.37879394064121
Y32B12B.2,0.0063492255445317,6.78224347358582,5.30034779250545
Y37D8A.21,0.0210549457083177,6.4052235404981,3.90678258079541
Y37D8A.25,0.0428084352579568,4.15104755423136,5.56910630799962
Y37E11AL.9,0.0130338815027138,7.22659221863766,-5.04718352276289
Y37E3.25,0.0310862969095126,11.4837095610591,-2.80538860377957
Y37F4.6,0.0257476362154501,3.41155674917648,6.75547104311996
Y37H9A.1,0.0401390718451188,2.47166384124915,5.06722571961074
Y37H9A.3,0.0399877211437377,4.5728800440502,5.12838726510725
Y38E10A.2,0.0198507308210619,3.46327452217453,7.37393196554573
Y38H8A.1,0.0322399704165687,4.41045577008344,7.62891391260175
Y39A1A.14,0.0178824242750016,4.65538434422735,7.22711570746642
Y39A1A.20,0.0263936128954147,3.06199991009269,6.81444091714644
Y39A1A.8,0.00112042987607005,4.28371330102962,8.3839254407683
Y39B6A.39,0.000431092940249554,5.12524141434539,5.4762585397386
Y39G10AR.7,0.00867115886807402,4.11036164667219,8.1799869394651
Y39G10AR.9,0.00979234433068659,4.63360867636423,6.4072030661249
Y41D4A.3,0.00209344053671439,7.93083030044414,-10.9675391881
Y41D4A.5,0.00708728170226314,4.33300099967902,5.052725024405
Y41D4B.14,0.0037420744934297,9.97191719841157,-3.09482689534668
Y42H9AR.4,0.00102067392358938,6.56992282580609,4.13179968078386
Y43E12A.3,0.0186895496061874,3.41652643560184,7.3112029119824
Y43H11AL.2,0.015926988175483,4.31577074247466,5.02016449279934
Y44E3A.4,0.0400192685064379,2.66367785358197,6.18038448535292
Y44F5A.1,0.00761896138331492,3.36355298660577,7.24118115187911
Y45F10D.4,0.0483178008535943,6.15720896718442,3.3567732398227
Y46E12BL.2,0.0156618176720571,4.0364780290094,5.05732221292819
Y46G5A.35,0.00319684279384802,3.79707221803643,7.80099223842531
Y47D7A.14,0.00453286749938797,3.34344927617765,6.87891819683518
Y47G6A.3,0.0474098843398573,2.63598132121154,6.13218882125599
Y48E1B.14,0.0154203173092941,3.03130831667063,5.14832143785497
Y48G10A.1,0.0083242145908703,5.10886528962237,5.79084445426386
Y49A3A.4,0.0483683254046745,6.45066150837843,-9.45917402492443
Y49F6B.2,0.0239240796934345,6.17383445725861,-8.06563460680549
Y49F6B.9,0.00109278902376792,5.76360174321999,5.11588334435513
Y49G5B.1,0.000217205238532288,4.17235589071282,8.25350414870291
Y50D4A.4,0.000279311964976725,4.57976242128212,7.77793963927234
Y50D4C.5,0.00719323817951367,5.39152417261445,7.52646509270738
Y51F10.2,0.0000280373498253723,6.43804383014581,6.60883656778075
Y51H7C.3,0.0395631901477481,6.07275535713538,3.17353116954454
Y52B11A.12,0.00345054656302122,6.27714258021843,-9.28005844621077
Y52B11A.3,0.000602293159774114,5.95379246278317,5.66366964664482
Y53C10A.6,0.00966699932831088,6.62085062714791,4.58940693419152
Y53F4B.4,0.000397682425415448,4.85753472643213,9.03147348726282
Y53G8AR.9,0.00684170146095093,8.03827540665228,-4.05782915110591
Y54E10A.12,0.045317219230232,3.9015678263743,4.64710936079235
Y54G11A.2,0.000372561891204868,3.88967585900886,6.50984947988645
Y54G2A.26,0.0348097863821911,5.50110243263577,3.46789844309646
Y55B1BR.3,0.0191788584738057,6.74277214448156,-5.41053097240702
Y55F3BL.2,0.0070396874832632,4.54229206217144,8.23557107015019
Y55F3BL.4,0.00995807610330569,4.01951000765095,8.07231962220412
Y56A3A.19,0.0338511569315857,5.89110972312314,3.41252500292541
Y56A3A.22,0.00298735550419661,4.26373733816777,6.03246881268198
Y57A10B.6,0.0416711084824089,9.15163806938577,-2.11429601441335
Y57A10C.1,0.0000895874023008671,8.05182176940387,-9.65533498179163
Y57A10C.11,0.00000986572281764952,8.42933190961045,-8.58684115085316
Y57G11C.33,0.0000829135195627149,6.38028908672882,6.45479161758911
Y57G7A.2,0.0480468268731603,8.21567990445506,-2.04390492016566
Y59A8A.3,0.00598926974228887,3.42187728936929,5.48272488616959
Y59A8B.12,0.0274702851731622,6.04740922538721,4.28565656195286
Y59H11AR.6,0.00141534959182979,7.28555506964508,-10.3134283143491
Y5F2A.4,0.0394926362836437,6.49123335366003,2.92307801612556
Y62E10A.14,0.0136980357720232,4.08847733256681,8.15453648689313
Y63D3A.4,0.0037902127875387,5.45123333343749,5.48328086564457
Y65B4BR.8,0.0198706890921938,6.75662189414816,3.84908949321802
Y67D8A.3,0.00852334907470142,5.39278514294021,5.72357488030096
Y69A2AR.7,0.0478573232233192,7.68049006329396,-3.28082955234481
Y71A12B.11,0.0201381977686891,9.14127693490127,-2.77041419342825
Y71A12B.17,0.00105681791579647,5.64236464398457,-8.1648788548532
Y71D11A.7,0.0111432191483794,4.77454446631034,8.93983709552126
Y71F9AL.9,0.034810684058088,7.5757204842512,-3.34710814503295
Y71F9AR.4,0.00162883279186131,4.08942525297621,8.15554619853656
Y71F9B.2,0.000453422003178129,3.04228560075925,6.36116537359095
Y71G12A.2,0.00922237530915403,2.89000006916924,6.55347303484175
Y73B6BL.23,0.0000258747096448867,5.6280836349552,7.29295880726487
Y73F8A.24,0.00011280312231267,5.50827106588816,7.68261668453706
Y75B8A.33,0.0247406587338499,4.44864601688917,2.65584842981447
Y82E9BR.17,0.00465838247236891,6.34141368705807,-6.91440058739601
Y87G2A.20,0.0172650237400507,4.54291250028784,8.68010017296628
Y87G2A.7,0.0457031026924916,5.58969934048309,3.7536756126268
Y92H12A.2,0.046109106738464,2.42520977224743,5.73716926804176
Y9C9A.13,0.00812234935379584,7.02783220039673,-4.20263433766823
ZC308.4,0.00267403199117378,7.49256013730904,4.78226163295454
ZC376.4,0.0477677508451076,5.18609036010362,4.24612992375
ZC443.3,0.0137783280614133,2.45561565848535,5.79775674432156
zif-1,0.0000108108079753231,5.34052628013627,8.17332818555582
ZK1010.8,0.0330583149360228,4.08286427987791,8.14786421745226
ZK1053.4,0.0419589584743017,7.90374580057015,-2.90592338875622
ZK1067.3,0.0427911004986616,6.7673335686077,2.69934143328409
ZK1073.1,0.0362518260165057,3.87549091767368,5.92104326916331
ZK1236.7,0.00477327108848668,4.39541628064735,5.19928432975245
ZK154.4,0.0479045835230339,3.73424764970669,7.72269555393562
ZK177.8,0.00183347131098136,3.45061317964684,7.35748077453653
ZK20.4,0.024338188801019,5.4995226566521,2.41669553883534
ZK265.6,0.0000809221606680742,4.87983864608966,9.05642800212326
ZK355.2,0.01417041181056,3.2249226240798,6.67693998035294
ZK512.2,0.0412225228863024,6.26103010955014,-9.26333367396789
ZK550.4,0.0213193329712015,7.21729241807911,2.57304706419475
ZK632.12,0.00799163739965614,6.54982848796776,4.89980821927077
ZK632.9,0.00183578224516561,6.45995188425807,5.17243107502746
ZK652.6,0.038402674837272,6.84310217735598,2.96138454582492
ZK666.1,3.57824078414008e-9,6.91477788727442,11.1973237542339
ZK666.4,0.0390267808261647,6.76455270735641,4.18482607649596
ZK673.6,0.0233558733176072,4.34834198552733,8.45846259360933
ZK688.3,0.000308864927849935,5.18806491004049,8.75587826264972
ZK688.5,0.00809956918771964,3.30625852711846,7.16217108657638
ZK822.2,0.00115463941706112,8.11605361951938,-7.6195215715133
ZK863.4,7.07765021478766e-7,5.67836657732193,9.59549940854731
ZK899.6,0.0350409738727787,10.0992293390797,-1.5186601770736
ztf-11,0.00617327206745968,8.94923014253285,-3.35981198064093
ztf-17,0.00750661887154276,3.32343420736737,7.18588878922946
ztf-22,0.0358065506032358,4.4989560601539,4.17178903519909
ztf-23,0.000498569045729969,5.65858956288935,6.07873941446943
ztf-27,0.0477472711972474,2.38762181728242,5.66211191309364
ztf-9,0.00588654564392756,4.79018541619883,8.46860994176972
zwl-1,0.000137782239021621,4.20345169654485,7.79463138294063