aak-1,0.0127340662834928,3.27558465729659,7.19852684788154
aakg-4,0.0480058726077174,3.20499153464833,5.55695618441779
aap-1,0.00364022265592553,5.50850113673262,6.07445509363919
acl-11,0.00015289096777207,3.71349889600803,7.76216642004377
acl-3,0.0000288392096751274,5.11807857147054,9.36429357523423
acs-13,0.0191512506711621,5.58192247421333,4.53256664566391
acs-19,0.00999609367833932,4.6227026387765,5.01336363654097
adm-2,0.0029286690194724,3.12716783866226,6.99607422341846
agef-1,0.0000281918335198144,3.94824356376532,8.04842273632111
AH10.2,0.0304725512639934,4.87870305067889,6.80277132776064
aipl-1,0.00250661850287049,5.94346672364122,4.89081673183878
alh-11,0.0313420439908998,5.16309262529213,5.06475766590868
alh-6,0.00324794057651152,3.51810545589471,7.51779800523041
aly-1,0.0340819141132911,9.09931746050443,-2.78520640749338
aman-2,0.0377197178214142,4.2393910868247,4.07561859178609
ani-3,0.000213605613885888,4.64869401135763,7.50187512652012
app-1,0.000488948636847515,5.08991186562821,6.49886467446411
aqp-2,0.0382994846692587,5.81916318926182,-6.74635985546981
arrd-19,0.00854975078283648,2.80150074669295,6.51745953555125
arrd-2,0.0197440202089499,8.79091910165993,-3.47925548515165
arx-3,0.0164413749240127,6.18872087076995,3.91299542358978
asns-2,0.0204259468239631,3.30153812774395,7.23307709160417
atad-3,0.0000503992070170115,3.48873408118356,7.48129812950349
atf-7,0.0109443635663638,5.75899496006796,3.92980245255879
atgp-2,0.0207649448226711,2.10899972858622,3.81551606079027
atx-3,0.0000117456398424789,5.55617412458588,7.70351063115589
B0019.2,0.00337298163362359,3.53951239741095,6.0966956977277
B0024.13,0.00011931753843935,5.21202401790911,9.46541082435641
B0035.12,0.029350460491409,3.5545453762031,4.06198681805846
B0035.16,0.0265876738659156,3.73157864023205,6.56694338650743
B0035.3,0.0005280127508977,6.38138662656591,6.45320373439696
B0205.6,0.0000235408983540224,4.95526427948218,8.21462523021247
B0207.2,0.00358632398109295,4.39048247716339,8.56288257342002
B0207.6,0.00691315904661972,4.61305348930157,5.91328003592219
B0228.6,0.00801007287592546,3.76485583747566,7.82952626642835
B0238.10,0.0253161445320908,4.772655431153,4.61474122398978
B0238.9,0.0390363489538819,5.1654678121058,4.02173534773095
B0250.2,0.0492825198308925,2.04057075745236,5.07237888541922
B0303.7,0.0236464648143769,4.6951843756548,4.23043598803683
B0334.13,0.0364565798358303,2.59302349485177,3.48854831805971
B0393.6,0.00108769186745303,5.57103384508433,5.83405466633094
B0432.1,0.043047674970805,2.13187349806733,5.28132949389306
B0432.8,0.0492268385363292,3.05966886825417,6.89718009401203
B0507.2,0.0460352071896261,4.80119631754737,4.89422202077633
B0511.13,0.0458803456145926,5.60402507826344,3.1590439660335
B0546.4,0.00190185548815,3.86738293533604,7.95332131779955
B0564.7,0.000203523770120873,3.44269424869378,7.41979214954327
bath-28,0.000420188945233022,4.07256187624388,7.27744154893443
bath-29,3.31267855006451e-9,6.51478694078559,10.829679620251
bath-30,0.0000130169203162336,4.45565171982568,8.63652496364111
bath-31,0.0182169021044101,5.33944795858433,-7.5838257166385
bath-36,0.0379657822597566,8.49957003603565,-6.95985096449172
bath-4,0.00274361197831434,3.43508556686516,7.41051854405506
bath-41,0.0125132805893333,7.41510411203882,2.82503076282336
bath-44,0.0279323735745539,4.39108695344681,5.40671301378735
bath-9,0.0340536714505945,2.4004149556991,5.83513017849913
bca-1,0.00805112206703358,4.36534280454552,7.2812175935114
BE0003N10.1,0.035023886382511,1.87992590676067,4.62611456280894
bed-1,0.0352305299372888,5.51680282902401,3.25302707955858
bre-4,0.0455658404823292,3.23584503975262,7.15536316094822
btb-10,0.0228956048914017,8.10890507342221,-3.80169873585318
btb-19,0.00210413932029649,4.74932165310507,8.9616798243038
btb-20,0.0161371354097015,3.04046616880608,6.87125515210383
btb-4,0.0308173318602393,4.58738982529378,4.91279309624847
btb-6,0.0115308211612724,9.38169033860577,-2.71649205078406
btb-7,0.0492662803784667,3.16347774556451,7.0566230013193
btb-8,0.00959438345824214,6.23575839666219,-9.40720394245283
bus-18,0.000797587071428843,5.1483318793151,9.39719755537398
C01A2.3,0.0287060683735944,5.01390833399577,4.75065478118867
C01A2.4,0.0227176052763279,6.91154200820142,4.01753776626469
C01B10.8,0.00398805731815651,5.64827042100235,5.85198110147545
C01F1.6,0.0000266335882102204,3.86098149959484,7.56102102513306
C01G5.5,0.013137204045363,3.9538132322045,5.23686369445806
C01G8.1,0.0147723365923438,6.56265001172945,3.93231995325687
C03A3.2,0.000238633981543623,4.70312391317974,7.54363021094757
C04B4.2,0.0012205217879334,5.44987480743451,6.02901314801946
C04F12.5,0.0241769572061026,5.21004107669139,5.09186202179644
C05C8.6,0.00638103694335157,3.65556288664062,6.07534765540997
C05D12.4,0.00762451904843096,5.20981851096013,-7.67188291200764
C05D12.5,0.00458520754496733,9.77955146664284,-4.13242013406482
C05D2.6,0.0142168939780645,6.44721403252353,3.66578196025031
C05G5.3,0.0127876183630292,3.69373675229406,7.00447081463858
C06A1.4,0.000705812588622289,2.67364944496536,6.08780612529204
C06A5.6,0.0438878843693992,3.15729606939053,4.14577314440707
C06A5.8,0.0000719425480708866,4.54855162451786,8.74002042104301
C06A6.2,0.00875185998398339,4.76615193421027,4.03515502271301
C06A8.3,0.0315589124040446,9.94116900266489,-2.49164609312912
C06H2.3,0.0252206868948314,4.01888231136921,4.47967428257795
C07A9.9,0.0459926628820044,3.13595916061076,7.00482961274119
C07H6.10,0.00197987337326426,3.67407178100915,7.71357760515603
C07H6.15,0.00202649562006988,3.65192687336962,7.68526117544866
C07H6.2,0.00162509595125985,5.93647977687036,5.83968910986343
C08H9.2,0.0418429739239141,5.68686161605916,2.71740851564779
C09B8.4,0.00469010107666776,4.15169520374104,8.2857559007821
C09D4.2,0.0108378673435105,5.96298900567271,-9.12426756444206
C09H10.10,0.00959122595518673,2.25159147291318,4.64716426925612
C10C6.7,0.01999183722117,2.85359097038412,6.59586244157244
C13A10.1,0.0180253588826392,3.29662810087067,7.22480962565515
C13B4.1,0.0033905178421941,3.28940547218679,7.21819851381162
C13B9.3,0.0154564125367396,6.32249026776042,3.84337978422877
C13C4.4,0.000162216584636337,4.89472443975623,8.56594181367431
C13F10.7,0.0382512300783303,10.5415158747498,-2.27500342874949
C14A4.3,0.0135840381609517,5.89680995821543,4.92414521732721
C14B1.12,0.0345656578301216,5.27639947588863,4.3401853026181
C14B1.9,0.000208727155106698,4.69148057741926,8.45625716322254
C14C10.4,0.0282927195868775,2.00727118058352,4.98157360749562
C15H11.8,0.0317554274247043,7.11398923578837,3.93592805824291
C16C10.1,0.000927852615624896,3.82939128730349,7.90484106659249
C16C4.18,0.047620468194289,3.19274328717331,7.09677045553666
C17E4.11,0.00515462945860181,3.08625676891833,5.52859875177605
C17E4.2,0.00495929576418807,8.08383615283128,-5.29106940117736
C17E4.3,0.0000280941464635937,5.61580043042129,7.320261464329
C17E4.4,0.00330509786361816,4.394056316911,8.56443323186864
C17E7.4,0.0327849736558756,4.65630294318064,3.70621875598307
C17H11.2,0.0244233062159405,4.62185769242638,5.42021692376405
C18A3.4,0.0219941028483843,3.92546879030602,8.01806444073266
C18D11.3,0.039215047366021,3.41722793666197,6.0497520275133
C18E3.9,0.0277170393701167,6.78648461147592,3.54855423696068
C23G10.7,0.0211777702257322,4.63707802222621,4.40243489060828
C24G6.8,0.0382744577247349,8.01292949433762,-3.57200311603606
C24H10.1,0.0129339361835831,3.67246754271947,7.7094695477321
C25A11.2,0.000019160949081851,4.78905515351339,8.40536442985811
C25H3.12,0.035222739200648,7.17288359603223,-10.3674138396884
C25H3.14,0.00347570624551775,3.29687835170489,7.22753353817212
C25H3.17,0.00598399992331486,4.24280205837949,8.39099528331607
C25H3.8,0.0386922125304401,3.94160232771252,4.13169906302323
C26B2.7,0.0000844992110722874,6.08287414233945,6.91440735470584
C27A7.6,0.0039868673072623,3.18764702664981,7.07801724620691
C27F2.9,0.0000117318739699231,6.29620367704876,7.8178250978183
C28H8.1,0.016038467897474,10.578678880159,-5.389016591289
C29E4.9,0.0369056617009942,2.53801831200156,5.5420588178371
C30B5.2,0.0301509032306414,7.33595671315967,3.13666137535113
C30C11.4,0.0395423172166488,5.75810292469487,2.96749097148489
C30F12.1,0.0374940979763637,2.20956827984597,5.45172973018056
C30G12.6,0.0000571007401647268,4.25099368873318,7.34387939682486
C32D5.3,0.0000739630413048495,4.57109470495866,8.7643873471538
C32D5.8,0.029404477630412,5.63725793159842,3.36015405794703
C33A12.3,0.00462070854746866,4.42302466302097,5.31934465192673
C33B4.4,0.0114583296148663,5.12723972799145,6.9096448736695
C33E10.3,0.000115515410882037,7.42252331831114,-10.6198488330184
C33F10.14,0.0465068087143632,5.48100854458762,3.92531623139337
C34E10.11,8.26018217752515e-8,6.1979609543957,10.5027532602603
C34E10.9,0.0286260965389225,7.64001822074343,-10.8405460269592
C35D10.10,0.000990253827530204,6.82697897103515,5.52800844915544
C35D6.3,0.0383097861506386,7.92572867878678,-5.45086049295975
C35E7.3,0.0160581764949924,6.21136677954902,-5.39876408313011
C35E7.5,0.0463956774630431,8.17370320657631,-2.80602604183409
C36A4.4,0.000164874438203227,3.98714927157425,7.63536126456446
C36B1.11,0.0282069596211657,6.77351018153906,3.13203741080869
C37A5.7,0.00826687220403276,2.54068820952846,5.68718679958543
C37H5.3,0.00355915862963565,4.94934277481894,7.70140244773698
C38D4.4,0.000415546620358631,4.41934212984531,7.94248448125818
C39E9.12,0.0174777614086005,5.79251125128037,3.2866377633711
C40A11.7,0.00310676280615767,6.18890242570987,-9.35843419805185
C41G7.3,0.000338489811422308,4.92720892571939,7.16702133783127
C41H7.5,0.0133622484695364,2.19900800560155,5.43197663526844
C42C1.11,0.0000328585681519588,5.04567161716854,9.28603164401465
C42C1.8,0.000185541362947791,5.39984197923266,7.03806884391767
C42D8.1,0.0086146524019043,4.66729594601089,8.87223962715208
C44B7.7,0.0116627084488834,3.5924660614324,7.61240863570758
C44H4.4,0.0141945297801518,3.38593680745294,4.52006722524021
C45E1.4,0.010241384898826,3.92380349304904,8.01791122468682
C46A5.5,0.00772254954124751,3.82691552340845,5.29026040844025
C46C11.1,0.0465794863750257,4.56196543867629,4.53368266167338
C46C2.7,7.88569477154687e-7,5.30564996436218,9.56664419859652
C46C2.8,0.0343422914283701,3.56315645498571,7.58230653151665
C46F11.3,0.00101801036622411,4.51230221357694,8.11372972412068
C46H11.2,0.0184042460092814,7.93280806817483,-6.78689916838468
C47A4.1,0.00456682094658648,3.01892717622966,6.84247267080394
C47E12.2,0.0000237145756967475,5.66398159785483,8.22334992994561
C47E8.11,0.00450856307805011,5.04929016729071,9.29013387687036
C48A7.2,0.00039680643515634,5.47617224112316,6.71040647695408
C48B4.11,0.00375611341383873,4.80486469973103,6.58186968390316
C48B4.6,0.0384354199477462,6.48950636951159,3.7751633242447
C48B4.9,0.00739026174231765,6.30751047925671,4.60657502429177
C48D1.1,0.032189903917565,6.05153067641043,-9.21634029913743
C49A9.10,0.00515075642341034,3.34071245652521,5.95154097488078
C49C3.5,0.0345464091362324,3.44341068483183,7.42171224176352
C49D10.10,0.0249820836439571,2.67765266055228,6.32965414268642
C49H3.4,0.000172903638830113,4.53841216199744,8.72757245223695
C50C3.1,0.000196805781326545,4.97843791785234,7.412558619938
C50D2.7,0.0279217506781995,3.53552960735205,4.87448118591507
C50E3.12,0.00510332198954943,3.01233095772463,6.83285794174023
C50E3.5,0.0111836769099953,4.37251875243464,6.54457615147971
C50F4.4,0.0278012030717628,3.85678139255757,6.05633951470519
C50F7.4,0.00324297458570289,3.76783039439082,7.82864000732196
C52E12.4,0.0317756697099081,3.28480610461936,4.59302193881519
C53A3.1,0.0406553903130792,5.86221743496201,-8.24618376118711
C53B4.3,0.0378890338738902,1.92679041577863,4.76512420479709
C53B4.6,0.00909723497379918,3.91275850248034,7.41346518832903
C53C11.1,0.0198518870983977,4.03767914510074,8.15385191697685
C53D6.4,0.0120191207762318,5.164792241525,5.5220502866642
C53H9.3,0.0288478359322661,3.15609459781987,5.36605265473916
C54G4.5,0.00120562492918921,5.83766323032356,10.1291920104844
C54G4.7,0.0000104024676952046,5.02828411745982,9.26774597999167
C55B6.1,0.00270565640484895,5.33651035855309,6.0955800638854
C55C3.5,0.00174533046066997,4.43238804102427,7.06312156725129
cal-5,0.000055240824815273,5.12461522307246,9.37334282471141
car-1,0.00673210836320979,5.04680551110209,4.73430833899828
casy-1,0.0425704448240465,3.0676477568246,5.05891718972597
cbd-1,0.0192480490665798,4.03927392429945,5.59988803071164
cdc-25.2,4.58827129534798e-7,6.27438645550104,10.138752152769
cdc-42,0.0486718129674407,7.77585705081956,3.15356884133804
cdk-2,0.0127872695226908,3.52146475945943,7.52884745285242
ced-10,0.00335478230698605,4.35591666049731,4.36341920101355
ceh-31,0.0236406887718288,3.85093337991639,7.92955830691688
ceh-43,0.0332985701490591,8.68557397498906,-11.8952962213036
ceh-49,0.00917679412037356,11.5898810240094,-4.54353868041423
cey-2,0.0139552273548961,6.86627460561438,4.09860864731487
cey-3,0.0233714184424104,7.33493187402213,3.47043345360624
chc-1,0.000538969323166347,4.84063940411443,6.19146722976731
cif-1,0.0373314464269488,10.5423249818327,-4.64789208940512
cit-1.1,0.0209555987235696,4.65460078594073,4.92437119210609
clec-266,0.00708137277596756,9.7814779444612,-4.97444733065924
clh-3,0.00477746861803525,3.58026327598042,7.59568594834376
clp-7,0.0347827646561782,5.56534442829616,3.51550883985559
cls-2,0.0204074168724591,2.35477258787629,4.67127988007081
cogc-6,0.000312077900561873,4.42689897324812,7.43498122870749
col-84,0.00529513950662168,4.81324660967536,7.18384963725395
col-90,0.00414757968331777,2.14991076871547,4.57915286900869
coq-1,0.00141163116524187,3.88344300230588,7.20461269837468
coq-5,0.0138911576602842,3.93879042247398,4.83996528859636
cpb-1,0.00879558136166929,2.65043643877806,6.27324955921305
cpg-1,0.0350967895791121,5.99232256782526,3.4721031023028
cpg-4,0.0150853696480987,5.94811400329425,3.93905642982645
cpn-2,0.0382498022739795,5.31680319762035,-8.4451632622801
csnk-1,0.00000184497631511915,5.93760930939215,8.9198574749271
ctns-1,0.000162955428023498,4.81348007196123,9.03252679446036
cul-1,0.00409092609127957,8.12795524449385,-3.36492415532546
cyb-2.1,0.0137768681960995,5.95272456308664,3.64995063754927
cyld-1,0.00359162140664416,4.32066113000081,4.88135550197855
cyn-2,0.0135999544232023,9.16960522425199,-12.3814484912948
cyp-13B2,0.0190287846378832,2.43953171355659,3.84296423823274
D1005.1,0.00168930574086934,4.4431162582945,8.62078802890271
D1025.1,0.00261150480414399,3.7250218213827,7.77757490071019
D1046.3,0.0258497028718234,2.37416838865396,5.13893901849317
D1081.6,0.0152041197447142,9.77869001927877,-3.29321978413499
D2096.1,0.0272620026638194,6.27133605358009,-6.94080149957987
D2096.12,0.0219506186254202,3.55219460691896,6.83762641632425
dab-1,0.00000605113436109005,5.74491094858185,6.51189137753782
daf-1,0.0417471762860074,3.70866749474541,3.92235633123128
daf-16,0.0000843060518908173,6.03914333998507,7.34253395471545
daf-18,0.016552205798867,5.77856031818276,3.64674571304235
daf-19,0.00301698853228821,3.52107981943241,5.73380456740178
daf-4,0.0031850367600064,3.7946450950208,7.31445437374004
daf-5,0.0000632491097117354,3.91338876389606,8.00815948234862
daz-1,0.0000776746175311219,5.68557097069073,6.82771939657182
ddl-3,0.00223641043723611,3.08494645317889,6.93726340790421
del-3,0.00102164557463895,5.88087209026613,10.1727319479624
dhs-6,0.000111800687789948,4.16575394229066,7.8883294060146
dhs-8,0.0201284834500883,4.02217552822383,8.13555273493109
dis-3,0.0208168724514793,2.88248423339747,6.63986375985605
dkf-1,0.0194973947334991,2.24327135546592,5.52531072976403
dkf-2,0.00681344035750465,5.65867378433445,6.24990339464253
dmd-6,0.000190746331231626,5.40098682940566,7.58017949565509
dna-2,0.000727681755459503,3.67487627378972,7.05646360367794
dnc-6,0.00838310221063627,7.03338064067024,3.86121435746153
dnj-2,0.0000332071542631904,4.28440627966177,8.44036716414882
dnj-21,0.00220524460313327,3.60548181044216,7.62656936169479
dnj-9,0.0105640339779095,4.20868270254911,5.14323134873056
dog-1,0.0489906425766378,4.72227517501755,3.50110516062429
dpm-1,0.00296028391415458,3.70689673657364,6.28127448396247
dpy-10,0.0255671705829618,3.75152960067041,4.62833677485691
dpy-18,0.0407282708911159,7.24761394140949,-6.79171460666356
dpy-19,0.00388105939391017,3.13578298743189,7.00765787248845
dsl-1,0.00756128557371996,6.15087252738594,-9.31934068022521
duo-1,0.00439567807842849,3.18747842196236,7.07980715880917
E01A2.1,0.0164504590319994,5.90794263505044,4.46623530466265
E01B7.1,0.00106051741433499,3.57540531382117,6.02082238575735
E04D5.1,0.00454542232895251,6.56143024035208,4.27215457551963
ect-2,0.0364093561290788,5.77917155955006,3.82979406137598
EEED8.12,0.00947612681787322,8.99809543104854,-3.39754651915345
EEED8.4,0.0187843459925883,8.88274130901168,-2.395338278564
egg-3,0.00406951468649816,5.50373653313904,5.19811633595471
egl-21,0.0265465073232912,3.73028887603547,7.78297910995884
ehbp-1,0.0002453677677333,4.53795680419826,7.78099988119609
ekl-5,0.034561310262367,5.75238400100042,3.37145272304887
elo-6,0.0201466088912122,4.09285689549806,8.22370506544724
emb-8,0.0000751858261501512,4.32943325846996,8.26091138517647
enol-1,0.00874943404542878,6.29244366612661,4.72168311450683
epg-2,0.0286716890076468,9.09780023857112,-2.77003314824508
erl-1,0.015521629507074,5.77845457411926,4.84656425289788
evl-20,0.0163030081418253,4.31404978352418,5.59550368863295
exc-7,0.0164596425054051,2.76014605824561,6.04354604118333
exo-3,0.000391411879319157,4.76022828779935,7.62854934286181
exoc-8,0.000311941363194718,5.96985692547738,6.48606201557778
exos-2,0.0450833926624893,5.35767064649947,2.87462867666745
exos-3,0.0398455921149709,5.46602030387063,4.07739246176741
F01F1.2,0.0121070940740176,5.10720720238773,4.18610713239467
F01G4.5,0.00276933087917347,5.18519323883313,8.17519072641027
F02E8.4,6.10254257381557e-7,5.63231314743452,9.0129651738591
F07F6.7,0.0226683986052975,3.88408929356777,7.9709404468769
F08F3.9,0.00842857609394311,2.47320081567389,5.97188911303754
F08F8.2,0.00000228118582533453,5.04609351048703,9.28682132248501
F08G12.2,0.00766115242320975,9.66762189105944,-2.70698112947963
F08G2.4,0.000532086603195108,4.5667131455869,8.75993280746544
F08H9.3,0.0480520888936373,5.85304521233767,5.37073575492665
F09E5.14,0.0239253570352411,3.84104650591013,7.91823744295432
F09E8.2,0.035947172736058,5.70686328173147,3.90245170384091
F10E7.1,0.000724442716844073,6.70205803005954,-9.88625755933526
F10G2.4,0.0452356291015486,11.2921134717527,-2.86010329683695
F10G8.6,0.0486720001656996,6.00542512496491,-5.35681660862211
F11A10.5,0.0375550281054325,6.49822658308663,3.18255757883363
F11A10.6,0.0490886308407706,5.7157408583564,4.22859195795708
F13D12.5,0.0296924376143191,5.58771848800051,3.8092682579557
F14B4.2,0.00000110483029384122,5.76235961849806,7.89342299252206
F14D2.15,0.0296709831692925,4.78368420025664,4.75041230792173
F14D2.5,0.0225190489887062,3.99435691283272,8.10798598726824
F14D7.17,0.0245339263484323,3.81226444505888,7.88330551880957
F15B10.1,0.0298601703343205,4.08242095003479,4.73139511739507
F15B10.3,0.00980854355655471,10.2088440358898,-4.05353065400899
F16A11.1,0.0000713544873640645,4.90713524850495,8.08884725150732
F16B12.4,0.031173017567497,6.15544729391976,-9.32392235376195
F16B12.7,0.00567127869358262,4.90109207208641,7.76999900285827
F16D3.6,0.0438703076064304,1.89561037846439,4.68620362331585
F16H11.3,0.0270308018798318,2.97671173032769,6.77764172453975
F17C11.7,0.00274791303275231,5.14958970565004,4.63891610534999
F17H10.3,0.0110826639925002,5.43981627021332,-8.57604271186507
F18A1.7,0.000713213469123184,8.48231790513128,4.38045919539518
F18E3.13,0.010903156067591,3.42252936687345,7.39405796300849
F18H3.4,0.00859574564621082,4.40389904219955,5.15466931435024
F19B10.1,0.011480860881842,7.59742739705717,-3.80863676340599
F20D6.11,0.00162241465727168,3.18185506532094,7.07252446411683
F20H11.1,0.0421145919195384,2.63203650472119,3.80634627955417
F21A10.2,0.0245690437444311,4.61560670950746,3.80784780912898
F22G12.3,0.027815431880735,6.05939260708831,-8.29704422976471
F22G12.4,0.00641730969534433,3.71442236987338,7.2803322829863
F22G12.5,0.0264540824045719,2.53770892450776,4.05345462946924
F23A7.4,0.0490777688785863,10.7660011866168,-2.57199406036869
F23A7.6,0.00386125909873663,6.50748232079642,-9.68699734635297
F23A7.8,0.0417634462410133,13.4259062308543,-2.5795752772886
F23B12.5,0.0438897429551682,4.90482936840216,3.20032683636346
F23C8.5,0.0343826207004229,3.03040126412989,5.31205832942364
F23D12.2,0.00405585514554377,2.67180928555937,6.14361646391678
F23D12.4,0.0150182186501055,7.32981572229636,-8.79463888439605
F25B4.4,0.0418298889537601,3.10230021360297,4.12254009705306
F25B5.3,0.00310019849387739,6.02355787269967,5.05302241666121
F25H2.12,0.00879989363182906,2.53724962021508,5.75615544178634
F25H2.2,0.00574343322716559,4.64719789517527,6.00272262290603
F25H5.6,0.00715413202922604,5.58161854067417,4.64953580617392
F26A1.7,0.0414380444668926,3.34587991086791,7.30224475889068
F26A3.1,0.0261937784806329,3.3142600107299,5.19779975047025
F26E4.4,0.0107675780451734,7.08536615449026,3.60722169278605
F26E4.6,0.0402945166405134,11.4275315140239,-3.32414600974246
F26G5.1,0.00732994790259573,5.51268280597873,5.30205268830175
F26H9.4,0.00217131406206393,3.69463322189494,7.73894551381033
F27C1.2,0.0432050495539971,7.55461344978809,2.23086734005741
F27D4.7,0.000284103872809112,4.25580784154778,8.40758786910642
F27D4.8,0.0434581468389044,6.31852285715017,3.85126072325888
F28B3.6,0.0404125950963635,5.08049535500318,4.2166044810117
F28C1.1,0.000928081745356565,4.92629845638479,5.71038333180022
F28C6.1,0.0229944805993536,9.81986977980365,-3.1989322943623
F28C6.8,0.00017915816355781,4.31221407984607,8.47215403469554
F28F8.5,0.00206747313424232,5.93647177404477,5.47192749440743
F28H7.4,0.0232872642519377,3.86585480836915,7.94634572585595
F29A7.6,0.0326445360042681,6.25521958085324,4.35251695548377
F29B9.2,0.00665847361903345,4.98333135638033,4.9443090285124
F29G9.7,0.00947503460445977,6.97497119199269,6.11848998714467
F30B5.4,0.00228626637519137,3.52860788728582,6.47281537288186
F30F8.3,0.046699874534906,5.98696153900294,3.17417551729631
F30F8.9,0.000510276885397638,4.65244548362323,8.85501576385695
F31A3.5,0.00710027522830471,5.10866712333085,5.98302941887041
F31B9.3,0.0418161498302215,3.22876078219806,7.13473731939979
F31F6.2,0.00197539224059723,4.181191161413,8.32015889251354
F32B6.2,0.0198286439236619,4.25733018985906,4.73178803816874
F32D1.6,0.0000468775918313135,4.39664537354207,8.56838764084035
F33A8.6,0.0146800851694906,3.1766129887208,7.06457621844371
F33D11.12,0.000043070152377354,6.11244031251115,6.68348842271915
F33G12.3,0.00100289295134373,4.41788086229498,7.59877306388657
F33H2.2,0.0310157880458345,5.802537639464,4.2627056624114
F33H2.3,0.0484724399191542,8.98993449529536,-2.27951744721779
F35E2.5,0.0302864921148357,4.9142356312139,-8.01329909008317
F36A2.7,0.045855778056248,10.2833841487372,-2.22440268807768
F36D1.1,0.0405419214579763,2.5465773211992,4.79868678882544
F36D1.9,0.00333451176135425,5.32192179507346,7.47622947260276
F36F12.3,0.0268701401559671,2.69996749627056,6.3553531004199
F37C4.5,0.0359578649083273,1.94521595515829,4.81556578952323
F37D6.4,0.00133539111249111,7.80065717895228,-11.0025882763249
F38A5.7,0.0236702747206599,8.81396505143153,-3.01228737441045
F38B7.3,0.00014687253149032,4.77564468265153,7.53132792216725
F39B2.5,0.0212264638168702,4.92761601271192,4.67916458435134
F39F10.4,0.00147171630322471,10.1194753195083,-7.03059665856811
F40E3.2,0.0311557366618267,4.4261933547998,3.67869514040622
F40F8.1,0.0209424674332575,7.26429886955054,3.4197863044126
F40G12.11,0.00717088725472194,3.41631704291975,7.38653537741497
F40G9.12,0.00186464130120953,7.26833312644415,-9.49533653670697
F40G9.9,0.000312195828599529,7.03088011082631,-9.40097487523412
F41H10.3,0.014228156998291,3.76799101395909,4.49242010670133
F42A9.6,7.63830399042973e-7,5.13221351808936,9.37975673325159
F43C1.6,0.0356176418145367,6.48156759816265,4.36327198235348
F43G6.8,0.0456081796589335,3.14314702551896,7.01686861514838
F43G9.3,0.0359857235490587,2.33788227143504,5.71537614098122
F43H9.3,0.00920533491380739,3.68282944763714,7.72358113158984
F44B9.5,0.00306753438971569,3.49340478809432,6.58893838747567
F44E7.4,0.0000104191122556778,5.3603154473333,7.45250431493817
F44E7.9,0.00268667564830404,5.55440890075312,5.27889133161361
F44F1.4,0.0214218124154785,7.99186291011846,-3.72362561645238
F44G4.2,0.0496021850210056,11.0643036533978,-3.03369977757366
F45D3.1,0.0133294153527467,10.9791512186382,-4.32995928760649
F45G2.4,0.0393272948584225,7.83536385039648,2.29537651990301
F45G2.7,0.019583864155087,4.33555812811789,5.59096242137161
F45G2.8,0.0109723624601958,4.80214289126273,4.88140134545098
F45G2.9,0.000439183317700751,5.52623181323183,9.80048552769515
F45H11.3,0.00697723692365938,5.02185449714209,4.84567405089389
F46B6.6,0.00257836371413589,3.15472903013769,7.0345970981354
F46F11.10,0.048914939101719,2.26977503332033,5.58285270214712
F46F2.1,0.0458610041539563,4.64197639283053,-7.31473820192533
F47B10.1,0.0382528004599461,10.178009088501,-3.14155400263863
F47D12.9,0.000195675835142308,6.098245239333,6.36926221457406
F48A11.4,0.00257731741802527,6.43430158412067,4.35682315318013
F48C1.5,0.0320307957207517,5.71867377396808,3.94522923166127
F48E8.6,0.00185983176457785,3.27483811005688,6.9444282252864
F48F5.6,0.0138671332100717,4.39048591410088,8.56579592061724
F48G7.4,0.0264936737566249,3.73419132583075,7.78859579070318
F49E8.6,0.0270612188581866,3.71765627542609,7.76532077278064
F49H12.5,0.0468150629820983,7.24842805123692,-6.16037626288475
F52B11.2,0.0158610908460244,5.21583908440397,4.36693576031289
F52C12.2,0.000490427729875801,4.17258724138435,8.31358147975623
F52C9.3,0.0200922908626176,3.76148197839065,6.95255606816193
F52D4.1,0.0131878849892261,2.21998524437638,5.48366133220233
F52H2.1,0.0128850609656933,4.37846421879515,8.54754970069646
F52H2.7,0.0123387633845238,4.3026810174457,5.47048370330875
F52H3.2,0.000933029780761727,4.48107108431036,7.35737674745645
F52H3.4,0.000287773273409387,3.82416588600411,7.89748780993608
F53E4.1,0.0438295892072538,6.1590003250394,3.6921894601451
F53F1.3,0.000467231184079926,5.51044445580294,7.42008772431572
F53F10.8,0.00132801389701667,4.20199842891148,8.34800504203183
F53F4.12,0.00113145403931927,3.4508132840642,7.42926136292611
F53F8.7,0.0217671517735301,3.93444258046675,8.03060766388639
F53H1.3,0.000279089307015741,4.8894722783313,9.11663631019374
F53H4.4,0.0056706232065795,4.03265707681322,8.14649873514994
F54C9.9,0.0296613631823628,5.48251011534316,3.82202075236895
F54D10.5,4.01587461775946e-8,5.93635880111166,10.2312168423271
F54D10.7,0.0452515606525153,6.09612630689035,3.69281410621409
F54D11.4,0.0477823257758713,2.07095365315462,5.1363563230032
F54D12.4,0.0478239674447544,6.86913514153385,4.05073739512059
F54D5.2,0.00119250203318284,5.07610230319389,6.15409592670755
F55A11.8,0.0388039929607518,5.91818052915602,3.75557271632319
F55A12.5,0.00642534612742071,5.32789839517522,4.56130471774638
F55D12.5,0.0123536557944826,2.4684422218568,5.70550120558396
F56A11.5,2.15905058844172e-7,6.13169320966896,10.4346123794274
F56A8.8,0.0320536312713669,10.8359924670208,-2.51506308960081
F56C11.5,0.00272204150321972,6.4245006811262,6.08886576155718
F56C9.3,0.00252016029089242,5.54514860729834,5.72898433807752
F56C9.6,0.000456387245022119,4.81448366729824,7.81828340314658
F56D5.5,0.00924303989299302,10.7679738028706,-3.95583017496522
F57B10.3,0.0188633908363281,2.9892660867989,4.98498133000825
F58E10.1,0.00523678772149593,4.91399253600391,5.57059837171769
F58H1.8,0.0317203117054486,4.58408169546788,5.47712421938658
F59A3.12,0.00135917638551695,5.32387533042113,5.78573461681201
F59A3.4,0.0000121699067286427,7.1305733082588,7.87089711893928
F59C6.12,0.00796725998407449,3.82465980136163,7.90351919899703
F59D12.5,0.00137170898770216,4.0535779823656,6.7895152173707
far-5,0.00378747085828246,7.13210977302994,-10.3248549130385
fars-2,0.0118229665120118,5.32494355081473,5.47564077018197
fars-3,0.000102255831855068,6.02424132301965,6.69370699726782
fbf-2,0.00752245335051164,3.75389680106995,6.35669324059094
fbxa-104,0.0388877912462895,5.3644502471529,-7.72499696415377
fbxa-107,0.043201809830936,6.14019845799425,-9.30869252395941
fbxa-114,0.0158370590111131,4.28717453757045,8.44822818568536
fbxa-145,0.00473208573005526,4.1593794396772,8.29456519919712
fbxa-43,0.0394670757871101,3.29125699310361,7.22013766361442
fbxa-64,0.00549169774001662,2.92111254382314,6.69798866199049
fbxa-67,0.0192540966776372,5.93581276316104,-8.22192211629764
fbxb-10,0.0324064672326764,8.98999646232093,-6.67981216457429
fbxb-106,0.0044741115875715,7.00431197226782,-10.1949242282045
fbxb-17,0.0039258812882142,10.2629443384922,-3.95295454623706
fbxb-20,0.000387713503970914,8.46824170200695,-6.73491110656269
fbxb-24,0.0230618253850322,8.71195125937663,-3.97039429605576
fbxb-26,0.00330735360086879,6.35953090431056,-9.53455214140868
fbxb-31,0.0476945070469254,8.40116221161654,-3.57220055966354
fbxb-32,0.0091499777546131,7.86696182319051,-5.47596481355814
fbxb-40,0.000539657789259587,6.31083344799917,-8.78082369926289
fbxb-41,0.000508550100392108,7.83646206410252,-9.45761532647834
fbxb-42,0.0000625698107064653,7.51407426769677,-9.22146250713774
fbxb-43,0.000412518654993554,7.04953272382676,-9.33056661939349
fbxb-44,0.00467278792656374,6.48894110066393,-9.66769409091383
fbxb-45,0.0073737604985316,6.34933799805243,-8.5727994507892
fbxb-46,0.00162355492828543,7.51092094055637,-8.81540704728144
fbxb-47,0.0000862637545237924,7.67819058918587,-9.91480022595566
fbxb-48,0.0299333156550918,7.26332830873913,-10.4598460066163
fbxb-49,0.010906875063647,6.06255499718675,-7.29536075376501
fbxb-50,0.000255021904691801,6.90678265472442,-8.63221446472351
fbxb-51,0.0201949211921336,5.36615294345328,-8.49762521221575
fbxb-54,0.000152180312344069,7.52034936189599,-9.20546417596773
fbxb-60,0.00904537113488715,5.69850221283807,-8.84836920046938
fbxb-61,0.0221038120361115,6.56927345496018,-7.56228900334696
fbxb-63,0.0105282207453766,7.17102157479081,-6.09142700507556
fbxb-66,0.00578429748932452,6.28915950891489,-8.79941460352675
fbxb-67,0.0139289053269923,7.75131149845119,-10.9532548628895
fbxb-78,0.00239828167600906,4.89805297021915,8.19054339072281
fbxb-81,0.0000543480348944671,11.1964872066455,-12.4238743518527
fbxb-82,0.0373014406046936,6.86943733080569,-4.72744140064571
fbxb-83,0.00016164416279185,7.63793114249118,-8.12687746590466
fbxb-84,0.000374292770331658,8.70736363536928,-7.06455984033756
fbxb-86,0.0131454825132801,6.07418349810444,-7.66673008590506
fbxb-96,0.0144859045949785,6.74905838114078,-8.92297221177894
fbxb-98,0.0299793805073701,5.38169582983731,-8.51487706187137
fbxc-18,0.000686001184165565,6.9498982744868,-9.34219172256951
fbxc-21,0.00376139182274624,6.55419684141031,-7.51091274546516
fbxc-22,0.0111514523440132,6.53065218641011,-9.71061003103221
fbxc-29,0.0223342560542159,7.05834687518782,-10.2500986316447
fbxc-31,0.0350786288255109,4.45489005610964,-6.50060934628203
fbxc-37,0.0287893413169209,8.33441563574793,-4.21265558814464
fbxc-42,0.00995943811929191,2.78022596728998,6.48166278475738
fbxc-50,0.042568917854405,6.47115040277696,3.41647248946341
fdps-1,0.00248106548764689,6.17302985236288,6.13922413096765
figl-1,0.00611127271422213,3.17156321340694,7.0560217697747
fipr-2,0.0362418608167924,9.95029030856169,-13.1645163915646
fkh-5,0.0380503196239116,7.65894123798586,-3.87740666462405
fkh-7,0.0197018471822791,9.83093245796926,-3.79291025790164
flap-1,0.0227571522619067,5.56798063108225,3.90026951415786
fmo-5,0.0434881239693005,5.26575343269039,-8.39045802598146
frh-1,0.0449125555120599,4.35453859416076,5.07925645172503
fzo-1,0.0209268422811491,4.36708457064148,3.47261583599629
fzr-1,0.0000124802995083347,4.72303471881146,7.69563348253788
gei-14,0.0322545310724147,5.16116637127614,4.32997815769011
gla-3,0.000743602834528069,3.97366403107,8.07683381873291
glct-6,0.0189749103279261,4.86447125161605,7.29465445298514
gld-4,0.0110284761367354,5.66633645676682,4.82857997291283
glh-2,0.0000124354438711927,4.17547979369736,8.11680662588641
glo-4,0.0202221582506985,2.2871215013602,5.61546618398494
gls-1,0.0111059084008471,5.48532989972742,3.7308947579976
gly-10,0.00358052870678789,3.76280686011598,5.11848314173903
gly-13,0.0264739441706041,3.95967222806724,5.31142366615736
gly-20,0.000127820773976541,5.01956703231447,7.36151529318216
gly-3,0.01941378326121,5.96567882030844,4.43171478491929
gly-5,0.0148405801673602,4.6881946939965,4.61717236798307
gly-7,0.0000453362648918275,4.58363589402106,8.77893578568428
gpa-16,0.0089231419849306,3.802255491769,7.87189406863503
gst-12,0.0399200504300592,3.2820588776783,7.20684890147613
gst-20,0.0290290124926367,7.11639363973274,-4.92051236729118
gyg-1,0.0181114965645923,2.75164135030633,5.47239680248228
gyg-2,0.00337173523106724,7.23745068471273,4.41266628092284
H02I12.5,0.0435182511983738,2.11703227628554,5.24584612675902
H04D03.2,0.00200430875331723,2.6190681507051,6.22369526293235
H04D03.6,0.0437569701858978,3.63904570361309,4.99887028468819
H05L14.2,0.023489818900798,2.0934749465664,5.20575819434973
H12D21.10,0.0214713323945701,2.37718425992407,5.41967900164523
H12D21.7,0.01921249581291,2.1905885119372,5.41142966828992
H19N07.3,0.00269971176993594,4.53966788841729,8.72974244890739
H20J04.3,0.00152597635873476,2.83760458010989,6.57296120133421
H20J04.4,0.0238139474325516,2.82452497047088,6.54966128027203
H24K24.2,0.00937126577215533,7.34195084702364,-10.5380993463711
H25P06.1,0.000170856237597638,4.16444937845722,8.30183199190156
H28G03.1,0.0492873950561051,10.298534455389,-3.9685547813006
H37A05.4,0.0455155767551218,9.77572910838977,-3.87130181824353
haf-3,0.00272718524218338,5.41565720252283,4.85796371454437
ham-1,0.000844235827364831,5.99350846919281,10.2916450477291
har-1,0.0443304158154981,7.08544861093967,2.46985627884231
hda-4,0.00203373292193448,2.67619573807275,6.31862959841806
hel-308,0.0230532191215238,4.29859424213207,4.95542405256361
hgrs-1,0.00844412755210024,7.41939611616632,4.06343032788664
hil-3,0.000796454026455978,7.8934001327101,-10.0424384310858
him-14,0.00270308993905806,2.812772647959,6.0029185131073
him-3,0.0000952338315731769,5.15892323264718,7.72471738734214
his-18,0.00744870242102585,9.50721603865629,-12.7202002748736
his-24,0.0482189613758092,7.61603853670995,-3.34395657414485
his-42,0.0177939712275914,4.1249555168746,8.25622786848503
his-67,0.0428737522203427,11.7790683270744,-4.1868407566189
his-71,0.0367208634646419,3.5683941363473,6.7378975358044
his-74,0.0195943611139479,7.13741589829585,3.20224445948012
hke-4.1,0.00979917320039487,4.49292191303679,4.46832910961115
hlh-33,0.0484362957183434,3.07977736964722,6.93020117797141
hmg-4,0.0233531134486071,10.2888251600195,-2.94477733022096
hop-1,0.00201036050769424,4.85822882600237,5.88803780713663
hpl-1,0.00957639704219128,4.48296570792945,5.98130079594569
hpr-17,0.000473145376752477,5.97702572167775,6.61040536054235
hpr-9,0.00811097720130574,2.56727102354261,6.13504634593519
hrdl-1,0.0013614182817619,6.83427895593891,5.60999030880994
hsp-60,0.000184726620717506,6.96954138799241,6.09997746506884
htp-1,0.0000455065427736513,4.74083962874425,8.95404253724146
hum-2,0.0470089263766933,4.68587920805435,4.05908195813359
hus-1,0.00984106998251421,3.76510561991159,6.58394057318008
hut-1,8.16144588917711e-7,5.46437663263073,8.34238436181879
iars-1,0.0127415900526314,4.21678465932788,4.38509301697359
iffb-1,0.000917968282393141,3.2668659756572,6.47193192485628
ile-1,0.000158356137550683,5.45531487401965,6.53199993464837
ima-1,0.000692742210660812,5.43980493613571,5.92352514775817
imp-3,0.00000238460812183635,5.13906505635134,9.38705157106994
ina-1,0.000118837959292477,4.34828441496639,7.19009600632095
ipla-1,0.00471387220440254,3.33251643231649,5.88921564667837
islo-1,0.00339967760535086,4.62343468780187,8.82308503517894
jtr-1,0.00223219379961972,4.34554570023441,6.82347933711898
K01A2.5,0.0294984272893041,7.26735649962611,-7.0932512987386
K01C8.6,0.000014452339986965,5.59415295611075,9.87182831749048
K01C8.7,0.00000974648171176752,4.72783346190706,8.93874646695372
K01G12.3,0.0126970049732793,2.27106611196651,5.58803311499334
K01G5.3,0.00483311994587966,3.26733369139156,6.70537908543191
K01G5.8,0.031786375366262,10.578649840415,-3.28100211574737
K02B12.2,0.0163073980815511,9.89435956433758,-3.1054746541931
K02B2.3,0.00000679415527593842,6.18065634107933,8.77601035961496
K02C4.7,0.0168054817532199,4.24188645472582,8.39631420797531
K02D10.1,0.000128914504349531,5.59818340841938,8.85290656110779
K02E10.1,0.0027943859243335,4.70953119491216,8.43910262126451
K02E7.6,0.0385061124314391,4.42792954350658,-7.47654571575397
K04C2.3,0.031559503342474,11.0713730475202,-3.84486044263488
K04G2.6,0.0000839938874225161,5.42433063314695,6.90484896063577
K05B2.2,0.0182416379276103,4.11162962818555,8.23844304151368
K05C4.2,0.0205158896169805,5.44074263021551,3.58630649021375
K05F6.4,0.015630427091235,7.87827466477816,-4.11293322942729
K06B9.2,0.00629082317968767,3.21463700113345,7.11714938697798
K07A12.2,0.000131316490420991,4.19533759022241,8.33668160789931
K07B1.4,0.00000147601378778927,5.22411329195189,8.98149316989819
K07B1.6,0.0393155847201248,8.46368113294645,-3.33544411022084
K07H8.1,0.0109551665560915,4.19735389742043,5.58825373692848
K07H8.2,3.41976454834942e-7,6.08382365159153,8.61848325947094
K08E3.5,0.00194533479844772,5.03359150626975,5.32267764694451
K08F11.5,0.0018333066124661,2.89048269716951,6.31126814379224
K08F4.2,0.0256860266012502,6.04591864038083,3.28980912185685
K09C4.10,0.00888780935377395,3.55879106832174,5.80163819032986
K09E4.3,0.00190517113485392,4.10769675589784,7.4519367148804
K10D6.2,0.0160755742794813,4.20276219326417,8.34663112193469
K10D6.4,0.0295673002574866,4.17826032932266,-7.19193366389002
K11B4.1,0.0156511609161505,3.94899184507417,6.19263906379466
K11G12.5,0.00287286195322697,3.56760644224374,7.58030572020599
K11H12.8,0.00332468329338695,4.34554589499801,5.81466912236749
K11H3.6,0.0109317585896065,4.77452255198896,5.44307056929884
K12H4.2,0.00462212611080147,3.55126551733991,7.55732562654109
klc-1,0.00560854605790084,5.5895042221887,5.28350003364772
kqt-1,0.00529058815155368,5.65141854747229,-8.34561052090612
laf-1,0.0116875979420635,3.99356307758645,3.79583512078804
lars-2,0.031106066057934,2.96334189240385,6.76126142221852
lat-1,1.23836056602946e-10,6.81374041310898,11.1359961042171
lbp-1,0.0217406479524129,10.1627168531451,-3.04478717400693
lbp-5,0.0466513192798087,3.11461633566774,6.97494459562532
lem-3,0.0248252940127378,3.86654093910867,5.20229003336361
let-754,0.00000544162287781068,5.1139542182681,7.23788690110041
letm-1,0.0105089498113698,4.76011333636344,4.34152020908811
lfe-2,0.00339748031559975,3.27160490878004,7.19220319867477
lin-25,0.00261774275136896,2.47998045140479,5.98432338233088
lin-59,0.0189300263536047,3.48794657195062,4.4785306619615
lmp-1,0.0383534805260535,11.2015127295803,-2.32730086222027
lpin-1,0.045645566582542,4.89658246382622,4.41579351748985
lpl-1,0.0435444469152976,6.24218805263489,3.07074241583434
lsl-1,0.000451716779288835,5.198845640188,8.04628261469836
lst-2,0.0115454895385614,4.24305066293384,4.49472636616311
lst-4,0.00399299746751897,6.85059745593693,5.29670344653624
M01B12.4,0.0000192433475575016,4.74077645275988,8.10805790249723
M01E11.3,0.00583459698568994,3.85116037124937,7.40892867862272
M01F1.4,0.0473331345346808,4.96760459672724,3.82581054975813
M01F1.9,0.0274888129081167,3.92740909246967,5.54018673062473
M01H9.3,0.0000992271158723281,7.60891625368024,6.21843783432199
M02E1.1,0.0001208499086287,4.73390316849115,8.94737855899834
M02E1.2,0.0384300590591315,7.67630028290826,-10.878104215196
M03C11.2,0.00367746277310154,2.88525242674829,5.88175889210441
M03E7.2,0.00613909274450234,4.88149315226879,9.10766057060718
M04B2.7,0.0146815751217817,4.35129019700546,8.52132849687805
M04F3.2,0.00367371010155097,3.12409002297007,6.99189057953761
M05B5.4,0.0246615073876918,9.68886823468547,-2.6810201059047
M05D6.10,0.0111953012677836,3.54571592482088,7.55295530455039
M106.3,0.0427825971905622,3.88133123982624,3.81625757559281
M142.5,0.0129066581168349,2.42794349124724,5.88960013800764
M176.2,6.38521454954078e-9,6.84996722899132,11.1734585160011
M18.8,0.00569113495496406,6.32647692467178,4.7484894639316
M6.4,0.0474937712687416,3.09714681934863,6.95035333420814
M70.4,0.00634174333571126,3.49976851888452,5.01119652173526
M88.2,0.000384696659864534,6.2493880010979,6.34330158320961
M88.5,0.0266303620320982,4.10163256440059,4.03071943219066
madf-1,0.0337037748806601,2.60991325232121,6.21002214145224
marc-6,0.0203205077230124,4.19048727534308,4.67006364194007
math-14,0.0434074825590308,3.19225104308903,7.08695033594636
mbf-1,0.0176741668527013,6.2880422579721,4.15873965624026
mbk-2,0.0364083127603889,6.68816420909959,2.65088684899955
mce-1,0.00376513195570176,4.6336994261074,6.55050002919823
mcm-7,0.0498560236246106,9.56313411904223,-1.84370189655342
mdt-10,0.000152271454990569,3.54997000214182,7.55787300042818
mdt-11,0.0483449102732704,7.26967791514107,3.37440207070614
mec-8,0.0319976278331686,8.53427954507005,-4.33945317492666
mek-2,0.0138523283406856,2.10809860261703,4.38985781449799
mes-1,0.00167397325164672,2.5594083941433,6.12391595018501
mesp-1,0.000963686266735579,4.18613396124341,8.32689961495266
met-2,0.0198229718305131,3.74804200029148,4.67506384428256
mex-3,0.000294277804369363,7.33631520507064,5.28285991941911
mex-5,0.0447357371781699,8.81862936928298,2.17286453572039
mex-6,0.00822274485124246,8.57544257599521,2.74289445311774
mif-3,0.0205630975593159,6.64667885384635,4.52127022826033
mig-22,0.000484291643053812,4.19886204135522,8.34151617484963
mig-23,0.000139094550273547,4.39328947616119,8.56438063872099
mlcd-1,0.00556512459957034,3.40181739063908,7.36458194325247
mmcm-1,0.00756894869705326,4.75139082948171,5.03835819330819
moc-1,0.00109741765438055,4.01243618616543,8.1235794139891
mod-1,0.0369193004915804,3.47449818348458,7.46948825169629
mppb-1,0.000199389284732429,4.15926104623006,8.29615210587855
mrp-4,0.00271406638773148,3.36107017219575,7.31230181914546
mrp-7,0.00206066921638107,2.81980341538004,5.4043045812313
msh-4,0.0423262444467877,2.25915663376333,5.55593264045048
mspn-1,0.00617408732240421,5.59105777216636,5.15280101828532
msra-1,0.00830074140638499,5.10734896132816,7.56812601672239
MTCE.22,0.0252157369546921,3.87285443084747,7.96322848682606
mtm-1,0.000276494408714193,4.97025262544466,9.20627858096878
mtm-5,0.0145074472932578,2.59298235921345,4.88209465368382
mtp-18,0.0447096677536824,2.69603968179338,5.42834335225163
mut-14,0.00322873111571208,3.39102079290163,7.35420123063379
mut-2,0.0348524493095764,2.33072181882837,4.64872951424148
mut-7,0.00569143462434798,3.77532118172408,5.54352618371259
mxl-1,0.00366374528433444,6.17344678426951,5.92934518993722
nars-1,0.0457999057292808,5.49488341458718,4.43026531345441
ncl-1,0.0233436653159057,4.89349537408506,3.82845829095668
ndx-3,0.0320172753414969,3.54158655480196,7.54449121063446
ndx-9,0.0470861680937613,4.28645374848343,3.89440499732429
nfyb-1,0.00000881621631299634,5.21176842266455,8.38352374828871
nhr-138,0.0207212399942637,3.07181960695594,6.91673198238019
nhr-154,0.0257388377682589,4.19044248762544,5.50999901095644
nhr-17,0.00950500723616261,4.88751453044785,4.9308979002224
nhr-181,0.012023595737079,3.47369751051579,7.4607422022158
nhr-2,0.0204628192808722,8.84665288581531,-2.70106537168953
nhr-228,0.00821458647344229,3.69304927603807,7.73588706262828
nhr-23,0.00604220471257476,5.89919510974238,5.48014892030844
nhr-274,0.0326261487440683,3.52724433386463,7.52856191838014
nhr-4,0.00523038495822681,3.39277373387025,7.35546734499416
nhr-66,0.0317138439243077,4.72957931945862,4.40933887365864
nhr-86,0.00521396360664786,3.64780176288738,7.35067157885245
nit-1,0.0127101924512568,4.39311870435335,8.56471548051287
nlp-11,0.0169093077040099,6.33354642531296,-9.50765062902185
nlp-12,0.0450283251414519,8.41847374149698,-11.6260783811477
nol-10,0.035774350869296,5.47227178858937,3.47166364881748
nos-1,0.0330217944257601,1.88021283933404,4.62841090970537
nos-2,0.0439201438538005,7.87765962335652,1.92003197776626
npp-13,0.0164554699263316,7.88229342587031,-3.2298807095308
npp-4,0.0397840621550654,8.48424714464882,-3.76476896096348
nra-3,0.0104988410048929,2.34310802431386,5.72984077877148
ntl-4,0.0420634399794302,7.31386567638337,2.63477318179684
nxf-2,0.00446183850475032,5.85265976412055,5.30425836908249
oac-46,0.0191058372452405,4.06178848221494,8.18223947001535
odc-1,0.0249617607962538,6.33024391140347,-7.7540839175371
odr-2,0.043812391693576,3.19218445354115,7.08569684156113
oma-2,0.0201493280471714,6.43610492314041,3.77507263767598
ooc-3,0.0000725322274391552,5.95102981530688,7.32321813136951
orai-1,0.00000953138903378773,6.26687570287163,10.5738485010513
pak-2,0.0118299244655771,6.43994236621518,3.72725120371838
par-1,0.00932298701217196,2.92057859385522,5.1457756504333
pas-1,0.0334284158517149,7.7237060893846,3.19177533038475
pas-4,0.0172985604781241,6.81983210350432,3.59014010172997
pat-10,0.0244390002098935,3.81437314065756,7.88391922562135
pat-12,0.00319989243943067,4.23153018883898,6.73893771015527
pbs-6,0.0000961112820659095,6.75775446665879,6.50228023723783
pde-3,0.0425556414507157,2.14799042957205,5.31709598633882
pdfr-1,0.0475224086368525,3.09360439660678,6.94849472201357
pgl-3,0.000545616433473426,2.75468573620405,6.44508528536972
phf-5,0.0216710709234485,2.75416163451652,6.44145620511691
phip-1,0.0251406362142819,6.18816915463779,3.7503551792855
pho-5,0.000378684825440559,4.73757700466405,8.9496790558763
pis-1,0.00615322549525872,2.39535947672284,5.30388774623993
pisy-1,0.0147050575655536,5.1673696424211,5.14787976389873
plc-4,0.00168428277623256,4.99586271802803,5.17003698108365
plk-2,0.0351295244777737,4.32156059079697,4.34301800071638
plst-1,0.00450630071669668,3.9304951985229,5.44586502748459
plx-1,0.0136726534571599,2.42511251860756,4.52476218866453
pme-3,0.0487816506322884,5.69811833146249,3.70025656482163
pms-2,0.0240019780455737,3.03978024872504,6.86911052510909
pmt-2,0.0334585342124143,2.39295574152233,5.82288936531547
pod-1,0.00862727838507334,5.20900793514779,5.11310335726218
pph-5,0.0142901964304424,5.620759326585,4.99399652249001
prk-1,0.0340962992816291,2.67499157913112,6.31229348787699
prom-1,0.0071296017453149,5.33519838204192,4.8104122145554
prx-6,0.00999296769923869,3.60576981307841,7.63375438859707
psa-1,0.0302809784194813,8.00735707289255,-4.34219738256656
pst-1,0.0077840081443216,3.04396864802199,6.87619009694636
ptr-2,0.0426370515895725,6.2928176351696,3.39186195993911
puf-3,0.0000180766029754583,5.75182293629352,8.54026853627569
puf-5,0.00497694397975007,6.10558617035879,4.51995462067279
puf-7,0.0152991874880154,6.13873118944931,3.44096410428934
puf-8,0.0133240325239265,3.50585996398275,6.15158244256204
pup-3,0.0198903071550261,10.6757521310043,-3.446623259164
pxf-1,0.0307981670166745,2.07290869956727,5.14661594387927
pyk-1,2.82039018699376e-8,6.25512497651412,9.70851884540168
pyp-1,0.0230409670205698,5.24478963417837,4.00745070997213
pzf-1,0.00480055996879248,3.47419975913496,7.45896776859601
qdpr-1,0.0179606314414548,4.12049769765075,8.25040022516348
R01B10.4,0.0321056271957096,2.44696782825048,5.92704046399439
R01H10.7,0.039274982624515,2.24703268510641,5.54319842663051
R02D5.1,0.0407159760351607,5.55746156059324,-8.70016466703984
R03G5.6,0.00604524368489114,4.89095008931951,9.11707510062618
R05F9.9,0.00963522583097821,5.41628232750069,4.52419063737375
R05H10.3,0.0000835272556013619,3.72866976845804,6.97096784871764
R07B7.2,0.0044807767294909,3.62971125060108,6.29894855581888
R07E4.3,0.0295848730067885,5.39221402892919,3.98779941150233
R09F10.8,0.00255453116706916,6.0518079561221,4.85822396225354
R102.5,0.0471001680830812,6.95448168919231,3.22156330804638
R107.2,0.000599444002291403,3.67532633718532,7.7142417374245
R10F2.6,0.0375472667455959,2.22598957388871,5.48940279395958
R11A5.3,0.00600241340235793,11.1376131222793,-3.59058836964819
R11A8.1,0.00264994216048555,3.54306450999924,7.54853626051401
R11A8.5,0.0447627406334365,4.489648732133,4.61027936749138
R11A8.7,0.00178385700397483,5.46275540121569,4.86886552273871
R11D1.10,0.00237727890461424,3.64261844119656,7.67507966450842
R144.6,0.00704812929489272,4.96120993403035,5.29083689499268
R148.3,0.00224051947058008,4.2773071820022,5.00810749673933
R148.4,0.00521997924605428,6.75616064464575,5.79428401641549
R148.5,0.000872719732251899,4.2767769102593,8.43218043502461
R151.7,0.000715248240619019,4.60153252093659,6.07857692400176
R186.3,0.0337065292436091,2.37335980010074,5.79261388705273
R74.8,0.0167048067048951,6.23107537019146,3.4337417520288
rab-35,0.0143011307531849,4.05614862540995,4.96555103185184
rabn-5,0.000493813351534162,4.86968484328359,7.63544315577223
rad-54,0.0004922995851152,4.39586094613531,7.94780598497204
retr-1,0.047479069928289,6.07572612415631,2.91195335756169
rga-4,0.0471207510365472,2.92350600772116,4.68540917530228
rheb-1,0.00198270115256096,3.67565556887306,7.71592782593418
rhy-1,0.000594660433585769,4.43676419121185,8.61374829893011
rict-1,0.0233367328261284,2.91043654780011,4.80523024450896
rme-1,0.0117626448503627,3.11660156829732,5.79919630041351
rnh-1.2,0.00985051290070443,5.12366864197998,4.77896157439721
rnp-1,0.0078583628084489,5.68526234070491,4.65122882179382
rpl-34,0.033685672094622,8.69940633708385,-3.88917657775644
rpn-11,0.00800477492118833,8.06891555169974,2.92461204500506
rps-2,0.0346452968703488,9.70660840219561,-2.78272420951774
rps-5,0.0497919888521104,9.71416839116375,-2.94764216497598
rskd-1,0.0194953293364994,7.38361207007194,3.78348449592168
rskn-1,0.00214213397947462,4.22115343741063,8.36781321415573
rtel-1,0.0000197908668942067,4.40569075543311,8.57839206320396
sams-4,0.0000701845298239459,4.67516863351751,8.59970764715943
sams-5,0.0188826043100447,4.0762686388144,8.19924918116245
sar-1,0.00113646795021896,6.51698053797432,4.64049135541647
scrm-3,0.0371486873083999,3.36237979357845,7.31209285849681
sdz-1,0.029592707948037,5.79405724376832,-7.18802745335118
sdz-10,0.00115384184830077,6.69353532753374,-9.87755610928708
sdz-14,0.00192688840186056,8.8405188171493,-4.76486196157238
sdz-16,0.0127226082648513,7.20510324994032,-6.23927203297672
sdz-18,0.00425151595557022,6.11116979928798,-8.31540653256448
sdz-27,0.00614044490739835,7.49576090979928,-5.79471498434883
sdz-30,0.0362968929643745,8.34121917854701,-2.90313956763129
sdz-32,0.00226777389067764,9.46729022665596,-12.6799098575234
sdz-37,0.034425993892057,7.74300389402066,3.54915917781006
sdz-4,0.000226338907422882,7.73621110238864,-9.5094875341286
sdz-5,0.0000288615072389702,8.14490875127936,-10.5222372962638
sdz-8,0.00284124423967697,4.73693711959849,8.95230457078794
sdz-9,0.00000723705842776723,7.97587889803166,-9.47905229693498
sel-5,0.00120010680825475,3.37230893543197,5.95848361823137
sel-8,0.0144260814535002,4.20999065598451,5.84648126715912
seld-1,0.0000280467431261485,5.11462144764392,9.36237741498408
sepa-1,0.000369848336319941,7.65529200255642,-6.10116534366678
set-14,0.0467146685778039,3.73494627862402,4.3868173564782
set-17,0.0240930457569111,6.20211305937594,4.04754328612112
set-29,0.00261327110169229,4.1411945156724,7.75241524689082
sgt-1,0.00936450684641553,7.00732194155355,3.94230142654332
sid-1,0.00873008754989847,2.65080129197682,5.76565507289467
sir-2.3,0.0269074602930532,3.51844546377541,6.09163227289971
skn-1,0.00543149047746127,6.44140157039623,4.86013928087014
skp-1,0.0128595890761444,8.31616966817705,-2.73424346257363
skr-10,0.0214238784406643,10.6560506967816,-2.5676101216401
skr-12,0.00726092999829647,9.57505572845758,-4.86960623504047
skr-13,0.027907964785607,9.05941174460227,-3.24862524205453
skr-15,0.0127107178311021,11.7672584431556,-3.93208982269051
skr-17,0.0364856401518217,7.06870582552753,4.17335125419183
skr-8,0.0244489345502221,10.7696732532056,-2.6586934190962
skr-9,0.0236319991557905,9.68560450683759,-2.74098707092269
sls-2.15,0.0471350054164598,3.09968191228735,6.95705993028195
sms-2,0.0110062855985231,6.41025004850296,3.69181722437665
snf-1,0.00408378839093421,2.73238868356455,4.56551384000706
soc-2,0.0000243403923708101,4.91427608035199,9.14353809558422
sos-1,0.0355551367067819,2.71207998186036,4.87922264102517
spas-1,0.0261105727474432,7.68718496015129,2.71943683591126
sph-1,0.00256568579684212,4.06227485376768,6.72879307351821
sphk-1,0.0150305350571407,4.26294009887332,8.41403057121786
spn-4,0.00890550170062679,8.7602553191862,3.32158503965616
spp-6,0.0169190412343091,4.16352944305825,8.30114474731994
sqv-3,0.000855878436586746,3.81900628460993,7.52964276289142
sqv-6,0.0143538220948703,2.67482352183949,5.77542870312413
sre-4,0.00112738669369042,2.91931108769594,6.69736553125164
srh-79,0.0470547664357065,3.10456557853457,6.96287494732071
str-148,0.0203344799562176,6.35879507104287,-9.53367960587434
str-232,0.0371905079338956,3.36228710010714,7.31371483574418
str-68,0.0304577072715371,3.58951651323495,7.60528625409027
sut-2,0.00756607704439276,3.40893867158543,4.3371327327238
syp-4,0.0000531995427904778,5.32388117746838,8.03057215728486
syx-6,0.000215576830121931,4.76520320652926,6.14251836882127
T01C3.3,0.00476447250739618,3.06781943360727,6.9116064572596
T03D3.5,0.037889228268561,4.95809481936272,4.12983181279496
T03F1.1,0.000223369607672708,3.80125922393458,7.57774468278901
T03F1.12,0.000121506191506516,4.83137837707633,8.1719455883116
T03F1.7,0.0000361234446265,5.25838499748924,9.51508097542913
T03F1.8,6.50072183080191e-7,6.64443683635814,8.80529472490626
T04A8.11,0.0222139146097415,2.8671283511861,6.62782257392433
T04B8.5,0.0312827271410515,2.6614061190778,5.79964467585448
T04D1.2,0.0247063886932716,5.96690264963303,-8.30184651189988
T04G9.4,0.0363465493738425,5.43304018355141,-8.56849265907521
T05A12.4,0.0386350949568837,6.96195145742746,-4.03710166361977
T05A7.1,0.0364895786266815,2.31280577605406,4.90504503601242
T05C1.4,0.022750264221877,2.31336542982849,5.6690920421563
T05D4.2,0.0127406910535418,6.2196465200972,-8.53810711920127
T05E11.6,0.0483966109853759,3.08041733583097,6.92878397977674
T05F1.4,0.0477586071773465,5.52447079426044,3.75525040427974
T05H10.1,0.000789845734838774,4.63968305916596,6.37180110972612
T05H4.6a,0.0477224627739053,5.75824855386795,3.38055822668462
T06D4.1,0.0262675070817906,4.31822117862135,4.77128277443792
T07D10.8,0.00524943652097517,6.94602610476706,-7.04074758626034
T07E3.3,0.000177432259724273,4.91179476998751,9.14031481470414
T09A12.2,0.0141949477982376,4.30872056122637,8.46659945971877
T09A5.5,0.0000780728760386183,4.6828262252005,8.89061834102965
T09A5.7,2.9745799577651e-7,6.29816264222165,10.6065755185592
T09B4.2,0.000233612012867118,4.50368989910474,8.03146350471446
T09B4.8,0.0413462077309092,4.79765789219768,4.42441318957532
T09B4.9,0.0278661635752006,6.32871191579758,3.47578962932145
T09B9.1,0.0254768075770276,5.90741586007887,3.91897435431577
T09F3.2,0.0225301875633135,5.93014769300505,3.66746327994031
T09F5.12,0.0406874156579554,9.15498253180262,-3.79374502661956
T10C6.6,0.0000781621606533336,4.83354002925579,6.58755603931655
T10E9.1,0.026132901836516,4.59524061948915,4.8003658923825
T10E9.2,0.0355696200096463,6.88038679978183,3.58431567053461
T11B7.1,0.0175878592640527,8.41194240714972,-4.32320792121355
T11G6.4,0.0401057342083202,3.76016648102893,6.2102090026692
T11G6.5,7.80083448485336e-7,4.94789595612441,9.03926073080572
T12A2.7,0.0166024991399626,7.21920576709323,3.47773867888831
T12G3.5,0.0144083028392507,4.75128717439124,4.74009027978527
T12G3.6,0.00133410404931276,7.72585112472739,4.23091490320768
T13C2.6,0.00539147125545256,5.19265708672559,4.76825957388142
T13F2.6,7.62154532172421e-8,5.78288805170946,9.41327820675922
T14G10.7,0.0136672075662625,6.52271941257821,4.24629937268353
T14G10.8,0.038152422902559,2.30985844987601,5.65965809466957
T15H9.2,0.00000658470738338611,4.96331226142794,8.56198665704583
T16G12.10,0.0389068132672365,3.32084440655059,7.25875476070361
T17A3.12,0.00190846868061812,5.6472787863659,-8.7948134001854
T19A6.1,0.00245576968735599,8.12854083316341,4.71384781789239
T20B12.1,0.00596079823029346,4.31375543281498,5.46589682813454
T20D3.5,0.0223649195616737,6.0401062003362,3.57867484882462
T20F5.7,0.00086384000251941,3.62949853618022,7.6593079405328
T20G5.10,0.020758260853105,5.08022495641642,4.69767274309088
T21B10.4,0.0360228669446084,6.43738086968548,3.40560582172702
T21B4.17,0.0280393738338417,5.5857948085989,-8.72965116674904
T21C12.8,0.0224879674062199,5.9033224009534,-7.63017167455768
T22C1.3,0.0124871861637044,6.18111230275509,3.71213976185556
T22F3.2,0.0182080045921236,5.94549398147363,3.24939525026661
T22G5.3,0.0237836910547897,8.32629250475395,-4.86771037052795
T23B12.2,0.0482084616586543,1.85111467905684,4.53716477434366
T23B12.3,0.0179081551450757,4.89352362175192,4.89468150145881
T23B3.5,0.0224272898089142,2.98304221729154,6.79131645251466
T24B1.1,1.86816667829262e-7,6.05152964663069,10.3510965069997
T24C4.2,0.0297642409244175,8.15307294259611,-5.59138929040656
T24H10.1,0.0399574328248856,7.38316699024337,-4.37824866614908
T24H10.4,0.0445048905641947,6.54009330740549,3.49320759220644
T26C12.2,0.0383470477097475,3.42866670508269,7.41040188672933
T26E3.11,0.0288808527648873,4.73216719011632,-7.81524232358252
T26E3.5,0.0297140397563661,9.32861914765804,-4.6424143426957
T26E3.8,0.00358336962638174,8.09459795929457,-5.42263922948236
T27A3.6,0.0010345421015951,3.27221876006243,7.19620913148317
T27A8.2,0.0445797808606325,4.0495559186024,5.16414622320586
T27E9.6,0.0259823454758221,7.64358322516444,-6.27764387050451
T27F6.7,0.00000686951092421809,5.56190398311745,8.50922978413784
T27F7.1,0.0187638595947562,5.81676175854369,4.4414786438823
T28B11.1,0.0000895872792002467,4.80932796261421,8.44713147555553
taf-11.1,0.0440983806356459,8.51714029432311,-2.90491324694371
tag-144,0.00502932573355532,2.92501711840467,6.70435160458113
tag-189,0.00102348149547706,4.7355676759403,6.64156926648707
tag-218,0.022850134150128,2.49906653841938,6.01692022813827
tag-224,0.0201502889175711,3.28493861213847,7.21279896293004
tag-281,0.0154030959689115,2.23232448660506,5.50449462396687
tag-299,0.0346212120807036,3.2808558848573,5.84399865358788
tag-335,0.0180017623429181,5.10141286296003,4.54980409232478
tag-340,0.00174130917548195,6.00239718642458,4.65110447037496
tag-77,0.0170152423858868,2.59959029560961,4.38556613312048
tag-93,0.0431979164122104,7.53632109258889,2.54698796470961
tars-1,0.0419420018651422,6.96286618956449,3.17297298988956
tat-3,0.0470488454938272,2.1633778654354,4.7597771473535
tbc-20,0.00981533979643589,3.78091163930972,7.28577828890189
tbc-4,0.0192738466482984,2.88913174759528,6.64842417948067
tbc-8,0.0493322072783489,2.16632480911844,5.35930983103823
tbc-9,0.0140079867631043,5.33342401810577,4.47627915491113
tbx-33,0.0183791291918706,6.13813333113109,3.57252567544085
tbx-8,0.0451400298576667,4.9723584399822,-8.07583129913847
tdc-1,0.00226262639842888,2.68981496780796,5.61452812246931
teg-4,0.0335355280700234,8.37353763340404,-3.75976469227208
tgt-1,0.011457199290664,4.82380062536149,5.36331256359175
tlp-1,0.0102604859863203,2.80315994416104,6.53053961306395
tol-1,0.0256133180201952,4.93358765038158,4.56729268899269
tomm-40,0.00000940275401097966,5.41690812880603,9.6840210755922
top-2,0.0299964519021535,7.85434468942574,-2.54067019488279
top-3,0.0399816032503277,2.63770089759076,4.13032701304467
tps-1,0.0305089466800523,2.1867788192914,5.40199585385529
trf-1,0.0284857151162038,2.21519944093451,4.56780700774505
trxr-2,0.0396833444622833,6.96129915990287,-3.83745585643646
ttr-32,0.0234994812369232,2.00459903140189,4.98005689253433
ttr-48,0.048291776827707,8.11993984371245,-11.3252828322473
ttr-50,0.0121921805387691,10.5917635403915,-2.79317028419868
ttr-53,0.0452278737987237,7.18140182736247,2.58269965556728
tufm-2,0.00749993711395738,5.31357318645869,5.29192775526572
twk-43,0.0499195895694369,3.04450370540371,6.88002367467567
uba-1,0.0250576250846522,6.30054354586262,3.0132840412479
ubc-20,0.0000279781671148493,6.43260790823886,6.88828102772775
ubxn-6,2.9104625603976e-7,6.33716144417483,8.00783756653875
ucp-4,0.0000663131827234104,4.11473726819758,8.24331624927385
unc-101,0.000287587615614481,6.88881870854774,6.26537415761002
unc-130,0.0407051110247463,3.26297787083435,7.18320163951663
unc-14,0.00171962515409391,3.93478358952316,8.03369617891393
unc-18,0.0407181032579169,3.39966248103913,3.26220821674166
unc-26,0.0493364475356823,2.30415430228703,5.64881156538601
unc-57,0.000910092570232805,5.48982417541273,5.94672820238042
unc-73,0.0127971877588321,2.96023084978586,6.37310735630149
unc-94,0.000248751017799965,5.04351791628713,7.51227266522976
upp-1,0.00132168426245181,3.33975675960714,7.28556563266519
uri-1,0.0472773325855706,6.83053614211495,3.2418882188297
ver-3,0.0397118014438853,2.23946921138331,5.51836558594544
vet-1,0.0255981408873992,9.65226407418364,-2.74783820562656
vet-2,0.0113918973799466,9.91512810414054,-2.74733418530382
vet-6,0.0173729457530973,8.4909360656329,-3.3371774339617
vha-13,0.00569825963601253,6.07128092484174,4.17376995662
vha-7,0.000867571767349122,3.08695397118323,6.50176725802988
viln-1,0.000646787611582239,3.02789020999576,6.85489043611789
vps-11,0.0403864083615368,2.61338548704962,5.40206677884424
vps-28,0.0290573111340149,7.64654041680791,3.05881400233077
vps-33.1,0.0236351578550461,4.8163529244691,4.89517228694619
vps-51,0.0165947747352923,4.69614956042972,6.20428988707697
vps-52,0.0466734237333242,3.1144177139343,6.97671671569439
vrk-1,0.0141122710697165,5.90994800161681,3.86063600345926
W01A8.5,0.00000124068269593542,5.81221826943651,9.00969387846633
W01C8.5,0.00375756457240043,4.3347883877905,8.49813420035017
W02B12.10,0.0388170898032888,6.98065161105904,2.77652828630787
W02D9.2,0.00591528289156396,5.28263569278783,5.29953959589737
W02D9.3,0.000182273246356762,3.83215999710312,7.90801953636877
W02D9.4,0.000448199386581231,4.09491101997087,8.22075467565026
W03C9.5,0.000190572564166218,5.37205221464695,6.38019869813446
W03D8.2,0.0093407079274692,5.15561251242994,8.08323138675801
W03G9.2,0.017313258872818,2.79572015378619,5.61641991563226
W04A8.4,0.00795719625966539,5.38862681448786,-7.05648533035981
W04A8.5,0.00029239318649321,8.71669381075251,-6.67506665212436
W05F2.3,0.000201620103000403,6.94842890538695,7.04350661877834
W06B4.2,0.019098643476121,2.91995403904395,4.50427472857594
W06D11.1,0.00065379571543957,3.8842606993263,5.85129828559014
W06D11.3,0.00000234363159267838,5.12801786874829,9.37525898622541
W08A12.2,0.0164902975008163,4.1868278714456,8.32758457633953
W08F4.3,0.0167808703737549,3.81435747773187,5.35087896389034
W08G11.3,0.00449302659254134,3.45613863933524,5.91915818725873
W09B6.4,0.0123167369632605,2.74191687769864,5.86773702845311
W09G3.8,0.00587066936636306,2.67209355051821,5.16524741138838
wah-1,0.0378858974304773,4.55855664609217,3.73838377106203
WBGene00219217,0.0269809580562827,5.26064536497103,-8.06445979846783
WBGene00219701,0.0107382379363401,2.16646738458147,4.98631083867186
WBGene00219741,0.0347312341013499,5.37514993053661,-5.957532239057
WBGene00249808,0.002285270697826,2.67421240294154,5.31822998990857
wht-7,0.00993360505820725,4.54958171412103,5.99819024937694
wts-1,0.00313885262829859,3.29513849405023,7.22756755264348
Y105E8A.20,0.0232567401558551,5.60054591498308,-6.31652285598483
Y105E8A.24,0.0148901150797303,3.10089583249807,6.00124409058234
Y105E8A.36,0.0158952116645084,4.35159027812303,4.93464552112956
Y105E8A.8,0.0000557871322485313,5.5155591603564,7.13339475451022
Y106G6A.7,0.04911461007894,3.1664913603014,7.06077053571618
Y106G6D.2,0.0179245716068726,10.015550586569,-3.0950238223193
Y106G6D.5,0.0293800432798419,3.00487547724685,6.07780163183385
Y106G6E.4,0.0448792946583536,4.40018189816895,4.96129984262091
Y108F1.5,0.0345012509223727,2.6352357462998,6.25207822714418
Y111B2A.3,0.0338858220692392,3.90779153181507,4.0481177437104
Y116A8C.19,0.0345658637850839,8.95494113332035,-3.10193469682897
Y116A8C.26,0.000545037218143105,4.03957952487938,7.0133625404418
Y116A8C.27,0.00614797202307232,3.95619430448694,8.0555349074388
Y11D7A.7,0.0350848355928831,4.93769470578475,4.81471292815577
Y14H12B.1,0.0349637118358423,5.59518060075753,3.94882434170227
Y17G9B.9,0.0365658897597932,2.32252336945184,5.69752883254569
Y18D10A.16,0.00323175608579495,4.71664095398642,5.94444385802954
Y18D10A.9,0.00435323125509559,2.3697361922933,5.77963892237221
Y19D2B.2,0.0132838833794787,8.58336678842828,-5.27459300867796
Y22D7AL.7,0.0278938597539237,2.20142851586411,5.07473390685362
Y24F12A.1,0.000676319331824143,5.51496105312027,6.22861081884002
Y25C1A.6,0.0235833980294727,10.1195036098323,-2.76037494835825
Y32B12B.4,0.00104309253595918,2.70972840262908,5.33967131760535
Y34B4A.7,0.029345041198581,6.10124217556224,-9.26766462671803
Y37E11AL.2,0.0131963705471524,3.36664381278289,7.32792437284615
Y37E11B.7,0.0486815057056055,8.09016040050951,-11.2952557539932
Y37F4.5,0.010350075407387,3.69323732875956,7.73757762309064
Y38C1AA.1,0.0357543519197111,4.56645874912006,4.27571476316944
Y38F1A.6,0.0354204860610764,3.42356917983673,7.39407957743765
Y38F1A.8,0.006417740615727,4.07944010931046,8.20742656281645
Y38H6C.14,0.0338603672596193,2.33313120697961,5.70714020038097
Y39A1A.13,0.0151218349063834,3.70412274268899,4.45237242343561
Y39A1A.24,0.0229567730034235,5.64309361114163,5.24726023178956
Y39A1A.29,0.044753482427177,2.10653620590895,5.22553977200457
Y39A3CL.4,0.00618125642449516,4.10206384242569,8.2294243133898
Y39A3CR.5,0.030092293731004,3.60329492069107,7.62580010286099
Y39G8B.12,0.0461690290958164,3.12637916770685,6.9914364826717
Y40B1B.8,0.034824459488935,3.52984235393788,4.21371735951934
Y41D4A.4,0.000908198963903422,3.88204474207953,6.87110589101266
Y41D4A.5,0.000284042498639971,4.07370253288589,8.19577535693044
Y43F4B.9,0.00745716329634981,2.66404115428925,5.50942202897015
Y43F8C.7,0.000485169144379509,5.46249606617491,7.57320371876313
Y43H11AL.2,0.00346773341397863,3.25890918647084,7.18131157676069
Y44A6D.1,0.0220008382419021,5.14141083539128,7.16375517810544
Y45G12B.2,0.0264656343529232,3.38516300041106,4.51083947107397
Y46H3A.7,0.000181527915514923,6.37699295471803,9.9244894832863
Y46H3C.5,0.0226827606076241,11.9077359263082,-3.78064888848318
Y47A7.1,0.00106264765557923,3.34378542738093,7.29458172435923
Y47D3A.20,0.00818205282213059,4.04802077500718,5.92408172264803
Y47D7A.14,0.0000282644036725795,4.57745270333338,8.77175123828653
Y47D9A.1,0.00103341149870915,3.62728154042938,7.65835080728879
Y47G6A.25,6.86724778152997e-7,6.08986004051231,8.53375164985327
Y47G7B.2,0.00551405220511369,4.11519168128191,8.24554111088799
Y48B6A.6,0.00906244822299449,2.6205525645183,4.77501451196329
Y48E1B.5,0.0155666069683007,2.53321674215174,5.0381197367242
Y48G10A.1,0.0402051939340474,4.4150439759663,3.97417264931816
Y48G8AL.5,0.0354440906251983,2.9437991063153,5.13944981735033
Y49A3A.1,0.0439028792751798,4.15475809133915,5.1152897688092
Y49G5B.1,0.000228405582361744,4.12928118965883,8.2623778686465
Y50D4A.5,0.0154631053223313,3.1768373263793,7.06566882300687
Y50D4C.3,0.0336601066150999,2.47821717966725,4.43991834402425
Y50D4C.6,0.000231498823730218,4.6895544917198,7.31827851176378
Y50D7A.9,0.00137072840309567,3.25752975064005,7.17386338219448
Y51B9A.10,0.0473285373802688,6.76168964524531,-9.94726745727675
Y51B9A.3,0.0111090273952239,8.38553410381812,-11.5928241673924
Y51F10.2,0.0146813278913741,9.00796119849269,2.79820101327604
Y51H1A.2,0.0272469104634745,6.91053415479888,-3.6315835258796
Y51H7C.12,0.038308799555874,5.54253029223296,-8.68403563243442
Y53C10A.6,0.00562971606290516,5.4468424559018,6.11165182850775
Y53C12A.10,0.0143162484530195,5.25055260377225,5.15286522983847
Y53C12A.3,0.000368422740033052,4.76402445178917,7.81935122385692
Y53C12B.1,0.000116341777034746,4.30811283101905,6.88453448904564
Y53F4B.9,0.0313025742574028,2.97313816011193,5.07729895963247
Y53G8AR.8,0.013420021426085,3.26630719286113,7.18717333073414
Y54E10A.3,0.0000342118436318564,4.67103626086305,7.16513551182924
Y54E10A.7,0.00398871577536786,5.67497203375469,5.51412684576507
Y54E10BR.2,0.00120826907282599,4.55367963503554,7.99599337820441
Y54F10AL.1,0.0273027802107727,5.35465557233031,5.22489183732658
Y54F10AR.2,0.0261898034253748,6.59914959284893,4.37047518658371
Y54G2A.23,0.0172715758258736,7.58079071387949,3.10886774841689
Y55B1BR.3,0.0481153774167878,5.0898471085037,-8.20272410958514
Y55F3AM.5,0.00827655703717544,4.12442926335545,8.25563407061022
Y55F3BR.6,0.00466567356196604,2.96463841558814,6.76513119135831
Y56A3A.19,0.032498701846177,6.01982552517199,3.87977213674947
Y57A10A.4,0.0281396552370932,2.55274435641135,5.51720970570789
Y57A10C.1,0.0190153388904447,5.92426700762891,-9.08391627497678
Y57G11C.15,0.0244918755980114,7.84451809155413,2.317411940957
Y57G11C.33,0.00000301167735910626,5.3694720555632,8.48095540807648
Y59A8A.3,0.00593936691857393,6.20017413990821,4.49232522869742
Y59C2A.3,0.0390077999227635,6.19342936550619,3.74644310346016
Y61A9LA.1,0.000775259327219842,3.21003027692696,7.11456978740173
Y62E10A.14,0.00114026562698026,4.13880340357875,8.27195727585605
Y63D3A.4,0.000464296459054846,4.19641160521604,8.33791231346967
Y65B4A.1,0.0346098684523258,7.20601488087214,3.18189365607903
Y65B4A.8,0.0381635553887484,1.89591924635719,4.67844724638667
Y65B4BL.7,0.0192226255531482,4.0557426194241,8.1744762881414
Y66A7A.2,0.0463823298634603,5.40592964056756,3.61776558260345
Y66D12A.16,0.0173220966643055,3.63354643391909,5.34301711400004
Y67D2.2,0.0466068192919713,5.81799918363194,3.14324963542758
Y67D2.5,0.000678990649421011,6.25800662487387,8.34773995517089
Y67D8A.3,0.00197107659472541,2.47932987886759,5.98173009503261
Y67D8C.9,0.0106138566732167,3.60209219076325,7.63004335763391
Y69H2.7,0.038389853402525,3.82533962081535,3.94609734692188
Y6D1A.1,0.038083921220324,7.95081519406753,-2.8853477878746
Y6E2A.8,0.00283514698032822,5.38381342132489,9.65122785875679
Y71A12B.11,0.000434824810277125,9.75605167321064,-8.5087048667433
Y71F9AL.17,0.00414218117453452,2.99184669241569,5.60702887050607
Y71F9AR.3,0.0438818287207373,4.37393769711071,3.85733461899321
Y71F9B.2,0.00021049774655368,4.18417093675603,8.32421835810149
Y71G12A.2,0.00130817872541083,4.49944638161347,6.59928698731957
Y71G12B.18,0.0135691350320897,3.27173899767507,7.19997466156359
Y71H2AM.3,0.0491011065204175,1.97175063929581,4.44032156939358
Y71H2AM.7,0.044361841266877,3.82091917414867,6.72958107857274
Y73B3A.1,0.000385904339328066,3.6452703388522,6.94068431229981
Y73B6BL.12,0.0104107931194437,3.46737693274309,7.45159322833385
Y73B6BL.23,0.00365894339970192,5.8940314263141,4.67713861863041
Y73E7A.6,0.00127132383727042,7.03668602321745,5.27641015982001
Y73F8A.13,0.00566287920150991,6.6677587154897,5.2315988682686
Y74C10AR.2,0.00600218523404107,4.89164954027705,9.11875891497752
Y74C9A.4,0.00481132686115994,5.82202373634899,4.17306854173864
Y75B8A.16,0.012300003565783,6.60893210294581,2.62860680762893
Y75D11A.3,0.00371726752461305,3.33870895870097,6.61088068185163
Y82E9BR.14,0.0382471858590026,4.32182212652057,6.72650703187155
Y82E9BR.3,0.0396276797392808,12.8188126766432,-2.65158602170533
Y87G2A.11,0.0116064781876853,2.2831804938027,5.6088280020345
Y87G2A.13,0.0105704420560512,2.31386204476862,5.67242219602767
Y92H12BL.4,0.0363582169343364,2.46626656057256,5.960198336567
ZC116.1,0.0372187675977155,3.35934650729014,7.30983181977798
ZC239.21,0.000118577063451304,8.10615373517848,-5.90635136228588
ZC376.6,0.0131676568564685,2.29405232347102,5.62878131960131
ZC410.3,2.66103472113425e-7,5.78889012822959,9.68921079029447
ZC477.3,0.00017349614625759,7.06384289645413,7.03336021032344
ZC53.1,0.0363805132168964,2.60940969895515,6.20621936329176
zip-4,0.000634341600399,5.68339424880815,6.52151964839374
ZK1010.5,0.0269359121240508,2.79170761998396,6.50094328119893
ZK1098.5,0.00363747955796976,6.32454193924408,5.86882741772483
ZK1128.4,0.0000100476730215649,4.88210587264741,9.10850239923443
ZK1236.1,0.0483553330944515,3.28275363657863,3.88786011200323
ZK1248.13,0.038994896722063,5.87453290244394,3.04336398977647
ZK1248.15,0.00083119503039332,3.54119447875647,6.5263963620029
ZK131.11,0.0041695412634175,4.26273971825119,8.41561118170479
ZK177.8,7.40261841467915e-7,5.22135850375926,9.47567237074095
ZK180.3,0.00921099383104918,3.1739614276697,7.06987366500401
ZK228.12,0.04035074205401,6.57531134187379,-8.72380888516905
ZK265.9,9.65809104395221e-7,5.62231025190846,9.90144018885841
ZK287.7,8.75855000552694e-7,6.02068237538322,10.3191143114423
ZK355.2,0.000559820004226214,3.47604871703379,7.46285299097936
ZK377.8,0.0287262881337206,3.65534589189663,7.6893727150503
ZK430.5,0.00315780046648089,7.01562206760789,-7.59947839897943
ZK507.1,0.0447278117240669,3.16651416028867,7.0514966807454
ZK616.3,0.00913193934945947,2.57470025215791,6.14810194035912
ZK616.5,0.000314973466776448,4.66218642798814,7.45385889057716
ZK616.61,0.0372338965364264,3.36033974596014,7.30939656554491
ZK632.4,0.0234838217892301,7.0609203313452,3.79669105390431
ZK632.9,0.0088113844017239,6.98829093233248,3.57856659082333
ZK637.15,0.0360931841312064,6.14546728085971,-5.63664133848175
ZK637.2,0.0235522387651617,5.83469428402697,3.43842787728723
ZK662.2,0.0216081328036341,3.9391916635888,8.0369896177158
ZK666.1,0.00000167265964295702,6.75875201114111,11.0802212213426
ZK686.2,0.00127900685465914,4.34242784233181,5.71200501653984
ZK688.5,0.00132395046372849,2.43550968110591,5.9034296280754
ZK688.7,0.00860979717103503,7.17763036694639,-7.22709703419819
ZK809.5,0.000473100498709524,4.1195793084123,6.40210160018859
ZK822.2,0.0136409321773371,6.71285811979088,-8.05552322499277
ZK829.7,0.0261165923864003,6.08289705028267,3.4633408841154
ZK858.5,0.000345849802796129,4.30556591794157,7.1940685789154
ZK973.2,0.00733307527832073,4.31504869339806,4.01153814652473
ztf-1,0.0496076749165363,4.22178190205335,4.43100594569738
ztf-11,0.041980581491479,6.86180934927042,-4.95848902548291
ztf-22,0.0161092682069843,2.87657998877134,4.37111358635901
ztf-27,0.0155974565595953,3.26404185609735,7.18333973924122
ztf-3,0.0003568290585979,5.85747594616317,7.06735393714507
ztf-8,0.00859732509918576,5.48622752933901,4.98637801256839
ztf-9,0.00151137038444584,6.65817442243108,6.99136048707122
zyg-11,0.00750995241184539,6.31065824997654,3.81875831552027