aat-1,0.00538253154616412,4.09328553359457,8.10724090721895
abts-4,0.0249805691973356,3.83340080943357,5.68573801246937
acl-1,0.0024836293171493,5.11726748646319,9.25271901965847
acl-11,0.00795200554805232,2.55668087215519,6.0060271226014
acl-3,0.000058857608459507,6.09481097274636,10.2857387194263
acl-6,0.00173175247099224,3.76246671741356,6.65791865638192
acp-2,1.24190091063878e-9,9.7574228941252,-12.9976947709098
acp-5,0.00151247614540553,7.84941143965081,-11.078620944489
acp-6,0.0351509026366319,6.07421951815825,-9.26584524806283
acs-22,2.92346049416679e-7,8.4144022224133,-11.6480429803134
acs-3,0.00000183948138364962,7.71870324372055,-10.9466122529099
acs-5,0.012097632981427,5.99945453640984,-9.18821727258572
add-2,0.0274610923452461,8.19407216767561,-3.69355291193117
agef-1,0.0200705824917632,2.39262933729686,5.70049001979524
air-1,0.0421084501167405,7.34517425915342,2.25336522177873
alh-1,0.000300991041905653,7.08604880731717,-6.12413735703378
alh-11,0.0188217981752578,4.79637014579073,7.28069739451168
alh-12,0.00000370123295627215,7.44208109306597,-10.6664528208414
alh-13,0.0109301962141411,10.4063095553089,-4.33676634586843
amph-1,0.0206957991785991,6.00156503977259,-9.19070351387534
ani-2,0.000446393460344498,4.05490306513271,6.47546798688834
apc-10,0.0463332269906326,6.46118508251458,3.78234986889497
ape-1,0.0456772103142957,7.4234726533626,3.23479826394331
apx-1,0.0407164339252217,2.78386846468752,5.95364921902881
arf-1.2,0.0454016300331933,11.6790823154507,-2.8136649105012
arx-1,0.0349436690028314,3.27040333287188,5.20578208445163
arx-7,0.0106496805710564,4.92656296368707,6.15846009122969
asfl-1,0.0229013065748991,5.92095865105955,3.39264019150666
asm-1,0.0000150506197543024,7.90793489969269,-11.1378362214732
asp-4,0.0160925780346217,5.680525589002,-8.85542956292334
atad-3,0.0345615861617873,2.67275854694324,6.1956546320672
atf-5,0.04602995565645,5.98307973897721,-9.17121406989426
atg-4.2,0.0000820612332427597,6.9670097581731,7.5622996611783
B0001.4,0.0000908356753096228,5.41595852246454,8.04328958079863
B0024.11,0.0268605097986998,6.82435274577799,3.36820964754454
B0035.16,0.0289929625248108,3.29636720382933,7.11299696315806
B0035.3,0.0168473810218815,6.61186018349898,4.36499636408754
B0035.6,0.0350642839237387,6.61466331112093,2.60803725795749
B0222.9,0.00487483887830281,5.44687614814559,-8.60921277627914
B0238.9,0.001683928628889,4.96391520048804,7.12219996231607
B0252.3,0.0014642299622569,7.33118016769924,-10.5537540387653
B0261.6,0.0113551978921315,2.86776562069243,6.50855390814268
B0303.14,0.042057095214602,6.9821379293821,2.8270456249159
B0303.4,0.0261253808760459,5.05764997211455,3.83341382751012
B0334.17,0.00900550135462012,3.13978932751534,6.90488723487235
B0334.4,0.0000510685685373774,7.46942677666765,5.40575986178846
B0361.2,0.016994120574947,7.29531134527181,4.50785567915307
B0361.8,0.0000063111613502491,6.52190522988367,8.53857408286302
B0395.3,0.0125774181700923,5.37500031913679,6.26669810196778
B0495.2,0.0264864371511225,5.14439577299273,3.21902663845181
B0507.2,0.00196494148610821,5.3015118341188,9.45066917439113
B0511.11,0.0295506277507054,4.25852106308346,8.2994601122037
B0511.7,0.0429678721526179,7.09940457806439,2.95400284689253
bath-1,0.0281416400716487,4.96849173296511,6.5882453210197
bath-15,0.0357278050876151,2.86596264622896,6.49969691597838
bath-2,0.0135661362834701,2.80323129729536,6.40416124817134
bath-23,0.0383526676057284,4.05345666781643,8.0607403192881
bath-40,0.00129405261815845,5.53722295308641,5.89694493964282
bath-9,0.00275969786556256,5.14548490275607,9.28492657679735
bcat-1,0.000403307799581466,7.05238550162755,-10.2703459301002
bcmo-1,0.00785194455968131,6.426871566651,-9.63003754633964
bcs-1,0.0339752394195805,3.21777552632449,5.21160822269803
bir-2,0.0146182622400184,4.42174483478029,6.54867685889711
bra-1,0.0133042590861957,6.34866543809825,-6.77528427294232
bre-4,0.00373981844478052,4.20440628400166,7.74632434665105
bre-5,0.00568781074018612,4.44304230112294,6.74736894051071
brf-1,0.00136374395435265,5.18132178511436,5.44760982482938
btb-10,0.0487411336712177,8.82730021539887,-2.27943973112555
btb-15,0.00209232062075532,6.05803476985574,10.247753128284
btb-20,0.0452000279080736,3.98749237976286,7.98732342087164
C01A2.4,0.0195861013392969,7.05965044505073,3.79292156551952
C01G10.10,0.00809090384695989,7.0894703773496,-6.80210308734157
C01G12.1,0.025375035326492,3.37014306303197,7.21119372042798
C01G5.5,0.0000906506327498374,4.3641727034176,8.42000728905376
C01G8.1,0.00119788216996121,6.22193361817932,5.34198946783025
C02B4.t1,0.0260832916831941,4.43601488180393,8.50532613759369
C02C6.3,0.0346897110809754,6.10220665725931,-9.29490597379464
C02D4.9,0.0286491564229374,4.29747941427371,8.34259630361867
C02D5.4,0.0484877517648362,5.752062762501,3.98481944578264
C02F5.12,0.000145985924099756,6.05404865856017,7.80527526339462
C03B1.13,0.0000241806282612649,7.54515341905194,-10.7708857139761
C03B1.7,0.00930163644569568,5.4772393562545,-8.64122065463808
C04B4.2,0.000143437862850948,5.23534765860216,8.50346082015697
C04F12.1,0.0132390124208537,3.07743105500435,5.98130718239043
C04G6.4,0.0167021046637895,3.95301826397208,6.17614806658604
C05C10.3,0.0402548160796819,3.21240317709026,4.51475113398855
C05C8.5,0.00456351477120467,3.85479363122178,5.88611813952314
C05D2.10,0.0020411372403126,4.43338462741092,8.49900909824765
C05D2.6,0.00876639535685984,4.36201870406185,5.37622393937586
C06A5.8,0.000714756286186854,5.3061431285463,9.45533798350291
C06A6.4,0.00435274097589125,6.49120607697707,4.47769434429455
C06A8.3,0.00608859962618305,10.8157284071992,-2.64544250161801
C06E1.9,0.018705604090372,2.14277437304659,4.82160905303897
C06E2.5,0.00243780984619119,9.24867875617633,-3.88513206346354
C06H2.3,0.00601034247896943,4.61873081811073,6.33093607559836
C06H2.7,0.016611011018568,3.44515081350041,5.48818489035317
C06H5.7,0.000485190133614819,8.30080972601126,-11.53410294454
C07C7.1,0.0153908180335131,4.82882457305003,8.9392638917201
C07H6.2,0.000856105724668513,4.42619218340292,7.36961740715961
C08A9.6,0.0351057614683215,4.80192119007305,5.42512203937201
C08B6.7,0.00205787890200802,5.6921888191538,5.4365463383003
C08C3.4,0.0279836816208834,4.70624448965536,5.75496304512648
C08F1.10,0.00515418614509096,6.20686684188633,-9.40338727393619
C08F1.6,0.044440087405591,9.36141308504054,-3.18530443754148
C09B7.2,0.00192411922084328,4.5826269646204,8.66620359498678
C09E7.4,0.01936541192224,3.85464413395971,5.30254993076301
C09G5.8,0.0000316693863531531,7.77726125554798,12.0049124416441
C10C5.3,0.0000139759011065258,7.39709081860484,-10.62073350628
C10C5.4,0.0000213668503288781,7.5853797738699,-10.8116374056959
C10C5.5,0.0000911747374741937,7.38021726660413,-10.6036243531487
C10C6.7,0.0209612085009206,6.06009852578898,-9.25120985972465
C13B9.2,0.0106266070760501,4.12581357191308,8.14454719395204
C13F10.6,0.0156023997990562,6.28596927807354,3.69119321499814
C14A4.14,0.0409805751541098,2.26500170185014,5.44673190112816
C14B1.8,0.0335733573509284,5.51758316937649,4.06863107571914
C15C8.4,0.0434643242635217,5.87029238431117,-6.90261859166008
C15H9.7,0.000265825612100413,6.92811488469634,-10.1437010558531
C16C8.5,0.0264716798678984,3.23260943416935,7.02649999673508
C17E4.2,0.000276011673878341,7.52917422705704,-6.19562390853776
C17E4.3,0.00306503735818192,3.652587964964,5.61192919840007
C17E4.6,0.0402933072204082,6.91415061827752,2.42159006431706
C17E7.9,4.28633580888112e-7,6.26828943354253,8.94540919978187
C17F4.2,0.0404756878757468,4.0157125125319,8.01528459671978
C17G1.7,0.0023014864971572,8.44095100333892,-5.66924465534936
C17G10.1,0.00892315575762773,4.06291514943507,7.33564375716837
C17G10.2,0.00102920805010304,6.6238649328518,6.25230438676486
C18E3.9,0.00013003987601195,5.84571134948912,6.73120631904425
C24D10.4,0.000704130987924468,4.95743483552235,9.07921371674457
C24D10.6,0.0301310096066869,5.51912328145063,4.94772283904753
C24H10.1,0.0353609532886784,2.87974892553136,6.52121076642347
C24H11.5,0.0129909067369743,2.84804382566421,6.47762268683695
C24H12.11,0.00371149499963292,7.33117737474903,-10.5538459906729
C25A1.13,0.00254581230916439,3.59156103966536,7.49710923598513
C25A1.5,0.000940536118829437,7.12730544800795,5.83952247250737
C25A11.2,0.0000907028270941503,5.20633775579864,9.03673604655724
C25D7.16,0.0481819701749623,3.8393548346543,7.80356289102433
C25H3.17,0.0495618991878595,2.53613277159701,5.96321332609393
C25H3.3,0.00109493330404208,4.80708799209206,8.91687792514519
C25H3.7,0.00695589121515718,4.26041296251441,5.59246205108702
C26B2.7,0.0451130346000165,4.57718531284881,7.16676428528297
C26B2.8,0.00378501005147075,7.62138901112837,-10.8479552986176
C26E6.6,0.0262173483726262,6.28286182051204,5.04400452590524
C26F1.1,0.00000811851395277255,9.75094887616511,-12.9912173951743
C27A7.6,0.00426406604417311,3.11536284877514,6.86490034458167
C27C7.7,0.000416975779039986,7.00824117846106,-8.14023925734963
C27H6.3,0.0413395346750071,8.10255984667212,2.33790518503356
C28D4.10,0.0416159322058987,6.63145617005218,-9.840557916651
C28G1.4,0.0443657829823079,5.78464333328231,-6.46753515924877
C28H8.9,0.0221098679192118,8.26615587877411,3.30099120195596
C29E4.15,0.000174770544595682,5.92734821926366,10.1105648007447
C29F7.2,2.59212124569298e-8,9.76800970232924,-13.0083870323522
C31H1.8,0.0227006381259606,3.64669250345509,5.66199182332832
C31H2.4,0.00259939327041961,6.98231869948281,-10.1988674161153
C31H5.4,0.0107727818023074,11.1670253885531,-4.25787423376135
C31H5.5,0.00427468755695895,6.73636995259089,-9.94770061123511
C32F10.8,0.029843962103147,3.10141806034352,6.84402741266686
C33A12.19,0.0215310661207788,3.69041909545482,7.62731881579816
C33E10.3,0.0452659652173785,12.3786909834582,-6.39889854690939
C33G3.4,0.00000174013105448567,7.98796583762603,-11.2186570294712
C34B2.5,0.00863997745931112,7.2354808177354,4.52943848819685
C34B7.1,0.00738973899414646,4.39615956906881,8.45597376354783
C34B7.2,0.00689691044811379,4.96335535026626,4.86338771572399
C34D4.13,0.000351813067270901,5.51026853977908,7.66126199661461
C34E10.11,0.0303389650706939,4.1712253461281,5.7131594388091
C34E10.8,0.00030572746907771,3.82658951613525,7.07187300031792
C34G6.5,0.0122979673887774,4.58477629087924,6.23737181839705
C35B8.3,0.00242790740531427,2.4614039090587,4.74537893129895
C35D10.6,0.00000861283044851291,7.15775724763158,7.910997191006
C35D6.3,1.84226482531464e-8,7.12765500169162,11.3456926684467
C35E7.8,0.0483924291964572,5.64300068194968,4.2814223075083
C36A4.10,0.00446170409661959,7.16561606987328,-10.385431777132
C36A4.4,0.019882036343152,2.65479589005005,6.16471685264742
C36F7.2,0.013170126394819,2.45784038872462,4.96127973527076
C38D9.8,0.0000307796955845582,8.23255904363283,-7.7668963537576
C39D10.8,0.00466293258489314,6.29044543401701,-9.48988126758037
C40A11.2,0.0252913440046987,6.90481399244458,-5.57206785285715
C41G7.3,0.000680775018545786,4.6384941520113,8.72899786450009
C42C1.12,0.00303235290790865,3.99608678224654,7.99182389215564
C42C1.4,0.000745606474305282,5.63034266395398,9.79907117935595
C44B9.3,0.0275208170482669,8.41847960957827,-2.42684889468487
C46A5.5,0.0309964214797034,7.41519776530159,-10.6392096007457
C46C11.1,0.00742701984129576,3.02664642905242,6.74023310315775
C46E1.3,0.0410611074007519,4.06373717648363,8.07721595667013
C46E10.8,0.000665805822146313,5.4183238235136,9.5749857779785
C46F11.5,0.00112719763728426,4.11618485127654,7.01481844100283
C46F11.6,0.0126844267996302,3.99516146922389,7.99077243616844
C46H11.2,0.0295947774316844,7.28628462564468,-5.58076978938542
C47B2.2,0.0000710560639645164,4.5717386179332,8.65427032198334
C47B2.9,0.0308159400841911,3.09568801838362,6.83700669070134
C47E12.7,0.0241596901821838,6.32636473342988,5.64680443700142
C48E7.11,0.00188196496443283,6.44765241201554,6.58392186228907
C48E7.2,0.0174127449885199,6.17425506326775,4.38850458922346
C49C3.6,0.000190096334580588,6.79725357941946,6.3669790200745
C50C3.1,0.0000470530318096138,5.13431997615689,8.44985476987596
C50F4.14,0.00589744845529082,5.36037543237241,5.73700777149498
C50F7.4,0.0211627521565902,4.51020978194383,6.72247853396864
C53A3.2,0.00206801463701601,6.46087203903122,-9.66518113217179
C53A5.17,0.034582044758923,5.29038828258652,5.79609602229287
C54G4.5,0.0190792488218105,3.88045967278858,7.85261741120061
C54G4.9,0.00186011891549766,4.53974447524983,8.17411094474847
C55A6.11,0.0366096796742697,4.09064357400615,8.10258048089571
C55C3.5,0.0152039050328312,5.88586592827771,-8.59967809181289
C56A3.4,0.0359232178184369,8.77736554443815,3.76295194747731
C56A3.8,0.0190977679512724,6.63174238111306,5.58545499451601
C56C10.9,0.0182347706913368,3.92303174846612,6.09942257200995
C56G2.3,0.00654865695076355,3.3626277536265,7.20210700747003
cam-1,0.000166840650989905,4.74824484249184,6.91929458051751
catp-6,0.0192398363430321,2.85875061109922,3.92481629288254
cav-1,0.0348752683076433,10.1228218682311,-2.12359608665613
CD4.7,4.91563976338097e-8,7.05359196703459,11.2704571474829
cdc-14,0.0394647436724285,7.14483079287822,-3.76694001573448
cdc-25.3,0.00308108920908638,5.2429439445777,5.86254452048291
cdf-1,0.0062870080611445,4.54355328520766,6.85685583167096
cdk-5,0.00137421870303563,5.25040301225979,7.88376878442285
ced-1,0.00814822438375306,5.27484605165326,-6.10451728552316
ced-3,0.00188922993645405,4.25453742298187,8.29415013848189
ced-9,0.00432538653165981,4.86332764716821,6.03127369694928
ceh-13,0.00105293319761337,7.98773001217452,-8.97446975282262
ceh-41,0.0058557729645054,7.47124917719497,-7.9490623324364
ceh-51,0.0275390314056995,4.64830849685676,-7.74631096439049
cey-3,0.00289218776776101,6.84807975472116,4.94864117963163
cfim-1,0.0483686639121632,6.07830486237438,3.96427379225577
chch-3,0.0371545175325789,7.00950217843006,3.36794106022765
chin-1,0.0458582084452421,3.50624934897219,4.55733932050824
chn-1,0.0222822261142214,7.20457064906777,3.6870168534737
cht-1,0.0031932884473027,8.55336174694048,-4.10761961553227
ckc-1,7.859903123063e-7,7.95163221114931,-11.1820228793008
clec-196,0.00257581454440123,10.5251119556446,-4.46577493186947
clec-84,0.0190684265253896,3.65812439660399,7.5842181910054
clec-87,0.0155886564260161,10.7796092971085,2.04803298124938
cnd-1,0.00031557347212931,6.11490644293525,10.3054420203382
cnk-1,0.03047113695427,2.79430597515278,5.77261276497936
col-63,0.00510851664198867,5.06558437687296,9.19667326957446
coq-4,0.0000629809929692842,5.48220129034128,8.65168045460208
coq-5,0.00263862944088453,3.34345882754626,7.17588582273064
cpb-3,0.0209998037940466,4.63939043314053,4.10102752468557
cpf-1,0.000255849734759864,6.4714241198048,6.30202735262087
cpg-2,0.0125928146194588,3.20885938507644,4.70603772207804
cpn-1,0.0162434585504234,5.62339592189779,4.74983018584197
cpna-3,0.00110413647876589,4.9435855013256,7.05218559478102
cpt-2,0.0124214640771549,4.54982000281213,4.24516313009965
csk-1,0.0231262090491128,4.91926228760947,5.46987023757672
csnk-1,0.00229978289319973,3.42188509125255,7.27974824123042
cst-1,0.0147413864997693,6.39702030835815,-6.49744925680087
ctb-1,0.0365650690252308,11.277791257884,-1.98591162758733
cth-1,0.000144692245694276,7.32903838566409,-10.5516620366799
cutc-1,0.0330315956172129,7.2337309483527,4.22988117563174
cyb-2.1,0.0000164356898380033,5.65963822133509,8.45082855165518
cyl-1,0.00338695379003223,7.17493369572201,3.6870368870526
cyp-29A2,0.0254636859235417,5.7152469418722,-8.89136969154183
cyy-1,0.025871559639594,6.75140989575942,3.47807663401058
D1014.4,0.00758524447783171,6.79924676153486,5.10222828511685
D1025.2,0.0115367240075419,6.07653099301221,-9.26827979660783
D1046.2,0.00847951371544786,6.34117191791611,4.16197093567599
D1054.14,0.0391115358373138,8.01347891658923,2.43289369843986
D1069.3,0.00981683265103604,5.78187887380169,5.45467520562656
D2013.3,0.02099653548517,4.54113534015026,8.6189816927737
D2024.5,0.0461683851954437,6.75953862754922,3.49936121509683
D2030.12,0.000131809170337345,4.98074888264489,9.10475439062726
D2030.2,0.012158377118706,3.74606510201364,5.64361384752303
D2030.7,0.0403849284672298,7.06401299651559,3.29637406162089
D2030.8,0.00521566374727961,6.54289884853748,3.94872259457106
D2045.9,0.0153095114175917,5.6603016169821,-8.83386659259443
D2063.3,0.00141533325362252,5.1113197784076,7.0036250195884
dab-1,0.0263738272697994,4.32112254930331,3.7798493759967
daf-3,0.0192294728718072,5.85200625141551,-6.42757414646644
daf-4,0.0330218527237345,2.3602538860802,5.63961293180056
dao-2,0.0149266766722094,6.26424199575844,-9.4623706647447
dcaf-1,0.024299253505795,3.56957812896617,6.96637611329937
dcp-66,0.0102911921285945,8.16027465125328,-5.23015195104523
dct-13,0.00908254096381363,7.15840442926762,3.47681727479928
ddl-3,0.0486883440405959,2.89959126831298,6.54939932955497
dgk-4,0.00256049529993494,4.09232876723062,6.62081507897701
dgn-2,0.00814006368407139,5.30485089327566,9.45595248507379
dhfr-1,0.0106207735448043,7.01433738508667,3.45720785305526
dhs-13,0.0184753973039661,6.48574234343517,3.88157481286963
dhs-4,0.00992144387113251,6.92730676097671,-10.1425625827984
dkf-1,0.0333198898458218,2.268710342699,5.45540188239182
dmd-6,0.0161065227523598,4.18375675870162,6.91348201346696
dnc-4,0.00262891772614331,5.19197530451952,9.33323607234058
dnj-18,0.0131253259830151,3.19497156758106,6.97475168464222
dom-3,0.000111890619812591,5.00663987091495,9.13290998837157
dpy-10,0.0138893905037364,3.92704623587165,7.90949906201587
dpy-14,0.00261491728768196,7.31314570273942,-10.5354481827961
dpy-17,0.00340665395503113,9.37531552221057,-7.12464033015914
dpyd-1,0.0128110806858741,4.03135797804423,-7.0460471225361
drr-1,0.00010812574867806,7.42961723236282,-10.6536847561469
drr-2,0.0268261917408043,6.12515095137541,3.98912506300587
dsl-2,0.0238329168252615,10.8543821949753,-2.2466679574471
duo-3,0.0110703052764125,4.77930388822109,6.00744988710613
dut-1,0.0413528858062807,8.01011987323796,2.05878612802494
dve-1,1.27123328733345e-11,9.60306217026959,-12.842985633545
E02H1.2,0.0166271255129532,3.73897652342443,7.68041695018207
E02H1.5,0.00231183326675706,5.16229415636419,9.30068904176358
E02H9.3,0.0118994420185454,3.63577601130414,5.81003803796337
E03A3.10,0.0097762162514044,4.42043097918087,8.48344691156341
E03A3.5,0.0207421578923468,5.45617212093095,6.43178885074337
E03H4.8,0.0398947151788692,4.02655088367396,8.02899074798665
E04D5.1,0.016485936094397,4.89150689064728,5.20925086548771
E04F6.2,0.0372918623814718,5.65922461514828,-8.83267211722191
E_BE45912.2,0.0302443250862587,3.46976492583208,7.34194737726049
eaf-1,0.038074211247588,7.87544714437719,2.21732248788097
ech-5,0.0334146002899327,2.94166446722273,6.6140766194772
ech-6,0.00817579232032141,6.05791825750634,5.58829308372116
EEED8.13,0.0339770521235206,4.2332517075449,6.71828142111009
EEED8.14,0.0365335095069424,6.2077194812672,3.95669651501326
EEED8.2,0.000272690129961827,8.11646968780397,-9.33493017723903
eel-1,0.0363099741075185,3.63312001392828,2.9350800401634
egg-5,0.0344505854809502,2.48658846863712,4.45689935285475
egl-27,0.0243999434211051,7.05121102100384,-4.4580186697154
egrh-2,0.0261719317742465,4.3650016869939,8.41982294826068
ehbp-1,0.00596415556449007,2.27549965028462,5.47303063185957
elo-9,0.0273283706993834,6.38099208548515,-9.58284215005398
elt-6,0.0322482415840495,4.18891994676039,8.21826723939177
elt-7,0.00250985795989875,9.22185605199772,-7.18511844173142
end-3,0.0458937233782899,7.93344784686417,3.13201297431498
enol-1,0.0000251797731357079,6.50055801711345,8.04638848509036
epc-1,0.0368926358078352,8.46132981751911,-3.72340223031281
eri-9,0.0193041068304345,5.66279464739732,5.19070206641483
ess-2,0.0122377632710048,3.40252909874933,5.19041593379005
exl-1,0.00495086332983491,3.0547272287185,6.77819980900251
exo-3,0.00000393343892747576,6.03774869369793,10.2258384838994
F01F1.1,0.0341805223941311,6.07142917653261,3.8973133732852
F02E8.4,0.0000481750595788366,5.60523971217144,8.36812426374921
F07A11.2,0.0315902937058091,5.23833169405746,-7.14311506007651
F07A11.5,0.000744249432175872,6.68456778030227,-9.89476289405469
F07C6.4,0.000918085950957737,3.92009596946457,7.90289761074594
F07H5.13,0.0305858100043772,9.91672005175904,-5.37792169465159
F07H5.5,0.0176292464213895,8.93717074090137,-2.61602096935963
F08F8.10,0.00225203380318452,4.20779265948875,6.60683834187385
F08F8.2,0.00659713944618148,3.88162499384317,5.55135963369164
F08H9.2,0.0421704851104482,3.96421574700718,7.95297364889285
F09E5.3,0.0246158862068855,6.39586224090545,-8.76423556623159
F09E8.2,0.000001925345462069,5.73349722429283,9.90766736922956
F09F7.6,0.00158409957697085,9.07084893207677,-5.2678254570309
F09G2.2,0.0168616891877571,5.08336346785777,4.14015858301913
F10D11.2,0.0134504851523881,4.98148871719139,4.17058460284723
F10D2.8,0.000101586618506899,8.40544152659716,-11.6395167975432
F10D7.2,0.0430672939647892,3.14573777547559,6.91658600431088
F10D7.3,0.00000231405032558568,7.84573760434662,-8.70593724748437
F11A10.5,0.0294625521842777,5.22381417380094,3.83550752217148
F11E6.1,0.00525068023008163,5.90167336007661,-9.08669613243882
F11G11.13,0.0272820476844249,3.26613344329699,7.07264612471565
F13C5.2,0.0205660668910154,11.0854963077015,-4.76193231522604
F13E9.1,0.00283619214327954,5.54232107327495,6.64275831724734
F13E9.11,0.0446620410666761,6.69255885767694,-9.90263978677424
F13E9.13,0.011889092344729,8.15632312202698,-5.40449427777206
F13G3.6,0.0142225118783672,5.85556311123816,5.28800546108493
F13H8.11,5.81845746779265e-7,7.50213984669188,-10.7266730037668
F13H8.8,0.0268538288814932,4.34330275959548,8.39662526173611
F14B4.2,0.00365004316873545,7.87266296725919,-5.72644612576679
F14B6.3,0.0354460595786143,9.44706494539426,-2.37999616126309
F14D7.2,0.00176442130217976,4.67855146661341,7.1629512344512
F14D7.5,0.0490804419680011,3.81769284793607,7.77639733935796
F14D7.6,0.0168940645908354,4.75414207934417,8.85712122176852
F14H12.6,0.0248478949254219,9.86467540103796,-4.11066711138925
F14H3.4,0.0210482276705927,2.55051822868746,5.98825953524441
F15B10.3,0.00472706783077275,12.1560594169659,-4.9983143242503
F15B9.10,0.00445560112728969,3.95892743017051,7.95197662019885
F15E6.9,0.0209233344246632,4.60914468602766,8.69933870342113
F16G10.6,0.0265976249993192,8.03323883048729,-11.264241802398
F17A2.13,0.0345270285786359,7.99811161581736,-2.62805131581336
F17H10.2,0.0278084796688192,4.97169318016378,-3.73745382560283
F18C12.3,0.00737564100438967,4.28183683281975,5.99750704461622
F18E3.13,0.0068878819230391,4.43386450656844,8.49866045335793
F19C6.2,0.0102505124151287,2.49044713531243,5.88323258490104
F19C6.5,0.0294453988767426,7.13825607880925,-10.357358687188
F20C5.6,0.000768233798458861,5.77988102277685,9.95745780183502
F20D1.1,0.0186202411057147,8.68104241271768,-3.32920010910516
F21D5.7,0.0360664197661393,6.4433955169289,3.35348401566926
F21D5.8,0.0167416531468914,3.77085642672709,7.71959775497849
F21D9.6,0.0271672984104744,5.87553854034609,-7.62592972291075
F21H12.1,0.0116538285838477,6.75694511042602,4.92500789492006
F22B7.9,0.00877184921618453,7.57096582018727,-6.90549907001871
F22D6.15,0.0457204371806844,3.88633060636073,7.85956840826639
F22E5.9,0.00208102177656434,3.60038264325424,7.5085161701189
F22G12.5,0.000856189766532413,3.56043718485905,6.93288500659228
F23C8.13,0.0442645544197078,2.62814087686651,6.12089486699726
F23D12.5,0.0363774211505723,4.83198883825797,-7.94813705097863
F25B4.2,0.0325307982188799,5.93382461980454,3.71292381527274
F25B5.3,0.0100326942428318,4.2453420110167,6.59312365001133
F25B5.6,0.0000018688880026585,6.74154672404688,8.14541096926225
F25D7.5,0.0244933504387426,4.48143982286142,8.55650385061486
F25G6.7,0.00570096893578834,7.45230491819263,-10.6771474832339
F25G6.9,0.00546479928586348,3.58700919566215,7.26255680543598
F25H2.6,0.0000309155706904339,5.41909485537255,7.7501853434849
F26F2.7,0.0358709580616403,2.81579911711613,4.80160392374168
F26F4.5,0.0281180938979844,4.60435105331579,4.16878711155104
F26F4.9,0.0103210617961556,6.09335404720758,5.75842721419944
F26G1.1,0.0178526185792909,2.2483398920453,5.22087974017692
F27C8.6,0.000668491993584895,7.78552025501502,3.87991093426662
F28C6.2,0.0279804917653083,2.43826445727681,4.63678110623105
F29B9.2,0.000154102473199832,4.32586290951799,7.61957721902517
F29C12.4,0.028624737703234,2.38079430000602,4.06564704426602
F29C6.1,0.034240794570408,4.14743041469516,8.17001921912729
F30F8.1,0.017858007649199,5.71828459436517,3.96573372957441
F30F8.3,0.00000429275481278768,6.30173107898715,8.29186638101108
F30F8.9,0.000725977164761056,5.02471066153447,8.45619366915482
F30H5.4,0.0201326511320311,8.54872136240881,-5.19648560469807
F31B9.3,0.00446040908884658,4.78948821792373,8.89508785358674
F31C3.2,0.0000681364034726332,4.96354046136388,7.87337196287356
F31C3.4,0.0134640572861069,6.68534187008316,4.12406949581266
F32A7.4,0.000434043875050654,4.75973451758592,6.86117376837948
F32B6.3,0.000139508553422414,4.81577157791118,8.9251307080796
F32B6.9,0.00912579531992352,2.86457438573195,6.50017196678882
F32D1.7,4.55402347898834e-7,6.03258956560065,9.64600250770718
F32D8.14,0.0495855274958637,4.25934922659673,5.13984473204945
F32D8.4,0.0248034378834243,4.79941782403225,6.12449530558755
F33A8.10,0.0246100353290932,5.38273484750022,-4.81288982104927
F33E11.6,0.0389532540676757,5.7253833474338,-7.56835014348104
F33G12.2,0.0105712912537265,5.06196373785475,6.58828881188652
F33G12.5,0.000325365077564526,4.62233652292222,8.1706582548047
F34D10.2,0.0404208126025657,4.76622091557148,4.17030173367053
F35C11.6,0.014264816893538,5.71399350610733,-8.89027613287155
F35D11.3,0.0470819482448784,5.7275176596947,5.24953607095188
F35D11.4,0.0423880854096631,3.01285204786786,6.71882432860536
F35E2.8,0.00133896510357167,7.48307970729208,-10.707837082906
F35H10.7,0.046654401109522,3.42956136750111,6.54351241978834
F35H12.4,0.0213556012494185,3.58457870698905,7.48866118559556
F36A2.3,0.0000285099855858747,7.6784302940626,-6.8176156308894
F36D1.9,0.0173264688200169,4.3266057309184,7.3328292628848
F36F12.3,0.0218915619643267,4.57801381835226,8.66465738625079
F36F12.4,0.00403583499147351,6.54788290332763,8.86005258552095
F37B12.3,0.0198493885910861,7.14582235542945,4.03574329301485
F37C4.5,0.0371450904159703,5.62043098011383,-8.79193080571406
F37C4.6,2.47226439329202e-7,7.75281729435953,-10.9811704016613
F37D6.4,0.0388145886449474,10.113514429181,-4.81951812615194
F37H8.5,0.00402680004644892,7.40661740374135,-7.05843757585684
F38A5.7,0.0371794852575777,9.81516543085661,-2.21770279193424
F38B2.4,0.013629348541241,7.01882994339689,-10.2359441468135
F38B7.3,0.0293310271445522,4.07057333793277,6.21155362426484
F38H4.10,0.00746574597063959,5.60925641269971,4.33017829782817
F39B2.3,0.00516268278905493,6.69997653788078,4.74238706284459
F39B2.5,0.0323820672367508,3.08962128924532,6.82694741934059
F39E9.21,0.00651586325554823,4.50045079113004,8.57416622827055
F39F10.4,0.0396258765650939,13.1433600422381,-3.6665441587518
F39H2.3,0.00342246311027128,6.04181056369581,7.09721418955563
F40F8.11,0.036282469137486,6.59897171070273,3.2925302186654
F40G9.17,0.0298475833242174,3.33306380483866,7.16261007184728
F40G9.6,0.0217781041479578,3.18903328072625,6.25146833483665
F42A8.3,0.0222766455914219,4.01161991021227,6.75470786178459
F42A9.8,0.000025180771386909,5.75843408379279,9.93475112642094
F42C5.12,0.0488152596277494,3.8193339756453,7.78065412922616
F42F12.4,0.0433203289156398,7.50192109747724,-7.43096178667877
F42H10.3,0.0425646851550656,2.13555043137672,4.6179784879527
F43A11.8,0.0178861606477569,3.92944610060436,7.91272854286629
F43G9.2,0.00144959243108132,5.20499816241223,5.95534483514538
F44B9.8,0.0163515607647572,5.63094341805948,4.64449449610152
F44E2.10,0.0353201618397412,4.75705190794602,5.73691219474217
F44E2.8,0.0467171715383469,6.945154900915,-4.69560600096482
F44E7.5,0.0000226832381924551,5.8617457451254,7.91833622109825
F44E7.9,0.00125981423725116,5.68265904453021,7.75574453113523
F44F1.5,0.0158120036008612,8.02016032332949,-5.74713893717645
F44G4.3,0.0160747040443218,2.88896988307577,6.53615525927742
F45G2.4,0.0478220693569708,7.41771603890029,2.52558378057699
F46E10.2,0.014502082502591,8.8025444483759,-4.40294200566215
F46F11.10,0.0121307211370276,4.25283106404707,8.29647375977802
F46F11.6,0.00902107777287902,5.72312202958195,4.66626512610348
F48C1.5,0.00990344444297534,4.70940457282102,6.09442086769966
F48E3.6,0.0168196289673968,7.97734273617191,-5.55680016543568
F48E8.2,0.0456609772096358,4.37828927083276,4.04245646135291
F49C5.12,0.0241836889522955,4.43350089306597,8.49912094535741
F49E10.4,0.000757852655372691,6.07922418453397,10.2697089360028
F49E8.7,0.00305589465570917,6.30071820079019,5.07894330671943
F52A8.6,0.00160652467226692,5.05618810750655,7.57214321666142
F52H2.5,0.00273096768711019,7.67732145597408,-10.9046284248453
F52H2.7,0.0397451112563069,2.49438636514509,4.58735723651753
F52H3.5,0.00538139600698084,6.97137532089421,-7.35196888121801
F53A2.3,0.0301165588125193,5.58826416228614,-7.24590416083781
F53A3.7,0.0457194510307436,2.69494229797825,6.22957060916543
F53B6.7,0.0369597021996811,3.24740861451752,7.0474215162543
F53F1.3,0.0247847953519385,3.9036710733402,6.28961767995243
F53G2.2,0.0471929643590934,3.85850954625172,7.82677250020816
F53G2.8,0.0429425880730631,3.94623404784204,7.932265149805
F54A3.6,0.0257220282034914,2.74843467906859,5.58018585026783
F54B11.10,0.0243468419216912,4.42877096334159,8.49376750208288
F54D10.5,0.00110315606643047,3.83053272892778,7.79607488008238
F54D12.4,0.0243250292743577,4.42941533598631,8.49302543296013
F54D5.2,0.0198219146951634,3.50817047766621,4.47538591825734
F54D5.9,0.000443233329702751,5.49952896112179,9.02850487433834
F54G2.1,0.0347754025726304,5.57559367552402,-8.17030450185694
F55A11.4,0.000513129581810289,4.40530667468227,8.46631879635329
F55A11.8,0.000939235063748016,5.14036908318563,9.2772216125774
F55A12.5,0.0111247153261308,2.43849219175766,5.51549842261571
F55A3.5,0.00119294919350811,7.77300071064388,-9.7063003793189
F55A4.8,0.00330803049719746,6.37947119179629,-9.58134410977163
F55B11.1,0.00418326371469268,5.96518219123349,-9.15284310172365
F55B12.11,0.00302624372187795,7.91231320911456,-10.3037128093154
F55D12.5,0.0495490379701008,3.96624127551943,6.15782196564393
F55F8.3,0.0218573810773521,4.49924925995545,5.13258611106944
F55G1.5,0.0224806898893016,3.43547564331106,7.29673300804629
F56A11.5,0.011393224570839,2.00638609720047,4.85181342735
F56B3.11,0.00548048626918081,4.46310492662712,7.71760835386403
F56C11.3,0.0382135041154152,4.01732995851028,6.45788977400655
F56C11.5,0.00349010205946544,5.17575399581856,7.07139616349391
F56C4.1,0.0196422243663219,6.25986873480604,-9.45760736645715
F56C9.6,0.0199463131436622,4.75801247291397,6.2941182321858
F56D1.3,0.0050393749128357,2.41594134569909,5.74953236046113
F56G4.4,0.0075529310580594,6.39802303937677,5.23064934114163
F56H1.6,0.0000589934640776782,5.66273482223187,7.27828065534697
F56H6.1,0.0294049121314653,4.26594111260701,8.30695961590183
F57B10.3,0.0498976187224069,1.94072964542079,4.67127865782481
F57C9.7,0.0453480902465009,2.69178096585184,6.23479932349563
F57F4.2,0.0216930175702305,6.8152513519837,-10.0282200144715
F57G9.3,0.0375239897972153,7.69034619290327,-4.01390842869188
F58D2.4,0.0494451557891656,3.80974895865427,7.76796872253907
F58D5.7,0.008325077693628,4.34407138684914,8.39614240509313
F58E6.7,0.00000238260885288495,6.96048370041203,11.1755700650784
F58G11.2,0.0140346535644125,2.3812746854014,4.56691286878791
F58G11.3,0.000610557056404639,3.63027515059444,7.11088796513382
F59A1.10,1.35844402720909e-8,8.39053192732985,-11.6245850831666
F59A3.12,0.0438322993633592,6.24949932960561,4.43238440969498
F59A3.4,0.00000192310698100449,5.61214107008805,9.28518085407208
F59B2.2,0.0497658324531372,5.56241354500184,-8.73051565257741
F59C12.4,0.00986280561098763,12.4512967922375,-2.8640110033876
faah-1,0.0208198185818342,3.92736569886599,7.91010425316881
fah-1,0.0422090360385422,8.59826078632138,-2.82429590163322
farl-11,0.00306597088280632,4.17977544474592,6.41909505419522
fars-1,0.000549734804424925,5.82527486344651,6.48395815633109
fat-3,0.0359304825777311,6.28806259249755,-9.48675727714978
fbf-1,0.00931195548300892,4.1230411164909,6.60034234128299
fbxa-115,0.00116144353941891,5.10510292142726,8.18155663696897
fbxa-153,0.0371066621954934,4.25828809869756,7.54942548654123
fbxa-192,0.00595353438192414,4.64905665652024,8.74313879280221
fbxa-206,2.29239578389869e-7,6.58495903272567,10.3299106468557
fbxa-215,0.0133959054285186,8.15686971520887,3.0690506780718
fbxa-46,0.0000423955753782719,9.30540658237681,-12.5442508933077
fbxa-85,0.00188458729393995,4.69795928232549,8.79522437576348
fbxa-99,0.0345329758890301,4.13856211090356,8.1604894382269
fbxb-111,0.0317282510369885,6.57498697621058,-5.11169462760429
fbxb-22,0.000602608598059026,8.8119649395183,-5.44224709962415
fbxb-26,0.00401234185926584,7.53520814696415,-5.63317008029939
fbxb-3,0.00296410539982348,7.47575666683342,-5.91216179548435
fbxb-33,0.0262077668308115,10.9526128183626,-6.42513087106642
fbxb-36,0.0476907132288903,5.30470774609118,-8.45879041143683
fbxb-37,0.000276502041693453,7.71644060155623,-7.53496786102756
fbxb-4,0.00521673709756157,7.69589150097556,-10.923453035489
fbxb-41,0.0291129882456266,8.26987609324532,-4.28013007716999
fbxb-42,0.0217527795982015,7.72863018451173,-3.86327311722672
fbxb-45,0.0133644284350216,6.31619141730068,-8.6555242016671
fbxb-46,0.0245326659471328,8.04159171368049,-4.49018463895773
fbxb-47,0.0331381814296167,9.30528517756756,-3.70015198035679
fbxb-67,0.0206499615675137,7.89087893000572,-4.47113028085863
fbxb-72,0.00208901353300389,6.22164180863649,-8.58849403834423
fbxb-74,0.00447177776308249,7.9990262654854,-6.01759996752625
fbxb-78,0.0108905372198125,7.26519849885522,-10.4866816858728
fbxb-82,0.0199460666304677,8.63892028703761,-3.57557575949183
fbxb-87,0.0136647072316016,6.37366771307816,-9.57520947808352
fbxb-95,0.0115410864371813,8.91449047425504,-5.29668327945518
fbxc-28,0.00524675682972944,8.75269768147698,-3.53463276784592
fbxc-37,0.0143924272600646,6.1808659242833,3.86240796969099
fbxc-50,0.0260500560859934,2.97384547496432,5.38566955908772
fbxc-51,0.000150520687447042,7.14207447954783,-10.3616865689665
fbxc-52,0.00743846707526733,10.3895424486218,-6.40374540440571
fbxc-54,0.0298497034985789,4.25214837796083,8.29107463843872
fbxc-57,0.0310455894045065,4.34992044509368,6.29237040356416
fem-3,0.0000409308151242898,5.53509341322382,9.29649944055713
figl-1,0.0254741546970254,2.11422852039127,4.81081199093695
fipr-26,0.00882675952918542,4.51238081360704,8.58809663498609
flh-2,0.00170812717424971,4.99292332127372,7.71745916912958
fmo-5,0.000548437860728646,7.60953951211891,-10.8360554818454
fog-2,0.0000022355806441628,6.59152809913269,7.95660150481892
fre-1,0.0171178529614256,2.52139760203727,5.93745817456846
frh-1,0.0458896886243756,2.61889163710724,6.10399325610941
ftn-2,0.00000678676000964892,9.33701859411644,-8.97110122657656
fut-3,0.00103103628174631,6.82516846316986,6.16971509580067
gale-1,0.0130198703199928,5.62599400619027,5.09186810228058
gana-1,0.0166967147586822,8.39016535031048,-4.40298856220656
gars-1,0.0123546471742844,5.72414109637508,4.21341217040039
gcy-28,0.00348714766213076,3.74879107138339,7.22608209334597
gei-11,0.0401111143309767,5.64071724009134,2.88957884412314
gei-14,0.00965246979969846,3.50828274631085,6.01819754444964
gen-1,0.00179141854294507,5.40665508622506,8.2867696015944
ger-1,0.0240837461305548,8.48462101701623,-11.7198558900916
gex-2,0.010463586511936,2.99435941971764,6.09437740585336
gfi-2,0.00132797680457003,5.34733807486989,6.43203887694596
gfi-3,0.00642910704098385,4.96176261163636,4.63110090685401
ggtb-1,0.0242661568812639,3.14152296101966,5.82514642030703
gip-2,0.0012616459010627,4.9523844089331,7.38253601668324
glb-33,0.0435546570660229,3.47635587070276,6.98103586854237
glh-2,0.00882017301242126,4.65365752113332,5.57477942952082
gln-3,0.00634804390724175,7.89431605584136,-5.21474083536803
glo-1,0.00106556821498945,7.04214702334145,-10.2598659988025
glo-3,0.00307336834530717,7.38336732251934,-8.37334688961496
glrx-5,0.0162931506032137,3.77541786918515,7.72635422560238
gly-20,0.00136553561936009,4.5091735742946,6.87774386908214
gon-2,0.000481671837067939,4.74643118892028,8.84854326966136
gst-10,0.0167959064015021,4.54176179688575,7.42511975156911
gst-20,0.00567998773927983,5.80281556392,6.45496270554161
gst-42,0.0000214710486529157,7.55923098902697,-10.7848754743689
gsy-1,0.0145495905127663,3.19199726538716,6.97124250488823
gyg-2,4.33068349413073e-7,7.08701868631044,8.81745174851373
H04D03.2,0.014794380675731,3.98659820665863,6.63160355388028
H14A12.3,0.00188227928517747,4.40761494143866,7.93271490419509
H19M22.3,0.0199441353100537,5.52264962937095,-8.68964457387284
H19N07.3,0.0213675039493034,4.37455289583098,7.13073109361511
H20J04.6,0.0251365454846764,3.48285132231062,7.35876123913524
H31G24.3,0.0178956340990855,2.71383004895357,6.26240191513006
H34C03.2,0.00718508630873353,3.59238748087872,4.68352425463965
H35N09.2,0.0410096356555138,2.72619960341032,6.28218724863891
H40L08.1,0.0314134442083981,5.63512837361561,-5.77038011171137
hdac-6,0.0369656740581056,5.3389035661453,3.57317566204417
hex-5,2.37720670926857e-7,7.69140471633194,-10.9189282338823
hgo-1,0.000464740875256517,7.66947751471759,-10.8966504634884
him-8,0.00714697412964748,3.65960066741136,7.58210928332832
his-24,0.043318626187802,7.5429802658963,-3.07962250934291
his-3,0.0038451964926764,8.22292581773049,-11.455581877444
his-59,0.0440697805976789,5.8104107360588,3.50081058754814
his-8,0.0459452916075705,3.72784804545406,5.52393827623934
hke-4.1,0.0188512960614765,3.06069647800273,5.99610951781472
hmp-2,0.00561119188953741,4.9300223080762,7.455127868647
hpr-17,0.00205052937725066,4.20003215257282,7.29400923867557
hrdl-1,0.0202966671078292,5.337262821887,3.96031572525522
hsb-1,0.0206893772132623,6.32993793869027,3.87870714046235
htp-1,0.0003810340552296,4.7373395093534,7.93388812743617
hum-5,0.0212196028601549,4.05648712943575,8.06431167287283
hum-8,0.0283782032924766,5.46005262104365,-8.62617588165499
hyl-2,0.0142817674407109,5.58872607776019,-7.50914708176472
ife-5,0.00153230683369283,5.4519944141049,9.61194307851325
iffb-1,0.0172355787345744,4.91618627783813,5.51749205665691
ima-1,0.00000339400026784801,6.07198833023183,9.69643136348939
ima-2,0.00104530742090424,5.87442516027559,5.81956181596049
ins-18,0.0412942356369527,3.99145383988845,7.98741348380916
inx-21,0.00000798003735702247,5.75302316370077,9.52673819790524
irk-3,0.00774045228207309,4.35193434136844,8.40556855162485
ivd-1,0.0181507198249835,2.6132552278387,6.09564637778455
JC8.4,0.041480026821892,4.10861949014408,5.54420723044749
jmjd-2,0.00494948016506751,4.42427183139492,4.85622780913325
K01C8.6,0.0393207772303932,3.84112077491709,6.50190836388608
K02C4.3,0.0133874807041651,3.49966336924183,7.20392158142451
K02D10.7,0.0315781691796825,4.19970124506037,8.23154595061354
K04F10.3,0.0268725392565133,4.45812099277652,5.88110453737509
K05C4.2,0.0352496040214606,3.85825887086304,5.15020309170918
K05F1.5,0.000270520681137396,7.79531811201905,-5.53219568867293
K05F6.4,0.0355042210757312,9.12591456825442,-2.6365223513372
K07E8.7,0.00164995579951102,3.62290415002219,6.55269769313962
K07G5.6,0.0000113527806748449,5.87843861582229,7.27903618109701
K08C9.7,0.0405177772618495,7.69579950658727,-10.9245104237094
K08E3.4,0.0400059135540212,5.21452764413444,4.70921494399268
K08E3.5,0.0437612165693247,5.11133103993805,3.37338495347912
K08H2.3,0.00230576984873636,4.70649432520275,7.91405341918127
K09E4.3,0.000854133130131812,4.34764922289986,8.40091810740785
K09H9.7,0.0412964790689487,5.12244453564062,-8.26271796520757
K10B3.1,0.0112415977392361,8.08483601967512,-11.3162160084068
K10C9.9,0.0221568766763693,8.81631278260379,-12.0534395786026
K10D2.8,0.00961043127424654,4.2273856438494,8.2634721967996
K10D6.4,0.0000214626260939047,7.61314060097817,-10.839647635287
K11D12.5,0.0000804721072139178,5.54854432022961,9.71408988954087
K11D2.1,0.0289351497885285,3.52393817051081,7.41153844648631
K11D2.5,0.00995169042006763,4.31837336661514,8.36745051734301
K11H12.12,0.019089296763575,4.63639922478691,8.72671878876349
K12D12.5,0.0184578434132072,2.44944303529405,5.81405168471526
kat-1,0.000241568276925428,4.53897635899328,8.6177605820609
kbp-2,0.0142531577650526,6.66097602963566,3.49039538648186
kin-18,0.0284866940163899,5.16498257021813,4.20346489316148
klp-18,0.00117357138729314,4.14390177647744,5.79028447121927
kqt-1,0.030478282069504,6.65358666332531,-5.21811719419044
ksr-2,0.0350102846267297,5.33472046250331,3.5706401133703
lam-1,0.0380182873710834,5.79984512489145,-3.81619286261568
lat-1,0.0326138514682222,1.87860838351829,4.48940741516959
lbp-3,0.0275606594275924,6.60486752132758,-9.81326664896123
let-49,0.0203560882885015,6.26484892173666,4.45398112791561
let-754,0.031779662745975,6.47482233654176,5.35476585127799
letm-1,0.000596180898937788,4.4820995604056,7.2821260689983
lgc-21,0.0277355500602143,5.34146193101077,-8.49740492814571
lgc-47,0.0384391912977924,4.30254577822646,7.27677058006224
lin-66,0.0207161901288053,10.5602161680748,-2.77142314871733
lir-2,0.0390295350246342,9.71900589741747,-5.20685397471201
lir-3,0.00554916799540369,3.50704170014547,7.38966836366379
lpd-8,0.00108706245679302,4.89972139076099,9.01635967913222
lsd-1,0.0169374133466898,2.82422942591049,4.81144541173946
lsl-1,0.00699572346985629,4.2008838359965,7.23193329361689
lst-1,0.00398189564457891,6.72950634285671,4.04484738177724
M01A10.1,0.0283121825767208,6.2390573843984,4.31871136191646
M04F3.5,0.010300374854768,3.55289439142958,7.44838242905835
M106.3,0.0302349812922125,2.10039767708159,5.08633195399369
M110.3,0.0206751796497065,7.78063400197493,2.95537201089511
M142.3,0.00853142784415097,5.21242363080875,9.3552130267703
M153.1,3.11430298695927e-8,8.83471158000557,-10.0734951738375
M153.4,0.0318016105864709,5.58181502693833,-8.75167767732421
M18.6,0.001994922870843,6.28447649027307,6.03871108490934
M18.8,0.000372407264983304,5.23552056078541,6.73761723821259
M4.1,0.0312441608629146,3.84779753093889,7.49062583994963
M88.5,0.0212307534790843,5.43730264522213,4.6686408524532
maa-1,0.0464998399445818,6.3604704433322,-9.56147049297835
mab-31,0.0381353637047093,2.95380170632767,6.6339011993495
magi-1,0.0272748741459212,2.80637909714694,4.50669426342736
maoc-1,0.000407969674296723,6.69758699610429,-9.90812282657506
mbtr-1,0.0178940194251998,4.21299424776415,4.85564353618152
mca-1,0.0475498803266032,7.15525805074542,-3.01765032868546
mdh-1,0.00866082031163442,6.48990246148205,-8.58238750500215
mdh-2,0.0298752122626338,4.15109443674019,5.63814817312928
mdt-15,0.000219860643291292,8.87430517772686,-4.98296224310012
meg-1,0.0384172736212428,3.19003771976919,5.35467382178453
mel-46,0.0445034411561306,2.3715604523565,3.67027991865153
mep-1,0.0424774628255211,7.30292739254603,-3.40870924513819
mex-6,0.000670379641581777,7.60627377347986,4.71876715979472
mif-3,0.0000711244074735469,5.51382964764545,8.21892635722974
mig-32,0.0406095292687016,7.08601955516475,3.13817838989619
mir-2219,0.0255759740472411,4.37771291390321,8.43430461964177
mir-785,0.012720431289727,4.96097670412481,9.08299156413466
mlcd-1,0.00117561463525457,4.19960136667391,8.23027554435779
mnat-1,0.0252675597616109,7.16917293473001,2.89525123124592
moc-1,0.0213167819578623,3.47105325317589,7.34275451573503
mom-4,0.0493617947763035,6.7337952175081,2.50019339009279
mom-5,0.0141247290113668,3.44780531025712,7.0115580846574
mpk-1,0.00254919879656866,4.48870078755196,5.46473933795344
mppb-1,0.0002083171053625,5.48543051109206,9.6463645293849
mrp-1,0.040264999840348,4.07304286381474,5.37877511525555
mrp-4,0.0471372636684716,4.31968134809424,-6.70603980248253
mrp-7,0.00145494104320412,4.3018555098762,7.64492678083394
mspn-1,0.0003977864158326,5.03196644959857,8.6468917673478
MTCE.11,0.0421231228080325,9.96345604978617,-2.119110674092
MTCE.12,0.0159920347695641,11.8806251231603,-2.60414246897968
MTCE.16,0.0116943331368379,10.359157516417,-2.77201483278167
MTCE.23,0.0034383720272518,13.0307915915374,-3.75720160404124
MTCE.25,0.0236682240966604,8.75010481241494,-2.51503052401737
MTCE.3,0.0471019838854894,10.6436171017047,-1.98959710908272
MTCE.31,0.026024046671419,12.8666329866042,-2.14209274120358
MTCE.35,0.0209155699122401,9.53668650858272,-2.3600849151017
MTCE.4,0.0131584418981989,11.1930568431211,-3.35119967664682
mtm-1,0.0101942821582543,3.66473156911038,7.59030431143327
mtm-5,0.0118434576078112,2.74932393569042,5.3603717782384
mtp-18,0.000444285480423998,8.21867351364638,-9.25876718058478
mtx-1,0.0105139284677348,4.5488366394821,4.09938068115131
mut-14,0.0018963005672928,2.95204412954787,6.63045707553626
mvb-12,0.0193532191357624,5.68799238186928,4.80707904558215
mvk-1,0.0393390693307869,3.75836019473326,3.96120910505341
nas-7,0.0314524633034876,6.05217654759826,-9.24465212561448
nduf-6,0.0396810576986428,5.04127868218201,3.13382890763132
nex-4,0.0431547763295145,2.74240700358215,6.31735332423268
nfi-1,0.00732873187081876,5.89095697977154,4.27503167333751
nhl-2,0.0162763114267919,2.6943104448893,6.22928922393508
nhr-10,0.02092748157785,7.68180196181776,-4.25545745403399
nhr-102,0.0120983538683368,7.21180503124554,-10.4324599458405
nhr-114,0.00430104937457329,6.32099667414332,-9.52111532657934
nhr-12,0.010234162437602,3.51913355895509,7.41009544021093
nhr-176,0.0193734932658236,5.74732520370171,-8.9253509658074
nhr-23,0.00421392036090266,4.74789825374451,8.38394897817667
nhr-232,0.00326873594075234,6.90598997117721,-10.1210013023397
nhr-45,0.031466051531357,5.46818012542125,-8.63123470450405
nhx-5,0.016125878648694,2.81947106262066,6.42784292101965
nit-1,0.000267693459271622,7.84004895865005,-9.48717878212937
nlp-11,0.0371085844656388,4.07946566773802,8.09014770985556
nlp-31,7.55089368412561e-14,10.1248136987241,-13.3660512960691
nlp-34,0.038817062800072,5.8802323480321,-9.06385630719974
noah-1,0.000627026610084175,5.74180242274779,-8.91964403250686
npp-14,0.00742413742485973,4.58514130094544,5.06852703171912
npp-17,0.0329024586196252,6.45412522519558,3.05452264085666
npp-22,0.0362117463791657,6.58516277113374,2.64953434015985
npp-9,7.98985457971084e-7,6.38946487255596,7.91845295354615
nrf-6,0.0109902242320248,4.1280730277316,8.14763496235798
nuo-5,0.0320121749375438,5.04557354120117,4.75977047991149
nxt-1,2.6124518041333e-8,7.23424656362766,9.5263919943595
obr-1,0.000896877624591933,3.6214121951717,7.53603186888788
oma-2,0.0000680077321457516,5.8995449806068,7.08247362071575
ooc-3,0.000555656563124565,5.05324955944122,7.62293009891283
ooc-5,0.00538455911764892,7.19299475561016,3.72621510244415
pab-2,0.0298031654923913,6.6622675877073,-3.39086976507359
par-1,0.00658865530159586,3.59711190693363,7.50886048624471
pars-1,0.00252783827476471,4.75672453381021,6.69798868555611
pas-1,0.000244654967649548,4.25658344497092,7.5068372837541
pas-2,8.37966330007306e-7,8.14733067870862,6.30049903101422
pas-3,0.0216664159124486,6.45510530994694,3.93456265274778
pas-6,0.00306623267169629,6.41425031102555,4.83682947086164
pbs-2,0.0171962770818829,7.4168770649174,2.86915936780903
pbs-5,0.0380660058849069,8.36509021458047,2.56961154958357
pbs-7,0.0427274148020557,9.15631386149025,1.84446412428756
pcs-1,0.0228367753834151,3.92647379780103,6.77417792117751
pde-2,0.0125807055199402,7.50896576540281,-5.59487462097563
pdp-1,0.0138447386023549,6.35021549433676,4.62145932857435
pgl-2,0.0375300932942434,2.85531449675515,6.48435198096679
pgp-2,2.80185791524011e-8,8.25426324849111,-11.4869422384165
pgs-1,0.00385529138203084,5.34262599596466,6.61612144531002
pho-5,0.00197173762706198,3.64458933916715,7.56464250084787
pkc-1,0.0107544468644493,3.48085913210386,6.0726191548312
plr-1,0.0286309615324477,5.16693231850824,-8.3125999799876
pme-3,0.00302645758095664,6.06589071990792,4.96201595111676
pmp-3,0.0498010562977249,5.52606416935697,3.84841053899171
pmt-2,0.0490160972570644,5.49372630756461,-8.65795334526418
pnc-1,0.0342904731499785,5.385810558371,5.79569552233928
pos-1,0.00734903767460789,8.39115941912766,3.10367551875416
pot-2,0.036398794981875,6.2579599928055,3.61464109714389
ppgn-1,0.039947955066602,3.91506408319672,4.23860446127769
ppw-1,0.0486978687608658,2.58871115168846,6.05449226988419
pqn-89,0.0326881615891707,2.96482964131419,6.64777416508867
prmt-6,0.00142260534461223,7.82476252907953,-11.0537540393526
prom-1,0.0421710379035558,4.2055873099386,4.5478246736702
prp-4,0.0302020977110252,5.27964186305184,3.77198407381923
prx-1,0.00240358156318284,5.4844499787765,-8.64909240616527
prx-12,0.000658813296709609,6.77677580625922,-9.98910910805233
prx-14,0.0470116091427893,8.78419761239672,-2.93872703365757
prx-3,1.90312521410039e-7,9.78932859832493,-13.0297077127077
prx-5,0.000595955283398932,7.25569490925572,-10.4771285710513
psa-3,0.000317068232573377,8.1334888207763,-11.3654137923716
ptl-1,0.0266798794474977,3.2625285197315,7.06899419323264
ptr-2,0.00430299033181746,3.76273218117748,6.30300619435052
puf-11,0.0218882093663002,2.83310434553419,6.45007317186926
puf-7,0.0263615767136769,5.97068064819187,3.11536198170006
qns-1,0.0315759124633484,3.4519526350056,6.56443388269353
R01B10.3,0.0244635780031883,4.42672848244802,8.48998067141558
R03A10.3,0.00858590265401997,6.96729494776706,-6.48636579847007
R03G5.6,0.00000498326441215549,8.09888737019842,12.3301018173879
R05C11.1,0.0326443249913685,4.18324967948218,8.21137274780308
R05D3.2,0.000571244237444133,4.93968857932409,-7.42578456113897
R05H5.5,0.0251909002891866,3.69363353224545,3.98379436238797
R06C7.1,0.00164626703750991,5.15551925241324,5.94038501889634
R06F6.12,0.015811699679926,3.41850744137916,7.27488516743832
R07B7.10,0.0239119065277856,8.61581804196651,-4.21423739595408
R07C3.13,0.0035144996458108,7.56630210624204,-10.7920843048891
R07E3.7,0.0128810010073456,6.31919726908031,-9.51904517189821
R08D7.4,0.0294055281695722,2.68976782072032,5.74416829066701
R08D7.7,0.00745488543000071,4.82160761956375,-7.93748078312067
R09F10.3,0.0296329321566033,4.95148163220441,4.42177685394479
R09H10.3,0.00445860024789683,6.48251232325674,-9.68731559014515
R102.4,0.00958604300397966,3.14231901007761,6.90387845006412
R102.5,0.0459249704184464,6.28058700967038,3.48537669225642
R107.2,0.0440389243099361,2.61508822428742,6.09793799067735
R10D12.12,0.00015959330193464,4.86327211909736,8.97651256317278
R10E4.9,0.0160428413080313,3.79636810892242,5.5348842545056
R11A5.3,0.0121104178966894,10.9994284877564,-2.38834133809897
R11A8.7,0.00466553148614807,3.9747987649356,4.6442014721531
R11H6.8,0.0334284652682337,4.17231020990912,8.19897830126846
R12B2.2,0.00766557782630519,3.84532993307147,7.81107278263328
R12C12.1,0.0391655208661661,5.22226507963282,-8.37003456297274
R12C12.6,3.27667442395602e-8,7.27681915415165,8.44663576659798
R12E2.2,0.0000739577149939148,5.15918639576675,8.22525757704263
R144.5,0.00473624309014438,5.52385343850137,4.39879383002688
R148.4,0.0441672504604086,5.18582934565692,7.01478930177877
R151.7,0.0108033891624419,4.46435530745009,7.20334187890363
R151.8,0.00844736390567646,5.51067788179699,4.33846416534836
R166.3,0.0134015083620331,3.4609890951645,7.33021776657036
R17.2,0.000458709612440745,4.52444350510454,7.74617114601163
R31.2,0.00700274062664669,2.85441826693269,6.10513178203237
R53.1,0.016032817492734,3.44222137089468,4.721556070248
R74.7,0.0268643465995869,4.44869833516211,4.31059222976151
R74.8,0.000254959323830387,7.23230070434023,5.19647147558965
rab-30,0.0145827310274688,3.02134418278952,6.73866207431758
rab-6.2,0.0000236184902276641,6.48253899189987,10.685998039064
rde-2,0.0115462301940743,5.42595854745732,4.13782631829864
ret-1,0.00854457408512602,4.66360776968349,5.54953074872468
retr-1,0.024586677449503,4.91778856655556,4.29633403871945
rfc-3,0.0454101847518884,7.65135162321269,2.2342525606064
rga-3,0.0398795805822329,3.78245569594704,4.40398138781042
riok-3,0.000312077205188766,5.39649369756214,9.55227368078705
rlbp-1,0.0053153319608918,4.5769579707807,7.6898296219782
rmd-2,0.0458314329401233,9.37391756328895,-2.24247568110549
rme-6,0.00973406576509233,3.66999271384074,5.77079888400545
rnp-8,0.0491050670445686,2.73479339658344,3.84158511665826
rom-4,7.97762190372412e-8,7.42581562369589,8.99463869048314
rpl-34,0.0188108452950011,10.4629368542541,-4.836263680945
rpl-38,0.0212014838439907,9.7235822780707,-2.96279329695266
rpn-9,0.00870933717495505,7.65734515371105,3.21425868001065
rps-0,0.00949166496187711,11.4661837098607,-4.95804039279633
rps-28,0.0401140162651268,8.62966604817475,-2.94111401964417
rps-29,0.0107537354652565,12.348595817422,-4.95765565862628
rpt-1,0.015870337485035,7.05826986574808,3.09397419757423
rpt-2,0.0194708744665877,7.98489882897261,2.56012917991022
rrf-3,0.0423948316859335,2.53933505989223,5.96945840686002
rskd-1,0.00760083563914362,6.20980290674936,4.54402347130845
sams-2,0.0386015391896698,8.7442386480373,-2.652821927352
sar-1,0.00328871871831504,5.38942929817995,5.01522230267038
sars-2,0.00544790295046068,5.93096353311102,6.09328201548865
sas-6,0.00785296934114847,6.70739243165314,3.92859659827973
sbp-1,0.045816926091535,2.40190281213647,5.18624304525356
scrm-1,0.0317549024165089,3.35162176888209,7.18854434758016
sdz-27,0.0117602246310475,13.0321732963225,-3.71823023033792
sdz-28,0.0175867048821311,8.7497054416366,-4.1741711870469
sdz-29,0.0180561763679115,8.52429972448426,-3.39073181246154
sdz-37,0.0055148285845672,4.96715888824739,7.04282860215512
sec-12,0.0102578305259144,5.67290245158557,4.12911853192987
sec-8,0.000118230893429406,4.97919938559133,8.00492586201691
sem-2,0.0280740487016306,7.13510413142564,3.19412855938989
sep-1,0.00262227892549282,4.00525840000031,7.82373490500647
ser-2,0.044058403110054,3.21666990316838,5.81301082667706
set-20,0.049626845668758,2.73200202253253,6.29343793813404
set-31,6.75853752042217e-8,6.27956313640703,9.36068019611142
set-32,0.0000512444948889379,6.394044175961,10.5950591722694
sfxn-1.4,0.0366342273503359,4.0904225695311,8.10335030617084
sgo-1,0.0135734776369326,6.73288891112123,4.89408316855127
sinh-1,0.0374764024333573,3.11540420981106,6.86445559995861
sir-2.4,0.00281843127096268,3.33429010904282,7.16633804177393
skr-12,0.00426769355296812,10.0694418373246,-3.18495508512707
skr-8,0.0180893141984629,11.1688790178311,-2.31911783911511
skr-9,0.00950265448638714,11.0142103066106,-2.625634115367
sli-1,0.0489719985161471,6.87227515406654,-3.95178893003315
slt-1,0.0412886189889848,2.33551687573267,5.42418136762776
smg-4,0.00168101825694938,6.27966400164083,4.48336845530751
snf-1,0.000107737548348526,5.3125430249235,8.91167243495619
sod-1,0.0183028207022437,6.26713820862271,3.65814089555483
sod-5,0.0311856043543858,7.25751537276782,-8.45424074625445
spd-3,0.00976421058822214,4.41836803860997,8.48514741327265
spn-4,0.00552463206586317,7.54053820235634,3.07850845269999
spr-2,0.0312694011728356,7.56805635969129,3.47672900430618
sqv-5,0.00116638924771307,4.47485711589022,7.21637330890436
sqv-7,0.000425928270152339,3.79027354823144,7.74471534181666
srh-220,0.0273417901866781,4.3283148277169,8.37879782874894
sri-20,0.0014067619218493,6.65842487484437,-9.86794063722684
srj-9,0.0360787924257789,5.58758403494793,-8.75766632910922
srp-2,0.0306971820347858,5.7335313533711,-8.15227881219444
srv-1,0.0428189764620849,2.77139414117847,6.35418680093717
srx-88,0.0364780517798157,3.48315928442612,6.68703466205986
srx-92,0.0105560406605397,4.15226874140912,8.17530293369315
sto-4,0.0273700058861647,6.55480600660611,4.22667211933777
syd-9,0.0150809749966688,4.8754059861322,-7.9959345224834
syp-1,0.000889995037398862,6.20298820003192,6.27991968559161
syp-4,0.000870924465820444,5.28840891527153,8.83643971303442
syx-5,0.000750889943630943,4.59452808413479,6.45372126228109
T01B7.6,0.00148646026875295,4.78960970330191,5.11371062785064
T01H8.2,0.0000142344142291304,8.67940051132224,-10.3361289318787
T02D1.6,0.0288738876742486,4.28339133001891,8.32804949997592
T02H6.5,0.00191395238255321,8.82605931199284,-5.61139734408727
T03F1.1,0.0122264141047125,4.60679987002053,5.68278967427011
T03G11.6,0.0302154919144583,7.482249339048,3.86583303161417
T04D1.2,0.0388541980228303,3.69820992783898,5.5941288195121
T04F8.15,0.00184616355029355,4.41598138977714,8.48096945222475
T04G9.1,0.00522679267090349,3.21013300567003,6.84644805388222
T04H1.2,0.00139382741188347,4.62266669681122,5.89199889272698
T05E11.3,0.0395902438312226,7.96381006835992,-2.7876095793168
T05E7.3,0.0332522968523672,5.04360452099406,4.26001686113696
T05G5.9,0.0290517151489267,3.85329662638063,6.32805915657104
T05H10.1,0.000856425924380945,4.54441032697436,7.46814425769056
T05H10.6,0.0444263314306352,8.44024445082581,1.80387328975157
T07C4.10,0.0489456916333255,3.83543590036385,2.83290163953365
T07C4.3,0.015494202969001,6.96723758912223,3.13194142547081
T07D1.8,0.0193450404167454,9.6245295590545,-12.8647757359909
T07E3.3,0.0469254422250331,2.07662891460574,5.02524898358034
T08B2.11,0.0164448501766153,6.40290158332611,-8.98228563466953
T08B2.8,0.00000111358256638953,6.42228938006727,9.38611629168707
T08G11.4,0.020453954973692,3.39398426564087,5.93336475135811
T09A12.2,0.0249517623228708,8.37087018367257,-11.6053206283398
T09A5.9,0.00659856758518791,5.88706980316959,4.94791876957369
T09B4.4,0.0329950077688804,10.0337549096344,-13.2750401912766
T09F3.4,0.0156055265778685,3.9942012963713,7.98881060706956
T09F3.5,0.00788268963330727,5.68113213995652,6.12290558743126
T09F5.12,0.0013692923788871,9.30915407467949,-4.09063817932682
T10B11.7,0.0133991402799562,3.64847130577461,7.1313606210741
T10F2.2,0.0481180973600916,2.92064699290885,6.5933579618282
T12A2.3,0.0174581940000828,6.07864701060553,4.9870101918913
T12B3.3,0.0000465537324842487,7.42253898973034,-10.6465511270305
T12E12.1,0.000720308340846055,5.13694515921511,6.03740447087758
T12G3.6,0.0113551583702868,6.99174143159387,4.48033199491839
T13F2.6,0.00237219110607481,4.26536657642526,6.09023014716711
T13H5.8,0.038534308611568,3.98634781278662,3.31018644078898
T14B4.2,0.0179609590645191,3.18828379815195,4.86125371712629
T14E8.1,0.032810473612396,2.88450325636466,6.23785563364405
T15H9.2,0.00155809008253868,4.93274533757831,9.05274476234086
T16G12.4,0.00285577626820372,10.7205376551002,-3.33347973578671
T16G12.6,0.00630622810538955,5.03813222400695,4.96267657979573
T16H12.11,0.0168467057992472,6.60715954209518,4.32207579141713
T16H12.4,0.00913387659353633,5.52054101990194,6.07424589343306
T17A3.10,0.0306832055664528,3.04287505176654,6.76291883079111
T18D3.7,0.00385849887689465,5.90366586577757,8.24807860169575
T19A6.1,0.000661127929063123,6.26357528475007,8.00533231025694
T19B10.2,9.22266339427353e-9,8.07972315933916,-11.3113899540907
T19B10.6,0.00211730636860143,7.10288664038247,4.97612684698239
T19C4.1,0.0315173816609276,5.3281326210859,-8.48255545431826
T20D3.3,0.0276586539435821,2.43645526662835,5.78618242863053
T20D3.5,0.0232229476784224,3.4185527097204,5.00742510052767
T20F5.7,0.0207852799210813,8.50077282889624,-4.50620320906092
T20F7.1,0.0118478236670976,4.18238373843528,4.80886791175064
T20G5.4,0.00333147129258474,7.67400735361621,-3.59639228785433
T21B10.3,0.0185541938820252,4.91797016598622,4.47952774145506
T22C1.11,0.00329388340100104,6.15792138203465,5.00347033535076
T22D1.11,0.000185361000583057,9.21535843558103,-8.76424017734004
T22E5.3,0.0249929301899636,6.38792645001029,-9.58989860551313
T23B12.1,0.00713230113228773,4.74923762250969,6.48521858343721
T23B12.3,0.00497146398459631,5.109804495155,6.72599023747308
T23B3.2,0.0138620284432258,3.94247418420848,7.92729770871988
T23B5.3,0.00564769886821566,2.62470719661243,5.6757578390219
T23B5.4,0.0157924913111146,3.81791623743498,7.77789065186794
T23F11.1,0.0465469144322986,5.40112593877502,4.76534023158459
T23F11.4,0.0329884399496616,4.58964957047364,5.28387987801468
T23G4.3,0.000819297720797911,5.1678273363542,9.30895657148225
T24C12.3,0.0000500411438887954,7.80193070677526,-9.45797867604448
T24D1.5,0.000831988974540078,5.30336443774912,7.66339186183703
T24E12.1,0.00993084565368762,3.8901533802918,7.86548108881006
T24E12.13,0.0121758397929686,3.68386442724808,6.59922214237593
T24H10.1,0.0409143616996486,9.19975537156793,-3.56484360876284
T24H10.4,0.000692472966116335,5.71891638907706,7.28734165259472
T25B9.11,0.00994355268063239,6.71191723102777,-9.92270711326051
T25B9.12,0.0134598935881654,8.34661739001705,-11.5802280521255
T25G12.1,0.0167905430956531,6.65210309248713,-9.86139221361065
T26E3.8,0.0242497331160421,10.105267319759,-3.44834151938128
T26F2.2,0.00427600413017426,6.69572639194575,-9.90604545961168
T26H2.10,0.0199309222865519,7.76119017817514,-6.19710367980879
T27A8.2,0.0220911202557572,3.77560261659238,7.72519933351185
T27A8.6,0.0106579721162181,2.9284141826108,6.59527060578097
T27F6.7,0.00147905595093901,4.67440643264361,6.23676412171046
T27F7.1,0.0174290303877426,6.94815700216261,4.31291445157034
T28F12.1,0.0296128541249284,2.07553719990543,5.02403155491772
taf-6.1,0.0171705464882935,5.24687212034252,5.08078562707804
taf-8,0.0197848149372129,5.86227512040005,4.82812452755954
tag-146,0.0016765554880222,3.82588589915519,7.78718481941858
tag-163,0.0186855631517466,3.12929799416851,6.48075801177661
tag-173,0.00142605285919136,5.75729993642909,7.98738888756992
tag-209,0.0111960496647831,2.9744909606527,6.66387425461689
tag-232,0.0149256662691076,5.06939622262963,5.95157921103488
tag-233,0.00508044478050592,4.76222804348915,8.86791765307014
tag-242,0.0240034014608897,5.90561839980974,4.59377851188596
tag-303,0.0218169455893397,3.52009934936089,7.40761519903654
tag-307,0.000150184727246934,5.94575667077068,7.22073861910888
tag-340,0.00126402764864832,4.87810389598268,6.72749817722422
tag-345,0.0250471841710515,6.13236236351821,5.02995977351988
tag-349,0.00930036131412187,6.23022363773212,4.01167362435975
tag-72,0.0254028095328122,4.6414062111029,6.84467564390209
tag-96,0.0173276097429441,3.69512405046229,7.62642059787999
tap-1,0.0425278719137687,3.11428554343668,6.86165787136305
tars-1,0.0391888535721953,5.06162329896121,3.96154299296317
tbc-2,0.0428431500354329,3.8323108963221,4.40920524040944
tbg-1,0.0000358868746811076,7.54806166223341,5.84464569822009
tbp-1,0.0168157495324606,6.40066324350669,4.26641841959067
tbx-11,0.0256489043257741,8.45468029545468,-3.8664169050416
ten-1,0.0173543573638889,3.30384825739102,6.42778007569117
tgt-1,0.00000807931667027938,6.48383102614914,8.45079585025397
tgt-2,0.0419436199801916,3.73135363351735,4.18644261106584
tnc-2,0.0166578020915351,4.82817862090514,8.9411041931324
toc-1,0.00042502709739573,6.09489604667611,6.66002974576172
toca-1,0.000453540170717671,5.05282279276019,8.01150114785661
toca-2,0.0430023655313712,3.48347773922971,3.58576550307379
toe-4,0.00561940148694032,5.19270320616325,7.64986621160763
tomm-40,0.0190883910821889,3.416690268447,6.39657262809108
tpxl-1,0.0488620477084781,4.93692062753823,3.60620420038242
tra-1,0.0105832808504442,4.88165812404515,8.11887774549372
tre-1,0.000165936987988332,5.79963704272234,6.56021085489095
trt-1,0.0218076194174768,4.2300451092859,4.81714936225671
tsp-12,0.0297426330839362,7.49144726167394,2.57000472629216
ttr-20,0.000205915052328117,7.06258995261317,-10.2807280889157
ttr-53,0.000447530409352704,5.29029790812602,6.98985733070691
ttr-54,0.0268095817754969,4.34741888099761,8.39976258804801
ubc-20,0.0160714242991299,6.53222913425957,4.2511020097269
ubxn-6,0.00423078521026859,5.60004825740928,5.63965571834082
ucp-4,0.00247652516536287,4.58492646255099,8.1600497596044
ugt-23,2.61725126986918e-8,8.73219508105242,-11.9683583656036
ugt-28,0.0159450301970842,4.63923963844799,6.99973510760908
ugt-38,0.0186078774471506,4.58185277709222,6.37714964503941
ugt-49,0.0262380568678231,8.47731769372884,-3.90589787543396
ugt-5,0.00957368669921175,7.57748151793478,-10.8033609481625
ugt-64,0.00470418951255546,6.51790499105219,-9.15760997645593
ugt-65,0.0417940416471654,3.91377292180655,-6.90790419897038
ulp-4,0.0231146255357506,6.21583630757898,3.29444363183753
unc-18,0.0134693063786516,2.94344411268581,6.61645876307543
unc-34,0.0252845555374477,4.06312488581176,5.75545937263455
unc-57,0.021200866869885,3.634805193413,7.55064076914743
upb-1,8.09330519305334e-8,8.48145977985867,-11.7161756846036
upp-1,0.00759378554588286,3.8061866682477,7.38163784110295
usp-14,0.0138636877295051,7.11439190242337,3.11290308643816
usp-46,0.0129092250221434,2.67624203513781,6.20338897910459
vab-8,0.0448834313056844,8.65756796576943,-4.92526747566162
vang-1,0.0180695049393685,8.52639594246842,-3.23851875269295
vav-1,0.0431520892240001,2.65186872392837,6.16178625349967
vha-11,0.00631934697023333,4.46127992273841,7.31735215740439
vha-18,0.0425741102749728,3.47702462114821,5.36488240874122
vps-29,0.00149728676908039,5.18678506456602,6.9362498902238
vps-34,0.0487530515779836,4.8947996492095,3.72586289902913
vps-36,0.0485201602725925,6.29910740654967,-9.49815141880912
vps-45,0.0146369666998536,3.8689209925386,6.00768405688095
W02D3.4,0.0000757737366165532,5.13545731522905,9.27266265182578
W02D7.5,0.0249087616038571,3.29804947453883,7.11476985842472
W02D9.4,0.01740328541986,4.95342363691762,8.32900671469102
W02F12.3,0.0105032803913317,3.28968027301702,7.10362782576154
W03C9.2,0.00172160687245653,6.83147306692028,4.28781611934379
W03F9.1,0.00715975687970133,4.02906071230682,7.37303239896817
W03F9.2,0.0000140809452332354,6.79145489722181,8.0970177205898
W04A8.3,0.0289479765940741,7.55180706379923,-5.68904954747402
W04A8.4,0.00956872934184985,6.22080767171094,-7.76118250763928
W04B5.5,0.0187300275173904,6.30625639218979,4.93655888852173
W04C9.4,0.0277452591752894,4.79543763420345,4.29445211919772
W05F2.3,0.00941285581505032,6.02673298767774,4.50650585010378
W05H9.1,0.0023909417812346,6.39671212584534,-9.59918533437432
W06B3.1,0.0373141406491679,4.07268754218223,8.08217888433736
W06B4.2,0.00914219098560001,3.00582389611681,6.71029146608891
W06D11.1,0.00304743563932492,5.04609450886906,9.17516968843143
W06D11.3,0.000201808384983925,4.00793111936446,8.00846627052832
W06D4.3,0.0453980952895312,3.89696963204116,7.87452687370247
W06H8.2,0.000760636913634469,5.3535364319638,9.50599613236668
W08E12.7,0.0026862853988019,6.91604831038894,4.63546543684789
W08E12.8,0.0391177569484527,4.27062255074754,7.40198872811289
W09C5.3,0.0213487840838698,7.72936107596505,-10.0259755936893
W09D10.1,0.0406335545973263,3.0301513655686,6.13545316461915
W09G3.2,0.0419300171598676,2.67808323959101,6.20516400913715
wars-2,0.0281228950915045,5.95449859839878,-7.77137068360945
WBGene00206377,0.0338768476566819,6.64747697622174,-4.78187977670963
WBGene00219217,0.0387424518114159,7.55596259758265,-3.9442384426215
WBGene00219707,0.0330983298597466,3.77802207700482,-6.74339499720744
WBGene00235272,0.031950642603876,6.92119348362328,-5.27232793442573
wdr-23,0.000482012643107163,5.90385345906102,6.05270682777617
wdr-5.2,0.0105581357209862,3.74932767760363,7.27826481861922
wdr-5.3,0.00898780886620591,3.30429474337259,6.67576108452329
wht-7,0.00187923289301316,4.72975187483073,8.82930433848547
wip-1,0.0408125732404079,4.60954865297929,4.47824127924363
xnd-1,0.0000205990591308914,4.60023171964595,8.36792429427357
Y105C5B.1413,0.00505259700354507,4.70695964378678,8.80399451818891
Y105C5B.9,0.00189195234062617,7.70362847728965,-6.11649000810181
Y105E8A.11,0.010758307180916,3.13260871085908,6.89604427233912
Y105E8A.29,0.0164720773070963,2.81525666106024,6.42392989154813
Y105E8A.36,0.015393497358973,5.14079012040333,5.04813457120174
Y105E8A.8,0.0336254616184354,4.06922340579773,6.84190403462259
Y105E8B.10,0.0411324877939918,5.17943060083928,-8.32378707437271
Y105E8B.5,0.0325692989208875,8.58792358878387,-3.26741652514401
Y105E8B.9,0.0000378359328009255,7.06634314388187,-10.2846627092647
Y106G6H.14,0.000216391162394945,6.16360395178404,9.0940439393632
Y106G6H.15,0.00692622796828191,6.48596962783112,4.74336631892367
Y106G6H.4,0.011714950800409,8.04875492988405,-7.24766088131573
Y106G6H.6,0.0157835570788618,7.26864482408454,4.0898959806678
Y110A2AR.1,0.0212968385892932,6.49105829558261,2.8545690853889
Y111B2A.3,0.00421579244824446,3.82859928102139,6.48412245817656
Y111B2A.9,0.0295467784915164,3.48252429787279,7.35842882786593
Y116A8C.13,0.0220875219261956,2.72133618901149,6.27461177352048
Y116A8C.30,0.025954992529116,3.28775508465936,7.10309661595095
Y11D7A.10,0.00191406492273373,5.41598357992585,5.77271060606506
Y11D7A.3,0.0318529652170313,6.54782980774608,-6.05944951172651
Y14H12B.1,0.0114257928040338,2.93701731546069,6.6071913963947
Y15E3A.5,0.0000990216172194338,7.58407594526035,-9.89305683477776
Y18D10A.11,0.00410668983199251,7.30147264632772,3.9946919182621
Y18D10A.16,0.045988274507107,3.32531641878142,4.74742231810059
Y23B4A.2,0.00340167290494802,4.98502948831277,9.1110416746359
Y23H5B.1,1.41097535969726e-7,9.21237711457293,-12.4508887858687
Y24F12A.1,0.00428403349910098,4.20972655386566,6.77009538112998
Y25C1A.13,0.000797145480514194,4.37942422184147,8.43677123507572
Y37D8A.16,0.0166781441103319,3.7471446157981,7.69044462713074
Y37D8A.25,0.0105672389460135,2.80905306814497,6.4125278043765
Y37E11B.3,0.019101942825421,5.45864405227814,7.03245508959523
Y37F4.5,0.00530987178623174,5.54216150448513,9.70778285217132
Y38A10A.6,0.00167418848036885,5.33321346674762,6.65155384527127
Y38C1AA.1,0.0472635656376347,8.03221535402641,-5.07583079059184
Y38F2AR.5,0.0289023864237397,3.6491449644339,4.33693608550957
Y38H8A.5,0.0465478675622822,3.87533218931776,7.84710291952707
Y39A3CL.1,0.0341768279077578,5.85117619332739,-8.62953451681778
Y39B6A.34,0.00232297448001504,4.52408595800352,8.60248374765809
Y39B6A.39,0.000682686489480875,3.08924834597856,6.24701944796394
Y39B6A.40,0.00764815824657586,4.74185026272192,7.97014416319024
Y39F10B.1,0.0214796458987972,5.47190444409375,5.00264247312969
Y39G10AR.7,0.000320600179307914,5.76950225843602,9.94669010082264
Y40B1B.8,0.0221424522577961,2.6755053862146,6.20007462076682
Y40D12A.1,0.00868504850706331,5.67345782622871,7.10940817306307
Y41C4A.9,0.0300399274200448,3.38521871104799,4.80957965272206
Y43B11AL.1,0.00000111274643996348,8.00850209179011,-11.2394669371803
Y45G12B.2,0.01681701773941,2.51027300106824,5.121579825183
Y45G5AM.5,0.000250336446317283,7.04072500535044,-10.258479017037
Y45G5AM.9,0.0347274256138405,4.67547520670965,5.96988229049442
Y46G5A.34,0.0187087161619717,6.02723286319801,-9.21703147290024
Y46G5A.35,0.000213770717382505,6.12639714326676,10.3185891059612
Y46G5A.8,0.00983102607202845,7.06981622415822,4.64951301481447
Y46H3A.5,0.00779038281563878,4.45621900608709,8.52477871856125
Y46H3A.7,0.00597406964774874,4.72821561863158,8.83095549514121
Y47D3A.21,0.0360213987840075,4.44699420635173,4.29565458020548
Y47D3A.22,0.00349113298641089,3.91864270774474,7.89995172681355
Y47D7A.14,0.00503568351264804,4.63386582575535,8.08311220932159
Y47D9A.1,0.0101958822682506,4.08711078288783,4.90427702062232
Y47G6A.14,0.0499641739374581,5.77699821450367,3.55057884461938
Y47G6A.3,0.0175015569157041,4.72288311185253,8.82261163518043
Y47G6A.4,0.00157427958071122,3.7620437408455,6.00831781771835
Y47H9C.8,0.0460708557791058,9.03906234482826,-4.7500081013188
Y48E1C.2,0.0106773694247793,4.39361575629826,5.17039562320529
Y48G10A.2,0.0163860457377598,4.02186697412561,7.51999672494424
Y48G10A.3,0.00547467712148239,3.60828118819599,7.5185255215135
Y48G1A.2,0.00190326686041686,4.52436315238946,6.8892134625176
Y48G1BM.1,0.0268482923688532,2.25088421057765,5.41915362225691
Y48G1BM.8,0.0431972153933018,3.94234588626066,7.92684581537011
Y49A3A.1,0.00635605673374674,4.56630987062552,8.64844353006187
Y49E10.26,0.0229455113900526,5.34955066830898,3.65733553106445
Y49E10.30,0.00389318120956618,5.03921520935478,9.16853677190093
Y49F6C.8,0.0139172326795615,3.88324495718164,6.45701905320716
Y49G5B.1,0.0104370403241834,4.19566114377083,8.22931854963379
Y4C6A.3,0.00000185426377794937,7.78010510895569,6.67498356549017
Y50D4C.6,0.00585319731724862,4.61972009353429,8.71002814434282
Y50D7A.10,0.00504238425133724,2.52846472810015,5.95038798501401
Y50E8A.11,2.87750372218485e-10,7.01952758926076,11.235536559269
Y51A2A.15,0.0356641847935421,4.10984844808434,8.1251031954926
Y51F10.2,0.0171875854644342,8.98740364565201,3.19606072149745
Y51F10.4,0.00000314230067792468,6.37771146044486,10.2184063492601
Y51H4A.937,0.0169334160693517,3.71013364693654,7.64624914972857
Y52B11A.12,0.00787698857510612,5.57040648844049,-8.73948942626261
Y52B11A.2,0.0199180619302649,4.02742376914824,6.40934509645716
Y52E8A.2,0.0128401094808483,6.10437598534844,5.77702492918857
Y53F4B.21,0.0335005761975512,2.94543983571901,6.62099518142847
Y53F4B.3,0.0108561764898646,6.68810928866071,5.30807552029413
Y53F4B.39,0.0326066683079628,7.54814943620504,-10.773786265899
Y54E10A.11,0.0334248977300066,2.23742860543451,4.49440331152321
Y54E10BR.3,0.0111260901821227,5.719843632761,4.70560883068721
Y54E10BR.5,0.0432362184688471,6.63620291283023,3.30533859930312
Y54G11A.3,0.0348857819132661,3.43152285447697,5.12812306987711
Y54G2A.12,0.00630599135640298,4.55882499236719,8.64042445273485
Y54G2A.16,0.00452348421788229,4.96896941670064,9.09446239942424
Y54G2A.18,0.0046268538280828,7.34996374872135,4.12961004760952
Y54G2A.26,0.00169046488853239,4.09426252505607,7.40089859278932
Y54G2A.58,0.0194115878231731,4.60573719957742,8.69127016015956
Y54G9A.5,0.0488323352056511,7.008629536485,2.84903756369681
Y54G9A.7,0.0199639163905815,2.5888280281894,6.05549791228866
Y55B1AR.2,0.0173179503634702,3.30474499285957,7.1243877551779
Y55B1BR.3,0.0242658940024152,5.77968392538334,-4.60998322754268
Y55D5A.1,0.00020752112663398,7.3641348064802,-10.5872631348999
Y55F3BR.8,0.033397342291584,5.37410352682113,3.72968067397674
Y56A3A.18,0.00069552658141,3.08018013357628,6.81644338834703
Y57A10A.14,0.040404008928068,5.5190236087296,-8.68490454141621
Y57A10A.25,0.0000400778710109452,5.4455090301434,8.6736914985009
Y57G11C.51,0.000732923359916888,6.52861154463065,10.733720842076
Y57G11C.6,0.0349615527497437,4.18972986218719,8.22398868082708
Y58G8A.4,0.00316270693630994,5.83941569029711,-9.02203243040439
Y60A9.3,0.0426442267833356,5.82023111460604,3.65264615577165
Y62H9A.11,0.0471783911099376,5.64593843264131,-8.81904054368033
Y62H9A.15,0.000519094416176046,8.394000833814,-11.6279812705675
Y65A5A.1,1.83892973324828e-8,10.2517218683638,-13.4930552627562
Y65B4BL.4,0.00613325880676728,6.21562497486032,5.37242948276088
Y65B4BL.7,0.0216531001772231,3.52889985897212,7.41874973692073
Y67D2.5,0.0150834729302572,5.77481699425707,5.47682040546869
Y67D2.6,0.00238311742497469,3.93516413444295,7.92193694775388
Y67D8A.2,0.0487063973033637,4.54806330485514,5.35744344343415
Y67D8A.3,0.00133184012882544,4.60251467411267,8.68859176838395
Y69A2AR.6,0.0155283095807983,5.53739661138588,3.78324474390479
Y71A12B.11,0.0440528813865614,8.67207067177083,-2.8290340851131
Y71F9AL.1,0.0184071548742594,4.14945535395949,6.32994784120802
Y71F9AL.6,0.0173321143069289,6.23235195048563,-9.42956308237363
Y71F9B.13,0.0109627917447899,3.24333454800799,7.04316254595416
Y71F9B.2,0.0253592081000172,3.98694668740864,6.16865838014958
Y71H2AM.25,0.0312657175495822,4.88257537473603,7.57464291056503
Y71H2AM.7,0.0294619870197156,3.8735578984847,6.90918310624242
Y71H2AR.3,0.02163037922713,2.42780723504195,5.76849092497358
Y73B6BL.12,0.0186176238141168,3.61025845637972,7.52035003785411
Y73B6BL.23,0.0127100448396232,5.98536563841166,3.92172500092669
Y73C8B.3,0.025831108314344,3.72861630926355,7.66816394575859
Y73C8C.3,0.0276126408057748,6.09889381186918,3.03011299407387
Y73E7A.2,0.0302397275915871,3.72918216066925,4.17528387257759
Y73F8A.36,0.034741152811301,3.1244517467647,6.87596959143135
Y75B8A.14,0.0000569053488738114,5.95515865846708,10.1394764006692
Y76A2B.5,0.00206797176238864,4.53880957355492,8.61771370032373
Y77E11A.1,0.00163298493806808,5.54657792888183,6.3753764545889
Y82E9BR.14,0.000140345346608873,5.92692317265526,10.1111265561743
Y87G2A.11,0.0337490120477542,4.16229687118624,8.18733293192924
Y92H12BR.4,0.0313842160104859,9.3632392967053,-12.6022875450961
ymel-1,0.0012167953742827,5.89670305086744,6.78078595832542
ZC373.1,0.0363118354574351,6.07899841120051,-6.8502492357983
ZC376.3,8.05704484748739e-7,7.32850419360496,-10.5511265463195
ZC410.3,0.00192350951057923,3.83936324121019,7.80449696841251
ZC443.3,0.0126926139655048,4.96162073540692,9.08432679340753
zig-5,0.046159222008591,3.96387332907537,7.95929827801695
ZK1010.10,0.0470147708251254,2.65732486102537,6.1678186923943
ZK1058.5,0.000771148131381275,7.61387783299219,-10.8403965095379
ZK1058.9,0.00314355656999383,6.18233582602974,-6.00906558955782
ZK1098.4,0.0184256974665889,3.2241437236203,7.015356735928
ZK1236.7,1.76567473144621e-7,6.38911166004718,9.69078784049234
ZK1307.9,0.0000441949508816595,5.37658650813733,8.65562426093284
ZK185.3,0.0480480610949834,7.79773076123783,-11.02635598155
ZK265.6,0.0048573354513299,4.26172225389036,6.36068618028985
ZK370.8,0.0413506117588244,4.55557245134387,4.64601180325857
ZK377.13,0.0238362167159741,3.34537702535201,7.17971156514344
ZK380.t2,0.0256237861786575,12.6011106502892,-2.65331767933684
ZK402.6,0.00838019292237405,5.22857088818759,9.37200658927163
ZK470.2,0.0221917330265174,5.55796291585857,-8.72626606819633
ZK524.4,0.00010053370751576,4.7764741486932,7.12820004431353
ZK637.15,0.000526101876981774,5.31992614883033,9.47137929402008
ZK666.1,0.000285910531452082,5.60190602941451,8.28221904717807
ZK666.4,0.0324731287679412,4.80214971708307,7.73970085306656
ZK673.2,0.00595414694340856,6.05876890700614,5.06172848444974
ZK688.9,0.0449191593707053,6.48675154686588,2.76391930031237
ZK742.2,0.000113239145587496,5.7370674020474,8.11994406203271
ZK809.8,0.000336477673966694,6.51890459297093,-8.20827356828553
ZK816.1,0.0217062043135205,4.51652544659147,8.59134104638096
ZK829.9,0.0182452895198028,4.3689499365437,3.77803929909604
ZK856.8,0.0250585218523459,8.66892569597462,-2.78316258172257
ZK858.6,0.0417495425469158,6.34858323771671,3.58061709119115
ZK863.4,0.000185497369571825,4.56132031203992,6.79504089458886
ztf-17,0.000243363200628774,4.64682015342357,8.7379876177734
ztf-23,0.0268948241166707,4.60901035478056,5.76254430213162
ztf-27,0.0159148391901814,4.19515752069383,8.22629278854139
ztf-29,0.0498538609931172,7.48807144376836,-3.78160348566957
zyx-1,0.00841100020436725,5.28438339149071,9.43410934716829