aak-1,0.00164063748497888,5.63943120213361,7.25827267098034
aakb-1,0.000685345396332156,5.5861556449072,9.01792894666867
aat-1,0.016376689670391,4.91214801903096,-8.29122415340392
aat-3,0.00633414962379831,4.81248872739947,8.18196473991459
abcf-3,0.0126568602153357,3.83985012520652,7.05218152894002
acs-11,0.00527988216803578,4.66399840054189,5.8381754417698
acs-4,0.000246324424643316,6.7372049751699,5.86169693497332
adm-4,0.00117980741348667,4.86455361455987,7.31962471985106
age-1,0.0118439806588514,5.31456901415996,4.99293749726154
alh-1,0.0030296141508007,5.78405062994608,4.81009416572079
alx-1,0.0133033631496239,5.50900683568003,3.69230504712063
aly-1,0.00815622900925085,7.67544110338683,-2.76290151606112
aly-3,0.00801841540876534,9.91417653464311,-1.6982656200243
aman-2,0.0140428143604567,5.93744616624932,3.96153721864726
amph-1,0.0107353632784114,4.21873303479434,7.5066360893565
ani-3,0.000341494014797276,5.53532850329005,8.21940022281825
apb-1,0.0040149976177765,6.57403003674027,4.53184572725763
app-1,9.55004625716701e-7,7.21157540915794,7.07927894727484
arp-11,0.00233956012099616,5.91180026645815,6.13588415326027
arrd-19,0.0244502445671558,4.28289555433749,6.50109193806984
arrd-2,0.0345701417896488,7.88832356202876,-2.31155745067264
asd-2,0.0349535229485411,4.14454656002836,7.42108918888635
asns-2,0.00018082841427167,6.88071860762406,-10.3627999139055
atg-10,0.0182448956368205,4.455270022373,7.77946071118198
atg-13,2.75687398795151e-7,6.79327713000916,8.78450520307858
atg-4.2,0.0380396762721107,8.0881739350072,-2.43618114936674
atgp-2,0.0277762253675171,4.04140579625785,7.29754959375441
atl-1,0.0271092806908651,5.03298850565572,4.3097240474896
B0001.5,0.02767220289177,5.23472093749556,4.51097169205063
B0035.18,0.0261047544662592,7.38346558291834,-2.81822574152213
B0238.10,0.0298473533324345,6.24682191194582,4.07091400666388
B0281.5,0.0231774784284759,9.59572390854231,-1.61836704678714
B0310.2,0.0130177675428896,7.57201535437624,-3.6636477285178
B0393.6,0.000433053975689717,6.67893298831156,5.28980395151849
B0432.14,0.0139201441288096,4.11333414932789,5.56744121149841
B0432.6,0.0181369409991185,3.84609604925256,7.06076783367732
B0432.8,0.00138203954307136,5.15617137942213,8.55730332976841
B0511.11,0.0478206543101089,5.09088290196006,-8.48695573603994
B0511.6,0.0365488470954723,7.88650334123251,-1.94862650133071
B0564.2,0.00910183570994359,4.33123155927393,7.63578314144162
baf-1,0.0352137625362321,10.2741559610234,-1.37146705884002
bath-1,0.0478998953796104,5.83497830012278,-5.62155053353455
bath-31,4.03153253870196e-10,7.79024997637878,-9.99271515123784
bath-33,0.00496367625452711,6.01002577726071,-8.48766954968173
bath-39,0.0175314686420797,5.77947310326301,4.52094463220224
bath-8,0.039917987593456,5.41261500560465,-4.49889981724136
bmk-1,0.0497392652375081,6.99419627223755,-2.36322315255926
bpl-1,0.0408951026655934,3.81496754657192,7.02233562912027
bre-3,0.0219800823836993,5.06961930119513,8.4638512597867
btb-10,0.0141196072355286,6.42390448700155,-4.9620892410107
btb-13,0.00670152292608579,5.78861643049551,-8.0717008544167
btb-15,0.00397411484196455,6.93322368468987,-10.4178543300203
btb-19,0.00774012620832436,4.70365995990529,7.16490884962209
btb-9,0.0400424646647114,5.30635608608369,8.71772576803791
C01A2.2,0.0129064342805921,5.56334766003183,8.99237904630534
C01A2.3,0.0000469819989675873,5.42140582618176,8.22145096305864
C01A2.4,0.0321482730391415,8.1570011557702,-1.74157920619387
C01F1.6,0.00292310997084148,4.65002422967731,7.24574713756175
C01G10.10,0.0151981748712195,5.5229995958364,5.23345612045632
C01G10.19,0.0225057969458364,4.602496712108,7.94743283193724
C01G6.3,0.0209645036301641,9.62524017892345,-1.63313179746461
C01G8.1,0.043138188382165,8.92750386956146,1.43761292520162
C02B4.t1,0.0441460604040944,5.26048149024766,-8.67490147785298
C02B8.6,0.0131289802258195,4.7233281640017,8.0828237491278
C02D4.9,0.0419573467697918,5.2088968191824,-8.61340817735473
C03A3.2,0.00102547694332377,6.37447856448027,5.91630153940887
C03B1.7,0.0227636686400513,4.41656527611416,7.73629103413176
C03H5.5,0.00907514584832808,4.08003449253877,7.34407188128522
C04E6.11,0.000080656145598253,5.80952893611926,9.25366859209604
C05C8.6,0.000748969993813559,6.53116803150169,6.29567722858865
C05D12.4,4.27624564499992e-9,7.13305435799809,-10.6206716384176
C05D12.5,0.000807899272822537,8.27514445796957,-3.48664396330214
C05D9.7,0.0254302765316634,6.60551883221853,3.57844422943625
C06A1.4,0.00226081067522853,5.29588931097811,5.43052716992092
C06A5.3,0.0045863720246263,6.81210904754791,3.92762744433078
C06A8.3,0.00373442326895234,8.1404057296382,-3.37781850848598
C06H2.7,0.0079472755794846,7.74051493918255,3.59321365128913
C07C7.1,0.0235224383325859,5.6891503832627,-9.12694267727385
C07E3.6,0.000755584634999511,4.86652283801213,8.24077002860359
C08F8.2,2.42639667509146e-7,6.45249614725809,9.37417685841311
C09D4.4,0.00199454866573618,6.29732082716305,4.98173533042371
C09H10.10,0.00257952656621597,4.80817460254601,7.15927993845295
C10B5.1,0.038393955235127,3.96438360171943,7.20485905592424
C10H11.8,0.0174021067496081,4.11022697084487,7.37997482151802
C13F10.7,0.0276571454908533,9.28456445004777,-1.40248818274808
C14A4.3,0.0000350657577109104,5.77165994153219,7.77980434660385
C14B1.2,0.0144436181468265,6.97273285800394,3.98564620304972
C14B1.3,0.009653976175762,5.95182923462188,6.19738031921264
C14B1.9,9.92119067205955e-7,6.52076637689977,9.2544849589406
C14C10.2,0.0115644628253841,4.72967934844778,8.0890900521921
C14C10.4,0.0192880344309571,3.80862816933271,7.01435214741579
C14C10.6,0.0000423231704013355,5.78910226976362,9.23192335827299
C14C11.2,0.012507881853038,4.59157692398897,6.9699963843127
C14C11.7,0.00113801679321195,4.7261403327197,8.08542658222792
C14H10.2,0.0421001773635903,4.27560686942504,7.57431469262613
C15B12.6,0.0237038917929628,4.48887268326156,5.76038565333911
C15C8.4,0.00182651072106265,5.60506315159645,6.74367644235213
C15H11.8,0.0313940503103087,7.16597370965915,3.08222985845949
C16A11.4,0.0038661260708019,5.259073126164,5.43036698958377
C16C10.1,0.0405128774951242,3.68976733976344,5.49969079666654
C17D12.8,0.00209694533532317,6.47681162882304,-9.94928465668005
C17E4.3,0.00365971281375835,7.49079575228509,3.08594483324792
C17E4.4,0.0000216929276586732,6.12912433857341,9.58771107935004
C17F4.8,0.0380494442651196,5.62228307266242,-5.15645011199803
C17H11.2,0.0066983546884001,5.2765814879115,5.54641255075831
C18A3.4,0.0135080823542224,4.71556549852531,8.07403988062424
C18A3.9,0.0163824066909264,5.00093304484111,-6.52448886193886
C18B12.4,0.00756464369015443,5.6680480836932,4.5562932220523
C18B12.6,0.00659049018188555,5.57406373679643,5.37442614753525
C18D11.3,0.000145201402153046,6.00732714263857,9.46080465235913
C23H4.6,0.043670739019006,4.48991464709091,-7.81895489572033
C24F3.2,6.80061048363339e-7,6.85201094555425,10.3333545480152
C27C12.3,0.00827709866116767,4.41106550820673,7.15508186511914
C27C7.1,0.00122961043344781,4.93537343477083,6.90747368653558
C27D9.1,0.022916423049593,6.21740133688324,4.7894716624189
C27F2.9,0.0000734944782395839,7.83473461134531,5.62747493500742
C29G2.1,0.0238784919750975,4.5588869593284,7.89882339069992
C30C11.4,0.0426680951067289,6.1392145305867,3.3191984690188
C30F12.2,0.0221423746001883,5.37239388139282,4.83563558296532
C30G12.6,0.00311889185166477,5.28321486703193,5.31828262966762
C31C9.2,0.00174346732732302,8.84113064141714,-2.79177461483622
C31E10.6,0.0366107268280515,4.16302794514616,6.0448994908546
C31H5.4,0.022598342669723,7.08003531795851,-2.38962201973865
C32D5.10,0.0452343501823337,5.37130559023008,3.98020200158459
C32D5.3,0.0385709269000837,4.72384111523235,3.95488519150725
C32E8.5,0.024886507735926,9.10853012096372,-1.60529403184268
C33A12.3,0.0160602878786262,6.5857976313366,3.60088442970562
C33C12.9,0.0327087381847614,3.47650049586104,6.58793043481529
C33E10.3,0.00272290283047804,5.96737361938847,-9.41907735908935
C34B2.5,0.0440395785841894,8.35987340238319,-1.90405193000694
C34B4.2,0.0358290809738421,4.7149806230592,8.07347884719691
C34H4.5,0.0276834173986683,3.87119741699461,7.08765745764391
C35D10.13,0.0342075301174245,9.12353781731658,-1.52172389784291
C35D6.3,0.0145959621606101,8.1889189669679,-3.29283275967225
C35E7.3,0.0294458929749243,4.68735887157105,-6.18048410797992
C38D4.1,0.00934597195231911,4.64048398945652,6.496758790524
C38D4.4,0.0243479650951296,6.73938366141825,3.88626807863361
C38D4.9,0.0404288700066735,3.26153661448142,6.29701247059717
C39B5.6,0.0282377794700455,4.29051319438504,5.40000668054429
C40A11.10,0.0018435576717236,6.53356765170485,-10.0076496307848
C40A11.7,0.0000135102997005466,6.7894887932911,-10.2693221902273
C40H5.2,0.016267391112362,5.21399709115082,-8.61936302157979
C42C1.11,0.00000546193092591165,6.90255321572026,9.11415631801399
C42C1.8,0.0316366066122924,6.8712322283921,2.76019781473594
C45G9.5,0.0332151492736261,5.01942941167844,4.57468841445038
C46A5.5,0.0010594231921791,5.24781534033515,8.65596739750507
C46C2.7,0.0493304437574203,5.46877051168884,3.6377017063738
C46E10.8,0.00162766199342865,6.29663431528102,-9.76162976768533
C46F11.3,0.00012738642945598,6.03688446515293,9.49166898399876
C46H3.2,0.0287015348440484,4.14733984664516,5.09780734878718
C47E12.2,0.0385790602820711,7.97966742772515,2.6402793405332
C48A7.2,0.00717557618676529,7.42609520277509,4.21729596095319
C48B4.9,0.000438852104205415,5.9686528127956,6.31880683614028
C48D1.1,0.0225148324119112,4.74180076687026,-8.10330910463941
C49A9.10,0.00527737377219442,3.99593656994058,7.24258963617719
C49F5.6,0.00012131159837109,5.43794935761436,7.31908506697153
C50E3.12,0.00134198356848023,5.42773509970303,6.76445584646069
C50E3.5,0.0261227895556379,6.32555919327518,3.4173893186621
C50F4.4,0.00381255623817589,4.75801139216778,8.12087196462569
C50F4.6,0.0443573810304079,9.68179005615542,-1.33949510372768
C52B9.4,0.0106968358863464,5.77857731590963,4.11907485352773
C52E12.4,0.00220296658260727,4.32758060447405,7.40189554480027
C53A5.16,0.00396424487959308,4.62573852660725,7.13498105482405
C53B4.6,0.00388363233953192,4.63304065788152,7.98088892856335
C54G4.5,0.0396147685523042,4.76100493142881,-8.1229739418847
C54G4.7,0.000117672558569437,5.77470640478628,8.49382651815078
C55C3.5,0.0000497960748209176,5.48617579497429,8.41048433058068
C56C10.7,0.0428550494887677,6.27036543818828,3.34442551683845
C56G2.3,0.0268094596576449,4.14984948879996,-7.42552977511563
C56G7.3,0.0420112431328255,4.39910501516039,5.95948083205155
car-1,0.00514573325779493,7.75236693738471,3.16455258030327
cars-1,0.0301285098633247,5.59447413672827,4.01263544901555
catp-6,0.049888935793893,6.30604946961886,2.99220312467266
cav-1,0.0273575640570739,8.17582899751103,-1.7065424427859
cbd-1,0.00278092195304926,6.84953102488351,4.1539341396831
cct-8,0.0303835082742038,2.7812772448324,5.57248675794452
ccz-1,0.0111163589065996,5.90834291291017,5.07400013389089
CD4.3,0.0453594472213108,5.79696052325434,3.58492943981846
ced-1,0.00923130251806853,4.37089326214127,5.12951186213935
ced-6,0.00522565685266115,4.49152452420852,6.64982679591057
ceh-91,0.02472043044477,4.03785270257659,5.59039813962809
cep-1,0.0245492639229518,7.00593411163569,3.05254596582426
cey-2,0.000163154545380769,8.8849210373822,2.86455480673923
cgef-2,0.0374472033639403,5.06825406345865,8.4601586986776
chch-3,0.0425977107229039,7.8787891784047,-2.52857929831711
chk-1,0.0303589403124477,7.11122802578199,3.01383783909546
cki-2,0.000130252443022886,7.08668498978648,5.20925454134278
clec-266,0.0162413520283343,7.70372036430634,-4.20374176839861
clh-3,0.00127281712911147,5.06356851095637,8.4572976817701
clh-5,0.029607495576785,5.40861140151561,3.83355930330289
clp-7,0.0448571270936317,5.21106196359468,4.16642858002456
clr-1,0.0106393690699881,5.92993713895423,4.33697042827735
cls-2,0.000229114332881337,5.09817176018025,8.49469508423322
cmd-1,0.0461338625720786,8.99850635710986,-1.44643777294249
cnd-1,0.000495002465932042,7.08309179728602,-10.5694046104474
cnp-3,0.00178623911718639,8.15256690481411,-2.50964137503386
cogc-4,0.0134200196537614,4.90520280619276,4.86000915147387
cogc-5,0.00000478041327519367,6.25043541750313,9.71369237415614
cogc-6,0.000139695840941063,6.77068184344058,6.4060543279048
col-63,0.0146692360872344,5.93158894172518,-7.7141035222753
col-86,0.0250413452097012,2.96105338657851,5.85623681230981
coq-1,0.00966181375710509,5.74274728778703,4.99536830479058
cpb-1,0.00957238434518595,4.25484675883438,7.06803480800704
cpg-1,0.0460311052079064,8.48558649622172,2.01644418552154
cpg-3,0.0319677379616156,4.51302061523072,6.31301505085955
cpsf-2,0.0370418075661907,7.70039160847394,-1.86952505868572
crt-1,0.0427404500927074,10.0468607358997,-1.44879626132619
csb-1,0.00273627827200755,4.74897585639201,7.63634076363583
csn-5,0.0201670875167107,6.51213184064277,3.30938537675743
cup-5,0.0179665552996083,6.06584167007488,3.89036007097041
cyd-1,0.0214514107537064,3.27135998644075,6.3118687723911
cyl-1,0.0100586954362386,8.20171472145058,-1.99858053430978
cyld-1,0.00078465287514028,5.61267029836881,6.25589070696353
cyn-9,0.0247689466688213,6.29751288017671,4.24036326217074
cyp-31A3,0.0483215824255291,4.34139262633029,6.97210660609558
czw-1,0.0364476693031128,7.76674360664156,1.80725233556354
D1007.10,0.0094249961969215,4.89697579604535,6.25324836288482
D1007.5,0.0000490198607100059,5.86540294881015,9.3122724104404
D1014.2,0.02905829369427,4.28349419008097,7.58335944022406
D1044.6,0.0284247893042794,5.32926416867309,3.82361610511766
D1081.9,0.000331445038497203,5.19323571628428,8.59729037132261
D2023.6,0.000750836467415718,5.95982797565895,6.73783601572162
D2030.3,0.0245041341715593,5.65549818470691,4.36406589291742
D2085.3,0.0265801444886087,5.74649985796914,3.80877613235757
D2085.6,0.00000320435088881346,6.91808654541749,10.4010023973715
D2096.12,0.00146052325367287,5.30348259187856,6.64469375356328
daf-1,0.0132590576936334,4.70588161451739,5.17255532717619
daf-16,0.00182460862898167,7.09434665959364,4.75687847626568
daf-19,0.0224194685966444,4.81596652741826,4.78297979507525
daf-25,0.00704259109171592,4.64168338891863,6.97874646574663
daf-5,0.00876109242253396,4.24313527241959,7.53559801006814
dars-2,0.000183715526267145,5.23418981914052,8.08206009384335
daz-1,0.0000038466919472037,7.19529088420482,6.23368215761306
dct-1,0.0233405701101337,6.07065909855629,3.6443345974679
dct-13,0.000294345885015071,7.9680260657934,-3.47671704813395
ddb-1,0.00437995769869661,6.73906955573291,3.77898463379984
ddl-1,0.00337712517490466,4.51427101614112,6.50483077322369
dgk-2,0.000183083140236674,6.16143027433625,9.62119188865686
dgn-2,0.0132266839370033,6.1634671960385,-9.62586864440024
dis-3,0.0000259219065404089,5.77998258624977,9.22259079159026
dnj-26,0.000164330246583299,5.53807140172729,8.96682855370106
dnj-28,0.000197671150037119,5.3873533112231,8.80634085079199
dnj-4,0.040420776256101,4.69196243398219,5.70605115745307
dod-6,0.0151556924367463,5.99205670547787,-9.44492472779761
dpf-5,0.0000721973812487924,5.73634487549717,8.210039031507
dph-1,0.0275445773363284,7.50161105822597,2.5418039143747
dpm-1,2.29307760202938e-8,6.9608742990875,10.4447020716084
dpy-19,0.0143929941394606,3.78207325512317,6.97959613736476
dpy-27,0.0354186451550204,4.75743468110485,3.76645349725339
dsl-1,0.000176792858332476,6.88411134619181,-10.3662932286169
duo-1,0.0293228966991538,3.3854458579573,6.46590376233085
E01G4.7,0.0106421087682282,8.88412946786552,-3.11682319349991
E03A3.10,0.0196552076570156,5.32324750498786,-8.73720129678341
E03A3.5,0.00736782230288322,6.30036857793081,-7.26413319938986
EEED8.10,0.0000576917985864216,5.97853359362525,6.7757209034382
EEED8.12,0.00170968642491988,7.62849880605256,-2.77153425659251
EEED8.4,0.000356080603352194,7.85558834958831,-2.79776951069784
egal-1,0.0297112240330316,4.40424482051682,7.72290076336612
egg-2,0.00485536766588394,4.92719553633225,8.30719581819861
ego-1,0.000296217978121314,5.44304355192406,6.3480216588126
egrh-1,0.0145611008059629,5.5936019984013,4.41791711860453
ehbp-1,0.0234664752645561,5.68219974030068,3.30704605454234
ehs-1,0.00913137840119657,5.62074770394184,6.14559186207486
eif-6,0.045596163419247,8.08099385932941,-1.73322267109801
emr-1,0.00878770457905845,8.54378449805231,-2.10511762991949
end-1,8.90485796212087e-14,7.88635802040745,-11.3853987745945
end-3,0.00125890568857108,8.7305770964003,-3.24363267090724
eri-3,0.0151604127413801,4.1362541860517,6.81554335894023
erl-1,0.000133846133599844,6.68781120943744,6.52115693287259
esyt-2,0.011223119165504,3.80816824784383,7.01357953821359
exc-7,0.0142472094153376,3.86941296113703,7.08855461735456
exo-1,0.000345653586626178,6.36048454882721,6.19995058839576
exoc-8,0.00911720383848126,5.93319625067858,4.70708766995551
exos-4.1,0.0367054562915541,8.17232658725921,-1.93052683707494
F01F1.1,0.00185414334000405,6.86461178842691,-4.49367849836478
F01F1.3,0.0333220140424843,4.73033266223456,8.08899027739667
F01G4.3,0.0142501276643059,5.13256564146523,4.98011929371154
F01G4.4,0.0176787480555522,3.65974915818338,6.8262721088998
F02D10.6,0.0303992457544205,3.57860166979056,6.72280444497076
F02E9.7,0.0238731043910359,5.77364405341818,3.36806191312284
F08F3.6,0.0184538131951634,7.80525670898175,3.53540331758535
F09E5.16,0.0030876110374061,6.19355113893826,-9.65462106079789
F09F7.4,0.000799683981614964,5.55006315153524,7.48262401396066
F10C2.5,0.045738402366212,3.08610324422198,6.04586578396605
F10D11.2,0.0218727087678563,8.52075597394744,2.62491885755611
F11A10.6,0.00292484255725289,7.13473046273966,6.35357379966601
F12A10.8,0.0420788830755066,3.88122889157645,7.10411717306719
F12E12.1,0.0304699922626237,7.92662186024393,-1.93954645394316
F12F6.8,0.00777239360277503,5.14351722798433,-8.54396079384916
F13E6.3,0.0103297365599684,4.12625173210359,7.39823704718729
F13G3.6,0.00331408135947058,6.75021576550797,-4.97609360888142
F13H10.4,0.00000269710784441179,6.20068347073378,8.37359864981652
F13H6.3,0.0293621204893711,3.11918049059553,6.09157574764247
F14B4.2,0.000940326512763242,7.10299162294319,4.92461496214665
F14D2.11,0.0082112376972226,4.9835359563035,5.39457388074378
F14H12.6,0.0204346617674178,5.78191658364431,-9.22381348473547
F14H3.4,0.0251763612095058,6.37131178968059,3.47050869249828
F14H3.6,0.00420934391201708,7.92869199051867,2.32534986067978
F15E6.9,0.0348613096652592,5.44220874498528,-8.86899580836278
F16H11.3,0.0156546795505494,4.16389971204065,7.44281201566337
F17C11.7,0.0000933830033032533,5.49872435713519,8.35198900052561
F17H10.1,0.0107572677789503,5.5791050904884,5.60056888830917
F17H10.3,0.0247035352753724,5.10405227953336,-6.99250247564499
F18E3.11,0.0000504113809779415,6.30237678492622,9.76729244961334
F19F10.5,0.0234375054042438,4.92988839587366,-8.31020370156085
F20C5.3,0.00438735107023004,5.68813127624133,9.1260892157286
F21F3.4,0.000169536867074825,5.65576757756372,9.09163304998829
F21F3.7,0.0000206231040101058,6.06723923832755,9.52326708633069
F22G12.3,0.0304289700304344,5.01206047057497,-8.40041262401787
F23A7.6,0.0074010400617527,5.06284385849436,-8.45558871337718
F23A7.8,0.0473340658436821,11.5551762846758,-1.37632932925184
F23D12.2,0.0419778413663726,4.54113168798634,4.53324585362606
F25B4.1,0.00582563608353455,5.31004605660565,5.70529842045414
F25B4.7,3.15302224419366e-7,6.66996887190565,8.75599903412527
F25D7.5,0.0410540807060944,5.30826706283962,-8.72609927548737
F25H8.1,0.00682424352561566,8.18522441748773,3.80633819316135
F25H9.2,0.0000436778585013399,6.25768100448227,9.72127302898849
F26G1.1,0.0283832329921086,6.02275404768969,3.71671128497463
F26G5.1,0.000148220294643409,6.32117855445489,6.93541271710775
F26H9.4,0.000778751476573946,5.04801213200696,8.43961289789509
F26H9.5,0.0329831108737116,6.22838093974274,3.51452686419817
F27B3.6,0.0381109135940361,6.27241422394421,-3.92993582549453
F27D4.7,0.00458273609573582,4.76778755245472,8.13201152091887
F28B3.5,5.33821527324894e-8,7.44743534311748,7.70765467482545
F28C1.3,0.00169759995537043,4.48354112488577,7.81268261451261
F28C6.1,0.0428142774400471,7.66919759316015,-2.61366369990006
F28C6.4,0.0162521411658793,4.23382046320304,7.52514090408992
F28F8.5,0.00000102835131316502,6.59077632086296,8.5966453455919
F28F8.9,0.003642869231583,4.52393883068911,6.2037371176511
F28H1.1,0.0411814258283847,7.07990813807755,-3.04034500549757
F28H7.4,0.0114034959818661,4.80004732418896,8.16660431201842
F29G9.2,0.00810356653287963,7.43173412395379,3.33437180828959
F29G9.7,0.00757826393490158,4.99384939735123,8.38136831974673
F30A10.1,0.0149690303072232,4.4123167643479,6.46916280270849
F30A10.15,0.000178534184317064,5.93197346802916,9.38174469152612
F30B5.4,0.0097361821357346,6.29969575817608,4.4654670648567
F32D1.11,0.0321428471715059,3.72929304581365,6.91133420446508
F32D1.6,0.000904676780044769,5.20920116476146,7.15290587482523
F32D8.14,0.0397662450925399,8.08654236603573,2.9254915622971
F33E11.2,0.0000540932785246722,5.45838320329867,8.8820487960812
F33G12.3,0.00196219167516525,5.88598141262605,5.79494994815162
F33H2.3,0.00171515968755275,8.51107698567491,-2.63453658580064
F35C11.5,0.000031607053790218,5.90565632842174,8.42208336402863
F35G2.1,0.0317023165577547,7.63588167628517,2.6199857332158
F35H8.4,0.0132180745475005,3.85391970197172,7.06949650972579
F36D4.2,0.00320312141652547,5.01195612639091,8.39957404926649
F36F12.3,0.036128750864126,5.40960996919185,-8.83429751881047
F36F12.4,0.0017773283506645,7.42562828441236,-10.9192823037331
F36H5.10,0.0337365676259858,5.37896915823555,-8.7974392456066
F37C4.5,0.0117230724132786,4.07310186136274,7.33509695035512
F37D6.4,0.0350044055573749,5.34797822252357,-8.76367591750759
F38A5.7,0.0443929454179705,7.69797187069969,-2.06276139758092
F38E9.5,0.00352438047039703,5.52690556808079,5.82435903365363
F39F10.4,0.00275890166754884,9.38451560726159,-5.3124137470818
F40F9.7,0.00000174462895768274,7.35318765303391,6.81093011523285
F40G12.11,2.04826758647038e-7,6.59500195650864,8.51215153405957
F40G9.12,0.00175755782502891,7.15212302818912,-9.43116704599269
F40G9.20,0.00339154475644636,6.96913632117813,-10.4532435423179
F40H3.1,0.00988591127084469,4.09424449108365,7.36047781398032
F40H3.6,0.0000064059902460048,7.41447075570931,-10.9075815989174
F41H10.3,0.00988237695067835,4.02673840413128,5.56713676933615
F42G9.6,0.0326029535788628,6.33653424325548,3.1078221917607
F43A11.8,0.0421015357075743,4.73265044115129,-8.09190147450196
F43C1.6,0.00293768953532171,4.69529753648569,6.72983615971807
F43G6.5,0.0289372191864311,8.07822383185327,-2.25001292731218
F43G9.4,0.0469840792211277,6.66398520270332,3.67298477932838
F43H9.3,9.23788514024559e-8,6.8347668214192,10.3156686642297
F44B9.5,0.0401182066323805,4.92327895840625,4.82212923353964
F44E2.8,0.000745113999467891,7.00475797136345,4.74446725176723
F44F1.4,0.036484335849988,5.76504920616602,-3.81763889250682
F45D3.1,0.00444301426380651,8.47563151762913,-3.06398373232012
F45E12.5,0.0479044481087362,6.02775918500419,4.16598388720735
F45H10.3,0.0176772280728365,8.03473728511321,-2.06653058040145
F45H11.3,0.0241951136013652,6.2249176323897,3.02542718750644
F46B6.6,0.0037214061784243,4.56184534997454,6.97675315268562
F46C3.4,0.00806614187775046,4.95475035400049,8.3376265178461
F46F11.7,0.0495123819859392,2.82617439403866,5.64687268924587
F48A11.4,0.0155210680513618,6.97191032272013,2.63727056315502
F48C1.6,0.0033606456433215,4.94963270447023,8.3310849406632
F49C5.12,0.038762959649602,5.27569452955023,-8.6866829917485
F49D11.10,0.00111465072069122,4.55125719083862,7.88920966338419
F49E10.4,0.00189149129664532,6.95486163180024,-10.4398982246285
F52B5.2,0.00122952786578493,6.93472149961515,4.72819509264942
F52C12.1,0.0406890722317577,4.15589685575285,4.22177928201728
F52D2.7,0.0000311268846664141,5.80194308862665,8.20034490384674
F52H2.5,0.00417063857597016,4.84188451347589,8.21355468562364
F52H3.4,0.00101729411987607,5.17617684920857,7.79204620705814
F53F4.12,0.0495159199639248,5.71303311575334,3.89830397837272
F53H1.3,0.034993867803135,3.86289965530648,4.25292601879963
F54B11.10,0.0390740756596665,5.27071488617835,-8.6813278390774
F54C4.1,0.0436383538111959,8.09587415741552,-1.61377168813282
F54C4.4,0.0263811838958918,8.47272987247661,-1.80356584365538
F54D10.7,0.000359345379948513,6.39266386260843,5.949916953697
F54E12.2,0.0428307705912813,3.78810086443847,6.9894130681091
F55A12.5,0.00855709237018468,6.46679474774202,3.85316909573772
F55C9.14,0.000532008785105614,6.04614926405322,-8.55098704136063
F55G1.6,0.0159534570862067,7.04974276051176,3.18765723226829
F55G1.7,0.00530735494473862,4.56159407992674,7.90156097836248
F55G7.2,0.0229086025566741,6.05977357230647,-4.71557191866266
F56A11.5,0.0134177039361941,5.71681865237595,3.98043645620085
F56A8.9,0.00417874703143237,4.26233009080693,7.55621552205405
F56B3.8,0.0190328306636257,5.00325052454248,4.98819010319159
F56C9.11,0.0428407310908002,5.21639081234918,5.10947294651308
F56D1.1,1.28571794300475e-7,6.90030696060083,8.34563128958319
F56D5.3,0.0406351392287984,6.06316484951841,5.09657733347234
F56D5.5,0.00718772148612996,7.8789842279248,-2.48659625712946
F56F4.8,0.0153120204194566,9.16144532969215,-2.3420437463837
F56G4.6,0.0061361298179811,4.71223922351417,6.30595088351951
F56H1.7,0.0305574550976704,8.05286904110031,-1.88482863793621
F56H6.1,0.0440392469464254,5.15982741003719,-8.56103422643279
F58A6.5,0.00474914942771695,5.62729222610698,-9.06079572377868
F58E10.7,0.0475213453734078,5.55156856266915,7.10514731745296
F58E6.6,2.88865803684658e-12,7.54748769015724,11.0420185316242
F58E6.7,0.0361409454792922,7.9135347400046,-4.84471814712976
F58G1.2,0.00916429105562893,5.78043906243109,5.91432016742063
F59A6.5,0.0360662243216879,7.44932353635888,-2.31120024199185
F59B2.2,0.0079949548939887,4.89275733173673,8.27042657841309
F59C12.4,0.0038959112941119,9.59081853049441,-3.00977098710939
F59C6.5,0.0498704308931635,9.63183869300867,-1.21213272339199
F59D12.5,0.00289889648095165,4.6522860983934,8.00254597827777
F59F4.3,0.0056081447817391,4.41201544101526,7.73130773733752
faah-1,0.0464821294596952,4.73084529683948,-8.08970061141685
fbxa-107,0.0212650187914249,6.38895298936481,-5.32674293738488
fbxa-170,0.000831142029603197,4.73897412769546,8.09996093869832
fbxa-181,0.0131227529508178,3.92483760394283,7.15618715532618
fbxa-85,0.00529851020890045,5.55224686713273,-8.98231994875712
fbxb-104,0.000960526577500918,6.41400428190223,-9.88305405760481
fbxb-107,0.0112643143060607,5.72150806219382,-9.1610814515754
fbxb-11,0.0135718339952048,7.02696254390637,-4.51760564481243
fbxb-117,0.000594385004204068,6.31475694720627,-9.78091816545568
fbxb-118,0.000678112170913037,6.0722956211049,-8.50758757688354
fbxb-15,0.0437340470516887,7.6158218347941,-2.9381549612397
fbxb-17,0.0232262710256447,9.35362912750643,-2.17747756205183
fbxb-2,0.000229183543004267,7.4705146714131,-10.9644329928229
fbxb-25,0.0299846938487467,5.49224166110618,-8.91775451610235
fbxb-40,0.00564710863732024,5.88752309021073,-9.33503438003586
fbxb-42,0.0166123560580053,3.98427337108153,-7.23387731012781
fbxb-43,0.0000826417300712396,6.53518609456971,-10.0080126070402
fbxb-47,0.00987620945425636,5.60213818389812,-9.03447971962072
fbxb-49,0.0192381221677442,5.218395868396,-8.62437943423172
fbxb-53,0.00129635846443,5.76003435016587,-7.32996283423904
fbxb-54,0.0361608861204072,7.61127412508884,-3.36151583445567
fbxb-57,0.0000128519179031475,6.65725148772201,-10.1339483237883
fbxb-59,0.00233413273499086,6.02339104133171,-9.47725287427149
fbxb-60,0.00588802717437028,5.54998465842181,-8.97952261681715
fbxb-61,0.000698062096847088,6.46533376565417,-9.93601997459966
fbxb-66,0.000431259374300037,6.46507891910863,-9.93574945874162
fbxb-7,0.0358854855739279,8.92508051983402,-1.68584491821786
fbxb-71,0.0392541501149984,4.20959974747699,-7.4982627463186
fbxb-75,0.0217654859369801,5.29525260741786,-8.70713054864862
fbxb-81,0.0215607392151059,5.0559851695408,-8.44829504571934
fbxb-83,0.0402432495498466,6.21441746918825,-5.31819525000106
fbxb-84,0.0001531705608775,6.9234785847151,-7.09586207535753
fbxb-86,0.0375039936176953,5.67498879859628,4.50399943146371
fbxb-90,0.00000897391579541527,6.64767539175227,-9.54350167841841
fbxb-91,0.000152523879958444,6.67084434978137,-9.42219149744329
fbxb-92,4.82225320728889e-12,8.04862009213537,-9.60600439657595
fbxb-93,0.0436636699060021,4.5619031399927,-7.90007532840778
fbxc-18,0.0212119157262503,6.16533035435848,-6.44257440208696
fbxc-21,0.00076188985864496,5.71927405994705,-8.44216008425832
fbxc-22,0.0314568837992168,4.75649817051712,-8.11877647845959
fbxc-26,0.00191926834099887,6.2793005955916,-9.74372227001616
fbxc-31,0.0409448492607483,6.20158760568915,-5.65977800534158
fbxc-41,0.0298625463860418,4.82125012152303,8.19184141754392
fbxc-42,0.0115281893774214,4.74885613805148,8.11147070764764
fbxc-50,0.00134757299113469,7.76521103019002,4.33701169694204
fbxc-57,0.027511387198319,5.14471181437172,-8.55007565095492
fce-1,0.00002258208580585,5.87003181905109,8.66357911329485
fdps-1,0.00702608939336191,4.16887205898032,7.448996079581
fipr-2,0.0495289660702813,5.07213535858971,-8.46511515393493
fkb-5,0.00264356673174046,4.35300576095943,7.6629802306925
fkb-7,0.00700377808571505,5.00082971805073,7.41831781684832
fkh-3,0.00704789888400776,7.59145802665975,-2.44756054577792
fkh-4,0.0192875375034136,6.85609133298924,-2.76818512750521
fkh-5,0.0491025050332384,7.82425221075664,-2.47924403309372
fkh-7,0.0241405757375621,8.15818411989406,-3.4582197954931
flap-1,0.000926190297430917,5.11076262663182,7.41175138854849
fmo-3,0.0113820835779131,5.41702400917451,-8.83745351390142
fog-1,0.012237426988501,4.81066478354619,6.96382676768387
frg-1,0.02586524844515,8.35199498356242,-1.59850046495753
frm-10,0.0000276769045729871,6.07033142388243,7.45034616621395
frm-7,0.0386513914464343,4.32302308024341,3.86316438048573
fzo-1,0.0488090308486125,5.51980528540333,3.88766322398569
gck-1,0.00213030926593644,5.28435515420461,5.74714914490815
gem-4,0.0103791343515538,4.53635255135918,7.18885982254679
ger-1,0.00088213116663127,5.02061375878755,8.41025978201665
gex-3,0.0495580449996895,4.73873915171715,3.72235972824294
ggtb-1,0.00594564102638234,7.61540960295271,3.8725386927189
gld-1,0.00349911249491109,7.73223733111784,3.62430468642233
gld-3,0.0382135830173141,8.24579319200247,2.00612203134353
gln-5,0.0165594876036206,6.01334696991418,4.24151443612452
glo-4,0.00655069468609391,4.09885171228878,7.10856502192981
gly-10,0.000331413871180949,6.289955423219,6.19384140978157
gly-13,0.0333432019014053,5.03267239371523,6.08786649826383
gly-7,0.0116081824035043,4.77138279818685,5.36230178044968
gon-4,0.0302596774159192,6.32007724581735,2.83534644280569
gpi-1,0.000014238612090352,6.72781151440305,7.73387757954883
grk-1,0.0120669056319637,4.43614210158096,4.41210911594829
gsp-2,0.0163260228947088,8.47476582224157,-1.89184734804346
gst-10,0.0117078097016836,5.4006098747923,-8.81988189367972
gst-32,0.0304668681116038,4.81806202655408,8.18802504000563
gst-44,0.0000788376632101507,6.22355919502155,9.68586032674224
gstk-1,0.037076510598092,6.13575283708523,3.71614194139454
H02I12.5,0.00404470366208261,5.85684926382126,5.24208646315434
H04D03.4,0.0367603223601843,6.12122835901411,-4.93001891425222
H08J11.10,0.0213835837386027,4.37168888566287,7.68499417386472
H08J11.4,0.0219969576458451,4.4130296812571,7.73239358816282
H24G06.1,0.0490870569018489,5.07772302540718,-8.47193712317181
H40L08.1,0.00325972674332175,5.46335466007838,5.61705580647658
him-19,0.00405049272522123,5.20359566215101,7.8685445249704
hint-3,0.0272723939068229,4.1565972741514,7.43362946476969
his-31,0.00428053604078515,7.00026056398463,-5.05502311908532
his-45,0.0414104452276709,3.0656045282898,6.0165337289998
hlb-1,0.0284836852463852,3.22609085252617,5.70066475017955
hmp-1,0.032807013346115,5.46860180087903,3.88306794785233
hpl-1,0.0162909585654554,4.74386000407906,8.10593027785959
hsf-1,0.00130160778760975,6.26230430262741,5.0550707962911
hsp-16.41,0.0387538361322203,5.09821992277366,7.09909404330882
hsp-60,0.0195872165665701,7.53457836180545,2.87284406578818
hum-1,0.0293287454657039,3.82890616300417,6.46193773023206
hum-2,0.0450821760905008,6.32542093753169,3.78825127918672
hut-1,0.0348931338822419,6.29843871503746,3.37542800720319
hyl-1,0.00363041957588662,7.77718684349641,3.42672622670486
hyl-2,0.00316424709498924,5.09475413156721,7.08853215402445
idh-1,0.0381928529534987,7.17430244593554,3.17018041751192
ife-4,0.0484363484021466,3.41829968829462,5.4223520955168
ikke-1,0.0264418827372126,6.58793494377363,4.03249276937667
ile-1,0.00913927029471915,7.29295689544025,3.80494722619112
ins-34,0.010248872491141,5.9835138093915,-4.99016069389839
inx-7,0.0022058476439093,6.63470260494366,5.31306558480634
ipla-1,0.00220278216026612,5.02200742400469,8.41229090831181
isl-1,0.0325167967099859,3.94485988216677,-7.17959809598279
jtr-1,0.000924223800518721,4.90543489922821,7.00648530236161
jun-1,0.001473100584276,7.20875983078531,5.85195914608357
K01C8.7,0.00149858432048424,8.06074825924778,4.22148637205737
K01D12.6,0.0127206914878977,7.16547410708384,4.34697263479786
K01G12.3,0.0315802508776875,4.31914723497024,7.62425206151414
K04C1.2,0.0000593263609749386,5.48491495188835,8.91022742925277
K04F10.3,0.0227050273400436,8.81109406325551,3.45147130199726
K04G2.6,0.0000213417482388893,6.51326054322521,6.98117451467765
K05B2.2,0.000234205397211866,5.37791823543628,8.79591448632997
K06B9.4,0.0443974785260837,3.76788554624026,6.9636193252469
K07A12.2,0.0012404760561554,6.31827034093529,5.57164704004713
K07A12.7,0.000410596621558904,5.28847161701215,7.86393651373601
K07B1.7,0.00572653838214172,7.19361388229322,4.42625987690928
K07H8.1,0.0353456112180209,3.90561600489542,7.13395917259346
K08E4.3,0.00290010201791614,4.89349102405019,7.50882204641355
K08F4.2,0.0111882258880529,7.58162398185886,3.77296737477675
K08F4.3,6.0838520929581e-7,6.68306032986967,8.42475276194902
K08H10.9,2.38305678645267e-8,7.02625786731997,8.73708378684382
K08H2.2,0.000381130627934948,8.55327147464718,-4.63440934151494
K09H9.2,0.0279947645772073,5.91142697193643,3.41086385094933
K10B2.2,0.0182906726258366,4.13496108997013,5.76570310992519
K10B3.5,0.00331883165655235,4.05647180904476,7.31499622243366
K10C2.3,0.0412243907762899,4.77390249526461,5.49135095493216
K10D2.8,0.02144539056786,5.05692486398049,-8.44990145807632
K10H10.2,0.0260032931012033,6.82635769885041,-3.70342935746946
K11G12.5,0.0394796078567172,5.37030484621207,4.21596793079477
K11H12.12,0.0300325806943722,5.4885407889642,-8.9143458314251
K12H4.2,0.00123250433448497,5.09621650929465,6.92896379853066
K12H6.2,0.0171484311133416,4.14405071950699,7.41731664168468
K12H6.7,0.0409910207916526,5.87804106578841,-6.933060391226
kin-14,0.00359520819226413,5.44715223389761,8.86940027346781
kin-33,0.000777461461799445,7.52640258672542,-4.63637734679444
klc-1,5.68034236693139e-9,6.95100373937652,9.85860965224405
klp-7,0.0121391564211076,4.28849200916362,7.58884402993669
ksr-1,0.0424193292550601,3.88227978934046,5.42017430349817
lars-2,0.0404825972922436,4.12273329476991,7.39525026090203
lat-1,8.78836536689246e-8,7.85839962296378,6.66165095254118
lbp-9,0.0129631599442857,4.83146218177466,5.78805792096814
lec-4,0.0227328453917022,5.47212240916794,-7.41629194089928
let-99,0.0000336775279764166,6.28523477605619,6.84429268179086
lgc-47,0.0455447589442897,5.12897705290757,-8.52829593706125
lgl-1,0.0182288277772887,4.06529316647953,7.32588148233011
lin-12,0.0112523558818116,4.75777294273166,-8.12085410973298
lin-24,0.0000661636580302333,5.726251462282,7.66728283265464
lin-25,0.015254853663966,4.36142831126582,6.10608317480139
lin-3,0.017497966833636,6.24287410175065,4.19084442252718
lin-35,0.01029762761656,6.06335415291785,3.86974611129883
lpin-1,0.00918244278065754,5.28088649549308,5.87331889113166
lst-4,0.00745301864501878,7.67858224956487,3.66970421274757
M01B12.4,0.0125601210369585,6.16307877800045,4.79289470775035
M01F1.9,0.0136111825126437,3.68359139399919,6.8558728138624
M02B1.2,0.0122765377173691,4.80856992571775,8.17728412419514
M02E1.1,0.0424169647035965,4.75286391891637,5.0112933962899
M03A1.3,0.0456152889253767,4.64019251173645,7.98960142855413
M106.3,0.000404356351474873,6.91958590578687,5.07574785129885
M142.3,0.0133893404041109,6.08606163872426,-9.54297309132932
M60.6,0.0309450493923961,4.13681267538777,6.67150174614628
mai-2,0.0264810454845594,8.37662206819009,-1.75345140892676
max-2,0.00280313051715443,4.03315428808702,7.2874319099996
mdh-1,0.0248762469578799,4.53590221993355,6.61108563426924
mdt-21,0.0198765803716254,3.60866473330958,6.76070375675528
mdt-8,0.00529806867053528,6.91761329963113,3.34503601876145
med-2,1.12075022402066e-7,6.85626676819675,10.3376939118715
meg-1,0.0366592593878174,7.22736144961342,3.39337836157375
meg-2,0.000037232237027777,5.66203867936741,9.09823886332667
mek-1,0.00000124535014648875,8.02799093478386,5.80570311129158
mes-6,0.00436858191003021,5.94101270171031,4.6246559693924
met-2,0.0122414618848841,5.8744656204214,3.78115735352498
mex-3,0.0110840528201039,8.70657880130869,2.34554801767347
mex-5,0.0289992189109029,9.83738059975072,1.39308596811367
mfap-1,0.0276505309964137,9.17473555925735,-1.44145122792571
mfb-1,0.0284652146798799,4.37731818074749,5.33732022204854
mff-1,0.049578596941693,3.84563238968071,7.05987984000488
mig-23,0.00224521762889301,4.80670934906698,8.1755745472128
mir-2219,0.037926310899978,5.29404179368704,-8.70515825778486
mir-785,0.0176015775292886,5.88961943365487,-9.33736063071905
mom-2,0.022817783165475,8.80429634473586,1.737671035363
mrp-4,0.0000322611910273081,5.47796377191555,8.15950177399055
mtm-6,0.00361025563119102,4.59418243802162,5.92946740391708
mtp-18,0.0137572154929581,5.47357890233711,6.50160532721482
mut-2,0.00000237150080547418,6.36704057459134,8.10332168231084
nars-1,0.000169145702660921,8.37444531592781,4.89208220505386
ndx-3,0.0402933573852189,4.08453673777878,7.34908138600146
nfyb-1,0.000572114484356463,5.36822264699717,6.81413041780728
nhr-17,0.0437897969784682,4.98484738102311,-4.75242587475131
nhr-243,0.0388068170264779,3.423202311941,6.51673841697006
nhr-256,0.00405925869479242,5.66439967673196,5.59033967326093
nhr-32,0.00298823947319552,5.20048318728205,7.15044455291683
nhr-66,0.00545365063256493,5.86358136242722,5.09135600819706
nhr-88,0.00743570481270548,4.02284923322752,7.27315558338237
nhr-95,0.00845614790584482,4.33939191435806,7.6480013657898
nkcc-1,0.0136137303550584,4.39373049308589,6.71398996551093
nlp-35,0.0178099321996656,6.28039236888829,-7.30120449849923
nmur-4,0.0358346710616816,5.32691936379599,-8.74071174063346
nol-9,0.0058529150740506,5.87346609738914,4.57718460209682
nos-1,0.00162083851483629,4.93317737096194,7.54414674249904
nrf-6,0.0206042587566652,4.94747466829618,-8.07490416477187
nrx-1,0.00455942262362588,5.75863918259369,9.20045168361656
nspa-5,0.0303954722146949,3.98255170927034,-7.22611886132523
ntp-1,0.00000129585434296532,6.65374107098807,8.25809612972313
num-1,0.0156470556750266,6.90590446723875,3.70196600103925
odc-1,0.000935748836332262,6.22297013677415,-7.16769842504591
pas-1,0.012465428516404,7.71323917098253,2.45510268010922
pcn-1,0.039619308541752,10.9421313749164,-1.42347261510612
pdhk-2,0.000646349057965779,6.09382799937592,5.84983450180209
pgl-3,0.00107397009887197,5.50041017805007,8.10474132767706
pgp-4,0.00562579305788182,5.61364493251738,-6.61303135910028
phat-2,0.0183209129061704,5.13484326738705,-8.53351126536877
plc-3,0.0304804497397091,4.07402260538376,7.04821033811016
plk-2,0.00240553889346808,5.97925639028003,6.26726046489104
pms-2,0.0326940868050098,5.13233081131779,7.65692288250987
pnk-4,0.0106751486143074,3.86005476549841,6.46991506161222
pph-5,0.000102939772596282,6.27960011046939,6.26864294524385
ppk-1,0.0177472083827957,6.31410559804175,3.21801646534125
ppk-2,0.0365423549241923,3.96758117312206,6.33310903096969
pps-1,0.0000218123964860371,6.33017616974547,7.94379597731101
pqn-10,0.000016176050022586,6.02063334837542,-9.47475192879293
pqn-68,0.0293580485117252,4.38575259206743,7.70080620595555
pqn-75,0.00845856857786902,4.46710556985912,-6.44609608824827
pqn-96,0.0308685600023096,4.2318041576674,5.28004152278624
prk-1,0.000748383196495649,4.90981626431298,8.28871138681778
pstk-1,0.0111515879317308,4.07466235906738,7.3371017609407
ptr-2,0.0401247907614484,7.50837590166548,2.87602476495447
puf-11,0.00842226151424315,7.3063966369451,4.00829394439642
puf-3,0.000536847057354114,7.0903191406557,5.18568681427878
puf-5,0.0297173105020642,8.02761065645394,2.72335955380778
pup-3,0.0118988435075696,8.2899929572338,-1.81570873875459
pyc-1,0.0175214325000245,4.44705664776266,5.29444360587019
pyk-1,3.54759304353986e-7,7.40866129311779,7.28284212407936
pyp-1,3.40615716769791e-7,6.79348963175957,8.2341171969776
pzf-1,0.000339773325786833,5.81725092890028,8.26012081395885
R02C2.1,0.000651416912578936,5.73286801632818,-9.17457002070185
R02D3.3,0.0188133726878711,8.36155911054945,-2.24619523215302
R02D5.8,0.0000480241149377104,5.72487997482752,9.16417160656147
R02F2.4,0.000674109073863019,4.89309247330825,7.59352943928326
R02F2.7,0.0138782317212805,5.19751653635138,4.73843302527668
R04D3.3,0.00247699707063444,6.33869037621578,5.58061371298932
R04F11.2,0.0321529162121002,9.14112896647133,-1.57124767546967
R05D3.12,0.000288056097974189,7.02122600857762,7.34962402371948
R05D3.2,0.0000349343797530075,5.71215820895661,8.43115715769273
R05F9.1,0.00456556433430308,7.81037678985682,4.40038031622407
R05F9.6,0.027912591641469,3.75780098721419,6.9508911380646
R05G9.3,0.0145631654994366,5.29563341702795,4.51496350607982
R05H5.3,0.049723681419928,10.7892852186789,-1.27653230449303
R06B9.5,0.0463023996219286,3.7865326048236,6.98652022523645
R07E5.13,0.00514335872417042,6.5277790035735,-5.20540071729553
R08C7.12,0.0288648317726283,5.59352519788384,9.02582738373451
R09A8.1,0.00492251654586226,5.30213880191801,6.36713418300672
R09F10.8,0.0248596757369199,7.4063239733197,2.86186563821803
R10E11.6,0.0109085028831728,4.49399723962091,7.82461160765796
R10E12.2,0.0394101427245145,3.83372486834692,6.31095399489651
R11.4,0.00684803463936371,6.66576312752101,-3.67400219478278
R119.3,0.00397705784543299,4.67632980515192,8.02931945321153
R11A5.3,0.0219271186704299,8.63293108709622,-2.78767812166324
R11A8.5,0.00794482685893576,5.5758327436598,5.05992682951451
R11D1.10,0.0189830746589458,4.32719954388988,6.90664121356041
R12E2.8,0.0437578395286682,4.84346721142859,8.21583244121079
R13A5.7,0.0000132137434562212,5.83428984677774,8.65839719487042
R151.10,0.000802432676157701,6.11956740898749,6.19281912820111
R186.3,0.0119945327945652,4.62755180310678,5.81669150748394
R186.6,0.0141717473399001,4.64060934551544,7.24101986647748
R186.8,0.0332791960260389,4.25913188300406,7.55249401784829
rab-35,0.00182417339907128,5.03887449648114,8.43030825786396
rab-39,0.0225668314338769,3.87827653244163,7.09976669162287
rab-6.1,0.000194792525694238,5.505236574464,8.93198007799622
rab-8,0.0251445606960502,6.87940454121467,3.15315509375204
rabs-5,0.00701961614178937,5.30133357491812,7.95048685607898
rad-50,0.0490841384493318,6.8107457136538,2.17654403945906
rad-54,0.00104238931060315,4.70940166837674,8.06652931023774
rbx-1,0.0241369761458626,10.0510459684269,-1.47996313551442
rec-8,0.000585726008599664,5.08894439182262,7.67816803947931
rgl-1,0.0080634823246913,4.50363491788502,7.83566528113261
rhy-1,0.0391006825310813,6.41092558877402,3.48546758510103
rict-1,0.0105557702942548,4.02098250413747,6.4208227054847
rig-4,0.0307844461847485,5.07637048459127,3.54477430905936
rla-0,0.0264331504530011,8.40028188122285,-2.07233325091416
rla-1,0.0494356323561069,8.53603058405824,-1.54612233460884
rnf-121,0.000218996317991,5.10731833009424,8.50465367472714
rom-1,0.00393389137858008,5.72336350241072,6.1429957462631
rom-4,0.00818664189907972,8.6263113291551,-2.17832499712234
rpl-13,0.024827817894983,9.29295898413572,-2.27568440026737
rpl-19,0.028646230376032,8.30457550703944,-2.10590737626888
rpl-23,0.0225464945642527,8.26975796737346,-1.87201197412406
rpl-27,0.0109813937755172,8.20055278112772,-2.16466812923336
rpl-41,0.00149322837401359,8.01259284056795,-3.03484287735994
rpl-43,0.0194847275224901,7.13699385708105,-2.81429083879021
rps-10,0.0299638304717954,8.80099168410391,-1.86221175617928
rps-12,0.0187357688201563,8.49038560393582,-2.0218374495186
rps-17,0.0416355680105085,8.76822885865587,-1.67095259218195
rps-18,0.0298892266566739,8.69429122279819,-2.05846361663094
rps-19,0.0440638585888199,7.08123652106425,-2.09765828518971
rps-25,0.0184587692144134,8.7281343440042,-1.97995320163183
rps-26,0.0448143743008722,7.57146303856274,-1.75007630768421
rps-27,0.0373629462883388,7.04025797748841,-3.52238291620612
rps-4,0.0149142262111464,8.10402438977337,-2.06381800285194
rps-5,0.00387605534725083,8.32989263328239,-2.69199575289444
rrbs-1,0.0372109538557244,8.16104667558087,-1.87758585565151
rrn-2.1,0.033120339311406,7.93130397880581,-2.43974135731126
rsks-1,0.0486016398459218,3.80207199947485,4.94572240295795
rsp-1,0.0136206408379712,8.74129460444463,-1.90602685110878
rsp-4,0.0414884294695582,10.3003329253673,-1.35875630123725
rsp-5,0.0118764361906845,9.31370533385874,-1.62044618322353
rtel-1,0.0317338301475452,5.57144677710396,4.28428826198553
sams-4,0.00552835690810806,6.01751482407586,4.54614666034387
scc-1,0.00783661330949082,6.35643817329538,4.43554908863794
scpl-3,0.00000106769356338139,6.81012672684812,10.290457063875
sdz-1,0.0423806670294023,10.4988991263292,-1.49789611710593
sdz-14,0.0179759315488787,7.7817761538501,-3.7777190291204
sdz-15,0.00888120121553242,8.74765247460088,-2.62160975650447
sdz-18,0.000685916093873444,6.24178019750787,-9.70480819621195
sdz-23,6.04260217543358e-17,8.90029517858568,-10.8332793978252
sdz-27,0.0000155443544033091,9.22024658203899,-5.88407408286802
sdz-31,0.00000587288104475326,9.44033039764676,-6.18918410407967
sdz-32,2.26499976157467e-7,7.42488198472228,-10.9176467384966
sdz-33,0.00100578568975993,6.49123273463304,-8.96485675981884
sdz-9,0.00000221035441944979,7.47737601558963,-8.68865240292425
sec-10,0.0480889667862635,4.45274877311963,7.77779440832122
sec-23,0.028011937195051,4.32245903059096,4.5627605498131
sec-24.1,0.0135073189982572,5.88790484878598,4.01020555495829
sel-11,0.00151879565769992,5.90399840811977,5.73477563162475
sel-12,0.0152965500067193,4.6176444094056,5.47184860646996
sel-8,0.0188931438649899,3.95671147774293,5.34344965458483
sem-2,0.0228279042257459,7.96880186344072,-2.8687863396421
sepa-1,0.0181091429964894,8.02039812851581,-3.30213903505966
sesn-1,0.0287467592168483,4.11589030276126,7.38633773567934
set-14,0.000685672164129026,4.72079996152862,8.07972228274107
set-17,0.0357195952297976,7.18797331941245,2.63962969661396
shc-1,0.00748005222703373,4.36587158453393,7.67833743797209
sid-1,0.000333979149534524,5.75571523957353,7.22621460677166
skn-1,0.00227087290548127,7.71087808039082,3.14696339526141
sknr-1,0.0223780399478373,5.07653799527597,8.47122214304772
skr-10,0.000697368868025632,9.22719579503466,-3.01690184363881
skr-14,0.00167896724101682,9.02880882930683,-3.24829507717804
skr-15,0.00190644750742327,8.32090676807664,-2.60104919557789
skr-21,0.0268486907052333,4.21387711217027,7.50139380546983
skr-7,0.00211258743030008,9.7887907432379,-2.11876475069828
skr-8,0.00123941485450059,8.81799730092115,-2.98392114459174
skr-9,0.0283225009314567,8.43216451703935,-2.67697026753577
slr-2,0.04410239231627,5.76034864160233,3.27648584573247
smg-5,0.0465000938404098,4.92850508917945,4.119459263024
smg-8,0.00786004892885893,4.287313947952,7.58781215881317
smi-1,0.0214561406091286,8.07158559822126,-2.12640807705182
smo-1,0.0311873622912579,10.1204906546789,-1.46261723186182
smr-1,0.0274348524842697,8.04355796983512,-2.13668081489488
snap-29,0.0372133202281531,7.55489096441977,-2.12151729243051
snr-4,0.0143286967928484,9.2411987133953,-1.79116819993398
snt-2,0.0137892906745031,4.51849388802834,6.65479428152686
spat-2,0.0114211009205643,5.2478938990035,5.27504706763702
spe-5,0.000236544869577694,5.78884161086723,9.23188394565089
spo-11,0.0350603873104785,7.8960643940433,2.86359952466453
spsb-2,0.00023863479978764,8.30956617455489,3.67741006046585
sptl-3,0.0141629263486009,5.64535691909011,4.83570165756525
srd-42,0.00147870816132094,5.86494697216676,-9.3130727394301
sre-4,0.016744530494756,3.34738617425069,5.60988688142349
srh-220,0.044051961660411,5.15771749830906,-8.55831732591037
such-1,0.0299234771732126,5.61474583838894,4.05878843249201
sur-2,0.00308627479935129,5.54893056092777,5.95170878852181
syp-2,6.22033403955531e-12,8.01945298544545,8.93019851637391
syx-18,0.00185766778461338,5.33146240177065,5.86922883067323
syx-3,0.0000637857573664081,5.80413563245707,9.24792509608593
szy-20,0.0333095965430262,6.63399052847568,3.77683905552691
szy-4,2.34414326666064e-12,7.59593610447029,10.6757397501734
T01C3.3,0.0000770615898792164,6.03912381940805,7.94693158097026
T01C3.9,0.0380426434699206,5.65703617288613,4.08437527978588
T01G5.7,0.0254524056980042,3.92794460273048,7.16104409268874
T02E1.2,0.00175899770249164,6.49769350507409,5.30646824044643
T02G6.10,0.000708034609309631,6.3566897866336,-9.82369440646653
T03F1.6,0.039883577509787,3.35000582692723,6.41952714276736
T03F1.7,0.00123815393820791,5.32668140375535,8.74132550980824
T03G11.4,0.00684274984919645,3.94362375811101,6.61694295273571
T04A8.7,0.0390731542529913,4.33212868474045,7.63966056622918
T04B8.2,0.0239097278146725,5.17537597688842,-7.76204514396496
T05D4.2,0.0347816626076099,6.85971892124803,-5.26220667457312
T05E11.3,0.0265527838321612,7.69925140363851,2.3877352912497
T05F1.4,0.0220452121543473,6.59332070697069,3.18606688845881
T05G5.4,0.0323078198205371,5.32406694315217,3.78127524569354
T05H10.7,0.00321509467109513,4.58854063263417,7.19051503420153
T05H4.6a,0.0259880976463368,5.77257544188842,3.32207582294679
T06D8.5,0.000189323296954849,5.04178838730673,7.64211239197405
T07A9.10,0.0432729140400689,6.70325004906967,2.6373072126338
T07C12.12,0.0000599160326074232,6.10573022651409,7.85425181170051
T08A9.6,0.000249912206930675,7.27233415360511,8.5907318045358
T08B2.11,0.0364150779844798,4.57762661591122,7.22719327354817
T08B2.8,0.0238911934859859,7.51512666625294,-2.78293851452029
T08B6.1,0.00794307196808263,5.68746695736715,-6.1103501556163
T08B6.5,0.00029727775190254,9.17857526581922,-2.9965889363649
T08G5.3,0.0274273305470095,6.75256972004229,-3.68489101417122
T09B4.2,0.0259117013843599,5.67783462455923,4.66670961334611
T10C6.10,0.0114828512966103,4.27709463774186,7.57353895488907
T12A2.7,0.0157901814169998,7.6137148654923,2.83274788804644
T12B3.3,0.0265993227946476,4.24701473155067,7.53825095753542
T12C9.7,0.0000653700797731529,6.02543491346466,8.75799509156598
T12G3.5,0.0384681443071156,6.40840791548443,3.44679368111851
T12G3.7,0.000040783081194973,5.78044771826863,9.2230570637167
T14B4.1,0.0220443466540891,4.95927705982442,4.4721788240007
T14B4.5,0.00945258959880125,4.93729425653943,8.31934733870913
T14B4.8,0.0394580411658449,3.83659695347269,7.04845017717038
T14G10.5,0.0439197734906903,6.1423163358883,3.37282184423337
T15H9.5,0.0281763901148426,4.79328238991261,-6.81229492914323
T17A3.12,0.0019260526982517,6.41344105647667,-7.67566149052581
T18D3.7,0.00110541081071114,6.79374533861449,-10.273713807969
T19A6.3,0.0089850399428739,7.69504700922244,2.71067252075696
T19H12.2,0.0304614304780014,10.0087921274944,-1.49057436867351
T20D3.3,0.0353900804438469,6.24736575078365,3.62867345576121
T20F10.8,0.00251347432229552,4.65711303706566,-8.00859703948194
T21C12.8,0.00356126320601645,6.87904009287161,-6.20052258174111
T21C9.13,0.00681683608412521,9.65003077925167,2.32618974385742
T22C8.4,0.0373751517559578,5.75831918434056,-5.72410246312706
T23B12.2,0.018017199058043,3.20112100276242,6.2125187021283
T23B12.6,0.0025228599401191,4.15376209439055,6.93853567669944
T23G11.1,0.00249483157575916,5.06599874231292,8.45973198663852
T23G11.6,0.0116309144464902,4.82228778934679,-8.19226083701636
T24B1.1,0.0000352579272586055,5.66647938242616,8.57374475062383
T24D1.3,0.0177071284062414,4.34459765944268,7.65337389536676
T24E12.13,0.0224039520745708,4.51941998253215,-7.85261092941692
T24F1.2,0.000455115741927984,6.79968721000063,5.35963434541813
T24F1.3,0.0342972617352295,3.54595668443484,6.68031702733804
T24H10.1,0.0364310547708059,5.59643007777507,-5.79561681190418
T25G12.11,0.00450809978819959,6.86496533676812,-4.0719116929187
T26A5.4,0.0379752750539536,5.11702245691456,4.57555740705571
T26A5.6,0.0429889133664133,6.68453539540883,3.31227376426647
T26E3.11,0.00595247166205368,6.00321245857033,-9.45624317867269
T26E3.4,0.0136472781646991,7.34777280523557,3.11319940843007
T26E3.5,0.0469679084960527,8.53600234421423,-2.78827379736216
T27A3.6,0.0136481165127204,4.30463108839665,7.60623711163758
T28B11.1,0.0232423267436306,6.20961899681394,3.40309992693051
T28B8.1,0.00552882799117076,4.4535309724095,7.77872282396026
taf-11.1,0.00680904257002625,8.40396003067453,-3.3388008607221
taf-11.3,0.0064995615235976,4.52693159972854,6.09857902462333
tag-124,0.00654058322000217,5.97794725347892,5.1109226838071
tag-179,0.00541560100195878,5.25322827560606,5.88157650410942
tag-257,0.0011713565773874,5.01834015035087,7.8969277703312
tag-260,0.00496142010552435,5.38525478467421,7.95622553687511
tag-266,0.00227875121543558,4.9089860683218,8.28827572915688
tag-276,0.0261415915576911,9.69748747604241,-1.50434308621339
tag-280,0.0157909134605806,4.07992817411059,5.35948471394349
tag-296,0.0000834846889139801,5.80638599598602,9.25035380350674
tag-335,0.0000103696653462268,5.86510487181107,9.31184611099428
tag-63,0.000661054349490161,5.41606342246053,8.35852106853327
tag-77,0.000391859894945453,5.66277084700566,7.22753217165874
tag-93,0.0111625835529727,8.34459562913281,3.05746953798573
tbc-3,7.07565017838527e-8,6.86404600591808,9.76803257730687
tbx-32,0.0000112571562175505,6.09445993490726,9.55159561484939
tbx-35,0.00997273272250316,4.83544855312138,-8.20612014411301
tbx-36,0.000102599472155126,6.05487859377766,9.51024084719566
tbx-39,0.0155589185318189,5.61826497807573,5.58544448727709
tbx-40,0.000328612720503432,5.81840590865556,9.26286043956344
tdc-1,0.000827565185896086,6.22470318499903,5.65822765277839
tiar-2,0.0301373364222244,4.57608570460568,-6.34512524705435
tin-13,0.0466400745584453,7.73639531750147,-2.50642376352497
tnc-2,0.022885065842094,5.67217963925261,-8.43787009625433
tol-1,0.0011295318297601,5.86885227692589,5.71006272502745
tpi-1,0.00846122389594141,7.72010813727457,3.07123419073258
trap-1,0.0380605033921687,8.28291577046167,1.58044285034439
trm-1,0.03097102860526,6.39439236729317,4.15888409772722
ttll-12,0.00125247860566837,5.99801358440178,5.86127409036434
ttm-1,0.0349878309828455,4.35164163605231,5.42696109702971
ttr-50,0.00722350397108847,9.76669261919825,-1.81127062194942
ttr-54,0.0396659773918259,5.26192689357425,-8.67060030891237
uaf-2,0.0256074667439265,5.87387897805573,-2.8954035096918
uba-1,0.0355034596300529,8.10383147660451,1.92374255881105
ubc-12,0.041669247049324,6.59486106856676,-2.72143321154561
ubc-13,0.0125282259770027,6.64952369759552,3.57567292880869
ubc-19,0.0195866138679914,4.05954669946791,-7.31886773352968
ubc-6,2.61348577983847e-8,8.06527582127872,7.12773740058449
ubxn-1,0.00797809568752744,5.63432925824854,5.10573521469719
ufd-3,0.0113915026645517,7.72475717420956,3.51158115416503
ugt-40,0.00798577211648987,4.30790685503829,-7.61318081305151
ugt-49,0.0335635082642401,4.59504913299932,-7.93757912566116
ugt-64,0.00297473240633744,4.43212833649811,7.13540305234601
ugtp-1,0.0137531602770554,5.80569419734447,4.91653675291037
unc-101,0.000471776343948412,7.2541266496088,6.06257532825684
unc-11,0.015192858900826,4.45808218614896,6.78402714395913
unc-14,0.000640744082524235,5.50495222456574,8.53697915807335
unc-16,0.0319513584209873,3.83315803350159,6.21910904308137
unc-50,0.0272393892289976,3.91006859354034,5.96612402515522
unc-60,0.030282822934161,7.99214445372107,1.85598984535464
vars-1,0.0208533540908545,3.80626196120681,6.06211063632709
vet-1,0.00252356142779203,8.89207279931846,-2.11499278148255
vet-2,0.0172556579191839,8.35637662053871,-1.93071063027041
vet-6,0.00761805527703308,7.82837650912965,-3.08801033150775
vha-7,0.00422945409852325,4.76256935290108,6.44559591485917
vps-2,0.0433255632829142,7.51535935688608,-1.93234562456618
vps-22,0.0285788925133592,7.74833713342619,2.12909807639947
vps-36,9.05772340866052e-7,6.27908095962393,9.74333326484911
vps-52,0.0114860479900015,5.72379714160147,7.74262476448552
W01A8.5,0.00120382316791783,7.51974410908284,4.1532842051561
W02D7.6,0.0427648622336069,7.45358767381789,2.72523252032264
W02F12.5,0.000975899759611733,7.50032917373214,4.58021553626405
W03C9.5,0.0343701641211323,6.21314896463616,2.74718960288323
W03F9.2,0.0285507579797844,7.83731596488354,-3.01841043886468
W03G9.2,0.000910766695792414,4.79204335460528,7.3388177914436
W04B5.4,0.0144246817843869,6.18624816518706,3.52950415282744
W05F2.6,0.043448981433777,6.96912434189654,2.62224865504727
W05H9.4,0.0370503903164368,6.09789222485703,-5.48002531707196
W06B4.1,0.000710956988314971,7.07820686196176,4.9250581168294
W06D4.2,0.0170234387491725,5.91694931156752,-9.36638277180614
W08A12.1,0.0000385996987330738,5.97253652817071,9.42420290188785
W08E12.8,0.0481128250043822,5.08950502947932,-8.4842947622166
W08E3.2,0.0057271833115114,4.33919903631243,7.64625040433484
W08F4.3,0.000404840385348954,5.56254050558002,7.45476019624944
W09C5.8,0.0197645987910623,9.42637996136346,-1.95158456390607
W09D6.t1,0.00000242974408679404,6.16458685622147,9.62455731705904
W09G12.3,0.0261559785435632,5.60581223584007,-9.03835026857133
W09G3.6,0.0179079805732709,6.25804981918695,4.15590457085982
wars-2,0.0217925005056166,4.13465450605194,5.85428514923628
WBGene00206380,0.01133748253675,3.31507362294572,6.37134298357447
WBGene00206519,0.0485385073447262,3.86003025269484,-7.0753677471644
WBGene00219452,0.0379776085202664,4.26468015695795,-7.55940905928856
WBGene00219803,0.0032306768486085,4.40081247913088,5.95386179710948
WBGene00235158,0.0278966815635007,6.60702671472833,-3.21342296733718
wee-1.1,0.0000208640892278584,6.86650365035864,-9.25139348380677
wrm-1,0.00519097001093192,6.14072151656934,4.54737061059666
wrn-1,0.037476922152456,3.3669381612514,6.44310567140564
xbp-1,0.0497360218882539,8.36367344128866,1.70093343145887
xpa-1,0.00277712286214616,5.03194700636591,8.42273415515115
Y102A11A.8,0.0256265985347541,4.25056435035416,7.54479110787831
Y105C5B.1413,0.00909859451434589,5.62451737960796,-9.05778916760635
Y105E8A.20,0.000660276018679342,6.06414604392373,6.32575190699516
Y106G6D.2,0.000782699479173505,8.50319264308047,-4.03767853804609
Y106G6H.8,0.0348320499645508,6.5753922767827,3.83336111799041
Y10G11A.90,0.00937628948197358,4.8012137721008,5.4439935793646
Y110A7A.19,0.00847338215322497,4.19307686718649,7.47644555117134
Y110A7A.8,0.0290738300952299,8.8637876922495,-1.53811984629034
Y111B2A.1,0.0251524108481767,4.5356410690459,7.16089036920675
Y111B2A.4,0.0198531326244107,3.70138398632614,5.30613629609579
Y113G7B.27,0.0337195083094147,4.00629404192485,-7.26073961728055
Y113G7B.28,0.00154672383595206,5.88905934079931,-9.33777091425444
Y116A8B.1,0.0294192461091096,7.57299758544742,-3.42568373614105
Y116A8C.19,0.0061466625659863,8.5175419158108,-2.77030210107085
Y116A8C.22,0.0170707145533567,7.94074300472279,-2.79738000249854
Y116A8C.26,0.000820514483832067,5.0987094290762,8.4955551309301
Y116A8C.5,0.00700730411480132,6.43049664424122,-9.4845509325284
Y116A8C.7,0.00000436201006681272,7.94955939100671,-11.4496287714876
Y119C1B.4,0.0218885229937484,3.87297360744494,5.25081049611966
Y119C1B.5,0.00327216195013889,4.44879099662746,7.33449594118019
Y14H12B.1,0.0233728794044349,6.78536221169625,3.26539204945944
Y17D7C.3,0.025748115033112,7.55452774373879,-3.70135247183592
Y17G9B.4,0.0181768346034873,7.3328064307005,-6.54608747348408
Y17G9B.9,0.00632080842739171,5.75159208469714,5.54903227055537
Y18D10A.1,0.0378839643735774,4.8684700302283,3.73058722062936
Y18D10A.9,0.0298368815878123,3.51572278478239,4.84046911258624
Y19D2B.2,0.0100986464919694,7.03130696436921,-4.55632433000504
Y24D9A.8,0.025191553462672,4.00234948270614,5.960465598895
Y32F6A.6,0.0295721734090429,5.50631804040992,-8.93219180668151
Y32H12A.7,0.000201660390827552,5.60610968006227,8.04627590218202
Y34B4A.7,0.000574636471770536,5.10305398759005,8.49995087559421
Y37A1A.4,0.00242138464790007,7.01290460888253,5.54804914351416
Y37D8A.19,0.0240191107672883,3.52350008954652,6.64884538017857
Y37E11AL.9,0.0000644086661786855,7.31342832835065,-10.8049157665193
Y37E3.24,0.0106871673083915,10.9592610765859,-3.38589471774614
Y37E3.25,0.00660994156013927,10.1297097281932,-3.43191489191597
Y37F4.5,0.00885816050260074,6.40697646873315,-9.87776387923939
Y37H9A.3,0.0438655195603348,3.68017582871188,4.77315793794993
Y38A10A.7,0.0244101444301701,8.34068286383329,-2.29540947864846
Y38E10A.28,0.0333963849436009,5.46174648453001,-6.06175125904431
Y38E10A.3,5.17663925797126e-14,8.18786080500411,-10.6643227821729
Y38F1A.2,0.00369332313757199,4.12636919206183,7.39805795002606
Y38H6A.4,0.0275758720597144,7.40002605279305,-4.31211623914953
Y38H6C.15,0.0107616507075407,5.6632396371238,-9.0988923368576
Y39A1A.12,0.00000342374212398028,6.26672326231752,8.02286119435996
Y39A1A.13,0.00788341634454879,5.91925495218649,4.01118602900804
Y39A1A.16,0.00078677148728386,6.6948829834913,-6.13386693811746
Y39A1A.6,0.0498625622514952,5.12092889104596,-2.75314910394652
Y39A1A.7,0.025864271825649,7.21238808622113,-2.77517013100921
Y39A3CL.1,0.00147796439298941,4.73211431880747,7.61294573805568
Y39A3CL.4,0.0458087935118021,3.99686284418188,4.54073940932342
Y39B6A.11,0.0182981981708638,3.97872554350972,7.22009485111248
Y39B6A.36,0.0314502241598483,8.44175710495277,-1.61873054156367
Y39E4B.5,0.00842859465604493,4.19338639314371,6.8520110984206
Y39G10AL.1,0.0101281145221077,5.55713839919483,-8.98654890435836
Y39G10AR.9,0.0000222363324455625,5.83171975479875,9.27684109045201
Y40A1A.2,0.0165847433135519,5.93935328832001,-9.38983077216393
Y41D4A.4,0.0000319181552427453,5.93819462792221,7.79750436157761
Y41D4A.5,0.00149612021274748,5.12621788870787,6.32889053808323
Y41D4B.14,0.00589529831698235,9.00408824682284,-2.67144249054462
Y42H9AR.1,0.0185762526748605,6.20068371778874,4.11224926441264
Y43D4A.6,0.0000107618148712548,6.1696805741251,8.46137419696932
Y43E12A.3,0.00176014233361309,4.44470147908647,7.76840076240279
Y43F4B.5,0.00170472032754009,4.92549589619697,7.29952134742729
Y43F4B.9,0.000649795364868991,4.78316321641361,8.14861055876343
Y43H11AL.2,0.00386270975977556,4.65006698640307,7.28007276193216
Y45G5AM.2,0.00964610471382329,4.2306651111601,6.02658280028057
Y46G5A.7,0.00437578462495506,7.24842924098949,-4.00157119225784
Y46H3A.5,0.0166324905738136,5.29928726852343,-8.71201540428409
Y47H9C.8,0.0297213577915369,7.24452831208767,2.87491703965124
Y48B6A.13,0.0135130976594387,4.51583153047049,6.99997170308993
Y48G10A.1,0.0301944163877096,5.28137421795911,3.68534350467485
Y48G1C.6,0.0325439571327985,6.88999182275975,-5.56345459685195
Y49E10.26,0.00641218555104632,6.13076016855778,-4.02134368252855
Y49E10.30,0.0145479017589639,5.91151862195794,-7.95632541185732
Y49E10.32,0.0266263832383285,3.37437449618237,6.45285752657721
Y50D7A.10,0.0139081814639986,6.28386048765501,3.43004050271976
Y51H1A.3,0.0202393811083281,8.38920005540069,-1.82085942431457
Y51H4A.937,0.0419299985283118,4.49892358142849,-7.82952536452474
Y51H7C.12,0.028449306297231,5.5369328110108,-8.96579321917713
Y52B11A.3,0.000053886418686297,5.60345739996127,8.41305400612755
Y53C12A.3,0.0000175340556768044,6.08147487290996,8.62087409665194
Y53G8AR.5,0.0104411858194639,4.10707651910879,7.37567055948444
Y53G8AR.9,0.0420153905944718,5.4711731234583,-4.2106422993363
Y53H1A.2,0.00000348607188785908,6.53498129062957,10.0077328378693
Y54E10A.12,0.00310870334682207,5.87670580399982,5.00557825990125
Y54E10A.3,0.00470094899434279,6.80748457237828,4.00671806918988
Y54E10BR.2,0.000102848884900448,5.83796327872223,9.28350995773443
Y54F10AL.1,0.000436200203703094,6.68713516225319,5.88731057728572
Y54F10AM.11,0.00785899258332981,4.98574221503405,8.37254017905738
Y54F10AR.1,0.00921781981285406,4.57591212901687,7.91534472668474
Y54F10BM.6,0.000740951720790464,6.32358785070592,-8.82712391303629
Y54G2A.18,0.036806075480314,8.47969718860965,-1.7734579132826
Y54G2A.58,0.0285238893761775,5.53456154687554,-8.96223013436491
Y55F3AR.1,0.00863408334658045,4.356201015716,5.99026141474487
Y56A3A.33,0.00581806445696046,5.93285766391541,-6.2017519769508
Y57A10B.6,0.000101158018654766,8.27234253355444,-4.95200141963385
Y57A10C.1,0.00835270474592998,5.64684357989431,-9.08227036435309
Y57A10C.11,0.000242297790455882,6.56198552305947,-10.0355915709062
Y57G11C.33,0.0148549207265361,6.2969570827345,4.03370997482951
Y59A8B.12,0.0048703544839139,4.4900916083971,6.62920157870436
Y59H11AR.6,0.00394327168767405,6.32908764982185,-6.70017377252942
Y60A9.3,0.0497853940065062,6.72457230665172,-2.68065162721223
Y61A9LA.3,0.0213256203407089,7.45175727223755,-3.14685330811605
Y62E10A.14,0.000761062944012432,5.14795335216635,7.7938764613602
Y63D3A.4,0.00103266385479734,5.59576294223072,7.74659310490387
Y65B4BL.3,0.0000118238532508167,5.95512674787741,9.40607265672018
Y66D12A.16,0.0116380685562059,6.16580858639608,5.19843576629787
Y66D12A.5,0.0109252459505705,5.09007822876062,5.76347598559485
Y67D2.4,0.000565749441758253,5.54261177853913,8.97187248200152
Y6D1A.1,0.0255456900049674,6.83056667585453,-2.60621297337067
Y71F9AL.6,0.0317184563354715,4.0108431271293,7.25869561296785
Y71F9AL.8,0.0283543753456338,3.72581739305853,6.91012003972603
Y71G10AL.1,0.0227324981946537,7.32759932921802,-3.79033536216232
Y71G12A.2,0.0314399436584789,4.36987906440857,4.3785663972607
Y71G12B.23,0.0143167503516281,4.88805998074051,5.92101445718418
Y71H2AM.20,0.0457158491736159,7.62802889752277,2.4416465312751
Y71H2AM.6,0.000113929339665473,6.05176170173161,9.50718081608319
Y71H2AM.9,0.00997894804663908,4.16025535192453,7.43811096844244
Y73B3A.1,0.0278945044402916,3.87160090122197,5.46395424847246
Y73B6BL.12,0.0451984859861191,4.43201595611681,-7.75211346255533
Y73F8A.24,0.000785384036362761,5.53255455846281,6.31683018527802
Y75B8A.16,0.0358282752615055,6.616934682828,3.12584499367053
Y75B8A.31,0.0202149438685877,7.91029324600417,-2.41017121565053
Y75D11A.3,0.0235677593671509,5.94572557602766,4.52446404151107
Y76B12C.8,0.0461352759244957,4.42231455783894,-7.74172504679192
Y82E9BL.3,0.0438673837945229,5.78357305438568,-4.92332653141959
Y82E9BL.5,0.0000205148237151503,7.5044514629198,-7.56982924287298
Y82E9BL.6,0.000901874478021954,6.80266937857653,-10.282680093283
Y82E9BR.14,0.00507690073349024,6.82474817637088,-5.89629946261599
Y82E9BR.17,0.0137135405788973,4.27088548955494,-7.57163565035291
Y82E9BR.3,0.0419857669904938,10.8299449319592,-1.39172055201148
Y87G2A.13,0.0306212867327522,3.09597122893935,6.06084878949982
Y87G2A.7,0.0494979388848153,6.60230535388258,2.91125651553514
Y97E10AL.3,0.00288062178925894,5.66116298796984,5.31042013954345
ZC239.20,0.000389922842698621,7.5419302800437,-4.67567557946328
ZC239.21,0.0000937846947062547,8.94342109006525,-5.39967965120492
ZC373.1,0.0218987537404498,4.42520486077563,5.13621206157816
ZC376.6,0.0000064067504420028,5.94282863270709,9.08414851986562
ZC477.3,0.0000199341179133181,8.3985889054412,6.09743441933336
ZC53.1,0.00113075308765993,5.2560168297756,7.98185951592984
zif-1,0.0268691019504201,7.61061724185835,3.04667730230137
zim-3,0.00244912194943487,5.04832945832051,7.46121277065789
zip-4,0.0478602180551259,7.56494704495306,2.37205779597675
ZK1053.3,0.0415193952869959,5.21508714543311,-8.62009345007783
ZK1128.4,0.0290497522339873,5.82036568974045,4.29074493100201
ZK1236.1,0.017397106869416,5.44022338876153,4.64151750666645
ZK1248.15,0.000330876706036242,6.38217899474747,5.54810048452295
ZK1320.9,0.00612711374166073,5.95243457707482,5.28473821881944
ZK180.3,0.0000128415083227025,6.04568917663166,9.50077306076862
ZK228.12,0.0249591302505901,4.56066242180362,-7.90456965822185
ZK265.9,0.00571778436555393,4.21736482026645,7.50570886295822
ZK380.t2,0.00221407322257899,10.0002163834603,-2.47329313922662
ZK546.18,0.0307367039562348,5.47036415684682,-8.89410972990524
ZK550.3,0.014590514660434,4.7110849712405,5.04931884415314
ZK616.5,0.0000839322427103699,6.88844314392881,6.1638239710843
ZK616.6,0.0318741059478796,7.31594412500664,2.76725262541486
ZK632.4,0.00430357807571057,7.56572798232317,3.74196698358881
ZK637.15,0.0179229856857561,6.19656052844007,-6.36484497137664
ZK673.5,0.0361890316872775,8.18232874088993,1.87165903501684
ZK673.6,0.0481246732135117,3.77945063629836,6.9773890650531
ZK675.4,0.0476664448703223,3.14083546654864,6.12314749244539
ZK829.4,0.0394758729237737,8.08773919159993,2.48211843084273
ZK856.10,0.00820390028614407,5.6592244344345,5.59011298330341
ZK856.12,0.017715107909817,5.39748673091317,4.16541317042171
ZK858.7,0.00000463624894079291,6.17334565291432,8.91983952324412
ZK863.4,0.0262188619818066,7.93136744138161,2.29352354843484
ZK899.2,0.00286112585344238,5.54121038728602,-8.96980452889048
ZK899.6,0.00248083960478349,8.23575554796786,-3.97230644225604
ZK945.4,0.017957737083856,4.46223257944998,7.78892455403118
ZK973.2,0.00069162589628917,6.81859672264837,5.56059562606686
ztf-11,0.0000890079739361135,7.77931639561966,-4.40780488120821
ztf-22,0.00203682806496194,5.27111750026815,5.93477192042781
ztf-9,0.0150311823588121,5.91421270772461,4.43082339118344
zyg-8,0.0157569773793109,3.41957243302463,6.08089516715533
zyx-1,0.0136956951251136,6.14241464675021,-9.60402007198174