aak-1,0.000770445766837504,5.74035669385361,9.02875992700655
aakb-1,0.00175700223077336,5.70088363141728,8.98716323359288
aat-3,0.0122398078618182,4.92159199158781,7.41021869532528
abcf-2,0.0292682095528762,8.59262940424054,-1.93019545243569
acdh-11,0.00732303368610977,7.73695293056683,-2.99968328723898
acdh-2,0.0347271783948872,4.86166383960744,-8.40708301601419
acdh-9,0.0448198569223404,3.58379100254081,6.57701155221006
acl-3,0.00503366512498847,5.46680731485684,5.56938246415695
acl-5,0.010080092294342,5.33175925888822,7.04775580519942
acs-13,0.00216341290940817,5.98407720535922,6.63115824469553
act-3,0.0340527117456175,8.86071600904707,-1.66519801554446
agt-1,0.0101455509646128,7.65515788600172,-4.25759821687964
ain-1,0.0429283273952553,4.66815266789771,4.75547394061921
aip-1,0.00580014369554332,5.06829363501915,6.78518036262689
alh-1,0.000131295846927334,5.84933660231281,7.65323848412785
aly-3,0.042048979570079,9.6415713952747,-1.49081400931096
ani-2,0.0205174152287471,6.61503517599224,3.50305387620375
apc-16,0.0494000310536063,8.39949704287449,-1.95768881897427
apg-1,0.0104372581456569,4.89042373456253,7.65472392272658
apy-1,0.00207478405620246,5.24699951332692,8.50346966208407
ark-1,0.00112087523653606,4.98203833556554,8.21574832995261
arl-8,0.0225792872261912,7.8029083041227,2.88510643633377
arp-1,0.000580326022917704,6.40855508012254,5.79809580663635
arx-1,0.0170329548328766,6.48935118996391,4.86286685900052
arx-6,0.0112238902560252,4.85942137402813,6.11678328830952
asc-1,0.0378391842804482,7.47171599802313,-2.64044416029301
asg-1,0.00651364506928768,9.68570192584465,-2.28715764175006
atad-3,0.00367688563889006,5.47710081241031,6.58316229767677
atf-7,0.00990960551211225,7.33668423633609,3.87229213520594
atg-13,0.0191375870776437,6.98386620717205,3.79175901216903
atg-3,0.0205841092008063,5.7521432607553,4.53949061752
atg-4.2,0.0311352428873603,5.64312637318285,4.27590415816364
atn-1,0.0342680923041051,4.12055144108385,-7.56059209690971
atx-3,0.014297874930439,5.83276383646696,3.98255713475716
B0001.2,0.0117587942616992,5.96206849849207,4.80984314880404
B0024.13,0.000146219169855782,6.20315476033569,7.72418922207944
B0035.12,0.0051234358286516,6.1520634033735,5.29318232391483
B0041.1,0.0331227201487399,4.93565363515479,-8.49123769355512
B0261.4,0.030604557247943,7.69202948303074,-2.35665123708291
B0310.2,0.0152074087456501,7.43011618060801,-3.70805397754338
B0331.2,0.00403639419384679,5.43403784404629,-9.02724707185135
B0336.7,0.0395495149503922,4.70710364476851,6.57406866397738
B0361.6,0.03434862460095,6.6718609436463,2.71400962341845
B0361.9,0.00523711307004954,5.06605304554366,8.30757015181344
B0393.6,0.0064329901002977,6.79625585031814,4.66195109909167
B0432.10,0.0111526704005361,4.47164762815258,7.64701459837287
B0432.6,0.0367082447393587,3.93725690985485,7.02005134405069
B0432.8,0.00357375849040501,5.26775681029726,8.5256615676414
B0495.5,0.00248369093504954,5.24467791854155,8.50111884910302
B0564.2,0.0197566136720313,4.43586522800003,7.60420831584479
bath-31,0.00000285235881684181,7.54335998959691,-9.93711382007093
bath-44,0.000166389175964369,5.9853064201346,6.97124781303738
bca-1,0.0438505323079867,4.56320997060654,7.75117926313434
bca-2,0.000442407217110515,5.87332928882218,9.16831571001073
bcs-1,0.00002632436504469,6.50980403263498,9.82975899521537
BE0003N10.1,0.036273330051541,3.69194527354746,6.71627787967282
bir-2,0.0295550905459917,6.22157995316158,4.16386781800004
brc-1,0.0404654431432345,5.30508735724577,4.42258980832096
brc-2,0.00290967129371667,5.58682920404999,6.27863883900919
bre-3,0.0408122410368443,5.16816733251125,8.4185257086102
bre-4,0.00297678929483374,5.13917045642898,6.63126418835225
btb-10,0.0130133921774987,6.69298575478124,-5.44376283793209
btb-19,0.008755337188386,4.80009829562373,8.01599038098212
btb-4,0.0492930791364089,3.86021452648233,6.92565149237579
btb-6,0.0253313947411433,8.11535491109982,-1.89020468087787
byn-1,0.0327511984040501,6.79897753312101,3.48982995018044
C01A2.2,0.0248137247926914,5.67931378761822,8.96319990357386
C01B10.8,0.0000158313212298012,6.36419916924299,7.72904037435261
C01F1.6,0.00715933482606465,4.74913515010637,7.24212824488546
C01G10.10,0.0177648125954946,5.63101253332121,4.93643372604438
C01G10.19,0.0411958756713639,4.69735530120665,7.90150351158554
C01G10.7,0.000272396403861492,5.69027068041367,8.03563421352465
C01G12.1,0.045555571207483,3.72085864496448,6.74967518827579
C02B4.4,0.000549237471980584,6.29049402958139,-9.92500395330388
C02F5.10,0.0401476645970154,4.71287649279395,-8.23884808689256
C02F5.5,0.0106846661234492,5.61291711546859,-9.21518042443984
C03A3.2,0.000164956428947911,6.45970204784279,7.86169457184621
C03B1.7,0.0376475722345248,4.50717429612685,6.86486686999263
C03C10.7,0.0162967369088529,5.35354764379318,-8.9388063029741
C03H5.2,0.00365287842892208,5.50743482208082,7.83281754403948
C03H5.5,0.0208727061036861,4.17115144430164,7.29962004326197
C03H5.7,0.0426588198289036,5.4047866588281,-7.14396953250057
C04E6.11,0.0002270276020991,5.91728073944782,8.66858645673732
C04F12.1,0.024531737656982,4.7689575160012,4.99109557427257
C04G6.4,0.000013727299638792,6.62481963548086,8.60649949366051
C05D11.5,0.0109236738711249,5.59461638892573,-9.19578443209728
C05D12.4,8.34275980407068e-7,6.55156137577714,-10.1953062863463
C05D12.5,0.000631493419191553,8.07203067336994,-3.45349405384106
C05D9.7,0.0000161517643803253,6.61069886543263,8.81111602282952
C06A1.4,0.000938514232422613,5.37634976494885,7.51711156331142
C06A5.3,0.000632901055106791,6.85808738780458,5.61307102814474
C06A5.6,0.046972642908306,4.41264090805317,7.57956725700247
C06C3.7,0.0152332792596393,7.78701892729713,-4.32089771206178
C06G3.5,0.0169978360130248,4.94206800612938,6.13939567535849
C06G4.1,0.0000501281986469833,6.43600782650905,8.59867884115731
C06H2.2,0.0239732729664406,3.91523109802281,6.99278306476298
C07A9.2,0.0407665266330191,8.7095360840842,-1.70229635934919
C07B5.9,0.00760754589005828,5.82690408390449,-9.44198619214736
C07D10.6,0.00527976104524084,5.3226156803942,-8.90595943738747
C07E3.6,0.00213293696964987,4.96669934051922,8.19874377687919
C08A9.6,0.03067069521262,4.87640012452665,5.60767508464145
C08B11.9,0.00251690848252741,8.80433229367302,-3.76398503726628
C08F1.10,0.000484638629019965,6.7794358038882,-10.4285646375458
C08F8.2,0.00000191528980636059,6.56364501414249,9.28326231163745
C08F8.9,0.0122115888493286,6.87117856346768,-4.33785904237904
C09B7.2,0.0301463497567544,4.62287247381846,5.99541225610105
C09D4.4,0.0000556141864573411,6.36734846085562,7.2863506539888
C09F5.1,0.010595052953801,4.65054223380464,7.84885290354087
C09G5.8,0.0361850947584237,4.52861467728891,7.71167796933253
C10H11.8,0.0353514164348418,4.2015446742509,7.33534483352897
C11D2.7,0.0374959007898246,6.64763467559777,3.26030786010517
C13B9.3,0.031049963123044,7.13076640870985,3.36018196044246
C14A4.3,0.000140544510937303,5.87982572810134,8.09317827215632
C14B1.9,0.000015064460266356,6.63059245320567,7.7782356108851
C14B9.10,0.0287100884023035,8.72552831566924,-1.89313112855558
C14B9.2,0.00971063591984643,4.72023016934911,5.55793717746855
C14C10.2,0.0419048762973757,4.84316467627843,6.46091045408074
C14C11.2,0.0133561668868645,4.68528660360337,7.8883485683148
C15C7.5,0.0330205124434701,8.34146730928449,-3.33745146710717
C15C8.4,0.00277643755211023,5.69850141034832,7.84638107172867
C15F1.5,0.0051111501346119,7.48567112667883,-3.95352846760344
C15H9.5,0.0496721316826189,3.60011787916921,5.02008090518275
C16C8.12,0.0437827549122887,4.36366886164796,7.52349697186536
C16C8.20,0.00804024442299455,5.06678193963306,8.30737098062398
C17C3.1,0.00716398374531757,5.63519759047422,8.91781965792121
C17D12.8,0.00016991613605269,6.94721686756358,-10.6015018147246
C17E4.3,4.24634229031945e-7,7.45344919991465,7.33118121034321
C17E7.9,0.0321774784091312,7.92559887453711,-2.29906635309719
C17G10.2,0.0026992023680186,6.56902620329477,5.15497082334942
C17H11.2,0.00285810632426139,5.37041039279141,6.01514734348067
C17H11.6,0.0141663462191889,4.56580359092078,7.75356830570305
C18B12.6,0.000646598340724805,5.6531271215435,7.27576295879705
C23G10.2,0.00235478587646404,8.56405995891603,-2.74982836645162
C23H4.6,0.00410812173508132,5.21582568329927,-8.79160771054755
C24F3.2,0.0000185072709481141,6.96532554625366,8.72696367449335
C25A1.16,0.0424888825038091,8.32552493722698,-1.76194558046489
C25A1.5,0.0314686905430271,7.71296138811196,2.49898791159934
C25G6.4,0.0206688800320048,5.49268444796652,-3.51351564336334
C25H3.12,0.0290885219704767,4.99437902733517,-8.55269049952931
C25H3.4,0.0256203430027942,7.21090698519878,3.26050611711404
C26B9.1,0.0126232099246466,5.05352843614633,-8.61716052854876
C26E6.3,0.00958663115079686,4.96108809952365,8.19274913430927
C26F1.3,0.0460474329654675,8.66025340539818,-1.67659230545891
C27A7.5,0.00426776887602819,4.44737814318016,6.66482777855475
C27C12.3,0.0208601572062832,4.50193357197537,7.68159608797706
C27C7.1,0.00331711051864454,5.03300205713723,6.64226851952218
C27D6.4,0.0196286417869238,7.46986128759577,3.72330279883112
C27D9.1,0.000248597544224478,6.28471858082845,9.59703143723481
C28A5.1,0.00840024225201493,5.54843733142352,5.16342512642943
C28C12.12,0.0245113190796795,6.84438175638105,3.8309267396878
C29E4.15,1.27510831499939e-7,7.00825082580483,10.3410672807223
C29G2.1,0.0427011374260703,4.66016773118871,7.86054350985606
C29H12.5,0.000573224950994106,5.40088083890708,8.66843787458056
C30C11.4,0.00158869818245162,6.13491284666633,5.89701761459255
C30E1.2,0.00731812979084065,5.89219918034448,-9.51229592083494
C30F12.2,0.00320317354847378,5.44280517244395,6.86258907106583
C30F2.5,0.011890840618661,5.55503888974662,-9.15378339133857
C30G4.4,0.00972841947149954,4.70022226243086,-8.22711798299096
C30H6.9,0.020455386568313,5.22056204366421,4.73847010019603
C31C9.2,0.00885397918485795,8.30331358579785,-2.33436387418836
C31G12.1,0.0022502810101327,6.34353728267611,7.2096004243388
C32F10.8,0.000223597756907995,6.50793771417722,8.82035803473373
C33A12.1,0.00931255409594133,8.97914193866151,-2.58613995634471
C33D9.5,0.0449429291181957,4.62888191353646,-8.14718756901464
C33E10.3,0.00171242065507602,5.77791094987706,-9.3900852291611
C33H5.18,0.00315626939043481,5.53551000913397,5.71722278089867
C34B2.8,0.0409504723184074,9.3625168402467,-1.72637442504279
C34E10.8,0.0359959661412563,7.7331690579874,-2.00912552795942
C34G6.5,0.044559018886196,6.59165464943524,3.39953971779966
C35D10.10,0.00973721325865508,6.87552915046171,4.0524963673718
C35D10.13,0.035033011322627,9.13565274597115,-1.70188806013204
C35D10.17,0.00837031893375721,5.75264974446432,6.72922639374927
C35D10.5,0.000052451125820903,6.24295131732852,7.65922167748006
C35E7.3,0.0141994838174266,5.18398803190853,-6.92678537766168
C36F7.2,0.0371791067558347,4.98888311586414,4.19877822047998
C38D4.1,0.00835298545405513,4.7265970199752,7.93416930179455
C38D9.8,0.0425926336542847,6.78395535999643,-3.92338373554452
C39B5.6,0.0390468422692883,4.37664709047995,6.40011618782068
C41D11.3,0.00146759025392581,7.29727607638121,4.45513461362202
C41G7.3,0.00065088275459645,6.99395754512316,5.33687366407745
C42C1.11,0.0000396269223997989,7.00675628502974,8.84754752504344
C43H6.3,0.00494488338666736,8.50612687022113,-3.02722564874545
C43H6.4,0.00215771500564804,6.3293350062717,-6.25896271825383
C43H6.7,0.000146098613336152,6.57371391225191,8.51130023626801
C44B7.12,0.0446819035860303,5.4893723624993,3.97534643219839
C45G9.5,0.0399932316200762,5.11839976496244,4.23142878617399
C46A5.5,0.00257876971044135,5.35773456011967,8.6219942987449
C46C2.7,0.00033174951195593,5.47894404526207,8.75170074971873
C46E1.3,0.0232140282971132,4.87865527456506,-8.42492541201762
C46F11.3,0.000970880561492317,6.15236262196754,7.97172587615808
C46F11.6,0.0499295696450698,4.37508124949055,7.53668972971444
C46H3.2,0.0324224453530824,4.20786582388474,7.34137288885862
C47B2.2,0.00359966466411822,6.74410843758351,3.85955237354161
C47E12.3,0.000412854153014072,5.60010327011886,7.78272148175669
C47F8.1,0.0471842665400013,7.27802935522664,-3.00608930399841
C47F8.6,0.0261481521237002,5.14687656528446,-6.74379554092442
C48A7.2,5.21242509128581e-8,7.47037474893038,8.24627767814819
C48B4.11,8.9354285539882e-7,7.15614311503415,7.88557814362546
C48B6.10,0.026654413547339,8.00652609607539,-2.00253506467904
C49C3.8,0.0171643608259962,6.5067296797317,5.55803957965659
C49C8.3,0.00982107827876664,4.56348697357312,6.12450280527904
C49F5.3,0.0234367937352356,6.4158427218956,4.20750356896288
C49H3.9,0.0337104087691486,7.3909711751214,-2.30752165081621
C50E3.12,0.00275258164375963,5.54010962903302,5.56649877016094
C50F4.4,0.00920884087743512,4.8716204084742,8.09461191625686
C50F4.6,0.0059950749129058,10.1403838224951,-2.12002123933832
C52E12.6,0.00217764742449527,6.5513228323969,-10.1949185033854
C53A5.16,0.00439353695017972,4.720029166047,7.92688901516651
C53A5.6,0.0425705448101186,3.61321699008856,6.61464477550768
C54F6.12,0.0346065999538905,4.8440781176523,-8.38463819493731
C54G4.7,0.000432082915140527,5.88002452759577,9.17535796897022
C55A6.10,0.000133391162211066,5.71726682578957,8.31699313897288
C55C3.5,0.000383155875193705,5.5964892327644,7.03999915112069
C56A3.4,0.0222281592201589,10.7689450064201,3.22295176787629
C56C10.9,0.00694082412241258,5.56002607641587,4.77414477491255
C56G2.1,0.0123371807824808,4.65427232386986,4.523308142001
cas-2,0.0235017350375813,6.14978799387118,3.61216638931996
cblc-1,0.0106069692992395,6.3139539452825,3.80013012298135
cco-2,0.027165119494044,9.15071806582717,-1.7503283705531
ccz-1,0.000439780935647418,5.98822063074758,7.7962943380536
CD4.3,0.000351183923381141,5.80819448516085,7.56965027915282
cdc-42,0.0178939810646395,8.52537447494877,2.49910104571411
cdc-48.1,0.0309204922847323,6.91985274800746,2.98269450450617
ced-4,0.00581562916451984,5.46345052012938,8.73541879014151
ced-6,0.0163894438645082,4.60825607983757,5.28746421517655
ced-8,0.000128660704353537,6.72774534359962,7.60393010864995
ceh-41,0.0215790121420413,4.1743438109277,6.48549868043145
ceh-5,0.0195153158521437,5.26071487810055,-8.84062113600075
cep-1,0.00242204478934832,6.98916695499999,4.97188666976698
cey-1,0.0027088725330521,7.01296931981007,3.89493230207679
cey-2,0.00115337060016396,8.94226808199049,3.08888574046956
cfz-2,0.0015364314252548,5.83973264013056,-9.45501886982336
chc-1,0.000771192345522636,5.75562201827639,6.59263120906254
chin-1,0.0070874069591074,5.09933933688992,7.58694846513989
cit-1.1,0.0000234120628927053,6.49320286831234,8.92679033381513
cka-1,0.0000153250164238542,6.44136212656478,8.55065972383904
clec-123,0.00442857609853575,6.11920956555158,-9.74665646283276
clec-157,0.0210479677365266,5.21100244717984,-8.78705698864897
clec-87,0.0482491330471905,11.9729034468427,-1.46189667182657
clh-3,0.00290194627671613,5.173046682016,7.77798797291402
clh-6,0.0434679403435828,4.10372940281126,7.2175712639565
clpp-1,0.041770395500045,6.05747916828246,3.21335103093474
clr-1,0.0000440363338332912,5.97690616868674,8.48908622295519
cls-2,0.000716202983052555,5.20677762960039,8.46013982124927
cnb-1,0.0263322329769366,5.34443729537866,6.29125226235753
cnd-1,0.00370678889419925,5.48844459305216,-9.0841311336398
cng-1,0.0298300371628916,4.94786911499,-7.16104362445177
cnp-3,0.00518358992960727,8.14028600994796,-2.68033711277031
cogc-2,0.0000155890081724103,6.62432585214135,9.49596802520243
cogc-5,0.00338482479775686,6.38090685629263,5.37588012537962
col-155,0.00719302339022401,4.53353976336517,-7.27672702576733
coq-1,0.000164277283694519,5.81751323123639,9.10978362044013
coq-2,0.00000377726765931818,6.70149929042219,10.0269082017821
cpb-1,0.023949913873602,4.3461619080296,7.503086895011
cpg-1,0.0215199760310734,8.46627822487522,2.51298238661366
cpg-4,0.0000164513337895549,6.45127483965747,8.85033032230494
cpna-3,0.01037237205689,7.08673165696644,3.30998448144762
cra-1,0.00501037167801813,5.44392100292352,6.67314224616332
csb-1,0.0441238002385409,4.86779744531969,5.44397087662778
csnk-1,0.00892738227423465,6.08830349393572,5.12463979274621
ctns-1,0.0447668006283716,6.2863547706172,3.74386214368051
cutc-1,0.00534128812717543,7.91083088753999,2.64986163382781
cye-1,0.0139416744800419,4.44626812354418,7.61780851986903
cyn-12,0.0390736072056676,8.45995463876127,-1.63400540417001
cyn-5,0.0362290243587236,8.90741693021799,-1.59993353757978
cyp-13B2,0.0404655869010947,6.76644838912401,-3.48744715411329
cyp-44A1,0.00309919183654381,5.39825937834031,5.8414445761921
D1005.1,0.0085046475618952,5.10920378278608,7.21262796742689
D1007.10,0.00503706491522581,4.97969674406106,8.21357380882984
D1044.6,0.0255275209802901,5.37259805270081,4.92909507442475
D1046.3,0.0134917864454323,4.71357788545966,7.01256309006793
D1054.17,0.000258361648020526,8.22113587706295,-6.31621089993824
D1081.7,0.00760062754765068,6.71986147663008,3.89305130360937
D1081.9,0.000995935442327491,5.30123529573924,8.56155377934878
D2023.6,0.00081144109863802,6.06329226975442,7.37474123565458
D2024.5,0.0483675491484129,8.51890024743935,-1.64103044500154
D2030.4,0.0252586175323721,8.76585183202779,-2.21858674554284
D2063.3,0.0092176196617306,5.48339319028301,4.88355033555785
D2085.6,0.0201563755699299,7.07216730426778,4.75416328037595
D2096.12,0.000587249218299022,5.39696462372169,8.66439079669607
D2096.7,0.00154076365310292,6.78880740536229,6.91798004337954
dac-1,0.0197100590048556,5.24804775361731,-8.82539496274556
daf-16,0.0233340240112718,7.23382495076551,3.8658930078492
daf-4,0.00157119157295824,4.79554616785663,7.20388179516595
dao-3,0.0468669114809448,6.99750765797936,-3.72186378105842
dars-2,0.000565665992886928,5.34010674768534,7.89388514889739
dcaf-1,0.00289399216394823,4.64145957845056,7.83883361045111
dct-13,0.00764544200124125,7.29099929375941,-2.90985734198209
ddl-1,0.00334766102417674,4.60910903985478,7.80182918213243
ddl-3,0.0172211245983692,4.42710973727714,6.09418511318329
dgk-2,0.000590600759180979,6.27825636595681,9.59039310574552
dhs-27,0.0198420444948501,4.43455714314504,7.60492391002037
dhs-6,0.0476367023108186,5.48769448668239,4.43376462873275
dis-3,0.001680866392647,5.90172287714299,6.06289495262585
dkf-1,0.0125775414966849,5.02530183591086,5.68189943152374
dna-2,0.0113257497288153,3.98490358896305,6.54953061426036
dnc-3,0.0389840985078655,9.1637210138346,-1.51429412912386
dnc-6,0.003910365861554,7.1695945714924,4.53062951222616
dnj-1,0.00686601546161284,5.31454331637036,7.83834447940586
dnj-2,0.0422456794074551,3.97659781415761,7.06717963226199
dnj-26,0.000487874506982247,5.63753398545901,8.92009381752135
dnj-28,0.0006029204153519,5.49501775332884,8.76903274396079
dnj-4,0.0232489342804427,4.7652200844071,7.97705729816788
dnj-9,0.01522137399559,6.84960952388027,4.12863896849664
dod-6,0.0157107201355453,4.9745979756191,-8.53025201497196
dpf-5,0.0000928813425957454,5.84369411852329,8.58242127662582
dph-1,0.0486536277148496,7.65241474068723,1.99236458607831
dpy-19,0.0303150954353983,3.87433431682876,6.94160682800522
duo-3,0.0335663255534553,5.96161022789172,3.58949553986098
E01G4.7,0.0304818330984436,9.10019186641516,-3.55383018683839
E02H1.6,0.0145813296098342,9.01073626539934,-3.44328453942388
E02H4.6,0.0209462990687933,4.09623129448885,6.25230824146368
E_BE45912.2,0.0246951687409438,4.841744657225,8.06187518034246
ears-1,0.0350804608004458,4.31500731472766,5.21566067913939
eat-3,0.0272390863267709,6.23907758214553,3.22804058519677
ech-3,0.0117680819951814,5.11710525353011,6.22108655217775
EEED8.12,0.031785743229018,7.02080085666158,-2.21734846675545
EEED8.4,0.024346364320433,7.21457152524038,-2.20357726301697
egal-1,0.0466086579277416,4.5071512743074,7.04261634201638
EGAP2.1,0.0037066898571572,5.32367671905457,8.58545023123465
egg-2,0.0172808977777413,5.04282609333429,6.73889170076242
egg-5,0.00450298886853922,4.22134520863343,6.8236970509933
ego-1,0.0124765733924297,5.58051688698001,4.45957152259662
ehs-1,0.0137757694836598,5.71110086135647,6.64455010564633
ekl-6,0.000418198391724339,5.73799135862879,6.37466117592554
emb-8,0.00150202292382034,5.7845669617135,7.64889014302853
end-3,0.00335441818155388,5.54146749413068,6.97451471571524
eor-1,0.00911539241679889,5.30305221365992,8.56396616953114
epc-1,0.0452410243073469,6.52805251658226,-2.41321943157524
epg-4,0.0358133801835118,6.90744300735613,3.04892194463772
erl-1,0.00560375577887109,6.83531635168027,4.54844101362539
ero-1,0.00568531279982648,6.90290002443934,3.99850381646631
esyt-2,0.0251069195860342,3.90015263845991,6.97459473570729
exc-7,0.0301037774132943,3.96035826043174,7.04724736489361
exo-1,0.0462399859178745,6.55956702465113,3.27689146149406
exos-1,0.000264811892166593,8.50030042443785,-4.10557367218455
F01G4.3,0.00150966063006369,5.20181252876229,6.96837519815015
F01G4.4,0.0357112148303456,3.74504752385706,6.78179822115753
F02E8.4,0.000191042264526691,6.60162294689044,5.59942872866384
F07C6.4,0.0106261271559791,4.70425902054495,6.75116917424843
F08B4.7,0.0483405800079243,9.72329528425358,-1.39779718492674
F08B6.3,0.0182334480329804,4.71941042746421,7.92492899706225
F08F3.9,0.0229946012973347,5.14695192979063,-8.71611440852783
F08H9.4,0.00365073744098097,5.50677380759495,-9.10389725065773
F09A5.4,0.020869657091138,6.37076599337167,4.50493552576759
F09E5.16,0.00478119743651496,5.30661460162544,-8.88942488693263
F09G8.3,0.00134887343191042,5.32530092622331,6.79011123668657
F10B5.8,0.00000177814872945374,6.88497552272869,8.38018851727982
F10D7.2,0.033611580845341,4.67110646738381,5.74618821811445
F10D7.5,0.000213133860455849,5.97229922138339,7.04303198925528
F10E7.6,0.00105244318946145,6.08217931076594,6.51028305001471
F10E9.7,0.0430524662796857,9.23086312275325,-2.02407995823906
F10G2.4,0.04504693953233,9.64956205863416,-1.75387537633738
F10G7.9,0.000194887773316084,5.68247279123452,8.96768839956895
F10G8.8,0.0337024809403487,4.00847563464742,7.10568124355401
F11A10.6,0.0284698603629758,7.28002599003634,4.6712916051902
F11A3.2,0.00597335997754417,4.88590238306599,6.78789070595934
F12F6.12,0.0364347432002581,4.79900731028135,-8.33472107291469
F12F6.8,0.00235676649837475,5.83461820930087,-9.45019470699198
F13B12.6,0.00212258165092677,5.7175119181624,6.31417250179288
F13E9.11,0.00330357148531394,5.1280779927068,-8.69734704982102
F13H10.4,0.00205694230405994,6.33363997289273,5.41348432010087
F14B4.2,0.00000952745221039391,7.17349927468738,7.44287488278581
F14H3.5,0.00695807782073975,6.12344775251793,4.90511536803326
F16H11.3,0.0323457272469156,4.25362486954018,7.39563409382535
F17A2.13,0.00820326672066535,7.355127998932,-3.49356257551054
F17H10.1,0.00150168529903343,5.66861836927244,8.95311943315699
F18C12.3,0.0000271572741799568,6.02795580488487,9.33016526685135
F18C5.9,0.00139916482215788,6.26954776901467,-9.90489598593929
F19B6.1,0.0473830115127882,9.19000314537111,-1.5300161069023
F19F10.1,0.0192529103732591,4.66324661849813,-8.18601491425076
F20C5.3,0.00947643255943326,5.78878985368828,9.07995249924621
F21A3.4,0.000302720376888656,7.6650226938941,-11.3313520703541
F21C10.10,0.0164250133031811,5.03415133144557,6.6796812427444
F21D5.1,0.0377563147514054,8.16239652655432,2.3078394211381
F21D5.8,0.0239905860514887,5.51552641015622,5.27255427805854
F21D9.5,0.0396465840231084,5.52841024359839,-4.33380277765686
F21D9.6,0.00101160706701681,6.97338011729211,-10.6277412735727
F21F3.4,0.00113415455036902,5.7675036571681,8.09560493844828
F22D3.2,0.0356308638757056,7.0783202912811,3.50688626003172
F22E5.9,0.0090201496839196,4.81243349006918,8.02950296931292
F22F4.5,0.0483871128075637,4.57553871265516,-8.08714235573037
F22F7.1,0.0279146991151186,4.36414960961431,7.52371808948547
F22F7.7,0.0476408089669568,3.8948512135963,5.66681052405031
F23A7.4,0.0302629813604315,9.25055645492076,-1.8328706928212
F23A7.6,0.00250475061788264,5.61520194008335,-9.21823551951462
F23B12.5,0.0000134277026989795,7.27133284833114,5.78435383932878
F23H11.2,0.0496515150339281,4.01395128001228,6.50492776005978
F25B4.1,0.0162834111086057,5.42078462995256,5.19448189441178
F25B4.2,0.00343965575167449,6.14906494360356,5.36469292531698
F25B4.7,0.00000378107456126175,6.78459171414861,8.65133940376012
F25B5.6,1.64724603278987e-7,7.76889622958296,6.25838692846351
F25G6.8,0.000248163385902615,5.63367535244071,8.91607565211402
F25H2.12,0.0354011783124796,4.94315539121506,5.16400761546796
F25H2.2,0.0362942653921766,4.07094566359255,5.88628085794037
F25H8.1,0.00117258430899988,8.28513340680795,3.74233242138815
F25H9.2,0.0228741817710069,6.40745557586797,4.7799100627773
F26C11.4,0.0413678487086775,4.76376128932851,-8.30198065861913
F26E4.6,0.0137674773260288,9.16156537012419,-2.03643411816253
F26F4.8,0.00204423766895069,5.66400861462294,8.94825152024127
F26G5.1,0.00000939114304236685,6.42502632721105,9.03511611239747
F26H9.4,0.00220646363894655,5.15288002712008,8.40143588029781
F28B3.4,0.0134631610929298,5.16747419068875,5.65347509553746
F28B3.5,0.0140597368782445,7.64391837207099,3.60719016235876
F28C1.3,0.0042224275400612,4.58409323866203,7.77437785138672
F28C6.8,0.00536641037148933,5.33478084766308,7.1471241090363
F28F8.5,0.00000185520557709295,6.70424096001768,10.0297278866749
F28H1.1,0.00454131686884481,7.4944525915554,-3.71186104847665
F28H7.4,0.0229580096342918,4.90694823444519,8.13259547411892
F29G9.17,0.0175879588959106,5.31670434382225,-8.90078142022587
F30B5.4,0.00990412443419005,6.40113739761783,4.28852502331352
F30F8.5,0.0154984400308507,4.75811199974217,5.04247354764465
F30F8.9,0.0100417130339503,5.75241734559647,5.11452797435163
F31B9.3,0.000213824524455815,5.62355651313456,8.90520322670167
F31C3.4,0.00368834275783314,7.66642917527498,3.74165609402138
F31D4.9,0.0385014406341932,7.84745071191699,-1.89838179945304
F32B6.3,0.000420628339593748,5.99522802335334,6.71202586032337
F32D1.6,0.0186442189178805,5.33407840425425,5.14721428844324
F32E10.2,0.0268025281878112,8.83614916204868,-1.93651310296402
F33D11.12,0.0104408947962025,7.41461625660205,3.11801923055298
F33D4.7,0.00114939753275768,6.11050022910262,5.69046013006821
F33E11.2,0.000831514634628637,5.57201985805478,6.44918452504991
F33G12.2,0.00307986058836193,6.20603778192839,4.52607995538767
F33G12.3,0.000106049056264125,5.9721632592308,8.33340858584204
F33G12.6,0.022026454748219,4.07965239573828,6.38523613298348
F33H2.2,0.00000903007183227327,6.49429636072649,7.96050868180057
F33H2.6,0.0128252215641562,7.45905703278816,-3.36126191397318
F35C11.5,0.000119904892405993,6.01689018283398,7.72032196410863
F35E2.8,0.0156231614016457,4.83954872135787,-8.38196616156564
F35H8.4,0.0278329784330361,3.94675627027046,7.03079636874752
F36A2.12,0.0196785314905482,5.24804775361731,-8.82539519252116
F36A2.9,0.00283323134689947,6.74805770829468,4.55311774482331
F36D4.2,0.00784386710796369,5.12336984080865,8.36887872483608
F36F12.4,0.0000102771884514448,6.85053015180435,-10.5022879682197
F37B12.3,0.0111176059941521,8.0305501067146,2.90938588122133
F37C12.18,0.038752694167368,4.8214278176639,-8.36573213878045
F38A5.1,0.0362365215646485,6.73410882716239,3.22150979269926
F38A5.7,0.0422568891863202,7.87828487150737,-2.46623233445794
F38B7.3,0.00457907685059308,5.4400250301493,6.94147630047293
F38E11.5,0.0418026146259732,4.04133774558964,4.74753401791564
F39F10.4,0.00198342599750498,8.66326160162288,-4.76838944181781
F40F11.3,0.0437725139119298,8.13465876650413,-2.03488673961209
F40F9.7,0.0303956930703722,7.55440065968518,3.41533599668396
F40G12.10,0.0491659428990365,4.62038809692045,-8.14224833526272
F40G12.11,0.0000270623421233986,6.71239124849451,7.02914385541698
F40G12.14,0.000945396964497219,6.07608704016806,-9.70318385524592
F40G9.12,0.0000792001688972203,6.76319177679684,-9.22874230434642
F40G9.18,0.0455572191847366,7.33394569864248,-3.35730480800886
F40H3.1,0.0213792090215703,4.1883437299244,7.31943535385952
F40H3.6,0.0332413626267354,3.7144075693897,-7.06704661424451
F41D9.2,0.0290463674101262,4.9870805435297,-8.54388695173792
F41E6.9,0.00130352348987358,6.09076475603468,6.11976025252921
F41H10.3,0.0292353677434708,4.12215089728599,5.23834616354094
F42A10.9,0.00946052437035461,5.71694204146001,-3.58732352269035
F42F12.4,0.0253677550044886,4.75008457065715,-7.04460086702705
F42G9.6,0.00651894872606442,6.33566602397065,4.72174257988905
F43A11.8,0.000968652254996629,7.03822691195193,-10.6945692949889
F43C11.10,0.0156049985085288,5.39558436461526,-8.98524941649896
F43E2.11,0.0131439491746744,5.54574283978616,-9.1475369720153
F43E2.6,0.000264905790531753,7.76591724429476,-11.4339020042861
F43H9.3,9.35436544962785e-7,6.94797520734371,10.2794579693591
F44E2.8,0.00812590729783424,7.18100550923351,3.25463743535502
F44F4.1,0.00570650985520429,6.27189303853247,-4.77005116432645
F44G4.2,0.0234633094891366,9.45519044329395,-1.81544125616222
F45G2.7,0.026617450291978,3.49760984663238,6.46410536984307
F45H10.3,0.0138975125469392,8.06605817311735,-2.28221979337086
F45H11.3,0.0291431184312829,6.25025875268838,3.78032134405937
F45H11.8,0.0336327661942614,3.87535376027681,6.94414933413576
F46B6.6,0.00397338566748053,4.6560006400017,7.85504237486955
F46F11.6,0.00507322187175692,7.38725379100849,4.01902809783261
F46F2.1,0.010714956470356,4.18899887426863,-7.64523722938994
F47A4.5,0.00836142788616574,4.29421415037606,7.44278115895887
F47D12.5,0.0365251307415397,5.03924036960863,8.2787843674248
F47G3.3,0.0104425841832466,4.86650922920813,8.08910854196924
F47G4.9,0.0163782857891471,4.66770191391603,-8.19337498013765
F47G9.1,0.0289048906678927,9.67822828463987,-1.86301325597848
F48C1.6,0.00843625226489852,5.06109197120899,8.30094731181416
F48E8.6,0.00315052027181426,5.00574825636905,6.96295861876642
F49C12.9,0.0000324923155699074,8.41906014416091,6.2321149038908
F52A8.1,0.044217967721136,10.1670132989965,-1.57347955323365
F52B5.2,0.00000278638321022229,7.00549500191825,6.90541802690604
F52C12.3,0.0217847630829808,3.4125110157045,6.35109416759188
F52H3.4,0.00309714880048202,5.27637285004181,7.15874933906434
F53C11.5,0.00000903262528239705,6.40757018565003,7.84467788099267
F53H2.3,0.0497638954006211,5.30708976131085,-4.14891849823708
F54C4.4,0.0394373900722498,8.40694484040572,-1.88157882144372
F54D11.4,0.018333464203881,4.67118229992117,7.87216641476889
F54D5.2,0.0000957906203268762,6.7611614465677,8.44750383630342
F54D5.7,0.000307781323235136,5.91544328021744,7.54142295529456
F54D7.6,0.0338932369125223,8.25655963685595,-2.22007554427872
F54D7.7,0.0110205425879601,9.6296003377851,-2.17071825844689
F55A11.7,0.00111771254500882,5.02096694361419,7.52797791054756
F55A12.5,0.00198059180350652,6.51508511410265,4.89352377848443
F55C12.5,0.0130976952610909,5.12577635508651,8.37293224185135
F55C5.10,3.67780846881664e-10,7.57063490133934,-11.235602792756
F55C9.14,0.000132481212569022,7.18831657415986,-9.91992525337079
F55D12.5,0.0361645117008288,4.77730083258283,-6.28044487507205
F55G7.2,0.0231316180708808,6.07549683762602,-4.92449297786421
F56A11.5,0.00315339911761577,5.7501583342471,6.39987301208299
F56A8.8,0.0167126576507074,9.08685906215295,-2.53828270769684
F56A8.9,0.0100667841311203,4.36536647683365,7.52367116659516
F56C9.11,0.01225570009567,5.28898313504867,7.18043836882945
F56C9.3,0.0258279315861661,6.88988990158595,3.27229853369811
F56D1.1,0.00000135060742783224,7.01193471519603,8.13026652090589
F56D5.3,0.0412309332831986,6.15137787122717,5.92739188047011
F56D5.5,0.00013054474827575,8.94916184322396,-3.89941742602813
F56F4.8,0.00536011344827662,9.37896713295794,-2.78973071484301
F56G4.6,0.022207564211382,4.79756008761885,6.95085760235786
F56H1.7,0.00659377178401439,8.43358651670747,-2.54258100697037
F57B10.14,0.0219496371302427,8.56897518127334,-2.04688247280894
F58A3.7,0.0128222388181735,5.51212470253271,-9.10947061715964
F58A6.5,0.00293664933652704,5.84895006339519,-9.46419687582665
F58E10.1,0.00922781582120621,4.32976237042706,7.48375282848034
F58E6.6,3.30007163680555e-10,7.65928271105576,11.0033562433834
F58F12.1,0.00467663670972769,9.73454679094469,-2.6462162646098
F58G1.1,0.037457108219062,5.28843500170708,3.73478380140546
F58G11.11,0.00133410813942186,6.8594689528179,-10.5119142038774
F58G11.3,0.0284940451720273,5.62747937527059,3.80382557510752
F58H1.11,0.0227213957171053,5.16196067216511,-8.73407233585983
F58H1.8,0.0188906753551319,5.35742869671373,4.23222632658183
F59A2.5,0.00728058335344068,8.49760351039283,-3.34049052937026
F59A3.12,0.00000423902188453823,7.01341582879626,7.52815138539097
F59A3.2,0.000832281135682547,5.67577445274127,7.47175144267012
F59A3.3,0.00095499204577709,5.10831010326118,8.3533967570254
F59B2.2,0.0175317904346288,4.99394002200135,8.22919788365862
F59C12.3,0.0303588744908017,6.71665449505425,-3.5771032156302
F59C12.4,0.00257283027644977,9.84731014076835,-3.4871386398757
F59C6.15,0.0054641592233628,6.05748267744058,-9.68481110105045
F59D12.5,0.00697516692240868,4.76099210430921,7.97186114414427
fars-2,0.00995718844362224,5.6761349331844,7.58926091943176
fbp-1,0.00206017577282413,5.59844173944929,6.92673761772687
fbxa-107,0.0194358499347939,5.95966046487117,-5.07515691788902
fbxa-120,0.00681900883710514,4.76809183709023,7.98003375987556
fbxa-181,0.0278533942612276,4.0195261893138,7.11854363769171
fbxa-65,0.0240591844945986,4.65312192478036,7.85201552556788
fbxa-99,0.00534055217352324,6.03103891132766,-9.6547364948384
fbxb-100,0.0105872086823645,5.68121300739584,-9.29072200583018
fbxb-104,0.00348185591487659,5.46842380071739,-9.06226201100046
fbxb-117,2.64492310963554e-7,7.54675082549167,-11.2114250732965
fbxb-118,0.000262438627785376,6.96765700912493,-9.62598423244613
fbxb-20,0.0387775602648757,6.95715906568698,-3.90139814364464
fbxb-3,0.00383202386455967,5.59248291937657,-9.19488295366086
fbxb-41,0.028770578596249,4.43818127574872,-7.93117116534694
fbxb-42,0.00927736623814904,4.24816328766168,-7.7136225111343
fbxb-43,0.000913123551653339,5.77295084966669,-9.38684782954824
fbxb-47,0.00431683027317412,5.41042253101896,-9.00183168652284
fbxb-49,0.000428984650192027,5.71859785879901,-9.32854487462537
fbxb-52,0.00269919568439816,6.43681733778541,-10.0768892268749
fbxb-55,0.0390340266349038,4.74757703616054,-8.27983297666879
fbxb-57,0.000654632290199934,5.32177618884152,-8.90627815512033
fbxb-59,0.00979048800713791,4.44792165136981,-7.94610894097359
fbxb-60,0.00000359584327670381,7.06858902914239,-10.7246979339705
fbxb-61,0.0000756230276956653,7.20111155095915,-10.8604215225122
fbxb-66,0.00462162650222795,5.44854577552707,-9.04206203501912
fbxb-75,0.0355379088281018,4.83427535117579,-8.37594158350654
fbxb-78,0.0198023267217157,5.17478890493786,-6.94386529238971
fbxb-81,0.0417627365942099,3.93495722696999,-7.33767175457832
fbxb-84,0.0144232863924866,6.15560259646324,-6.50831526142966
fbxb-86,0.000974255673978771,5.72359241536221,9.01088827595342
fbxb-90,0.00949132268806748,4.87498198273627,-7.85152591158599
fbxb-91,0.0000634423725680962,6.27783450611114,-9.19843906506429
fbxb-92,0.00486646582646574,6.06381524851247,-7.74533777932074
fbxb-93,0.00705264230041338,5.15539962941194,-8.72756301837551
fbxb-98,0.00243343474154327,6.13885007348231,-9.76937829557331
fbxc-18,0.0478691574470456,5.2262075232006,-5.63409982053882
fbxc-21,5.66793153498201e-8,8.06323299647467,-11.0383252368316
fbxc-22,0.00983867212080728,5.68295136681307,-9.29042754804577
fbxc-37,0.0309195698986751,7.74261937871403,-4.01016808660285
fbxc-44,0.029395039665155,6.8284958103356,3.51788016817692
fbxc-48,0.0250191088172515,5.0863782365928,-8.65033162196756
fbxc-50,0.0265679342408764,7.89577934367426,3.69510821323473
fce-1,0.000278234318338249,5.98311215090551,7.95995952828268
fdps-1,0.0428858444122596,4.28797675645366,4.88908993662226
fipp-1,0.0188285251979698,4.68180488307952,7.31800983591718
fkb-2,0.0442153873023608,8.80240084961892,-1.53642615440363
fkb-5,0.00667253331175056,4.44745914748186,7.61913123213937
fkb-6,0.00287043252475591,7.35238780467465,4.24385345503817
fkh-4,0.0228207826106393,6.70960713472862,-2.78776804422213
flp-10,0.00302141582366521,5.61468039983564,-9.2172978284551
flp-27,0.0451630536996853,4.64609231907984,-8.16755856477634
fog-2,0.0000496256250820895,6.8402681574204,6.38509937299015
fpn-1.1,0.0309282590351944,4.92888366086382,-8.48013143819415
frg-1,0.027171534857273,8.40998726613648,-1.84651865226097
ftr-1,0.0391898956968127,4.47388725670525,7.64756622116396
fzr-1,0.0000204061886573661,6.44315901922676,8.7282692595848
gas-1,0.0180874975934311,5.52311311276299,4.02940541301971
gei-12,0.0167061509365898,6.20751869648431,3.86035805055321
gei-14,0.0000853905455520443,6.2738869379087,7.91586902109912
gem-4,0.0245096568211971,4.62252763265014,7.81769171090952
ger-1,0.00253787168711939,5.11845313453712,8.36450503143229
ggtb-1,0.0197145431870256,7.79106490709884,2.77888054949781
gln-5,0.00220333241351857,6.06776062617629,5.86124629352355
glo-3,0.000194537456294193,7.71023668431281,-9.25651660129988
glo-4,0.0174606884724704,4.1974823246077,7.32964210674814
gly-10,0.00028123860677141,6.39295098339427,6.98048658972004
gly-3,0.00000348921518290193,6.57458312186028,9.21328350742028
gon-4,0.0277703231049723,6.35473942583321,3.28509800763035
gop-1,0.0353585461588971,3.98261787841921,5.97098775769433
gos-28,0.0424657525427228,5.17952267991077,6.12125473558695
gpb-1,0.0000534582845917199,6.81313194297447,10.1414284164253
gpdh-2,0.0173174790867092,7.82833446661545,2.7273075126082
gpi-1,0.0000123635099776299,6.84031562282763,8.30298250901688
grl-6,0.0239119569440164,5.11926896403118,-8.6860800712591
gsp-2,0.00215309618071512,9.01244770577952,-2.74325045953024
gst-20,0.00771554713490806,5.57004495015815,8.84890845573366
gst-44,0.000279707338091971,6.33752074710817,9.65186524564428
gst-5,0.0340503893563971,4.34917599318459,7.50692649108345
gsy-1,0.0150567997207255,4.89100139637243,7.56303101243704
gyg-2,0.0389798564121006,8.01523554130274,2.1653730215466
H01M10.1,0.000164985429438585,5.83906733119237,9.13244189770224
H02I12.5,0.0000763405727588079,5.93308888599064,9.23103822748339
H04D03.1,0.0324221068726019,4.72334832761613,6.74393955637772
H04D03.2,0.0401003519587734,3.75903727393802,6.79967611982036
H04D03.4,0.0436914180623761,6.0866715073601,-5.09641516614268
H04M03.3,0.0205054967971521,9.14037973840091,-1.75182165513569
H06H21.11,0.011775141049539,8.92630547630954,-2.55220657444302
H08J11.10,0.0395298340509114,4.4650806468229,7.6396466519031
H08J11.4,0.0406293128433035,4.50821355233678,7.68867968786021
H11E01.t1,0.000507688168184689,7.40716586587618,-11.0696986619128
H14A12.3,0.0192803727801788,8.02672270182306,3.29897215327908
H19N07.3,0.000798613802974593,5.96041391438482,9.25932403810918
H25P19.1,0.000698300701661377,5.69304128516745,7.47292086783966
H31G24.3,0.00516423916451185,5.20525640670204,6.17774580404769
H32C10.97,0.000443160708830791,7.50773315670219,-11.172250641206
hel-308,0.0259491184614599,6.94527223986737,-4.5109313907318
her-1,0.0499264850097055,4.30458154856485,7.45321635096961
hif-1,0.0207884807923509,4.64528279550896,6.01163938519801
him-19,0.010905232170873,5.31481678852868,8.57672263266487
him-6,0.017127321418095,3.98942965463664,7.08275674550805
hip-1,0.0206169829152168,5.22051958547506,5.01159956906904
his-3,0.0299254036166233,4.50788544953611,-8.01067194662693
his-31,0.0440860900172409,6.22235447374614,-4.43409578052834
his-40,0.0102472263745265,5.06554640437994,8.30731647800551
his-74,0.0482368304632853,7.68561952526005,2.19434412506464
hmg-12,0.00712649103586968,7.52293672200671,3.7519834734427
hmp-1,0.00115525731971485,5.4949882943141,7.79280492521326
hmp-2,0.0478574630410054,6.40759465168749,2.9030402662786
hot-3,0.0143929009040481,5.45787578981872,-9.05231585362762
hrg-1,0.00688157413817877,5.74238258542355,9.03092314767757
hsp-4,0.0053529871521696,7.61787605627902,3.41539640747508
hsp-6,0.033294748920354,5.581936036911,4.2692646288097
hsp-60,0.00189310795508127,7.51050247714093,4.56008897489596
hyl-1,3.50276177880519e-7,7.77692245399514,6.80797619917928
hyl-2,0.00318813361650167,5.19496447506304,7.61801883220141
icl-1,0.000401501457834898,6.18899243059037,6.10064248682619
ife-4,0.0497193794537579,3.48955130987361,6.45361850732906
iff-1,0.0465759323046125,9.22589226567546,-1.56351146860284
iffb-1,0.0318456334863216,3.75793425642727,4.61692736222184
ikke-1,0.022852008140632,6.6723519780241,4.13776100765681
ima-1,0.00497200628923774,7.06848534963706,3.96070910155307
irk-3,0.0499665782511183,5.60701734904917,-6.49082454711101
ivd-1,0.0168938394344155,5.63210291547708,4.92322009346596
jamp-1,0.0000740833281937569,6.57385831414277,7.13080977056196
JC8.5,0.000354468567639935,6.05055830593547,7.53378518607988
K01C8.6,0.00306475646110383,5.71075543108924,8.99700876797726
K01C8.7,8.61285663040103e-11,8.10319442183897,9.72995558967019
K01D12.6,0.0000332519717134126,7.21901095751742,8.44791105112115
K01G5.10,0.00939545436517069,5.16959054446561,-7.65402136750042
K02B2.3,0.000664187753756215,6.65776906237679,7.49253059924739
K02C4.3,0.00403282761649387,6.62879498844079,4.64695588028339
K03E6.7,0.0128369815390049,4.65322911609176,6.2379686509489
K04C2.3,0.0443590419999796,9.40192343899827,-1.55863537170886
K04F10.3,0.0149466542001582,8.88526698388258,3.71929205133104
K04G2.6,0.0000027392657394991,6.61908533924213,9.31930876421415
K05C4.7,0.0260649082147625,9.04577332156236,-1.83085391191903
K05F6.12,0.0000390574949412362,6.79976689743343,-10.450428735843
K06A9.2,0.000745478220999865,6.19629394284498,-9.8278563989862
K06H7.2,0.0123679435870211,4.7997168608336,7.12637592260581
K07A1.17,0.0247945761098274,6.96962502263282,3.58055639077067
K07A12.2,0.000295766237876106,6.41032480878801,6.50555077743363
K07A12.7,0.00141166169622158,5.39845169100952,8.66607007766905
K07B1.4,0.00000922614163167873,6.44083074786887,9.75853887596752
K07G5.6,0.0370284305845344,6.65084122985059,3.36284401585596
K08E4.3,0.00355238241055713,4.99126937106508,8.22568530862354
K08F4.2,2.16070307946971e-7,7.59761992656722,7.77707798186383
K08F4.3,0.0181332784123301,6.85884213640369,4.10529758474818
K08H2.2,0.00140637422471916,7.95488946168576,-4.19647181428446
K09C4.10,0.00920310866908909,4.30481668589737,7.45516383304042
K10C8.3,0.0302646250488177,5.55773095174266,3.67669965305634
K10H10.1,0.0180937853023587,7.53473531840075,-3.56956932911728
K11D2.5,0.0294389323343435,5.07495794797995,-5.98354529181982
K11G12.5,0.000406195454824183,5.41345338200209,8.68184342691103
K12D12.5,0.000203336326075807,5.6249352777965,7.97259918593466
kbp-4,0.0167776210420004,8.1720449927624,-2.36932039377269
kel-3,0.0033786950810872,6.04179488334136,4.89839585070374
klc-1,2.75710165575749e-7,7.06108012825076,8.77052354362901
klp-15,0.00349915679049142,5.23768982727947,7.5105508203441
klp-7,0.0361588741036886,4.39021425885015,6.19536019067385
knl-3,0.0124743180442875,8.19515408956755,-2.06420306016898
lbp-4,0.000134996302502603,6.21110109913683,6.77725208477655
lbp-9,0.0146020442306766,4.92437667031572,6.45853305043588
lec-1,0.000528796668018175,5.84538411049542,6.7185113794505
lec-4,0.0275713919180352,5.12201996588219,-7.23006415984002
let-413,0.0246833453251944,6.1591143908499,3.83199806630962
let-526,0.00308321272513208,5.9969031814704,4.85951745452036
let-607,0.00148943951160978,6.35381028602642,5.39969356840317
let-716,0.0081180294922525,4.31199110375595,6.82055558745265
lgl-1,0.0372271011517417,4.16180704072484,7.28817520890243
lig-4,0.00823418716010922,4.80619071521865,8.02249355079494
lin-23,0.0152918457088609,4.83509480472669,6.72254912040723
lin-24,0.000269101648113916,5.82999347563271,8.07091578193681
lin-45,0.000417145309324537,5.7204070416261,8.04947740871958
lin-59,0.00527531558604905,4.95661652923953,7.79436331289766
lin-66,0.0150810743775458,8.41681381531025,-2.17242026690304
lpd-6,0.0418876569992382,5.24661668719765,3.06198965279778
lpin-1,0.00517437822435245,5.37128603994052,7.55133638177422
lsl-1,0.00346828295149328,6.83398664849699,4.37191138178399
lst-2,0.00848543634932512,4.32146589834723,6.84610973225433
lst-4,0.00825291564158815,7.73019801119338,4.53070037199743
M01E11.3,0.00703784540675476,5.27842691878496,5.85987159279396
M01F1.9,0.0257594346239168,3.78436781645676,5.88383989166347
M01H9.3,0.0277887345007462,9.09751861821208,2.0242624438784
M02B1.2,0.0246261443391137,4.91873002392577,8.14671049459391
M02B7.2,0.0211153799923152,4.26460740180092,7.40871290172211
M05D6.5,0.0010248563697445,5.1643524550879,8.41421027104344
M106.4,0.0370766530156156,5.75642083842723,3.63818495750242
M106.8,0.0423088671287451,3.26024604637667,6.14390563540442
M142.8,0.000311450069537697,5.57401315189738,8.85276419317926
M162.6,0.002789660667504,6.40482819621062,-10.042897483755
M176.2,0.0032552692250824,5.34681228294687,6.40772466717231
M28.5,0.0302929328356519,9.93026044698446,-1.84099117719374
M88.5,0.0460818368452523,5.65660565626383,4.14651145873273
mac-1,0.0355453647144582,3.72988290898639,5.20570714883866
mars-1,0.00203787303031198,6.31759740806459,5.26181522988897
math-29,0.00352258204599043,5.52342642408933,-9.12315564624692
math-7,0.0309657285793902,4.92631248748799,-8.47730896890115
max-2,0.00786841225789291,4.13045971664216,7.25113107166726
mbtr-1,0.0377546310043629,6.07176517708773,3.06409461915948
mdh-2,0.0129335264059971,7.11304801873705,3.91243383959047
mdt-21,0.0401216957174353,3.70461240324811,6.73108943615299
med-1,0.00128498854031073,5.65626371403692,8.93979849256902
med-2,0.00000110339849432189,6.96721132391981,10.2991270107007
meg-1,0.00121407808219525,7.249048438151,4.82263203961076
mel-46,0.00747860777077613,4.78572445371689,5.47459295797808
mex-3,0.00138093548646968,8.68731042484423,3.12405282907691
mex-5,0.0127365263030741,9.72708845777038,2.13220025588432
mfb-1,0.0223869532341584,4.45808081374028,7.62957959468653
mif-3,0.00128970060132997,5.64614322270332,6.55181335365388
mig-22,0.00366432499773861,4.99809932884712,5.57976646620181
mig-23,0.0098337027235495,4.91126963990865,6.90004939563575
mlcd-1,0.0185237672961446,5.52054673590189,4.48196970813781
mmaa-1,0.00298195506255848,7.33274972915549,4.85852257038679
mmcm-1,0.00234471779975165,6.12112213653316,6.50712001077874
mom-2,0.0132656810862196,8.65979885786648,3.21547268354586
mop-25.2,0.00123013827461618,5.40800458500487,7.51833136316611
mrp-4,0.000125231169923689,5.58249001920567,8.26688850380149
msh-5,0.00156384056699708,4.68446946073722,7.33453176752612
MTCE.16,0.0433446112629536,8.72508143563547,-1.88773209710197
MTCE.33,0.0157915065862623,9.41802894735156,-2.05787468788779
MTCE.4,0.0289899705882319,9.14797794585777,-1.96946647510111
mtm-1,0.00286620425805148,5.39479667166381,7.64859803398588
mtm-5,0.0105821122125424,3.8215425413312,6.87723554957211
mtp-18,0.00525222623377613,5.57696493447329,8.85506295227361
mtx-1,0.000400337987497683,7.81403595973041,5.24225743887658
mut-14,0.000184397126127498,5.63475226224263,8.91707876015755
ncl-1,0.00180663652915312,5.13342062635164,7.02123333828109
ndx-7,0.00831255620410781,5.00943478665833,8.24591906282478
nfya-1,0.00285877371758229,5.74754468385136,6.46213867354787
nfya-2,0.000499286346156717,5.59470103903154,7.77438491033259
nhr-1,0.003767014963152,4.67121394255464,7.87138716886536
nhr-100,0.00795197250901222,5.12362684750007,8.36962722433316
nhr-104,0.0359521875587045,4.502056806151,7.68195613230379
nhr-138,0.0435784238495932,4.12920865451006,7.24983195795299
nhr-181,0.0065347361480512,4.8966012042493,8.12242794125825
nhr-20,0.0000789797717500531,5.95780999462273,9.25691142466461
nhr-23,0.00907540736255857,6.47540797278668,4.51913017513011
nhr-32,0.00700489303737554,5.29660917415613,7.00928971164002
nhr-36,0.0474269737912654,4.59414339384471,-8.10811598320938
nhr-4,0.0355046723765184,3.93112131447202,7.01269375217909
nhr-46,0.000897307568953497,6.03245130959238,8.04943324075889
nhr-47,0.00024264070361768,5.97109374105349,7.37776761070631
nhr-66,0.0222824183734524,5.97773506185271,4.54679487753565
nhr-7,0.00900743787133481,5.05597877656284,-7.19294281042231
nhr-71,0.00101068648053359,5.56290182987711,8.84118018035218
nhr-86,0.000468406907574671,5.60648430850183,8.06456008937054
nhr-88,0.015935101090615,4.13008183486571,6.43673987743973
nlp-18,0.0361685486316943,4.80820943552896,-8.34492583681352
nmt-1,0.00150231550265735,5.55374170667366,7.54165081445885
noah-1,0.029709180824938,4.67706314948366,-6.56268602396283
nol-1,0.0478142693159183,6.45651503352194,-2.99053169820369
nos-1,0.00488020490132872,5.03084075436181,8.2694248302842
nra-2,0.0120845851775067,7.33740992352376,2.87096944145072
nrx-1,0.0101339201758668,5.86922428815924,9.16451936577452
nspe-2,0.0496671232178008,4.36838211873359,7.52892043801231
nth-1,0.00400596317475285,5.28225184045229,6.34764484001749
nud-1,0.00510082347922637,6.34990538044536,4.6020052124614
num-1,0.00342193053469539,6.96384921895767,4.33329636686513
obr-2,0.0330151733748056,5.22876441328693,5.26556430401384
oma-2,0.0000481115040237469,8.65248900861578,4.54715260213769
ooc-3,0.000175838246406492,6.52364377463731,6.08527812750849
pak-2,0.0182938390188121,7.60921481388631,3.85549620512178
pas-7,0.00302534143743098,6.90754254408788,4.39507060068177
pcaf-1,0.0000866803258278114,6.08041524247991,7.73583221700563
pcbd-1,0.0159536049603847,7.94703948470502,-2.31430187544302
pcca-1,0.0475707467907495,8.3383887288319,-1.72460196870383
pcm-1,1.70941582554047e-8,7.68419143460359,8.12405599979137
pct-1,0.0236448986044357,6.81329079514778,3.69541211337634
pdhk-2,0.00396750435232016,6.21615456596206,5.06779791650158
pdp-1,0.0000028845378169505,7.20697205171215,7.47142818342558
pes-10,0.044117699459142,8.32229227383836,-2.198971482227
pfd-5,0.0264613468267983,8.69583373188823,-1.93139611417212
pfd-6,0.0363090415375701,10.2578493724368,-1.51312038436227
pgl-1,0.0489933008228087,5.10053267684524,4.24131316136361
pgl-2,0.000866006591172907,5.47390798742051,7.25256422593023
pgl-3,0.00153962789337073,5.60755129952761,8.8885120393368
pgp-4,0.041927719666578,4.52220947078722,-5.61723550460807
pin-2,0.00789272235380791,6.11183253172372,-6.40313828419227
pisy-1,0.0103995703982299,6.1497968960284,4.10843033278308
pkc-1,0.0465047631141726,4.6053211321442,5.22691698274458
plc-4,0.00929742226545003,4.65454178445313,6.12606327792768
pld-1,0.0172312738539898,4.22388272748448,6.84928074447226
plk-2,0.00432672164646738,6.07690880721171,6.64810372752218
pme-1,0.0317455186719198,3.88942526464639,6.959834386516
polq-1,0.029175693186362,3.72146441160889,5.92843578220453
pot-1,0.0406822503065997,4.76193923802247,4.75770467970294
pph-4.1,0.00835275303079362,4.38266669903457,7.54522263886471
ppk-2,0.0370563095300926,4.05798380915492,6.34252378469221
pps-1,0.000066166966617564,6.44123093157593,7.880438810952
pptr-2,0.0148080033711262,7.60407797824863,3.30502344930314
pqbp-1.1,0.0193314476939941,8.21265593757959,-2.17665591098613
pqn-21,0.00196151208629244,6.25550821582742,5.54409355396378
pqn-66,0.043585346509685,4.71777253703133,-8.25094041435107
pqn-70,0.0217093657508219,9.7331543775237,-1.79060989277461
pqn-89,0.0289815363404627,4.68378735905011,7.88602652207192
praf-3,0.000406849109509698,7.25936864909761,5.05049727809382
prdx-3,0.0108896943514302,7.48426979558416,3.26246335769549
prk-1,0.00314353982323823,5.0253319087807,6.45587769306789
pro-1,0.00570494515230534,4.87541557053546,7.36281167223969
prom-1,0.00492320711060582,6.63355532828412,4.32797270212196
prx-2,0.0251960793874723,5.10419994257206,-8.67224013953992
psd-1,0.00495534929656136,5.19538833177263,8.44798915976503
pstk-1,0.0240585415967318,4.17248356982235,7.30080802517843
ptr-2,0.00275546877049783,7.50420241110579,4.07657498049822
puf-3,3.75223105456917e-7,7.16161880325577,9.20392054942286
puf-8,0.049777557669786,4.89568464513924,5.03953626638618
pyc-1,0.0053303386498578,4.5192811390683,7.23929127900186
pyk-1,0.0375158546630499,7.65251837554775,2.94630627395316
pyk-2,0.0306330343142452,4.40480142518429,-7.89323088086666
pyp-1,0.019588393200049,6.97048562089259,3.95978747412622
pzf-1,0.00049475841778236,5.92250163664659,8.50951481944239
qns-1,0.0138917496166813,5.53862996012234,5.12467439660168
R02C2.1,0.0000693928097824415,6.57149045904108,-10.2162377928793
R02D5.8,0.000148368270285042,5.83991500337245,9.13318995105474
R02F2.4,0.0188871145633145,5.02133805634731,5.17158964242888
R02F2.7,0.00193424894876585,5.26666626745328,7.09238486363942
R03D7.1,0.00411625436173537,4.70905137277939,6.08474890874781
R03G5.6,0.0227068173802739,6.9952549589643,4.84773856542338
R04A9.7,0.0214244603869113,5.19707912257892,-8.77202917676406
R04D3.3,0.00000714145335471018,6.42198447414047,8.90579839986392
R04F11.2,0.0256067563518434,9.18222975699135,-1.79248998380824
R04F11.5,0.00539238672592213,5.38767108162896,5.47350189596875
R05D11.4,0.00754089333838596,5.92288700583279,3.93801693622957
R05D11.6,0.0183539691451622,6.03205392778136,4.16593929023608
R05D11.7,0.0231350849432006,7.97236249042193,-1.94136481950056
R05D3.2,0.000114235833782585,5.82041710706371,8.24778892297826
R05F9.9,0.000335735200069615,5.44734710955308,8.71812278991851
R05H10.3,0.0136540224050446,5.86502159949294,4.50252853047619
R05H10.5,0.0340566521475194,5.89778190119397,-3.36750634477478
R05H11.1,0.000398624728728273,6.30934944458511,8.06051654229726
R07B7.2,0.00960397266396269,5.00036940984371,6.10104151056042
R07E4.3,0.00953805204326334,4.95694048594686,6.13728409651744
R07E5.13,0.00243465194778675,6.7071926202274,-5.60091970145568
R07G3.7,0.000220199015153525,7.03098115081037,5.79762314879739
R08C7.2,0.0201058130479667,9.53468618475508,-1.90979785573058
R08D7.4,0.0158253671314316,5.92858970327991,5.01606878539278
R09A8.1,0.00349852857588184,5.3870773309168,8.65390385536729
R09B3.2,0.0485957806800816,10.3610297053012,-1.4735654394762
R09B3.6,0.0374899294132875,4.64514164028677,-7.56935685016458
R09F10.8,0.000173393429135111,7.36614603152673,5.26320963289395
R107.2,0.0223026881681485,5.05800822569207,5.57629319344582
R10D12.8,0.00657319136323009,5.57971677803066,7.20211261473279
R10E11.6,0.0392176962849903,4.60437413430176,6.6341562436105
R10E4.1,0.0431055756133432,7.83243076273345,-2.18036087135809
R11.1,0.0470215990679993,6.68196964624582,-2.70501650628684
R11.4,0.000792729874498414,8.01465270567334,-5.31776512689011
R12E2.12,0.0423995144124162,5.222934784741,5.72257837498112
R12E2.2,0.00106700258473261,7.11939430441217,4.58537467994505
R13A5.7,0.000186810840076581,5.94631179739906,7.57586863580328
R144.6,0.0302053504820507,8.10951322400771,-2.57550766121932
R148.4,6.21581792761609e-12,8.52407013313269,9.93252172784184
R151.10,0.000964833483798778,6.2329001561023,5.63090462623963
R186.6,0.030845430540566,4.72852474025797,7.93623399158556
R53.2,0.00000592570194867992,6.70247765461065,7.78527398074068
R74.6,0.0217456148097684,6.02534722950595,4.30420119097899
rab-18,0.0179697335531605,7.35002065030226,-4.04831981862884
rab-33,0.012579728361315,4.65237440427989,7.8500214483822
rab-35,0.0104154594111378,5.15484974835871,6.60116475499652
rab-5,0.0311589241923686,4.76638833388684,7.0181868049939
rab-6.1,0.00152902881450357,5.62058382460365,7.18011635980434
rab-8,0.00662434404017605,6.9013654534779,4.242890149637
rabs-5,0.0365593508743907,5.4253924754569,6.33227718309618
rap-2,0.0228591139448578,4.87612485742131,4.94531016621025
rars-1,0.037271609439764,8.17153109962675,2.43507390942083
rars-2,0.00121354046067013,7.02257094921381,4.83223263067359
rbd-1,0.0217594660748888,5.45793736208097,4.39269057973062
rbg-3,0.00893764416198352,7.37690545962164,3.68467050960383
rfc-4,0.00925641565833487,9.64660332689851,-2.01669008511006
rgl-1,0.02613535433345,4.59948955409232,6.61384160398601
rgs-10,0.00266871589519961,5.31909218051426,8.58110460545261
rheb-1,0.000618771537268123,5.36054228788544,8.62544361337216
rhy-1,0.000170166117042387,6.41546438308607,6.76161629220043
rib-1,0.0495226677535554,4.17140975261437,7.29968572150926
riok-3,0.0196017080046526,6.46004122172779,3.49286725433637
rla-1,0.0496427047284013,8.56029107107932,-1.74527028587828
rme-1,0.0349548368786856,4.54027574776511,6.6962341957342
rnf-121,0.00137713411832697,5.21501219216204,7.17047916441025
rop-1,0.000120056323450521,6.1876033230141,7.81470625210215
rpb-10,0.00185897151880356,9.20830457852738,-3.04688380482445
rpb-12,0.0425197259088094,7.26269365256337,-2.16265437997638
rpb-4,0.015616670080791,9.91619084140176,-1.94560432428996
rpl-10,0.0214983586594102,9.53493505719615,-1.83254536794197
rpl-13,0.030603778941273,9.03673316564332,-2.1403112286311
rpl-22,0.00355025495375549,7.50289776150418,-4.2985748169172
rpl-23,0.00963979160132015,8.56193044720287,-2.41768906270437
rpl-29,0.000557242345152775,8.64060313228618,-3.97863507734256
rpl-35,0.0169046123010131,8.49681107288291,-2.64634122729098
rpl-38,0.00306904290379733,8.32654001997079,-2.85302387125993
rpl-43,0.0402296153446983,6.79449481539427,-2.5954280182965
rpl-7,0.0267547630652764,9.014338038881,-1.95373449614544
rpn-11,0.0239958106484903,9.2593967798471,-1.75847542172369
rpn-5,0.00000372264086927919,8.05884098089941,5.67491325407925
rps-17,0.0386491315343332,8.81904812429675,-1.90530207534537
rps-23,0.0101472581847234,9.41479468681632,-2.31403992600141
rps-24,0.0262567558064983,8.59421352553601,-2.03380270659119
rps-29,0.00939355711095132,9.57409273619808,-2.4319387739085
rskd-1,0.0163821670934588,8.55208033324435,2.36696774022088
rskn-1,0.000137432108493236,5.82327620800381,8.16878207863142
rsp-4,0.0214322990495374,10.4056480798403,-1.6695022161367
rsp-6,0.0284891279773728,10.0792236273274,-1.57509697433199
rsp-8,0.0202273482636158,8.36455124662321,-1.91971415658261
rsy-1,0.0341103164623796,7.43135908266719,-2.85125589378493
rtel-1,0.000171055540645378,5.60834625072332,8.4592945905135
sams-4,0.00230157936129165,6.09955930144333,5.17784406563574
sax-1,0.00587038340797199,4.48800168095973,6.94961724154835
scc-1,0.00018494497228088,6.42001120336017,6.48113144275347
scm-1,0.0297963486656465,6.48508819378046,-3.0906961063442
scp-1,0.0151046471945874,5.29350359758236,5.0617138163073
scpl-1,0.00291482910265569,4.99094469990392,8.22579931145833
scpl-3,0.00000854239387379712,6.92223873399476,10.2531684836078
sdz-13,1.14334426028553e-11,7.67800365601325,-11.3444844136707
sdz-15,0.0352311448319328,8.39957541152035,-2.39358433362752
sdz-18,0.0037457266682969,5.59530477597894,-9.19787805268705
sdz-27,0.0190325455300456,7.50802352507996,-4.29585840432839
sdz-29,0.0070071447482423,6.49615369144611,-7.08426344134191
sdz-30,0.0223341462060972,7.70867932858042,-3.37636454248312
sdz-31,0.000235238525963877,8.97300208702487,-5.91617753448773
sdz-32,0.0000094144121538127,7.34648694446387,-11.0079699214539
sdz-33,0.0000509221161155684,7.12805125551204,-9.80961755602256
sdz-9,0.00543896311444357,5.34520976745526,-6.68279028443464
sec-15,0.0228251366298953,4.18854486740848,6.41591392355422
sec-20,0.0200052254368688,6.87153791235887,-3.0174880502035
sec-24.1,0.00003751280024531,5.91323464320393,8.36977131787129
sec-5,0.0194620650146952,6.4041697033705,3.02929160413125
secs-1,0.0106955334410234,4.46540273841067,6.80700872954145
sel-11,0.00615988863269074,6.00928566332247,5.56993949659726
ser-2,0.0139541484972287,5.00876977071344,-8.56762317953624
set-10,0.000917822720518196,6.61884330814593,-7.3581027784364
set-13,0.0177359705061753,4.5527183615474,-8.06046795209922
set-15,0.0043603663190756,5.26030124877018,7.81537445665633
set-23,0.0161565161482795,8.40993929794944,-6.1163995144718
sgn-1,0.0380229492122928,4.7722947097142,-8.30729779841184
sgo-1,0.0275988646546729,6.73360316776482,3.74572053720784
sgt-1,0.00637960816850112,7.78510941951388,3.68619745876419
shc-1,0.0159924612804721,4.46924566237244,7.64458442529744
sid-1,0.000284008526844024,5.85302109914966,8.654777230425
sig-7,0.0210708745147124,8.97258659207295,-1.94615409978259
skn-1,0.00530971056512761,7.73351725712474,4.17386269978195
sknr-1,0.0408981008529319,5.19161956097624,8.44393153894596
skr-10,0.000842774614079901,9.14188010408086,-3.10499970327714
skr-14,0.00234471264906885,8.30155239053848,-2.59611393517605
skr-15,0.000291184926565604,8.59608198556956,-3.11201321971945
skr-16,0.0419909169700533,7.31540526691195,-2.39234175930996
skr-21,0.0491364405564472,4.31163456731144,7.46307698139629
skr-3,0.0368080215660259,4.81703092738219,-8.35781210664894
skr-7,0.00653762305273622,9.60834824094446,-2.06616804764838
skr-8,0.0194204665928293,8.11914566540443,-2.34014439874277
skr-9,0.00660434877616466,9.19609272211286,-3.72939661013317
smc-6,0.0120358936274915,6.51264524873035,3.54292459120058
smg-5,0.00640607590411054,4.96001097441572,8.19202030108275
smg-8,0.0153980917424861,4.38706137302651,6.76427612331242
smgl-1,0.0151440283028195,4.48361810480654,6.97696554685901
smo-1,0.0172456214192593,10.2751262066853,-1.83764023544643
smy-3,0.00313696081126514,6.33043279735905,-9.96594194167837
snr-4,0.00575623290728591,9.43715372166095,-2.21729501579925
snr-5,0.00306761982267472,9.12962227856993,-2.43589352128994
snr-6,0.0342755887713273,8.08339438370579,-1.8205444210004
snr-7,0.0267520445150837,9.26726252269225,-1.97454303844498
spat-2,0.000481438693417675,5.31924816704774,7.74089201121815
spd-3,0.00462305567436759,5.00207226566589,7.46385553437495
spe-39,0.00954047632454147,5.01524605661501,8.25232480874406
spl-1,0.00409070898514888,5.13902907169038,7.67134911834858
spn-4,0.0452420127206221,9.69086657805008,2.03558824588571
spr-2,0.0417712522300221,8.88733108427702,2.13428597447372
sptl-1,0.00000175094721821923,6.90518521261644,8.34510471727388
sptl-3,0.0322052908324593,5.75619327773691,4.42752549942985
sqv-3,0.00868168215421216,4.64269223520625,6.6787949806478
sqv-7,0.00000346578603049977,6.81036164306215,9.04736295106614
sra-33,0.0187899148230583,5.27926494187834,-8.86057253155062
srab-17,0.000637249154807621,7.28920968609402,-10.9502567615372
sre-49,0.0436258245639152,4.67597864289124,-8.20100890659468
sri-28,0.0418049082793518,4.70461637082283,-8.23298480826156
srt-23,0.0190945569842996,5.27505100043763,-8.85604173984854
srv-1,0.0319129020156572,4.90895109040505,-8.45823714240648
srx-88,0.00428188808500648,6.695756475378,-8.05612660717728
srz-7,0.0195185194179652,5.25495793675617,-8.83284229949116
sss-2,0.0104259774319421,5.65739575805612,-9.26394308877986
stdh-1,0.000428344907667944,5.72685158484993,9.01406665109087
sti-1,0.0115704496391192,7.72994709661398,3.62690304501878
stim-1,0.000237121194045073,5.62466949779665,8.90651092034793
str-109,0.0024243283242721,6.51933228765615,-10.1628463344149
str-227,0.0211310028331965,5.20230613434904,-8.77602686494169
str-68,0.0245286661993309,5.10300853797186,-8.66841549456547
sur-7,0.04720498049897,5.60464715255404,4.37916944965876
sym-3,0.0297871513807658,6.26478243858041,3.6638140858861
syp-4,0.0000173421587422921,6.87051201057017,7.26457927586227
sys-1,0.0295026699310351,3.48890531868528,6.45387138914506
syx-3,0.000538134633634646,5.91688970167212,8.06770541783938
syx-6,0.00885040533444743,5.72011043986387,4.87962911604013
szy-20,0.0000232804841555614,6.6507860308462,7.02851314339243
szy-4,4.921467346002e-9,7.71165951581919,8.58323582093401
T01E8.6,0.0124632472613073,6.163090501713,4.48522248413969
T02D1.4,0.0499210622795828,4.55081160822784,-8.05921265524359
T02G6.10,0.0407193338814043,4.11298962577699,-7.55305551630886
T03D3.5,0.00274698241516681,6.42035613794525,-6.66280639104985
T03F1.1,0.000822296586749503,5.4958423622828,7.61243677410699
T03F1.12,0.00000803201339945867,6.45126781241909,9.76930157754821
T03F1.7,0.00523014744352368,5.44503517499289,6.84996344519725
T03F1.8,0.0175542748475828,6.81213888509105,3.61292109958481
T04H1.5,0.0455400100483151,6.57416459164381,3.4507764366512
T05A7.1,0.0440219114457645,3.67599077725052,6.69509239129778
T05G5.9,0.000891384402216938,5.54292122373544,7.8108182374543
T05H10.4,0.0313634369513931,8.87773174100208,-1.60218273266254
T05H10.7,0.0169231798912898,4.68764837746864,6.31734714082169
T06D8.5,0.0017976367208491,5.14729562997316,7.09260082837617
T06D8.7,0.0479066740362168,9.21861708873135,-2.1031707013604
T06D8.9,0.0342624919682261,7.95303547735638,2.27966133752528
T07E3.3,0.00566706803044476,5.52335548230073,6.30276312666371
T08A9.6,0.000229620824146344,7.37140325626751,10.7112010434716
T08B6.5,0.000295745179340414,8.96351748107135,-2.94419268905564
T08G5.3,0.0206969402397513,7.14756684201937,-4.31158862873444
T09B4.2,0.00689300547800459,5.75978520663393,6.02131801532101
T09B9.2,0.0405259586391939,4.01514493113337,-7.43321822009413
T09B9.4,0.000217522633850627,5.94199676379436,7.9309772042827
T09F5.12,0.0116644571377289,6.95096628379429,-4.9555170977612
T10C6.10,0.0237537081385325,4.37519771972151,7.5349740473079
T10E9.1,0.00000355306774546603,6.7933242293108,7.79046916186051
T11F9.19,0.0432913468117688,4.65880043824455,-8.18074464627849
T12A2.5,0.0430688140427564,3.98633518737504,-7.4023002357821
T12A2.7,8.94564589460587e-8,7.54666364543229,7.46594917398783
T12B3.3,0.0482629101131251,4.34623735639916,7.50137923740049
T12E12.1,0.0182527583468599,7.39584759368172,3.52751651395925
T12G3.5,0.000508282880699946,6.41258718092755,6.53663198458985
T12G3.7,0.0402635095562677,5.95183669621062,4.01572490073234
T13C5.6,0.0235667935118043,4.16939885028978,7.29733874803559
T13C5.7,0.00748590297782745,5.13057396342667,-8.70198665586277
T13F2.6,0.0000142929964627968,6.57288846272414,9.89471190415974
T14B4.1,0.0013449704998063,5.00608260903353,7.85769914054822
T14B4.2,0.00384722769572709,5.55393626129146,5.96294157250787
T14B4.5,0.0196474785988931,5.0363412117395,8.27544130764665
T14G10.5,0.0000217038787391437,6.12743405963251,8.56394385526928
T14G10.8,0.0434855311284108,4.67844502617445,5.41190874865816
T16H12.3,0.000669533751202254,5.16722026805651,8.41715639354861
T17A3.12,0.0141125917306639,5.58941912222447,-7.00299329978129
T19A5.1,0.000328930760558848,6.00107097702618,8.94281472543904
T20B12.3,0.0159352503835216,5.24221517301044,5.01221709481632
T20D3.3,0.000161526515027211,6.2613749278793,7.59652306973739
T20F5.7,0.00178893272001624,5.71714265335026,7.11940524501308
T20G5.9,0.0323501261690119,5.28091689522451,3.94798727087716
T21C12.8,0.021176524043911,6.21855658080097,-5.70928904881927
T23B12.3,0.00426009420253365,5.09124805274184,6.47640334708195
T23B12.6,0.00669120687119449,4.25306855216603,6.78097436296632
T23F2.5,0.0339732753649687,9.51109817390381,-1.69171699710704
T23G11.1,0.00602773370814735,5.1782857277436,8.42943692787673
T23G5.6,0.030420901777255,4.4041109578963,-7.88978645220347
T24D1.3,0.0315013883775355,4.45806025758575,6.70131348509807
T24D1.5,0.00543836197779638,6.60476583044089,5.53798827665728
T24H10.1,0.000523446771929618,6.78429958772674,-7.25233819778268
T24H10.4,0.0000153841653991407,7.1655594218921,6.23461471796467
T25B2.4,0.0287710005600987,4.98969064443664,-8.54674082892827
T25G3.1,0.0208360274802999,8.56464071287511,-2.12101023123854
T26E3.7,0.0301489270610574,5.68776509545392,-7.3435817581684
T27A3.1,0.000536063479877167,5.5341109989411,8.81060483123694
T27A3.6,0.0245582700150872,4.40579538591325,6.63168901029257
T27E9.2,0.0265181153781568,6.19261022967585,-2.90741428733639
T27E9.6,0.0275300343482602,6.96225914795961,-4.42388173624059
T27F6.4,1.07233780253308e-9,7.83149120741768,11.1777637042702
T27F6.6,0.00690944417485472,5.02054394491275,8.25794927994126
T27F6.7,0.0188959498500281,6.8446918999682,3.73410310691082
T28A8.2,0.0357777612864509,4.81275140304066,-8.34996116490489
T28B11.1,0.0000222230371072721,6.19846193188271,8.72666613975591
T28C6.10,0.0353918156504464,4.35859507008653,-7.83986644447798
taf-11.3,0.00573456497908771,4.61519328637924,7.80930830217593
tag-10,0.0148143297807089,5.30447134359229,-4.44096818461842
tag-144,0.0247361446050638,3.71661069728772,6.7461448563255
tag-153,0.00896966003476043,7.2047040019261,3.60527195741636
tag-165,0.0116872954018129,6.04844796595155,4.44192006957385
tag-170,0.0473970754509636,9.31778344954499,-1.58459043984401
tag-172,0.0385419135947178,5.51355860541505,3.15956699132598
tag-173,0.0341423732979095,6.68607119248753,3.7130076423376
tag-182,0.0467128095414293,7.249628087248,2.90297525136104
tag-184,0.0140454605677939,4.76796987492328,6.00527128097262
tag-189,0.00000497186328318321,6.46699266065027,9.78555538537444
tag-260,0.0126469324849688,5.49580587825685,8.76988388066675
tag-266,0.0056536664109046,5.01085029517864,8.24766673266
tag-296,0.031589971857721,5.96481840861797,4.39310797776898
tag-342,0.0314884547601216,8.46061882284893,-1.78834765447365
tag-77,0.000256943406886435,5.76285047521853,9.05242169127613
tag-93,0.00000311775316211541,8.33711068917495,4.77174384903898
tbc-10,0.00599986096708502,5.40158744755478,6.82278333929571
tbc-3,0.0299991937898196,7.05170493734372,3.85459191956272
tbc-6,0.0135130518072546,5.26697653834252,8.52525193520631
tbx-2,0.00915989126814704,5.72382711048031,9.01149210634108
tbx-32,0.0000437470965336576,6.20541242941859,9.51486933195222
tbx-35,8.05346476772563e-11,8.09269975529845,-11.7639574724855
tbx-36,0.000787744571729537,6.17401650668914,8.02758546322688
tbx-39,0.00257588790939652,5.70240058331743,8.98867779573291
tbx-40,0.00201473984905407,5.93119996014539,8.05743954749869
tbx-9,0.000272674166814343,5.79186688723553,6.80417723648728
tdc-1,0.000029350965924355,6.31473573578308,7.98599335717959
ten-1,0.00712489041922501,5.14421177135888,5.57076121355568
tfg-1,0.0267311537585519,3.82377621543789,4.92210268541035
tkt-1,0.00000298096578073511,7.13664883588641,7.3887844090482
tol-1,0.000028292911006759,5.95676941552395,8.89904379078043
tomm-40,0.0000315377030849202,6.42732157056844,7.65015734971829
tre-1,0.0233667588806825,8.56229599095612,3.09342863402454
tre-2,0.00409615864227338,4.51503280959396,6.70417655207109
try-1,0.021368380459979,8.50854178081766,3.20793643515807
tsp-9,0.00305828002567432,6.11347775696029,-8.0687150989906
ttll-5,0.0169581640064157,6.76713052737132,4.14899217610565
ttm-1,0.0381901349199122,4.4337396060736,6.61571737350241
ttr-50,0.0128760993855488,9.61774044321685,-1.78274160837
ttyh-1,0.000624403056429972,7.53170343746818,4.80893233571376
tufm-2,0.0141555664162125,6.20477126614836,4.28783093596933
twk-16,0.0445619445262648,4.64073936962573,-8.16049689707648
uaf-2,0.00580365280337717,6.32985580935068,-3.61371686847109
ubc-20,0.00701306356360123,8.18920203204541,2.52072588833808
ubc-7,0.0391137692797568,10.6539831756537,-1.55132300903289
ubh-2,0.000584559300176628,5.78307839453955,7.81448170958133
ubh-4,0.0166805619696461,6.84555541609192,3.36041369553675
ubxn-6,0.0104690054075362,7.45139993416692,2.74678266580476
ucp-4,0.000553055908480421,6.4656853303169,7.52537353857944
ugt-13,0.027009360898612,4.69761649050096,7.90135415504916
ugt-25,0.00135845902405759,5.31286751491812,-8.07336696266341
ugt-28,0.00823330280538501,5.5680703384976,7.1222907760419
ugt-29,0.0146931658632155,5.04894002372648,-8.61143536057075
ugtp-1,0.000930004646400822,5.86556105294355,8.11823880265067
unc-101,0.000660792450267771,7.35244491630102,6.3477226166191
unc-11,0.0165507983606685,4.55492567466322,7.7417524656723
unc-14,0.0127492800989333,5.62735572991007,5.70151057043061
unc-26,0.0165755158875853,6.43565078396539,4.51727785355981
unc-57,1.83563086233858e-7,7.39975706410716,8.76493783673962
unc-69,0.0177939606735765,8.44421315604438,3.40802340253431
unc-71,0.0253734082021221,5.86617073604435,3.84653109022888
unc-94,0.000114734319438885,6.42349887581304,8.30116021330251
usp-33,0.0216437681894591,5.74045120271897,5.03651394230447
vab-8,0.0196768715663474,4.62524895717928,7.82108536007008
vars-1,0.0256399415272975,3.89091711806572,6.47568469308709
vars-2,0.00151211527220783,5.33286679519202,7.27148465275561
vav-1,0.00373033252220694,5.26160314443959,8.51934231460673
vha-1,0.0386761159004428,8.22183228882083,1.9348691719282
vha-11,0.0118224502677003,5.83359867984361,5.03150069287009
vhl-1,0.00978129167034276,4.5486521653726,5.77637185905035
vpr-1,0.0114846276348609,7.15235739233844,3.90016848884337
vps-33.2,0.00000173533985897265,7.11846005181306,8.20078749368466
vps-35,0.00621651230652858,5.40980221167888,7.27185903830936
vps-52,0.0125560704546191,5.83787259938055,9.13134735719963
VY10G11R.2,0.00190521275640402,6.64097652391768,-10.2879340633277
W01A8.5,0.00032490159306208,7.57774660185055,5.59791589976649
W01D2.5,0.000129872454136868,5.8112717278436,9.10328444327654
W02B12.9,0.00035112665036966,5.88217148291601,7.86481886099802
W02D3.4,0.0000460673108153256,6.16947895868894,7.97376066729826
W02D9.3,0.0114869294810523,5.48303280588463,4.99930474111872
W02F12.4,4.42292485418355e-10,8.41737241155703,9.24248132939877
W03F8.3,0.0359474380946077,3.89514194923094,6.96826038922879
W04B5.4,0.000390180602406821,6.20011503881526,6.30711535561416
W04G5.8,0.0224856199365689,5.162552112069,-8.73301848146322
W05F2.3,0.000717989373689266,8.38124998487253,4.07100772474021
W06B4.2,0.0367457430532436,4.73110138121426,6.32626024471234
W06D11.1,0.000143772380971969,6.31294435443438,6.62445063099636
W07E6.2,0.0209261454685455,7.3743240729245,-4.20141782291076
W08A12.1,0.00012874515563371,6.08364546483183,9.38810579821519
W08F4.3,0.00112300836088703,5.67103577962614,7.26173764842963
W09C5.1,0.016728895542544,8.09698212599188,-2.1741039249457
W09D10.1,0.043777489577696,5.61776248995583,3.65515461200202
W09G3.6,0.0419888874814503,6.37465966251778,3.68643464779361
wars-2,0.0185330916754352,4.21935462777499,6.7371057179374
WBGene00003979,0.0229214428419032,6.05481668035625,-2.8731552952804
WBGene00206487,0.0374635187748953,4.52579282684003,7.7082751256556
WBGene00206519,0.000462295032570181,5.80103674014627,-9.41433888141741
WBGene00219217,0.0056575708145119,5.25359489091955,-8.83192761253451
WBGene00219452,0.0207397974892759,4.50522848185103,-8.00787456570532
WBGene00219547,0.0236268406635607,3.93289020978545,-7.34247697748452
WBGene00219728,0.0144616249988648,4.80354478689308,-8.34527215418527
WBGene00219803,0.0060986261621098,4.49700244628264,6.17372524911733
WBGene00219908,0.0219802942361392,3.42297960123891,5.81076027785904
WBGene00220029,0.0390159963931267,3.19724706228296,-5.29156661662399
wdr-5.3,0.0000756053751170259,6.34706205901267,8.86014995611443
wip-1,0.000272337283703464,5.73088179032089,7.50998762536454
wrt-7,0.0207680335171211,3.80230977264893,-7.17775097101732
xpa-1,0.0132363930149303,5.14918731154836,7.2077994874577
xpo-3,0.00642307203754488,5.61632878255422,4.82022882327889
Y102A11A.8,0.0469917057887237,4.33714093438447,7.49281658313041
Y105C5B.1413,0.00308719072634555,5.05568655307938,-8.61958890871597
Y105E8A.36,0.0207254561898169,8.29598864292406,-3.37426229438069
Y105E8A.8,0.0109083796901004,6.58526258261995,4.13646897912671
Y106G6A.2,0.00017533409078933,6.89661086342604,5.6883442445091
Y106G6A.5,0.0274997188058028,9.50643728199851,-1.7883750013117
Y106G6D.2,0.014269232105941,7.69810064116437,-3.34599964283603
Y106G6H.14,0.00411725908346244,5.47299054424349,5.90223856926811
Y106G6H.8,0.0193612715465608,6.65289258311733,4.20544570895048
Y10G11A.1,0.0342048950432936,6.19027538740863,3.61807368218961
Y10G11A.90,0.00193460852894524,4.88474702327618,8.10871758353183
Y110A2AL.1,0.020496222313194,4.92055877111438,8.14825431882485
Y110A7A.15,3.32606458518471e-10,8.55653020069788,8.29297219098305
Y111B2A.10,0.0141906195473599,6.63399780988285,4.70996567503023
Y111B2A.9,0.00834067727091713,5.80331585836276,-9.41914736698507
Y116A8B.1,0.0332801384317125,7.53600243395248,-3.57247316988118
Y116A8C.19,0.015084624775347,8.24574854683942,-2.63205627364499
Y119C1B.5,0.00911222595921623,4.54886659204217,7.73407396196554
Y13C8A.2,0.0126289751189897,7.02274067158833,-4.36424453358676
Y17G7B.18,0.0255231687533912,4.05222140366184,7.1580149330533
Y17G9B.9,0.000172246859371891,5.83455876470042,9.12775800562656
Y18D10A.1,0.00124979608837623,4.88002808435329,7.81994442300148
Y18D10A.16,0.00283460792656971,5.78054311997606,5.3918395410712
Y18D10A.9,0.0387951660418855,3.57829696435981,6.56772089907894
Y18H1A.7,0.0244026287933248,6.42297017524727,3.83558186530632
Y19D2B.2,0.0400580530511389,6.34332407069558,-4.002161207632
Y22D7AL.7,0.047942315120066,5.51321011829438,-3.77725124107164
Y24D9A.8,0.0488766976546431,4.09460262027227,6.00861291496825
Y24F12A.4,0.0205462773229449,7.00361251707287,-3.5612250506364
Y25C1A.5,0.00255466327037708,4.74232575822517,7.95164423373681
Y32B12B.2,0.0117200871995652,6.86963719402306,4.58806362611373
Y32B12B.4,0.0213524915736123,3.85081576670159,6.07422423286462
Y34B4A.7,0.00149884741422597,5.20995326051164,7.60170784169121
Y37A1B.17,0.0105486650528066,3.93492698789827,6.14776895636513
Y37A1B.18,0.0153344576690361,5.45612671742684,-9.05237951356925
Y37D8A.2,0.00833781922751884,4.40011097996644,7.56486880580908
Y37E11AL.9,0.021303311551928,4.52564383690649,-8.03170630949502
Y37E3.20,0.0229154824836235,4.18100277443047,7.31089704876123
Y37F4.5,0.00789800910890365,5.41263482055825,-9.00349757951975
Y38A10A.7,0.00512531046949028,8.27569788697041,-2.4019703818399
Y38E10A.3,6.57731056303386e-9,8.16489045903841,-10.8314261694448
Y38F1A.2,0.00929373273867381,4.2273547256594,7.36479691902571
Y38F2AR.9,0.00606297710373417,6.50513998868339,5.00943890077337
Y39A1A.14,0.0286445425831537,8.52554256472951,-2.46538232343211
Y39A1A.16,0.0339752953466718,5.73163047571576,-5.31736032415141
Y39A3CL.4,0.0132810198905707,4.05258175420549,7.15803457962041
Y39B6A.10,0.0328614023103723,7.86994211188454,-2.0789646505342
Y39B6A.11,0.0372493552832261,4.07766890901658,7.18686080070347
Y39B6A.43,0.0123504587599022,4.29809441305602,5.76726768442483
Y39E4B.5,0.0320777111365962,4.29879262128316,5.92805108616908
Y39G10AR.9,0.0000653966232176891,5.9356076492984,8.39714787108621
Y40A1A.2,0.012075584691513,5.55235746697999,-9.15220500358481
Y40B1B.7,0.000807058087628354,9.15666129637822,-3.32279016055784
Y40D12A.1,0.014783491112322,6.54947215185614,4.69866045780078
Y41D4A.4,0.0000463156483079131,6.04173783746939,9.34457446655701
Y41D4A.5,0.00340516528748653,5.23004969308816,6.30130346967414
Y41D4B.14,0.0445130738093675,8.93053310805468,-2.7715308479822
Y43E12A.3,0.00440942012250203,4.54748736241232,7.73306359208916
Y43F4B.5,0.00266593338063748,5.02534090665486,8.26323610038115
Y43F4B.9,0.00159130673918755,4.89494989112671,7.29214378893973
Y43F8B.2,0.0102744891364492,5.43282058437542,8.70309770286686
Y43F8C.7,0.00281751712524574,5.52210604249904,7.41318139028039
Y43F8C.9,0.0183993117289364,5.28570408062604,-8.86594709127977
Y43H11AL.2,0.00886856271796551,4.76120279574125,7.01503689179076
Y44A6C.1,0.0128949949529411,4.85372986025886,6.27636473599412
Y44E3A.3,0.0404260653158148,8.15864582213465,-2.16633342801536
Y45F10B.15,0.0178890949874152,5.31670763460657,-8.90143655804615
Y46G5A.18,0.0408387973714456,4.67079301335442,5.71964562207304
Y46G5A.7,0.0045040593797014,7.32816593984793,-4.28970295859771
Y47D3A.20,0.0350781056625909,3.92406387907836,7.00172573616408
Y47D7A.14,0.0000323548793632199,6.4396459162044,9.75737166935843
Y47G6A.13,0.0141708268865609,5.38466762767723,-8.43548361823496
Y47G6A.25,0.00001485778353393,7.78668216122763,5.97953715432685
Y47G6A.3,0.0155810715817228,4.85384355597386,8.07511718803812
Y48B6A.13,0.0146619273468442,4.60261647530078,7.79537570667706
Y48E1C.2,0.0248988738516432,3.92911657652032,6.05297533280853
Y48E1C.4,0.0419596686482283,4.51131183149476,7.69010761017033
Y48G1C.9,0.00540233896573588,8.0899082267709,-2.51957963726336
Y48G8AL.1,0.0216258659243011,5.14923373547987,4.38531570554025
Y48G8AL.10,0.0219787841323542,4.13514018531229,7.25664531985764
Y48G9A.11,0.046272597386713,4.2312739322129,-7.6921396305
Y49E10.30,0.0266446489206656,5.42603005861484,-7.63589921236731
Y49F6B.9,0.0397440237179119,7.50028997274749,-2.7291202552138
Y49F6C.8,0.00017566059669921,6.24342474751027,7.36713851616491
Y49G5B.1,0.000420382301178096,5.91205458825835,7.96426511830996
Y51A2D.7,0.0499206321521154,6.01447899297598,-3.57864496498075
Y51H1A.3,0.0125446468821398,8.49943830751816,-2.1438583654819
Y51H4A.5,0.00423502869630842,5.39350435635001,-8.9823338754616
Y53C12A.3,0.000115177950467863,6.19633479207641,7.43273521879987
Y53C12B.1,0.00589325278557192,5.32692892563364,7.44760589568815
Y53F4B.9,0.0421329592350237,3.18052831848506,5.61243095566441
Y53G8AR.5,0.0225896866847465,4.19688171803749,7.32932867119895
Y53G8AR.9,0.0476062128330831,4.83718784054554,-3.67092342941808
Y53H1A.2,0.0158818434108195,6.68813353321685,4.88784878978191
Y54E10A.10,0.0349289676299268,5.87356825822938,3.50191465287699
Y54E10A.11,0.007878114670388,4.48223036515595,6.57545409892586
Y54E10A.7,0.00484377023581244,4.85109089007647,6.55259625400542
Y54E10BR.2,0.00100813635137271,5.95547193891102,7.29185917065261
Y54E2A.7,0.0128929385871376,5.50838794522564,-9.10549774924223
Y54E2A.8,0.00041256700031674,5.87869867351856,8.28133153299528
Y54E5A.6,0.0395752211544361,4.39900284547366,6.64888755317059
Y54F10AL.1,0.0000016996979584532,6.77948109918027,10.1069310062576
Y54F10AM.11,0.0294386436416281,5.09016616151633,7.18192747252956
Y54F10AM.5,0.00871203264036897,8.72460945663838,-2.49572597172472
Y54F10AR.1,0.0188611711635112,4.68330369495635,7.88409814077759
Y54F10BM.13,0.0250908683992703,4.40082374191552,5.68799974443585
Y54F10BM.6,0.00566068778593994,5.38597861367928,-8.03349271663234
Y54G11A.2,0.0129784213747381,5.08518266712346,8.32730014932523
Y54G11A.3,0.000168196488850119,6.89386321463534,6.80378402850612
Y54G2A.2,0.00133952833020787,5.20130132461066,6.90946021258882
Y55B1BR.2,0.0326152532749312,4.0055053583342,7.10270473317007
Y55F3AM.9,0.00000138822832440668,7.23825912594279,7.75699969120989
Y55F3AR.1,0.0121431743863571,4.43840168707619,7.60837466710966
Y56A3A.2,0.00964438679960775,6.49171538149734,-7.76967232349092
Y57A10A.16,0.00271151097758398,4.74104596260469,7.95012125130629
Y57A10B.6,0.00000865271495633069,8.77560838524663,-5.67562161854261
Y57A10C.11,0.00319948388438023,5.36490178123103,-8.95248082810761
Y57G11C.1131,0.0122407503534878,6.86016347344698,-6.39212542005007
Y57G11C.15,0.022250872562057,8.97028936047885,2.52672850137515
Y57G11C.33,0.0000445066742535456,6.33172626294736,7.15742970946605
Y59A8A.3,0.006519917828452,7.51446074969301,3.2781149006333
Y62E10A.14,0.00977307582024254,5.26253100646797,5.81954115440146
Y62F5A.9,0.0239886501546055,4.40021203536133,7.56542166454952
Y65B4A.8,0.0225816656336571,3.58784208438616,6.58230939837728
Y65B4BL.3,0.0000900226512606103,6.07445024842437,7.63611097728505
Y66D12A.10,0.00000114405736597173,6.62789786396239,9.95127963576121
Y66D12A.5,0.00406992826754602,5.16776035803202,8.41786480181803
Y66D12A.7,0.0117153956453654,4.59666048111566,6.63005857027772
Y67D2.4,0.00145396457670241,5.65285944979824,8.93653150517844
Y67H2A.5,0.01495241295722,9.56236906540957,-1.95229233260259
Y71F9B.2,0.0138615186929436,7.82778381979416,-2.83071792294641
Y71H2AM.7,0.0268592327057852,4.99994569915384,8.23565190007269
Y71H2AM.9,0.0209975170989857,4.25866982908504,7.40132024940875
Y73B6BL.29,0.00588724489594369,6.27161676610452,5.34213085842362
Y73B6BL.30,0.0134671722739031,6.19115163332574,4.41195021603983
Y73B6BL.4,0.0179633812634528,5.89254418046857,4.80873866602878
Y73F8A.24,0.000245352779017298,5.62577664588868,8.90773025992579
Y75B7AL.7,0.00284978710013838,6.38983440707827,-10.027398830269
Y75B8A.24,0.0264084585197728,4.09815446163055,6.27154995658043
Y75D11A.3,0.0000744383949274212,6.00192042260995,9.30290321123009
Y76A2B.4,0.00611976422064185,5.72666674214254,6.58497671667688
Y76B12C.4,0.00067374511720939,6.41842207583957,-9.38605919007118
Y82E9BL.5,0.0377693852973974,5.31943699251028,-5.46749167112089
Y82E9BL.6,0.0056957499019155,6.00051012134379,-9.62376437026166
Y82E9BR.1,0.0276402336353423,3.88288727194687,-7.27955093215488
Y82E9BR.3,0.0255027865390395,10.9833132212199,-1.76536889563855
Y87G2A.7,0.0000284086468051876,6.54611794549656,7.41601363769484
Y92H12BR.2,0.0154610639458979,8.66590680971539,-2.11558521254067
Y92H12BR.4,0.00277423008480509,6.40763610653827,-10.0457994379256
Y94H6A.4,0.0210316655983828,5.21292738251329,-8.78913370906631
Y95B8A.8,0.0218673083118582,5.1940961338792,8.44679278135894
Y97E10AL.3,0.000260697577367642,5.74471722780433,7.57871864377155
Y9D1A.1,0.0375420947934652,3.4185509768866,-6.67995957368244
ZC239.20,0.0000795571618958444,7.99869135997676,-5.36139499703349
ZC239.21,0.000346270441528018,8.63115506158865,-5.27707713752996
ZC262.2,0.00573481371544322,8.48517469866852,-2.51140630217817
ZC513.5,0.00945016827995525,6.89283384578411,3.76405769061489
ZC53.1,0.00337154121744304,5.34934844633158,8.61350903072467
ZC8.6,0.025799529293209,3.99178496598859,7.08542545278013
zer-1,0.0207831598007478,6.88054415670775,3.05386947299296
ZK1073.1,0.0482474629227021,4.38607414174715,7.5489899772409
ZK1098.3,0.00358984530906179,5.7076007780857,8.12442345170402
ZK1098.7,0.00468636419282672,8.07603450740713,-4.84727083032358
ZK1128.4,0.000186152330863678,5.86242432173943,8.044014329391
ZK1236.1,0.00517906509876615,5.50744945211369,6.25421074680395
ZK1251.5,0.000543881724624295,7.35691109454987,-11.018620218718
ZK154.4,0.0332040217116918,4.29517314870821,7.44434153156545
ZK177.8,0.00000976829845973876,6.48851764363136,7.79691881926416
ZK180.3,0.0000481964187061777,6.16024642584955,9.4679549691078
ZK228.12,0.0212787488964023,5.2050874061413,-8.78067398069129
ZK265.9,0.0134860007048039,4.31404419825036,7.46604678621717
ZK287.9,0.0247732963455071,5.15771276963608,-8.73261071116747
ZK380.t2,0.000124800208678346,10.6048178851544,-3.3547988197972
ZK402.6,0.00164283271719521,6.54128195106371,9.86179944315033
ZK546.18,0.0170145838814647,5.38962829820945,-8.98152374135685
ZK616.3,0.0170004481252222,3.77925499480457,6.82521250034575
ZK616.5,0.000162395427370802,6.9930164671215,7.14124934452665
ZK632.12,0.000662617480420678,7.30511285956639,5.78626761714957
ZK688.5,0.000342005064020715,5.50174355129656,7.47750896024691
ZK795.3,0.0429359044006566,6.70435039462491,3.22233610006897
ZK809.5,0.0000194960498559699,6.09649519965624,8.83977635936568
ZK829.4,0.000584944862858958,8.06144050903603,3.50235830489043
ZK856.10,0.00107306892242458,5.74822769089794,7.78853279746937
ZK858.7,0.000280184896003766,6.29091205888878,6.83927984245528
ZK863.8,0.0176280377742691,5.32592466755299,-8.91131915335671
ZK899.6,0.0100975063266007,7.89588055233817,-3.79477592132149
ZK930.6,0.0014718349302471,5.93226233714246,-9.55170502728559
ZK973.1,0.000193349718503379,6.98759453219533,5.69731263092052
ZK973.2,0.00594450236934939,6.9476742552758,4.50394937779406
ztf-1,0.000380731838502023,5.57475848961713,8.85365469847546
ztf-17,0.0200542372656896,4.17368870125553,4.7132987705161
zwl-1,0.0000762010949099702,6.24200436188409,7.56649773217638
zyg-11,0.0461795024937164,7.44763938443604,2.5710930721308
zyg-8,0.0401053232049069,3.49262725365992,6.45753144920818