abi-1,0.0426119658110878,5.07988472450541,4.20751073879961
acdh-11,0.0255310260105978,6.76904989894358,3.62693712156724
acdh-12,0.00572678943051124,5.4756908960128,4.57138230732716
acdh-2,0.0256612610582583,3.93696581011265,8.26459038854035
acl-14,0.0339108410300932,5.90981475795765,4.7582855954783
acl-5,0.0386894003872274,5.34197329869372,-6.91200965559537
acl-6,0.00000406229377030526,6.31717495552234,10.5996781225259
acr-20,0.0495107922419135,3.19348055335643,7.30145821293764
acs-11,0.000390437437628425,4.54819456671749,8.97421724266849
acs-19,0.0243637432557619,4.40069157302912,4.60955562994329
adm-4,0.0154577753315311,4.73347621846864,6.45634464835093
age-1,0.026903434860221,2.88037450171501,5.7203427373115
agt-1,0.0492401776053794,6.65167324374919,4.49600813592339
AH10.2,0.000329541925886895,5.60113190877034,8.9686461463997
aly-1,0.0296049698442498,9.7991259939561,-2.67645331891876
apb-1,0.0440234042142007,5.36273441196279,4.39652827279351
app-1,0.00458273150621509,4.06466373199883,6.38676080173868
arp-11,0.00748446783799175,6.43016372205166,5.33423121708662
arrd-1,0.00401610144712208,6.4695340062958,-9.44058230968551
arrd-19,0.0226384778204778,2.68848182727747,6.5322102529978
arrd-2,0.037607247476144,9.91328919885878,-2.7385919171246
asc-1,0.0114602125795668,6.37899496138277,4.03308238191489
atg-10,0.021013431740227,2.95525482821468,6.96294880523349
atn-1,0.0125010457446847,3.1743927804012,7.27494659713651
B0035.15,0.0441315366885558,4.60629425033632,5.79684880438393
B0041.1,0.0260944211291299,3.96159862511519,8.29561182326862
B0041.5,0.0000149680969623774,5.74963773130785,8.78939906337736
B0205.11,0.0155189709605438,7.3457536025608,4.59544085412383
B0238.10,0.00433498030164506,4.34792995446055,7.66948948114474
B0238.9,0.0232078524055206,3.34939982453897,6.32255065442923
B0285.4,0.00108862836871305,6.56200790563654,5.84489222214159
B0331.2,0.00329081501572545,4.34121319859443,8.73873308906771
B0361.8,0.0000664163095971288,5.99658696774863,7.60616134633994
B0495.2,0.000109166498127736,5.34660171302483,6.88720923475017
bath-15,0.0167734141551128,2.05000604307352,5.20974707582532
bath-39,0.0178157577192767,2.86645872955909,6.82399734591644
bath-4,0.000738037567743254,4.25789399951379,8.64361237560061
bath-40,0.0325270252105493,4.36488011594602,5.02579711577724
bath-41,0.0204876360534535,6.36633534831067,3.78440335507034
bath-8,0.028649789878643,6.23100372700568,-9.1945067681487
bli-4,0.0123170552093686,6.88647738116141,3.31060278721053
btb-11,0.0328902188990828,8.92081639051564,-2.92943032325417
btb-9,0.0381090241389104,3.50215831857777,7.72157953888912
C01B10.9,0.0340046216133208,4.59508120698723,5.52583338852557
C01G6.4,0.0463156215309315,7.04207396482169,4.70997025292599
C04B4.2,0.00157825829234129,3.86802333976313,7.38298047864509
C04C3.3,0.00413338931207758,6.49055567307884,4.3820118869843
C05C8.1,0.0368161797709628,2.31801005741794,5.84063527846855
C05D11.5,0.0112242025147404,4.56987488200409,8.99742569351138
C06A8.3,0.0274865692280627,9.69450311260879,-2.8719417384991
C06C3.7,2.07825362083544e-7,6.65757173185449,11.2171226904072
C06G3.8,0.00302318031906915,4.08869462087438,7.52421252787564
C06H2.7,0.0000291584826810289,5.67572524279477,8.06719947957959
C07B5.9,0.00993507956879416,4.65375004037793,9.09135813403094
C07D10.6,0.00370262374500453,4.29909393553089,8.68906339011631
C08C3.4,0.0394667765870083,4.02918807341622,5.14935781091625
C08F8.9,0.0441698487399298,6.00143528741909,3.86859093510895
C09E9.1,0.0000302265817079492,4.72755212306848,9.17528053205034
C09G9.1,0.00414520406175543,3.90375148774032,7.82955870813024
C13F10.7,0.0448305849100667,10.0616735912239,-2.04753275648789
C14B1.2,0.00158244547318286,4.7605270932555,9.21152420258225
C14C10.4,0.0382821239496057,2.8285347344034,6.60411390103403
C15C7.5,0.0162004457214879,7.22219190844477,5.02706982810915
C15F1.1,0.038080030167679,3.50125952144566,7.71681642048588
C17D12.1,0.0076675071147453,4.45674064470493,8.17277967932972
C17E4.11,0.0145535131860761,5.99785626911444,5.93455183871504
C17E4.4,0.00296115330191322,5.25885146438955,9.75483271012964
C17E7.4,0.00151445233071479,5.0032489852632,6.40334672557272
C17F4.8,0.013218382509312,7.19895339927562,-8.07815883324186
C17G10.1,0.000898010180046034,3.11867847773674,7.19652059199145
C18A3.1,0.0018735494156362,4.18351896027347,6.53578093914477
C18A3.2,0.0412491421027249,4.58294799877807,3.74134744048665
C18A3.9,0.0412660075923138,6.16474015800428,-7.10140484610937
C18E3.9,0.000662105020504838,5.07541198694272,7.27826430878298
C18E9.10,0.0105745605371233,6.44212109726588,4.50285897986677
C18H9.3,0.0350877391262929,1.9864495387081,4.77857765963963
C24H10.2,0.00388175981446276,5.42939947003705,6.88517264388644
C24H12.1,0.0134839392425933,6.75565467270057,-9.73423070569463
C25G6.4,0.0347423444978426,4.62548563158196,3.63288434326226
C25H3.12,0.031849440278786,4.07775849818164,6.92896799449355
C25H3.14,0.0423480769886774,2.03817970182422,5.17518029277987
C25H3.8,0.00368624042441049,3.47037127108333,7.11972620228105
C26B2.7,0.043890940160734,3.34560157525491,7.51068739451564
C28G1.4,0.00641346579823625,6.41585546242174,-8.95996417584045
C30F2.5,0.0117407857337945,4.53260078602062,8.95543244110824
C30G4.4,0.00311425890037782,3.6306222810663,7.88320248350741
C31E10.7,0.0250648583831448,8.09621074835546,-4.44171496591378
C31G12.1,0.00581885746591041,8.3708784805314,-9.1855068466953
C32D5.10,0.013302847159658,2.01843770881178,4.75757348492041
C32D5.3,0.0210526621498591,3.61891130723714,7.36767130618947
C34C6.4,0.0245822717544778,2.98147791982293,6.99487713943172
C34E10.8,3.44920099323575e-7,6.29835728830262,7.76203322327032
C35D10.1,0.0119807188102078,4.96821479600533,6.2114647135743
C35E7.5,0.0319003431347299,9.27366057364207,-2.69548566561005
C36B1.11,0.0134903439140155,5.06142439290167,4.54440457329556
C36B1.9,0.0186327120581042,3.0051378983568,7.03040430943672
C36C9.1,0.000894163869883184,5.11044044011093,8.75473276111715
C37H5.3,0.00367119514389493,4.83135444145108,7.67003572459165
C39B5.2,0.0412113570073733,6.87864919685542,-5.57213732294135
C40A11.4,0.0355482394764622,6.42652169886769,-9.39625834183754
C40A11.7,0.0172179985065656,6.80192602188683,-9.78156656628884
C40H1.6,0.0383226421067224,2.27728059628187,5.75362740353394
C41D11.9,0.00224769560594795,6.40469654869964,6.05218909235227
C42C1.4,0.00592090855040354,4.91947362490491,9.3866096901454
C42C1.8,0.000129283478093617,4.62333253364563,9.05870954032729
C43H6.3,0.0231771204605037,7.46437927630574,4.12641473464572
C43H6.7,0.00615315976866037,7.42728249503576,-9.1393403420019
C44C1.2,0.0363042892827546,3.62792570233879,5.95960504776493
C45G7.4,0.000852161860922457,7.30877612788514,-10.2983305485889
C45H4.13,0.0158451482516536,2.99308950726996,7.01754401280761
C46E1.3,0.0131447749459584,3.78413906067077,8.0752183026395
C46F11.5,0.0132739989798047,3.43662194830841,6.15974947296711
C47D12.8,0.0227079933676429,5.05972700176515,3.28800324731469
C47E12.2,0.0000527840069330194,5.33731751706175,9.37966357933361
C47F8.5,0.0311921057196581,3.77090091501735,8.05890192291729
C47F8.6,0.0045906012841327,4.14237781449775,8.50764334121753
C48B4.6,0.0153414403549167,3.21149561127742,7.33117808763723
C48B4.7,0.0032818195579189,4.62551062969729,9.0598967877587
C48B4.8,0.00411991107235847,3.55963074739088,7.79247890005432
C48B4.9,0.0186770639409058,4.3575867801216,6.14989606693334
C49A1.2,0.039909720055193,2.08778535936622,5.30681719414888
C49A9.10,0.0281271521291679,2.4057770090654,6.02640337930341
C49F5.6,0.00737806225377898,4.43441083414793,5.00980856325814
C49G7.12,0.0472991087752836,3.24863663510743,7.3784075078302
C50C3.13,0.0403020912564196,2.05064281795049,5.20899411385302
C50E3.13,0.00289030028024733,2.64436662171315,6.0534692721549
C50E3.5,0.0324022505906462,4.31456631416394,6.77981700044937
C50F7.1,0.0377466383268106,3.51509038369357,7.73462876102201
C50F7.4,0.0296318549236074,3.28367000965632,7.09806561041306
C52E12.1,0.00618688622354468,3.61610523868104,5.24691464328805
C52E12.6,0.00141660124618367,5.53822075670036,10.0521410513678
C52G5.2,0.0156921219024483,4.33024352652323,8.72490314368722
C52G5.4,0.0409062457808138,3.42305192505036,7.61414650082395
C52G5.t1,0.0228437669744472,4.06945683593032,8.42042106008502
C53H9.3,0.00325424838046881,2.96909949576847,6.97777077124146
C54C6.6,0.00912056264241656,6.44584627136285,6.52072867980418
C54F6.12,0.0279459492205831,3.87473789944744,8.18644244754713
C54G4.9,0.000275419904926013,4.63050178187798,9.06614494478934
C56A3.4,0.0224840696407756,6.03225489691833,5.17636835949164
C56A3.8,0.00107790732985606,4.56544194170699,8.99251460222766
C56E6.2,0.0355650127178695,5.86497631852146,4.27417733924103
cbd-1,0.000998543186768858,3.45780763173992,7.66040528491698
cblc-1,0.00406000177328856,2.14845020330591,5.46134111421955
CC8.2,0.0477901810068482,2.10428536637409,5.34939438170763
cdk-5,0.00117634660045588,4.04743174653217,8.39476057414742
ced-7,0.00254177621764029,4.19012380709941,5.65683903290041
ceh-51,0.000041397165246249,9.8334018294841,-8.229005112387
cfz-2,0.0338100710000461,4.83870553559622,5.11425946493678
chk-1,0.0391998756933847,6.0384159130744,3.25833498151018
clec-123,0.0424021154420355,5.14327958376632,5.60396925456737
clp-7,0.0307376198888485,4.29402353935942,4.09383571030357
clu-1,0.0289171224990428,5.90659109976785,-8.55608691629394
cnd-1,0.00328850692934963,4.35942281084759,8.7584228503064
cogc-6,0.0142466240147753,3.67465079247985,7.93866317682461
coh-3,0.0466493214778068,5.61591779740021,4.3357970971861
com-1,0.0184017930792489,5.03988172182082,4.93117915675136
coq-5,0.000018943836611591,5.71048608027504,9.24416082994377
cpb-3,0.00015883272888101,4.95410012432608,7.07047524101149
cpg-1,0.0195031495978699,4.48579467701699,5.37451898245135
cpna-3,0.0025093554859846,2.83832489208335,5.97198164094779
cutl-21,0.0297098908626384,3.12063121023252,6.67105388164449
cyn-1,0.00741460398253846,3.81816769327934,8.1179838146221
cyn-9,0.046275028737124,6.84604121373579,5.34494330819522
D2024.5,0.0140782907252759,7.29526941568771,3.46270705089458
D2030.1,0.038386012598393,7.4346271805102,2.62764863603049
D2030.2,0.00952074622387045,2.61708860623333,5.64254335507465
D2092.5,0.000323052118312803,4.01974741413183,6.6902310280179
dac-1,0.017908528126949,4.24562574266685,8.62709879024735
daf-16,0.0493845275993194,2.59069655323396,4.94867825670797
dao-4,0.0375439920913595,3.52778461043316,7.75125412635897
daz-1,0.000215807264789316,3.77113034849141,7.72881517114005
dep-1,0.000998230155038295,4.98652388856376,9.45964871589692
dgk-2,0.0347525833657535,6.70603140443189,-9.68336622368708
dgn-1,0.0371818672513645,2.53548669331298,6.26375269269191
dhs-17,0.000500559555270537,4.45731998359086,8.87041316170059
dhs-19,0.0103737099493395,9.2083634231266,-5.77836902561105
dnj-15,0.00702836111217318,4.64593449033062,5.69945742444076
dnj-5,0.00987661605312228,7.10949613483096,2.93769010092322
dod-6,0.0398880618441961,3.96804299786104,4.97196910581815
dph-2,0.0127497950838119,3.2810432664088,7.42389829176189
dpm-1,0.0394343490700359,3.46488126637188,7.66927445524864
drp-1,0.0166610924258286,6.13282003464197,3.46026364303838
drr-1,0.0350333060705463,3.62489085277842,7.87563275316131
dsl-1,0.00391779218261865,9.33162705046576,-6.19490913917944
E02H1.2,0.0181214894907083,3.70843344616044,7.16272612606416
E02H1.6,0.0310480855902367,8.11664147290866,3.60843420182707
E04D5.1,0.0161022888013983,5.20386527562474,4.82952297117047
ears-2,0.0131774939101342,3.54890928783825,7.77866990287036
ech-3,0.0482994163660473,7.2474849752992,-8.2811320417773
EEED8.14,0.00123154168787654,4.78756541625467,8.24254796186168
egg-3,0.0201372649487479,4.2492805034649,7.35593766527909
egl-6,0.00670241257143523,3.88683407881107,8.20116284706232
ekl-5,0.000656557228648407,4.22902033642197,5.99415698362219
elpc-4,0.0000302681502809524,6.19029188540926,7.63049809371094
elt-7,0.0458574377681731,3.5239592671304,7.06522202757063
eor-1,0.0449026674850527,6.13050643204439,-9.09023932237725
epg-2,0.0483881105482768,9.48830685243319,-2.09767832797833
eri-3,0.00474372392973764,3.6798736642611,7.6616766389019
ess-2,0.0000537490396592134,4.91535564338611,8.78486495610812
exo-1,0.0135817307903393,2.53413854296405,6.01309216252704
exoc-8,0.0287507033100769,4.58533313359874,4.82071778738556
exos-1,0.039638859500369,7.85097048337281,2.79104438072645
exos-3,0.0221266636933425,6.16456834501473,5.28244993684916
F01G4.5,0.011986964723032,3.42686223998156,6.20702491414263
F02E9.1,0.0135538245399831,5.73768623419171,4.37470272756032
F07F6.2,0.0364995688890851,3.62080388549846,7.87565443445032
F07H5.13,0.0117787873460376,8.01952494482474,-11.0179904284485
F08F3.6,0.0396625562285111,4.87031969893204,4.94105511198036
F08F3.9,0.0200079220161868,4.15203251355508,8.51784074289285
F08F8.2,0.0454494553742628,3.3050686543292,5.56380360823887
F08G12.3,0.000455591043732674,4.66569884943484,8.78700113712546
F08G2.8,0.0255017333560231,3.24910439007201,5.64499491632028
F08H9.4,0.00316953555234218,4.38456185872666,8.78754724713695
F09A5.4,0.0341043270739139,7.77421589613476,-5.95877581531532
F09E5.11,0.0224889537349563,7.7511792925338,3.14349802887347
F09E5.8,0.026374460290604,3.92016801842566,8.24431675030188
F09E8.2,0.0000419092494318447,6.7426255666713,11.3044208680897
F09F7.4,0.00810189651662024,2.85148139310449,6.79625635230722
F10G7.9,0.0476969523217475,6.0907461447634,-9.04899444421162
F10G8.9,0.0348609938561581,3.83303906244233,7.52690099225704
F11A5.9,0.00173498666861379,2.88986176759337,6.515832075082
F11E6.4,0.0363744024929314,3.58200272732063,7.82107577479002
F12F6.12,0.0290585045326227,3.8339064324368,8.13653811787353
F13G3.7,0.0116195503159,7.03248781135103,3.44949564311663
F13H10.9,0.0292224751842941,3.82948904801597,8.13098448337043
F13H8.8,0.0380708847448577,2.92952087362399,6.0721431133521
F14H3.4,0.00239232946353254,3.97178554560636,7.81875733343146
F15B10.3,0.0381748093517466,9.88265688463546,-2.4728344532298
F15D3.7,0.0165005488005031,5.13971637687468,6.4981314048975
F16C3.1,0.0313708599135252,2.41524479209707,6.04639654643991
F18A1.7,0.0000298268513146792,7.70048491472258,6.5482893958691
F18C5.9,0.000830232328608775,5.21505270117868,9.70773797918857
F18E3.11,0.032058138427214,3.7398253423708,8.02017142561759
F18E3.13,0.00683231520546087,3.83571056486932,8.13882721458498
F19F10.5,0.00493528572746164,8.36855747711726,-11.3700656455086
F21A3.5,0.0132460648249298,4.44941629319787,8.86120695413154
F21D9.1,0.0144554911712117,6.95369121900556,-9.93665546429984
F22E5.20,0.0336081361723541,8.18692260879029,-4.25853041648131
F22F4.5,0.0377438587082178,3.51727155842052,7.73745982954957
F22F7.1,0.0000362332998219065,7.45431245643354,-10.4460605830101
F23B12.4,0.0411874314293122,3.40277129442493,7.58705315832281
F25B5.3,0.0014136978772512,5.19461484018483,7.34576804015913
F25H2.6,0.0000197003241601757,5.42637048463243,8.04918774435644
F25H2.7,0.0175544953802676,2.89606945343596,6.86986180842909
F26F2.7,0.0113234482025682,4.49616539814265,6.12267018556486
F26F4.8,0.0372621518502992,5.84150872135958,-8.78936097290221
F26G1.1,0.0151802992270924,3.3990100747532,6.29844477236121
F27C8.6,0.0317829226065173,7.81172933716346,2.87397181764686
F28B3.5,0.0024056203589166,3.04378178442854,7.0879542499374
F28C6.1,0.0235404708202685,9.62131228523441,-3.52258064024247
F28C6.4,0.0184389065951679,2.90021347901958,6.87875646273928
F29G9.12,0.000341506176669196,5.3837352764761,9.88769160985218
F29G9.17,0.0194733286441428,4.17993082433811,8.55042588991253
F30B5.4,0.0252328553804172,2.05749655845046,4.93567928142823
F30F8.3,0.0456021511544794,5.92153435124527,4.28777704604123
F32A7.4,0.000107946737401036,6.48567980642793,8.8752638266839
F32B6.2,0.0202054394318542,6.19999694019031,5.68488411401724
F32B6.9,0.0270717483603798,4.54876378808435,5.3450088141727
F32D1.7,0.00000315538503244447,6.68780736991605,8.7771494339807
F32D8.5,0.000143064259918409,4.71061843055283,9.15495419497485
F32E10.5,0.0023526938447233,4.14204802167092,6.68964465522252
F32H2.10,0.0174159514721829,7.14747176660704,5.87150072295978
F33D11.12,0.000551757497421201,3.17991900843981,7.28632395223096
F33H1.3,0.0337097783652352,6.50790884450828,3.14552021739933
F35C12.3,0.0426671529072188,3.36857408992841,7.54156955200379
F35G2.2,0.0147736936788258,3.82690889674286,5.32983632864462
F35G2.3,0.0159800407258442,8.31753852378061,-5.60771029680452
F35H10.10,0.0252965377430832,2.46262575290088,6.12865141198123
F35H10.7,0.01486123373211,3.71672232399426,7.08359374859056
F36A2.12,0.0178762925923122,4.24562574266685,8.62709887809052
F36D1.9,0.0269652036482781,3.93368495560568,8.26203974949799
F36F12.4,0.00116762396110038,5.75277124680543,7.42849393613308
F37C12.18,0.0293862873228343,3.85787373903981,8.17017656253261
F37D6.4,0.00120164671662128,9.37097070412633,-12.3780043853799
F39E9.16,0.0116414705666972,4.53877633732182,8.96239941055494
F39F10.3,0.0414723014665564,7.02554100748884,-5.31574808309805
F39G3.5,0.0463952712876576,3.28119131871877,7.42317935922668
F39H2.3,0.00655399016003748,6.28943705075348,6.72625023958106
F40F9.5,0.0442893091533897,3.33560409376997,7.49700577943734
F40G12.10,0.0347120728008117,3.67722525538239,7.94683550718521
F40G9.9,0.0228033978918809,8.53165444468794,-3.72314358802222
F41D9.2,0.027777642928344,3.88086902113565,8.19377825879507
F42A8.3,0.0254005850790291,4.47141575107613,7.06861710455719
F43A11.8,0.000515121126183269,5.96225797041471,10.4982370729018
F43C1.6,0.000868634282378627,4.37396768165327,8.777595042167
F43E2.11,0.0123724587258571,4.52682711342753,8.95161361081711
F43G9.13,0.000228110761014633,3.81761796378953,8.11859407933832
F43G9.2,0.0358165873256889,6.92373973214497,3.2102593250346
F44B9.8,0.00295399154098906,6.74530249372286,4.8217266907026
F44E2.10,0.0000866660757099903,4.64038737320812,9.07827251099654
F44E7.5,0.00872294105459321,3.96613673751295,8.29702168196817
F44F4.3,0.0394136481284707,3.46101648052633,7.6642021938921
F45D3.4,0.0225648514352156,4.07654692712713,8.42871072330617
F46B6.5,0.00688603057657868,5.83837939460207,3.98005676317395
F46E10.2,0.0110221971020024,7.43673307267596,-7.25385307626232
F46F11.6,0.00663860323826666,2.66007049304185,6.48887015678267
F46F11.9,0.00186284291333385,4.91954050078863,7.37162895587219
F47B10.12,0.0450147181708817,3.3137557481545,7.46740353728164
F47D12.9,0.0000012859453017222,6.10043104839329,10.6416302104336
F48A11.4,0.00010605361506986,6.04532857763564,7.67411496268666
F48C1.5,0.0028075672169133,5.65602534021534,6.87451221336699
F49C12.9,0.00969616285489967,8.04224413004596,-5.83078987386578
F49E8.2,0.00673196985048714,8.22645355199121,3.58783109264806
F52A8.5,5.51271354037473e-7,6.34098528406506,10.891250135812
F52A8.6,0.000204331363191377,5.43522146367467,8.03937852635499
F52B11.1,0.0228580090662224,5.59112869770189,3.65963855107366
F52H2.7,0.0277514374094169,3.67293535701396,4.71879587807084
F53A3.7,0.0209195030974373,3.7587096018247,6.39798104366264
F53B6.4,0.0309967144047275,3.77669918998932,8.06593862614998
F53H1.3,0.000727107530281945,4.70543675269392,9.15027661510834
F54A3.6,0.00175225038943503,4.46013686712281,8.87519524914954
F54D10.5,0.00141346653775313,4.81462447923256,9.27003985171337
F54D10.7,0.0114375336734259,4.7054364682199,5.7608118446049
F54D5.9,0.0489932527019445,4.27455663312121,5.62096115146164
F55A11.1,0.0370338941562505,7.86578202933833,2.48320816350943
F55A11.4,0.0000257785909519975,5.61104903392323,9.89871810012128
F55A11.8,0.000836965003518697,3.25553493912566,7.392533841844
F55A12.5,0.0377860251970048,1.89895115639022,3.94714554420025
F55A3.5,0.00392099043434655,8.40053508374874,-11.4022870848734
F55C9.5,0.0244331831733039,6.68018937830158,-9.65688941225791
F55D12.5,0.00802687951533334,3.7917559305272,8.08478268000888
F55F8.2,0.00504298324278187,6.75385300382308,4.43273183567975
F55G1.7,0.0260392482367577,3.9310461622159,8.25463752110736
F55H2.7,0.0170586201193869,4.91125122740099,6.63917756793544
F56C11.3,0.0274459673652933,3.69427649327828,5.8771895598322
F56C11.5,0.0222532685218466,4.02934084683505,6.94626686834397
F56D1.2,0.010716550317872,3.14177775730531,6.48204973171686
F56F10.1,0.0391534193226974,2.6964941804283,6.07259297558748
F56H1.6,0.000010343720502875,5.14368239125607,9.62957129101287
F57B7.2,0.00308758070362669,3.50662302674281,7.7248838099138
F58A3.7,0.0149522814982616,4.36000222204941,8.75899845817019
F58A6.5,0.00206393108582996,4.8096804009917,9.26458851035549
F58G1.2,0.00944469951088815,3.99817219750372,8.33544572503683
F58G11.11,0.000808147257346141,5.78773165140239,10.3156139507863
F58H1.11,0.0234871571251615,4.03875551254114,8.38382398886993
F59A2.5,0.000659880458325271,7.37809928123352,5.41626774652094
F59C6.10,0.0463255534653369,7.16798334986248,-7.06239074799632
F59C6.11,0.0441939151499361,3.84331640187179,5.03182885873632
F59D12.11,0.00000130428541213346,7.62398061089894,12.2021915448928
fars-3,0.0441244279476357,4.93486341752963,4.2934830883062
fbf-1,0.0416495706248384,2.89755383114278,5.15807863619727
fbxa-10,0.0498390682843702,3.19032784016781,7.29703657407176
fbxa-114,0.0149845253907449,3.80565500776761,6.99626274179669
fbxa-99,0.00519872999142082,4.98448233263021,9.45633772295862
fbxb-1,0.00398973984568231,7.14963060805722,-10.1364212624465
fbxb-10,0.00244221502597715,7.57963206598336,-9.52452768473783
fbxb-105,0.00219562730499326,8.04458307972689,-8.89790029051047
fbxb-106,0.000994171229859362,6.88332469922681,-9.86489650797553
fbxb-107,0.023696321661305,6.53568059209806,-7.77074396268625
fbxb-13,0.00428588991939791,7.35502658006764,-10.3452439984373
fbxb-19,0.00900761935777783,6.39301214064198,-9.36175660845573
fbxb-2,0.0101152731284347,7.70718382823286,-6.60389906950024
fbxb-26,0.0115498364329768,7.48002620601106,-6.28796542939134
fbxb-27,0.0229253028775705,7.49392041452775,-10.4861916900927
fbxb-33,0.000769872690325577,8.05666345126898,-9.12120469890681
fbxb-35,0.00123397254376412,8.30323224220835,-11.3041694065158
fbxb-41,0.0182799210331469,9.09058881896604,-4.48804508906298
fbxb-42,0.0205016338776048,8.52234520715314,-4.0264481727133
fbxb-44,0.000032733708747519,8.34422552437362,-8.8199623559914
fbxb-45,0.0000361682106038962,8.68282434828267,-10.7048937718792
fbxb-47,0.040721500015885,9.44291182068393,-3.71552073407817
fbxb-48,0.00951727448871126,7.10769571913818,-8.37454048746375
fbxb-54,0.048395709558264,10.2858968487155,-3.42669127207984
fbxb-67,0.0118475781232782,5.76499107759384,-8.70931581509571
fbxb-68,0.0223220323841293,6.83460372182603,-7.23222637423411
fbxb-71,0.0073707934976475,7.50214099179917,-10.4945276834124
fbxb-81,0.00246513627895895,9.04384505053729,-4.9734977529983
fbxb-82,0.0105596502578028,8.70734367928576,-4.36394911478287
fbxb-86,0.00525370892129406,7.35087260980638,-10.3410233671859
fbxb-95,0.0000832351264457132,9.49387450536286,-9.3921709620559
fbxb-96,0.0000202795910936659,9.12301242975233,-12.1290589341086
fbxc-26,0.00683326521440708,7.10530946132578,-8.62107142259784
fbxc-28,0.0478955852759474,9.21726391987636,-2.60958607768026
fbxc-47,0.0403521142179714,2.05345872482252,5.21959003162448
fbxc-48,0.0216781539690564,4.09619093320003,8.45207119839798
fbxc-52,0.0369999381949176,7.80773594587619,-3.71815752457935
fem-2,0.00194187497354736,5.01548513003429,5.8866616826669
figl-1,0.012891636274173,5.98594860180405,6.55365867823117
fipr-26,0.000676791054842578,5.85087444030004,10.3818047761483
flt-1,0.000693740658283329,3.11515939216094,6.85674695734812
fog-1,0.0275323247546729,3.320117199051,7.17430197885449
frh-1,0.00395343797922696,3.22099303047573,7.34053701542192
frm-10,0.0211059001244392,4.34668296933053,4.58227011362523
frm-8,0.0263984117239704,2.45762273921881,6.12614018501413
gfi-2,0.0000526285118938697,5.80106788090879,8.12188116130162
ggr-3,0.038672189726364,3.48933920239242,7.70110729249218
ghi-1,0.0431967187685309,3.36024139780206,7.53433837653605
gip-2,0.00490022037349431,3.45202915053476,7.65253119579496
glb-18,0.0152722682996877,4.37156200115299,8.77535458277717
gld-3,0.000398515410002739,5.80155651911407,6.16246784378361
gld-4,0.00711260828752715,4.16253393787432,5.78452339805478
gly-13,0.00842091717193923,5.87769980053815,7.52533933058464
gly-20,0.0176374708816577,4.00560788420013,5.62350620401872
gly-4,0.000358424177628325,5.02595892728151,7.02500556772259
gly-5,0.0258250173971373,2.44442315709102,5.76057563591935
gpa-4,0.0288567900969327,3.83892182115317,8.1455488276585
gpb-1,0.0291904442745778,6.65316813742457,-9.6291829351879
gpd-1,0.0152825640477018,7.80894497644829,2.36750646329834
grl-6,0.020752553928301,4.12648961891805,8.48781257974711
gyg-2,0.0419891317406408,4.60961909163411,3.64089615794071
H03A11.1,0.0184070652816052,3.68017014325477,6.7322865274908
H06A10.1,0.0279161621883705,2.42451537861343,6.05539841778647
H11E01.t1,0.000154644389469905,6.37557340283718,10.9268703306428
H11L12.1,0.0038937261893996,5.13197114524776,9.61825811116791
H14E04.2,0.00856334526115526,5.50030826102728,4.02265300081068
H20J04.3,0.0447691010923096,1.99645931845103,5.05822466179491
H32C10.97,0.000129763639943623,6.42280920208507,10.9758468136571
haf-3,0.00154272633733628,4.91429755884556,6.36442341303711
hex-2,0.0144103364218234,3.14997764733187,7.24631286136249
him-3,0.00664741455743175,4.23322278193562,8.61483688821388
him-8,0.0379310497266478,3.80899059612821,5.21633958729526
his-24,0.0113008291513752,9.11497578215594,-4.40202955688469
hlh-1,0.000463294653534214,8.20473889357581,-11.2048835448646
hlh-28,0.0291795883714866,2.35999082812368,5.93453013752337
hlh-3,0.00935960828427125,6.89618148407685,-7.27262572584638
hmp-1,0.000267130119211712,7.87136316103302,-9.98455682296325
hop-1,0.00460320028530495,4.14947300033302,7.36526870808802
hot-2,0.00743734902972832,4.80707302641692,9.26167236330155
hpr-17,0.00668853205260415,2.74032235920144,6.62066287354954
htp-1,0.026169977544252,5.68431432233077,5.13732428554585
htp-3,0.0358632920359235,6.0517535479852,4.32951632615643
idi-1,0.0318024264903357,5.34790562716588,4.74591084038974
ile-1,0.00668001121204973,3.44388036430591,6.52170108128609
immp-1,0.0082181398372852,4.20790392263699,7.03790813209625
imp-3,0.00127379877354519,4.24709060787602,6.87911428750028
ina-1,0.0204506118076745,2.12447308503441,5.40048432967076
inx-11,0.00704992670415242,4.16011222126031,7.86058999896189
inx-21,0.00000245160333239597,6.69094488298203,10.1090857854565
irk-3,0.0104518124179017,4.61610117782157,9.05098082186564
K01G12.3,0.0310203229077842,2.53720816930112,6.27332691073024
K02B12.2,0.0184518820451051,10.221074328296,-3.86511777658166
K02C4.3,0.0223861113793738,2.01775851029858,4.46331120450035
K03B8.4,0.0366213081339537,3.56328672583141,7.80050880442868
K04F10.3,0.00660681010570143,3.81511337620675,6.71217397005389
K06A9.2,0.00114884782461422,5.14629504338206,8.93752666909456
K06H7.3,0.0440908132314001,5.32644889087961,3.71054759547172
K07A1.13,0.0263927181699826,3.9174587964929,8.23820197987087
K08D10.12,0.0451179600540665,3.31414192489378,7.4679278225655
K08E3.5,0.000149903272777288,5.42299710562743,9.01208001464062
K10C3.5,0.00107130763144867,3.76779025256222,7.67308447535887
K10H10.1,0.0000137087852625668,6.33078801931134,9.12465225843274
K11D2.5,0.00621986334751713,3.95803239051459,8.28757753083099
kat-1,0.00000918481653484235,5.36578710230656,9.86878830295054
kel-1,0.00963959033031204,2.35315082199116,3.9678984141492
kin-33,0.0198819065683861,9.49848593905267,-4.24872654506433
lact-1,0.00199617830368326,5.41838840790694,9.92391528010295
let-754,0.00171314229604,5.13220266373361,8.69644883449759
letm-1,0.00260472168408213,4.42196643380164,7.82979532790829
lfe-2,0.0150525089118322,3.40692403734049,7.59839747321439
lin-25,0.0119923571608652,2.51983621639932,5.72112684950834
lin-3,0.00294761887104956,3.44430087471948,6.6159955626629
lin-42,0.0450707615318941,2.25783762716081,5.71103936463785
lon-2,0.00000189829803616254,9.31743304052594,-10.9763361956103
lsl-1,0.0103238318324531,2.1555718587323,5.47948804822174
lst-1,0.0272635756014184,6.73716205682573,2.7522282830626
M01B12.4,0.0428152012228373,2.60462768083877,5.70704309443215
M01E5.3,0.0335027636569441,6.36055618610644,3.28549311118468
M01F1.4,0.0183062017353532,2.92214709852508,6.91049662501508
M01H9.3,0.000983678627441026,5.51664938631237,6.58686420252416
M02B7.4,0.0450476047354233,3.31133979293944,7.46412037573053
M03C11.3,0.0456568925294222,2.4095565724011,5.50571542461719
M05B5.4,0.0309317711180132,9.61399121804177,-2.70389727736135
M05D6.5,0.0322346686637491,7.08166980441706,-10.0671293366672
M106.4,0.0237585751698826,2.00556537877495,5.09073610199095
M162.6,0.00237263929436393,5.34398278436214,9.84447932521292
M18.8,0.0328251617910675,4.10777852334502,5.15389351145747
M60.6,0.0313603713515606,3.76029345762913,8.04561108547084
M70.4,0.0104112100597754,1.85827084184316,4.34202128339583
M88.2,0.0443742926026537,4.33303065191248,5.80588049869197
math-7,0.0359633399580894,3.83360244498125,7.46576099385374
mdh-2,0.00965580928372012,2.53140466645819,6.25756588696551
mdt-11,0.0338840530841653,7.05214534392082,4.42495952728065
meg-1,0.0296027946955223,2.14317354760069,4.82935082277795
meg-2,0.0252113987074297,2.52198831359941,6.23924647456142
mek-1,0.00000195366786272763,7.04308212900322,9.51961079583768
memb-1,0.0154936556715948,3.06209270587047,7.11398387453818
memb-2,0.0325044108128479,5.38883447245494,3.53359480713759
mex-6,0.0412093534830662,6.2403837173344,3.10485130850322
mpk-1,0.00113958872792271,3.96298500088429,5.81733660278075
mrp-7,0.0422688037669666,2.26950685313902,4.81083556143891
mrt-1,0.0160526475470126,2.31899432934324,5.1308387797217
mspn-1,0.00104716580014567,4.53357923766252,7.70965241548237
mut-7,0.0252867158106633,2.48030314466549,5.85246069546674
nars-1,0.0142451347607916,5.649299724748,4.88288104166668
ndx-9,0.00966045157426005,2.30184355433448,5.81286043392821
nft-1,0.00367898607259237,4.34468416177206,8.74156657965305
ngn-1,1.49698850617158e-7,9.7499621371335,-11.4419639247871
nhl-3,0.0414818657370234,4.29326483013713,5.0966766301309
nhr-12,0.00114038316201015,3.89243457063372,8.20825283581505
nhr-154,0.0142487293252044,3.25940742470154,7.3932483553702
nhr-22,0.00105287217115698,4.78265462123499,8.7784807839079
nhr-36,0.0372484471670191,3.53344301419793,7.75841061939142
nhr-46,0.0386277042227008,6.48697291653034,-8.3130116946167
nhr-61,0.0405153991018507,2.49708458290584,5.05989227868674
nhr-95,0.00226854082175521,4.58562859326825,9.01693371599
nkat-3,0.0129773755534703,3.52829457911271,5.76227438699042
nlp-18,0.0287355627437187,3.84223331150761,8.14674093409271
npl-4.2,0.0329338576542639,2.61023256857164,4.45345952074644
npp-19,0.00132107367141288,7.41541646944888,4.11980270643323
nra-3,0.0243094165055588,2.5945741928378,6.37097617632012
nspd-9,0.00928090087993796,4.69310192065289,9.13531926570027
ntl-2,0.0353585066337862,8.29972601077085,-4.09023911657933
odc-1,0.033430317623815,6.49480411291966,-5.01047798160187
oma-2,0.000688962578260825,3.07307730595768,6.57111558738154
ooc-5,0.0303195895784756,7.16327303285217,2.86442371816568
orai-1,0.00837639142947416,4.33016294465877,7.16060422042115
pal-1,0.00560473545428947,6.77122292182965,4.6456875476792
pas-2,0.0122971221713347,8.23943525874773,3.2887407846065
pas-6,0.000211347406494367,6.64370488792048,6.85441388529271
pbs-2,0.00916747527736605,7.28586948285612,3.25223283368401
pcm-1,0.000692121574872545,8.22314106785097,-8.50423517733979
pde-3,0.0252288906023077,3.95423935107245,8.28538805279338
pgs-1,0.0273549892069598,3.88037701537916,5.70873423474507
phb-1,0.0117767663978686,6.55505551293726,4.94851049167938
pho-10,0.0417297134539793,6.6410283423662,-9.61671712101142
pho-5,0.00892836321875529,3.3553424194432,7.18932355500733
plr-1,0.0281594186184123,6.00585189398669,-8.96089382856023
pms-2,0.000592098720362781,5.43027394978015,9.93660179561223
pos-1,0.00211993819648282,8.29569714673145,3.79742609918471
pot-2,0.0318404687797585,5.88339698108294,3.84102652653002
pph-4.2,0.00241115833389749,3.83502869976057,7.75758157771576
pqn-52,0.0128266240169374,7.22680414606562,3.63003562616744
pqn-80,0.0146242064300258,2.49790378832189,5.49099337916917
prom-1,0.00740730938520895,2.11069842535188,5.36762175418474
prx-19,0.0166476093467231,6.52172110382982,3.47069722229257
prx-2,0.0198477672527166,4.16017125948307,8.529681096103
pst-2,0.000614648540657881,4.44808164241543,8.86133087406824
ptc-1,0.000280168828891385,3.57629152614848,6.48513941904768
puf-11,0.00266417656784428,3.79408481937765,8.09089794246626
puf-7,0.0388428573212873,5.41855589242217,3.17601994426202
pyk-1,0.0052960251592902,3.53472269015896,6.20714374039354
R01E6.2,0.0467734692263883,3.26284928071441,7.39780176600483
R01H10.7,0.0140862439163255,2.07474067520304,5.27665467976979
R05D3.12,0.00153752639411376,4.88779571125066,7.52604072104932
R05F9.9,0.0447706187420013,6.26527579515705,-9.22980564808318
R05G9.3,0.0462676149090084,5.11372864061821,5.48536334679067
R06C7.1,0.00157294040313552,4.31434419605176,5.40927552599732
R06F6.12,0.0366282022158331,2.40620440932588,6.01944547113366
R07E4.3,0.0164033678910418,6.8064334457121,-7.91168799003084
R07E5.11,0.0000690020950012679,5.41929017288232,9.92613257323223
R07E5.7,0.000260271948948443,7.45315078253577,5.74500991889773
R08C7.2,0.0133476399144179,8.55015453143762,2.7391120043688
R09A8.2,0.000851812901937687,3.13789839436789,7.05372888800927
R102.5,2.62317964061402e-10,7.34608090855775,9.98547395846482
R10D12.12,0.00349946564297144,6.51017759737215,6.0020830559746
R10H10.6,0.00130021167473261,5.59561023938995,8.78855552962382
R11A8.5,0.0320938368225944,2.55940652923527,6.30738887424377
R144.6,0.000710943439740211,6.78538336615972,7.49226474571567
R151.7,0.0111402420266905,4.56644049319364,7.12802466064247
R166.3,0.00391458962196787,5.10988618193373,9.5937804376848
R17.2,0.0401636861552145,5.05956761724319,5.52141400603257
R53.6,0.0171338056400679,8.19835321264393,2.8488947297047
R74.7,0.000636027301130609,5.13372286298069,7.531418920851
rabx-5,0.0432454814716715,2.35274581327239,5.9118145047249
rad-54,0.0364968907044106,2.20403464318657,5.59750726768833
ran-3,0.03205795458638,5.0263871014391,3.76039666416483
ran-5,0.0230344890113767,7.04804327658368,5.22227914161919
rbg-3,0.0174726956852615,2.83019562698428,4.81972566946873
rde-1,0.00626339787189182,3.83198173654867,7.6247221648447
retr-1,0.0113673948596689,4.16425686446033,5.01515215600997
rnh-1.2,0.0084043877244248,2.55780545806095,6.30489169714638
rpl-4,0.0358514582054542,8.67181838434777,-3.58026000820395
rpn-7,0.0174150509255933,7.61374924354577,2.88463065221903
rps-26,0.0473137147241529,8.46872064703015,-3.17931142429146
rps-30,0.0315262313879618,9.1618370177673,-3.56004062330333
rrf-3,0.0307276384486362,2.98469709363696,5.15651308878924
rsy-1,0.0490270290509362,6.4352122925589,3.49812173954129
sand-1,0.0166610788924634,7.12398419565728,4.01169609579839
sdz-11,0.00690401818688842,7.4613460089116,-10.4531507792964
sdz-14,0.00648837994802612,9.48342054396254,-4.40388522780745
sdz-26,0.0415048485946431,8.9089338162417,-3.69861526813741
sdz-28,0.000489953521373249,9.01233384018809,-5.54188736045537
sdz-5,0.00924598189542391,7.77104930508982,-6.53515748811414
sdz-9,0.0214746076421361,8.95126842850732,-3.20566373984234
sec-16,0.00322393571546278,4.38036882706207,8.78248578634958
sel-8,0.0459304032164719,2.22882285053383,5.64628471865663
ser-2,0.00840419984527518,3.90195887813246,8.21952838186606
set-17,0.000391522152089903,5.77950261251619,6.00674509054321
set-31,0.00292612178706269,3.87523483122051,8.18710828240985
sgn-1,0.033094436220591,3.68961567142136,7.95739167935777
skr-12,0.0461883699681449,9.54680495040768,-2.27221877671766
skr-17,0.012873228100946,3.60227772187673,7.84697298629318
skr-3,0.0271073264465908,3.89622465296281,8.21533347404215
skr-8,0.0364551540092693,10.601097688531,-2.2438454264214
smg-9,0.015490210573778,2.95812705514787,6.96444207245371
smy-3,0.00276167820161266,5.27215547788186,9.76752628928321
snf-1,0.00504662045170628,2.7240455882979,6.5952518313565
soc-1,0.00907308702566475,3.86128171824792,8.17415894637876
spo-11,0.0000152546461450305,5.41346514529254,8.31936550771117
spr-1,0.0288391084768573,4.25912720090247,6.14718666227118
spsb-2,0.00882050133999995,4.18319101613334,5.50678722572675
sptf-2,0.00864741131244086,7.14522330615456,-10.131910762394
sqv-5,0.00469154419162703,4.59446680420539,6.47106245228889
sra-33,0.0201577478939961,4.14565450480966,8.51024245085325
srab-17,0.000271632124813688,6.20810054154504,10.7538845774672
sre-49,0.0312634571382898,3.76821206158507,8.05857765297977
sri-28,0.0302584775016726,3.79410861743437,8.09054348514256
srt-23,0.0204316406685437,4.14180126307951,8.5057143719859
srz-7,0.0177590650233671,4.25204056508338,8.63454474140075
sss-2,0.00961672977908863,4.67906670910406,9.1212732634742
stl-1,0.0448996782250124,7.73044046604665,2.42964005119397
str-109,0.00187187914865413,5.45720007273107,9.96661877967157
str-227,0.0190206436264408,4.20321888109345,8.57773999724244
str-68,0.0210572603494379,4.1115038804523,8.47015205371881
sun-1,0.010902581040792,5.56818932114277,4.92831165614295
syp-2,0.0111617378635602,5.34117580842106,5.60533157007101
syp-3,0.0429554767653072,3.6102995229613,7.20887525557809
sys-1,0.033718906540768,6.92770858561483,-9.9101537034144
syx-18,0.0402425758523521,3.26148856363213,5.93698877189208
T01B6.1,0.0400535287069288,2.71018934547916,5.98055325682827
T01C3.3,0.0294347233314495,4.87686629089727,5.56361668137032
T02D1.4,0.0383328111545698,3.49582030018784,7.70956111610019
T02H6.1,0.048505603600283,3.79390748788318,3.85374098000251
T02H6.5,0.000675833838755524,8.21508570439804,-9.92945482271582
T03G11.6,0.000421239936715907,5.39376849455278,6.53396774400131
T04A8.11,0.00152888823772064,4.40048417080501,8.80730445386884
T04B8.2,0.0323250555662605,6.21317325397101,-9.17603758360768
T04H1.2,0.000414168765654717,3.6244727758722,7.5369269947636
T05B11.1,0.0000134247072632803,8.51116709636964,-11.513680627875
T05C1.4,0.0368204500674274,2.06037863461539,4.9938604681044
T05G5.4,0.00476072721346259,2.79229333471807,6.70558532427714
T05G5.5,0.00141631981056154,4.94063589156447,8.27939535893996
T05H10.1,0.0488440008899214,3.17499715380953,4.54746049215718
T06D8.7,0.0498452319759505,8.48833881372003,2.22464272043888
T07D3.9,0.0163102631422742,2.28453044292552,4.8451511058081
T08B2.11,0.0263350710832608,2.85985772145622,3.8722993391621
T09A5.15,0.00436005435152958,3.86079002994823,6.62031750431353
T09B4.9,0.00587485489725173,4.83491740571671,5.06143820833439
T09B9.2,0.0138561903015887,3.12979060245964,7.21176756224948
T09F3.5,0.031367278551286,6.4906019452328,3.86969804244578
T10B11.6,0.0226429706733603,5.27464137425156,5.07335042241749
T10B11.8,0.000565437668943798,5.47099722161848,6.75851695959598
T12A2.5,0.00762839737802267,3.15752214788585,7.11400816006104
T12C9.7,0.0283359360229621,2.56246932476281,6.31282818458744
T12G3.6,0.000761122534883469,6.68100053991252,6.90491274133181
T13C5.7,0.0049481776264831,4.09418935276298,8.452029311547
T14B4.3,0.0105161703135481,7.24390500294509,3.80503621262602
T14G11.1,0.0201431079485384,4.14947122281055,8.51483382255016
T16G12.4,0.0478597327897543,9.79735984200522,-2.1398300548238
T16G12.6,0.0383485222356485,5.74398174801847,3.83316328953901
T16H12.9,0.00614109421186112,3.17954777110038,4.98978649598225
T19A6.1,0.00110139466601207,5.20368545676044,7.71286470151702
T19B10.8,0.0000477634539498618,5.561338725105,8.91168225278263
T19D12.10,0.0448868481697443,3.32433803201559,7.48176046488682
T20B12.3,0.00679102875797336,7.8088449606704,-7.54589744776861
T20D3.5,0.0122364265877313,5.26863310083392,5.95725846140384
T20F10.2,0.000262667083426659,5.60209384571459,8.39812199924648
T20G5.10,0.0225454740443104,2.58970076322037,6.3613151888084
T21B4.17,0.0282136396506431,3.86060239237597,8.16906863245882
T21C9.13,0.0043663541371026,7.39957683036716,5.30148191386482
T22C8.4,0.00658019939572723,8.78948018851295,-4.10442589372517
T23B3.6,0.00151826258402273,3.66055874092464,7.57381387680839
T23B5.3,0.00162281857732927,3.28020132681457,7.42252120412141
T24B8.3,0.0224200829877632,9.19836031776378,-3.4390774310143
T24D5.2,0.0427089410389301,3.37288182823501,7.54734138399792
T24H7.3,0.0211925254208617,5.91216755686354,5.22268309172764
T25G3.1,0.00803685876953769,7.39210141106881,3.9089416945408
T26A5.2,0.0000477125619990029,4.77137508080371,9.22396936427354
T26A5.6,0.0252198841107315,4.22797290648446,5.4256929937886
T26E3.11,0.000864540364542231,7.93645445539524,-10.9341517890173
T26E3.5,0.0338054914250888,10.3546971748894,-3.83584939965514
T26E3.7,0.00998626405348074,4.70898618393597,7.96638599758899
T26H2.10,0.024370446195377,6.41993798508214,-9.38946720433919
T27A1.2,0.00907907135229728,8.30537460166339,-11.3064351361238
T27A3.7,0.000044063952840466,4.74420438678873,8.88617538028884
taf-6.1,0.0434626821431876,6.19453370933248,3.83674586805738
taf-8,0.00725027614853969,6.23537989678392,4.99391155602944
tag-233,0.0263208079034487,2.78167444653453,6.68484381253471
tag-261,0.0315192232861338,6.59284345419177,3.1482164859963
tag-299,0.018504730206888,2.98867043942307,7.01275874065305
tag-307,0.00000120299356629985,6.24452196542306,9.87363666384806
tag-335,0.0153429543863965,3.48757487482359,7.69893033028258
tbc-2,0.0015483208194632,4.98744819753462,7.19896609514309
tbc-6,0.0166499327641551,7.69719015656742,-10.6921167392197
tbc-9,0.0187988790386762,3.55964720088249,5.09139153659568
ten-1,0.00332235905764966,6.80182223619763,-7.16630460554646
thn-6,0.0466089677767956,3.26814134053962,7.40507969047668
thoc-1,0.0383952873061405,3.80703635830684,5.16435213021144
top-3,0.0267806277470503,2.43440558398718,6.08132219837762
tpk-1,0.0295033283679066,4.00221615640567,7.73815213541787
trm-1,0.0196150530981373,4.5251209087231,6.41278227896453
tsp-9,0.01044545584045,5.07010293760544,7.54238093116828
ttr-58,0.00891853373555658,4.60910937157352,7.13397153702735
ttr-59,0.0402134238921762,3.44516429500597,7.64317564258283
twk-16,0.0363476344797047,3.57406193529292,7.81073492330343
uba-1,0.0400336839575116,5.24125587860445,3.3204766633088
ubc-14,0.0152049433884161,6.74007374724323,4.4205091346566
uev-1,0.00112414794022222,6.06626248258755,6.55877671586924
ugt-25,0.00570635204792042,4.22106591271132,6.80336920206269
ugt-64,0.0116314511951956,4.973405996179,6.78002509521811
unc-26,0.0178577014595604,1.97488429818321,4.99815176125871
unc-31,0.0109622168282464,3.50789976721093,6.37858175070935
unc-37,0.0244242991058356,8.74137864007192,-3.23869779443851
unc-59,0.0431586262759986,6.65488951729135,3.68415043169321
vha-18,0.0198273981939055,3.23987636932124,5.86526631464946
vha-4,0.0217778746577053,8.07101982455819,3.03804046244487
vha-9,0.00984067064197857,6.43355530800067,4.38083267936547
VY10G11R.2,0.00132775461069472,5.57515454183743,10.0916790815476
VY10G11R.4,0.0485519526327147,3.22022327464653,7.33901670074819
W01A8.8,0.0498641485414476,3.18294452689997,7.28666625654696
W02D7.5,0.00041555655979084,4.42629571188468,8.83599446569436
W02F12.3,0.000476897789071823,3.63455062476335,7.44589278206695
W03C9.5,0.0462344479824913,5.00760463333071,4.56293711480848
W03D8.2,0.0162102485908233,6.97722439747301,-8.98594848809656
W03F9.2,0.0355536781483925,5.91389414985906,4.85918746263813
W04A8.3,0.0051055390239609,6.46666382594233,-9.43767806792194
W04A8.4,0.00109148829010547,7.81309429755045,-10.8094220853507
W04B5.5,0.0352076600657176,4.16072460225933,4.42141330403032
W04G5.8,0.0196623223592952,4.16644319190311,8.53474110635136
W06A7.4,0.0202570580133273,4.14384221644209,8.50822227240298
W06B4.1,0.00208679735044976,3.41805792867803,7.3146721001889
W09B6.4,0.003651553232033,3.07259498594355,7.13190973635326
W09C5.7,0.0248900949060077,4.28636385137221,5.09055740749122
WBGene00219298,0.041446493197473,2.10638406108624,5.36079250231154
WBGene00219796,0.0310305666583405,4.93068582934379,-7.27251500485975
WBGene00235355,0.0152403612042469,6.02629925542734,-8.98211768739929
wdfy-2,0.0231180732146985,6.63543368289358,4.11833802043985
wht-7,0.0015663558025722,5.92833586522632,8.98668445551488
wts-1,0.0322774038927446,2.32858432809429,5.33183275678888
xnd-1,0.00750448399039738,3.34237588359951,6.41941745119354
Y102E9.2,3.03311865838031e-10,7.37539313935849,10.0205785613535
Y105E8A.11,0.000437057534913852,5.51212943960155,8.17808116212582
Y105E8A.20,0.00793614127264557,3.67217508583257,6.92976258581078
Y105E8A.36,0.0105758695754777,7.19685479719737,5.22350813090717
Y105E8A.8,0.027144696746014,2.19862014779352,3.72022767863557
Y106G6A.5,0.00124506506342174,8.07293483666814,5.44334502359834
Y106G6D.1,0.0437218119961918,8.6643885305369,-3.19614970577104
Y110A2AL.4,0.0486357877108191,6.59299667161007,-9.56736230190545
Y110A2AR.1,0.00680953238829987,7.25499761458597,4.35956555576732
Y110A7A.19,0.0245287960530984,3.37327887247931,6.3741454869916
Y111B2A.12,0.0026304854567311,4.12257410869082,7.83455975642104
Y111B2A.9,0.0444903878379132,4.79259344186804,7.07253297870292
Y116A8C.20,0.0240547783677558,6.98500969692785,3.63649482228412
Y11D7A.7,0.0199172661146209,2.78434064914708,6.69630092497043
Y13C8A.1,0.0196845147624449,4.2067070071114,8.58519135277663
Y14H12B.1,0.0110461937867155,5.82925835226064,6.69305734428101
Y14H12B.2,0.0468384088133437,5.87454052463217,3.16464854226575
Y18H1A.4,0.00533334965656689,5.20431256489744,6.59986316945274
Y22D7AL.10,0.0176904101400461,5.5875618418094,5.62259062761256
Y22D7AL.7,0.000740865254797397,4.42401811842898,8.83405054135899
Y34B4A.8,0.0151349252698909,4.5820642555791,8.44928657034028
Y37A1B.18,0.0137448285211585,4.44275362881994,8.85649073809244
Y37E11B.6,0.0272522526125635,7.11354982704173,4.73031883937316
Y37F4.5,0.00745316784972569,4.27252320294436,8.16989261820843
Y37H9A.1,0.00587684575105124,2.58561463060151,6.3592328987661
Y37H9A.3,0.0090559077285551,2.87326443179232,6.58655646859822
Y38A10A.6,0.0000830776282133083,5.80279906641777,7.8879974259166
Y38H6A.4,0.00610473546321354,7.30434926955507,-10.293760639473
Y39A1A.20,0.0191933957534647,2.85324228282948,6.79887481807219
Y39B6A.39,0.0467702194536019,5.583959095133,4.96420816095658
Y39E4A.3,0.00147235352191479,4.77666342846824,7.10996865693925
Y39F10B.1,0.00309086848942395,3.73719376402693,8.02116423281321
Y39F10C.2,0.0462611275874107,3.534567650618,7.12357011971189
Y39G10AL.1,0.0106206419320742,7.8164920035331,-6.30211344637013
Y40B1B.7,0.0397657942155569,8.55439734849448,2.43423215978501
Y41C4A.17,0.0214656735801245,2.6157557903222,6.41122412086117
Y41D4A.3,0.0196763179124223,7.16184523621321,-10.1487988863755
Y42H9B.3,0.0353765964666215,8.43483000444978,2.9793479345619
Y43F4A.1,0.0488115719550566,1.93303915717638,4.86755819401389
Y43F8B.2,0.00621355080997343,7.12010278213555,-10.1063395342682
Y43F8C.9,0.0167474180391175,4.28060901572032,8.6676425036438
Y45F3A.9,0.0175441018863689,2.92995312217068,5.59377783950996
Y45G5AM.5,0.0000568129036977212,7.72778617034311,-10.7230619730857
Y46G5A.15,0.0471438972923112,3.25260946072811,7.38369180304281
Y47D3A.1,0.0203746432473308,6.23730591273136,-9.20095519882196
Y47D9A.1,0.00562804938373546,2.7853199894671,6.69649044536577
Y47G6A.14,0.0352876045805102,6.58706498535203,3.52391289779946
Y47G6A.25,0.0168749021629375,1.97829675610039,4.18797058218046
Y48G10A.1,0.000539783483501178,5.18386255977243,9.67301103885215
Y48G1A.2,6.3764657801623e-7,7.14565328764863,10.1100830142187
Y48G8AL.7,0.0156374382988899,5.48853334329382,4.33354819131498
Y49A10A.2,0.049518450542631,1.9613908346253,4.95464380495537
Y4C6A.3,0.00233483880462419,6.36222710207016,4.97156662856608
Y50D4A.1,0.0091587769935261,4.40820971484568,5.73744323065776
Y50D4C.6,0.00885496819595812,3.92962027106183,8.25313965293054
Y51A2D.7,0.0160596257197114,4.90417392435256,5.81032375102669
Y51F10.2,0.00288745556788712,6.99417013973187,4.50436895443173
Y52B11A.10,0.012949461062864,4.1413979606863,5.45241908044319
Y52B11A.3,0.000149028763732279,5.1689374514848,9.07660004740386
Y52E8A.2,0.000365254247464924,5.42906349243818,8.15056309691105
Y53C12A.6,0.0098769065133768,4.65388901173797,9.09320837940622
Y53F4B.43,0.0315931740527171,6.06666303989294,-9.02402794162822
Y53G8B.3,0.0484462179674608,3.22842927975624,7.35022014408815
Y54E10A.12,0.00107016537201017,4.63406696295074,8.42169138134036
Y54E10A.17,0.010268933464792,4.62616626475568,9.06224111735532
Y54E2A.7,0.0150500247711416,4.35654146919952,8.75502761649552
Y54F10AM.6,0.0257282945554746,1.9995511296579,3.9548980983403
Y54G11A.7,0.0171231820582799,2.28316439499127,5.76671355777236
Y54G11A.9,0.0379046650476547,3.73801760646927,7.43015836793166
Y54G2A.26,0.00874123367814155,2.91679864339371,6.3984344099663
Y55F3AM.5,0.0251018577706751,2.67886372397862,6.51506365131368
Y55F3BR.2,0.0118841823180227,2.85823339369727,6.3883601077164
Y56A3A.2,0.00728272537582954,5.43508049409783,8.05655771009016
Y57A10A.26,0.0288807303984945,6.3743870515977,-5.19793633814985
Y57A10A.29,0.0208250250715109,5.31205135198271,4.84980246453045
Y57A10C.1,0.00804038549388976,8.63534203046264,-5.974555072147
Y57E12AL.1,0.00194025883271971,5.95762030402042,5.32068739949463
Y57G11C.1131,0.000427374632973947,5.77434782740907,8.76236773318734
Y62F5A.9,0.0132375301228005,6.70737752404445,-9.68480180904274
Y65A5A.1,0.0314806026112104,4.62956680562454,6.88998492662031
Y65B4BR.8,0.000249983071441785,5.86632212768675,7.53420282213488
Y66D12A.16,0.00123627485398524,4.70699037463244,7.70307288390901
Y66D12A.6,0.0119568625000058,2.17580204899888,5.52695707578549
Y67D2.2,0.000124207385236953,5.46291351981543,8.13568520361442
Y67D8A.3,0.00198109136402339,3.99624385258048,8.33616402586227
Y67D8C.9,0.0332393443490602,2.35500624476085,5.92315330512896
Y69A2AR.6,0.0000391883036760685,6.75457194450605,6.48928413820637
Y71A12B.11,0.000151056422074792,9.55213829082056,-5.61453751622665
Y71A12B.17,0.0217371990771927,6.62905699467203,-7.36242596783493
Y71F9AL.8,0.0234954275129719,4.03973697609356,8.38760461073035
Y71F9AR.4,0.00598980291554382,4.10588053493091,8.46358677633637
Y71F9B.13,0.0459787061610784,3.28477450705594,7.42808468697164
Y71F9B.2,0.0359710978404691,6.69408595291381,4.75923375348717
Y71F9B.8,0.0132693117062416,4.44396508197798,8.85688365080001
Y73B6A.2,0.0397416773567941,3.50594126004416,7.72837065900796
Y73B6BL.23,0.00286247060777405,5.56424630668409,6.70452732980548
Y73F8A.27,0.000771849839513016,5.7977679433152,6.18592248827276
Y73F8A.36,0.00199776905926178,3.48101399297554,7.69357764436418
Y75B7AL.2,0.0418906759418,3.39028225416662,7.57041576588989
Y75B7AL.7,0.00244782627375619,5.32949636807389,9.82898097841047
Y76B12C.4,0.0180674160407806,5.44509442104345,6.50934456831302
Y97E10AR.2,0.00131272702965924,7.51659797985793,-10.5089958745741
Y97E10AR.6,0.0353951562734123,4.33505909022617,4.85157949399029
zag-1,0.0258823546952532,2.73943154282812,6.61609431826326
ZC308.4,1.33772777587693e-9,6.92164949609875,10.0252403806342
ZC376.6,0.00885000162601843,2.65834729968112,5.94714118748965
ZC410.5,0.0256565506556356,3.97721954676403,8.31434238798644
ZC513.5,0.00169168225677828,2.46324614487958,6.13206342954139
zif-1,0.0000229017908846565,5.74131479648574,7.45944313832661
zim-1,0.00947549140269625,3.51252999417448,7.73494972253352
ZK1055.5,0.0442738743938591,3.33930831628015,7.50200899420388
ZK1098.4,0.0114813875306762,3.43243183636201,6.73466670339477
ZK154.6,0.0197712691396981,2.77903188607841,6.68191241654535
ZK177.9,0.0455504208909499,3.30245964633889,7.45222912759826
ZK20.4,0.00544698162296459,5.91742440977343,3.66144034844795
ZK287.9,0.0204218086992328,4.16528012637599,8.53685818206092
ZK370.8,0.0223946344977754,3.26921827981604,6.53358692250592
ZK402.3,0.0167809620952398,5.76086824259523,-8.70497398670814
ZK546.14,0.0294373361368161,6.80085928962628,3.38380419916254
ZK546.18,0.0150252339052819,4.38058052800075,8.78566394389668
ZK632.11,0.00741362699960179,5.40499024116338,5.89759921696551
ZK632.4,3.26255113914476e-7,6.21818333630779,8.83912125940216
ZK632.9,0.0147710802804321,5.67017979132405,6.26333570904837
ZK652.14,0.0296606933028567,2.31410474954594,5.83215724463564
ZK662.5,0.0372469766783436,6.85522266332143,-9.83609713876587
ZK666.1,0.0000539537649368539,5.97345097487616,10.5094621786237
ZK822.2,0.0316293324209724,7.46133361392422,-5.6802792824569
ZK858.6,0.000168559025109301,5.69426126103569,7.41665819060948
ZK863.4,8.99937341781012e-8,5.99206166380641,10.528949917615
ZK863.8,0.0148194946985147,4.3666606275569,8.76870950743493
ZK899.1,0.0183762054624844,4.22740315546687,8.6081053458719
ZK930.1,0.0445953532520197,5.49784380346429,-6.87454360017505
ztf-9,0.0407475723741266,2.1973498672143,5.57514398846487