aars-1,0.0121638046118281,3.3210377793606,6.33732744824394
abi-1,0.0186139462450798,7.95399598707325,0.934043650869541
abts-4,0.000954128427115664,3.83744863428528,7.00904643046818
acdh-13,4.76721047380002e-8,5.37379821895684,8.7586924690724
acdh-3,0.0361342301125404,8.09139131167225,-0.913933266230744
acdh-7,0.0000128452879606856,7.2573182587108,-2.51633740224896
ace-1,0.0467161675036605,3.05703310474708,5.95998997497556
acin-1,0.0134616240264547,7.33846506245669,-1.1598217785157
acl-1,0.000334693583186091,4.77795813355538,7.24665067365882
acl-12,0.00667823251228361,3.61923506864771,6.00983829323423
acl-2,0.000239665408530003,6.98279367873589,4.12368912359065
acl-3,0.00408887851118283,7.79204644432337,1.21435826027536
acr-16,0.00030185723913294,4.37029345481311,7.64800881207233
acs-4,0.0309829303863256,7.32012093019727,2.61230641242295
act-4,0.00341315418036827,7.56370399494965,-1.68519353650383
age-1,0.019418974902161,6.80990295130756,-1.40083144621129
aldo-2,0.00796040328147362,9.78002016143227,-1.19268393720849
ant-1.1,0.00941349485436885,11.0412506133871,-0.801412276106522
apb-1,0.00000192840567471192,6.79759385355893,4.32165294189831
ape-1,0.0000515536442602419,10.0073819844845,-1.27330143447288
apg-1,0.0296625340496193,5.69159066617561,2.02442947419095
apm-1,0.0342808120799279,2.99723060872216,5.86655909839077
arl-1,0.0333804821037157,7.35300575136167,1.24595939206172
arp-11,0.000148579714465892,6.20885625863862,3.36849426108027
arx-1,0.00296072016122733,6.37119878480803,2.90944301564835
arx-5,0.0101697399674715,6.02563490558741,3.29641879337492
arx-6,6.33159992514796e-7,6.9147348369617,4.78588591016174
asd-2,0.0293118200826668,4.38519490358178,-4.89624335507582
atg-18,0.000328372232522266,8.19451952678106,1.65078465293327
atg-7,0.000630315624954792,5.50375746676687,4.02518956165502
axl-1,0.000536394718250558,5.65547872522247,-9.06128876483217
B0001.11,0.0259599667540538,4.34897292926369,-7.6217426397667
B0001.2,0.0083410398203074,6.71587716853711,2.9769405133727
B0024.13,0.0132300710823079,8.17709001089186,0.953160344120992
B0024.3,0.0158796894689294,3.58633634014896,6.68717985008814
B0035.6,0.00557430559432976,8.2528888466558,-1.05047831874061
B0228.6,0.00874851283685913,5.14726403101129,5.17511494220841
B0303.3,0.00735582920939688,7.73731338015196,-1.19506349637152
B0310.2,0.00609055483453238,5.13306943186857,4.32766639811343
B0334.5,9.72387444220118e-9,5.53671982629727,7.60794851664969
B0336.5,0.0484994345293631,8.82728301280609,-0.66847412264337
B0361.2,0.00229850853981316,9.64161948614429,-0.972026850820311
B0361.9,0.0352232028483388,6.42160433208135,-1.97387295691833
B0464.2,0.0284190216380569,8.93616386798529,-0.874042393821199
B0491.5,0.0435297047003379,8.27492097586751,-0.716578566193107
B0495.2,0.0357007524069664,6.82499174906434,-1.37525687558534
B0495.9,0.00110112798476742,8.4918224261705,-1.40945668219097
bath-10,0.0242743416466487,4.297427787974,-7.00315955984091
bath-31,0.000700221040505337,5.17969767224918,-6.26764392320756
bca-2,0.00000780581386801983,7.67824655411102,4.66457502041018
BE10.4,0.0393069213358115,3.46375406065798,3.14481430384601
btb-19,0.0255832259133521,6.91657569898109,2.8157121663553
C01B12.9,0.0153279424878212,5.02490876687562,3.68568987177253
C01F6.2,0.0125299896786861,3.31859247640653,6.33667458387468
C01G10.7,0.0000520597602756595,5.90162198043273,4.8834858699984
C01G6.4,0.00024137225944336,7.89733313396953,1.73922473058304
C02B8.6,4.76214574893774e-8,5.21368787915051,8.58674144822953
C02C6.3,0.00349374242282089,4.85631668315837,4.8584961447874
C02D4.9,0.0347890048506508,4.20165950581226,-7.45972098805117
C02F5.10,0.0412945674517494,3.87619560610793,-6.05498631008498
C02F5.12,0.0204542669081586,6.70683494756971,-1.70519558473633
C03H5.2,0.00486085161380304,6.97292623497494,2.79893277223864
C04E6.11,0.00418066838730923,5.81681020530099,3.33357150387442
C04F5.9,0.0436786534375334,5.76870472094759,2.12201413369347
C05C8.2,0.00225297959129607,6.47310153359218,2.24649827758048
C05C8.6,0.00117095826683713,6.52859480424926,3.47240840145609
C05D11.8,0.0322358070472127,3.54967349972333,-5.36560094611295
C05G5.4,0.00267795881135356,6.82420689044019,-2.0879751414767
C06A12.3,0.0336688718413228,3.6780794196407,6.81348942703243
C06A5.3,0.000534091319734655,6.77656680124268,2.72051911032986
C06A5.6,0.0000120318462773384,5.58680666946544,4.98917980851882
C06A6.5,0.0000152652951994571,5.4030711439754,6.80469648254638
C06A8.2,0.0294216573441764,8.35124340410772,-1.05194637619477
C06E1.1,0.0386965747366465,5.55354826312039,1.70787376484829
C06H2.7,0.0361590575055846,8.71280400579835,-0.838142877888649
C07A9.9,2.68959149033788e-8,5.56641942259461,7.42900593863463
C07H6.2,0.00106366090932951,7.40188660993557,1.66192467908083
C09E7.6,0.0190221549984109,3.67857215468199,6.80749391214628
C09G4.2,0.0129152431593289,5.31682536618843,3.91148477959092
C10G11.10,0.0430323581244397,3.98784598318504,-7.19404728441269
C11H1.7,0.0140521323941704,4.15253822833781,4.05923284073909
C13A10.2,0.0228473212606847,3.40862435383983,6.4537684084147
C14A11.9,0.00847185299148087,6.02133703536547,3.09940747400997
C14A4.3,0.0191743531540734,7.05658778264086,2.38276034165528
C14B1.2,0.000413887961149875,8.13893476693963,2.05974076280136
C14B1.9,0.000368331749949651,8.22996785931978,2.77414652637966
C14B9.8,0.0108374489767353,5.39520168489843,2.3983254153884
C14E2.1,0.0388926099585282,4.06719340882668,-7.29011690112404
C14F11.2,0.00784897497885069,3.17594412142683,6.13172051102862
C15C6.1,0.0449032194796247,3.33561420512684,6.35390458870457
C15C8.4,0.0045882219759525,7.94448527520639,1.54864197482718
C15H11.8,0.000278081009268516,8.11629339485395,1.66675343622674
C16C10.1,0.000238253048859751,6.68045373326678,4.58728897448249
C16E9.2,0.0103540933674346,9.08985372108031,-0.961367975156393
C17E4.11,0.00322904542897863,5.65371585662473,3.91862917788563
C17E4.4,0.000366207757579329,7.44721989745017,3.88016043602045
C17E4.6,0.0368200196615097,6.79932394300101,-1.19263905654258
C17H12.2,0.0275441408761226,5.15566930868321,2.17446405894331
C18B12.4,0.0264722410109885,7.16773433172023,-1.16966905813887
C18B12.6,9.44639759114588e-8,5.1342011752301,8.05763300258927
C18F10.7,0.00210958827502076,7.55344210362216,-1.7303271969082
C18H2.2,0.0406377446430918,2.65963104245356,5.3169133686058
C23G10.7,0.0407183161054737,7.61908250948802,1.80533996311858
C24A1.2,0.0416892054438349,3.03409099075315,5.9187029351227
C24D10.6,0.0317003636184891,7.39414928175688,1.29774510315454
C25D7.10,4.34345541652527e-10,5.67269894006731,9.07719986035119
C26B2.7,0.000105622255158769,8.17773707030075,1.60561362231181
C26B9.3,0.0435375968906555,3.92939495575349,-6.43197100338445
C26E6.6,0.0236926538062276,5.78028444069492,2.69838396344832
C27F2.7,0.00000390079794481748,4.7771796645956,8.10845747033034
C28D4.10,0.0255684760606077,2.79975347035636,5.55020027165013
C29E4.9,0.000151661929141701,4.59173083370893,6.02171001395248
C29H12.2,0.0428585430711488,8.42449366090732,-0.753879018985391
C30F12.2,0.0000204483837609707,6.712041932579,4.71853097827288
C32A3.2,0.0336144040852464,3.88792177990974,4.28354802713118
C32A3.3,0.00698636489807102,8.28281287688059,-0.901337155241837
C32F10.8,0.00431415334109288,7.49733959521367,3.20657419787442
C33A12.12,0.00204518404644922,3.579205745075,6.68050990600109
C33D9.13,0.00516149214588794,3.37764617954739,4.91214160916822
C34F6.10,0.0402581041411005,2.64537903214055,5.01866858977181
C34F6.5,0.0454348243218625,3.99416537846607,7.20113284580968
C34G6.1,0.0252457481445453,4.48837316406177,3.08764344048604
C35D10.10,0.00466805248132809,8.1005551824325,1.05583059024088
C35D6.4,0.000124599078064897,4.74758778981296,-8.07668803532714
C35E7.3,0.0439969373362364,3.3811466036896,4.97351752750883
C36B1.11,0.0157867320748489,8.7808607585038,1.15145081856963
C39B5.2,0.000463805228052307,4.11459589077796,6.02667354898109
C39E9.11,0.00202720745776617,8.68253562329127,-1.1966126399086
C40A11.2,0.0400276568261108,3.51662049122204,6.59542988139476
C41H7.6,0.0255019514901092,6.77381297912551,-1.45409057028746
C42C1.13,0.0439754270707663,8.26195412738214,-0.878776009486958
C43H6.1,0.0235477190441003,2.97712442543027,5.8414331404253
C44B7.7,0.0323930202997712,4.00248155527872,4.18261802969059
C45G9.5,0.038525400962764,7.1678327180997,2.03327891082749
C46C2.7,0.0399661549453668,6.95381846467927,1.18292865214997
C46F2.1,0.0285203656948046,3.33175780830287,6.35677387461392
C46H11.2,0.00134861671913943,3.42178155893582,5.77671539790978
C47D12.4,0.00242334135789379,4.96017734016681,-7.77197100034422
C47E12.2,0.0268113303121571,8.5225759798743,1.00526087512878
C47E12.7,0.00202768592612018,5.10266254655359,4.30785438267088
C48B6.2,0.0185586734180747,7.62066063591742,1.73476039456498
C48B6.9,0.0391283919519207,6.58350045172982,1.67405145992249
C49H3.6,0.0229888127227185,2.99034677034393,5.85984379562314
C50B6.3,0.025065490325011,8.01389623691167,-0.905488901889599
C50B8.1,0.0139741615409025,8.57931724517393,0.863214962351819
C50F7.4,0.0324826268559932,7.05702345978366,2.18621862738622
C50F7.6,0.0268031102831948,4.16649599734684,3.11550882221082
C53A5.16,0.0422118272318575,6.13819078954436,2.24161817507874
C53B4.3,0.0358085445771538,3.64280294298042,4.3846913247531
C53D5.5,0.0413504825174794,3.56120961574556,-5.8356853546581
C56A3.6,0.000107747547683765,4.60863547470655,6.29675794123708
C56A3.8,0.00698486694820605,6.95475001184454,-2.07354294327672
C56C10.10,0.0329342328861249,6.42248166061689,2.61535220015342
car-1,0.0156238846870068,8.86865780039679,1.31058831099642
catp-6,0.0444760495239444,6.9454404348137,1.11129278597364
cbd-1,0.00000157170617254212,8.1928607632947,2.30731074033458
CC8.2,0.0219297747719055,5.89666555886947,2.34401358665186
ccch-2,0.0000164426100011058,5.23469086083907,-7.02641160194588
ccdc-47,0.0498131252953907,8.94143833415637,-0.667088050241063
CD4.7,0.0388021820979028,8.18723748521161,-0.865347581451584
cdc-14,0.0407203983572357,7.3830420780032,1.03197753572347
cdc-48.1,0.00152786387937501,7.88629880806375,1.54435582291172
cec-1,0.00000726974332474812,5.65477598002687,5.46473199988318
ced-3,0.0358952290678579,5.5689635326924,2.30691932088407
cep-1,0.0498250370444768,8.33052134936616,1.44220480267365
cey-1,0.0000977121701592495,8.30710085939418,1.82893005372242
cey-2,0.000869505581301474,10.2158484188392,1.36495221627134
chd-3,0.0466601948840092,5.11763170812519,-1.94418097958295
cil-1,0.0128027726770313,3.22253446557245,6.1997560088057
cku-70,0.031877276229027,6.49065840712554,-1.42380906733293
clec-87,0.0490480606473614,10.9622630601615,-0.650327231509502
clp-1,0.0149136522710404,9.6046335194572,-0.920029749776718
clu-1,0.0380475054683039,5.69214805328608,2.83185510315277
cng-1,0.0124861153567765,3.94214513529009,-7.14210291975833
cogc-2,0.0200441385196679,6.25292959293322,2.64104391838951
com-1,0.0127055270517829,6.41524838745757,-1.88479146163592
coq-8,0.0142961708937138,6.01899330098868,2.68044398127534
cpar-1,0.00000368588060162807,4.75910992825412,8.08746131683684
cpb-1,0.0092448093008302,5.92773260161995,3.69036277308307
cpg-2,0.00381739612643036,8.54573722728674,2.56798273653228
cpg-3,8.4652796530314e-7,7.55915369286256,5.72471353690956
cpg-4,0.0361333491101716,7.05676294334626,1.75052928360472
cpn-1,0.00180250915439244,8.28293396942077,1.88209765276523
crn-6,0.00613055391093237,3.77819072265627,6.21665264160037
crn-7,0.00785875698148144,4.9742585548954,-7.36572647664649
csn-3,0.0359095864083069,8.25015492633121,-0.729858555890435
csn-6,0.00693660112003651,7.43918316302656,-1.39015036633265
csr-1,0.0128706702364549,5.85937470354952,2.82985667632432
ctb-1,0.0324772371134265,11.0194891101492,1.0548264963819
ctg-1,0.0060087917447755,5.81943479320578,3.40301732542311
ctns-1,0.0353633655063227,7.73968348770329,2.20084462678568
cuc-1,0.0266297077175334,6.55210222967612,2.27239022591004
cux-7,0.042920329663141,7.48946005151365,-1.21467981846604
cyk-4,0.0428463030914622,7.57952297586947,-0.83987433128176
cyn-1,0.0191461384828305,6.05853353505519,2.79701802238635
cyn-13,0.0301309944708751,8.07257677148015,-0.856131539338259
cyn-3,0.0227258055487512,8.20253094684506,1.16621960246765
cyn-7,0.00502802126901794,10.1360466959297,1.08806791057843
cyp-31A3,1.15521164094104e-9,5.74322296302187,8.54596752251055
D1005.1,0.00130016809797678,5.38000098711291,3.97798617589451
D1007.4,0.0188297960149265,7.42584694704105,1.08918598967112
D1046.3,0.0263621351411809,6.56319035310057,2.33996805569768
D1069.4,0.00057874028575458,3.74959918169402,6.90124472064145
D1081.9,0.0346594468448771,5.40361631110446,3.02130957304571
D1086.19,0.00527182139740267,4.01556471550666,7.2272917845658
D2005.4,0.00827648968285642,6.97529084108792,-1.46508660651166
D2007.1,0.0170320838045364,6.29847847711478,2.00543165893791
D2013.3,0.034215897627615,5.90011335511946,2.77494108277449
D2023.5,1.74169557959226e-9,5.50915373180414,8.09529445497944
D2023.6,0.0380995072715639,7.39037056881853,1.86049740775344
D2023.8,0.0139634768611211,3.53102149703826,6.62247247849018
D2085.6,0.00604870112625032,6.96073395220741,3.13794102842863
daf-16,0.0138286727923242,8.06154565680126,1.02704046947585
daf-19,0.0379359557403813,6.65038327959158,-1.32008931056896
daf-25,0.0045402374941146,5.3036414509708,3.57023318413977
dap-3,0.00248088151158811,6.53804184294946,2.80457412277417
DC2.8,0.0422477720432153,5.8842885923971,2.8843321732845
dct-13,0.00361588214529585,3.94364937305878,-5.74300736310655
ddl-1,0.0474663184467085,5.7256181039546,2.45925248979742
dhs-25,0.0496689137982845,4.94311135195418,2.92295252528232
dim-1,0.00287883009832899,3.90176636831659,7.09225957513854
dnc-3,0.0340045040065517,8.2248265723804,-0.773241046062138
dnj-2,0.0398200791009542,6.34749547542438,1.86282843488787
dnj-26,0.0212498900540242,6.22599134115128,2.15559709207874
dnj-28,0.00843090291559328,6.78828072736637,-2.31099807474095
dnj-29,0.00852364937381629,7.84677614459559,-1.24342992144755
dpm-1,0.00033396343230117,7.65482481130729,2.2912640764551
dro-1,0.0184164036913195,4.31867121753261,3.70811326362985
dsh-2,0.0448266020789489,7.26386556344892,-0.930579510536623
dsl-1,0.0107112317502028,4.95554711660813,-8.3048641594824
dsl-2,0.00000554391774474033,6.24696990327807,-4.74232765925466
dylt-1,0.0136192559946578,7.95636115168855,1.36261134816917
dyrb-1,0.00679291837123196,6.82507598071321,1.6307590043938
E01B7.2,0.00544725408219389,6.32916464383559,2.89559845921941
E02H1.2,0.000123521619144093,6.95376418444032,2.69667447810304
E02H1.8,0.0475295429661869,6.36509175049216,1.68411855408701
E04F6.2,0.012721058096669,4.846048484191,-8.18428133016863
eaf-1,0.0123053025170668,8.64033121571696,-0.877252227908943
ech-2,0.0178486328379828,6.37026030986148,2.44278196188712
EEED8.16,0.0368243965720855,7.27047248568827,1.26475561568419
EEED8.4,0.00975925545649724,4.92641400245627,-4.61252230342269
eef-1A.1,0.0072385540570481,10.5665618541523,-0.993050145094636
eef-1B.1,0.0225876364692809,10.2235898347747,-0.73980630655133
eef-1G,0.00238088227965755,10.7728574620311,-1.39803743859466
eef-2,0.0352404954770395,8.29351324891394,-0.966766622058332
efa-6,0.0487952534504135,7.18509173768736,-1.13497810964784
efn-4,0.0123209802203994,3.24229733441177,6.23111444700665
eftu-2,0.0449870001048334,7.42991023374026,-0.923505923787597
egal-1,0.027955263131767,3.47991094275098,4.41337096987517
egg-2,1.31998457177274e-7,6.28947602417531,5.88224792976021
egg-4,0.0251273214718847,5.23657278978174,2.05366529475488
egl-30,0.0120808729757165,6.05838115027156,-2.37533177321512
egrh-2,0.0186232901489804,3.92129294558158,5.14670045501865
ehbp-1,0.0486236437372521,7.65229301836955,-0.859487401494058
ekl-5,0.0402942177322592,7.98607172832299,-0.807924209163285
elc-1,0.0363245383935667,2.99688542528106,5.85912992087563
elt-1,0.00043155017307679,4.31058669510066,5.41098992753202
elt-7,0.0340462558633817,4.1153017144292,5.9773599616254
emb-27,0.0410971895104841,6.78693559133302,-1.41248314505923
emo-1,0.00800944473236487,8.16049171516394,1.28049299248618
epg-4,0.0269597951313554,7.76297843320754,1.15480028856139
eri-6,0.0326426868818344,4.00300842076353,4.40009695911525
erm-1,0.00574064320061138,7.66128407642057,-1.11404375591387
exc-5,0.0366448811435182,3.27124041308272,6.26488597177261
exc-9,0.00210735680484436,3.61863469830728,6.73187900772126
exos-4.2,0.0174671347546222,4.45152131223779,3.78702656943889
exos-7,0.0474520114413447,5.34036538286253,2.15291810602032
exos-9,0.00782634281671511,7.67228625118861,1.355597011156
eya-1,0.0159099973727237,3.54669483601086,4.82691521941518
F01G4.6,0.0280451213543565,10.0161173818828,-0.663602007448575
F02E9.7,0.0191883442834697,7.19085740175262,1.64709090400023
F02E9.9,0.036555673277215,6.96374206105889,-1.180635688581
F07F6.4,0.000235735868365025,5.94546986961377,2.89055223348781
F08B12.1,0.0497983001641749,2.75153379590187,5.09990496674907
F08B4.3,0.020284205887475,3.94375523229793,7.13815590837758
F08B6.1,0.00000365661275696459,4.85365644200374,8.19278299262586
F08B6.3,0.00116244839672852,6.01472140274203,2.99166126240608
F08F8.9,0.0297776098693188,7.22735340678156,-1.1508340697878
F08G12.2,0.0431040513349185,8.56741697051052,-0.780871325873323
F08G2.11,0.00426791351149933,4.09983264014362,-7.33573154439244
F08G2.8,0.00015333248847999,4.39216648024216,-7.67669015456355
F08H9.3,0.000500388475867143,5.02092897309137,-8.37705623439826
F08H9.4,0.00133048216953309,4.57543816086123,-7.88241753365856
F09E5.3,1.59943590783382e-14,6.40488050759082,9.03528489408408
F10C2.4,0.0386072945560164,6.69690063838845,-1.17810867446696
F10C2.9,0.00285813925756504,5.67648373011796,-9.08091969250005
F10C5.2,0.00188292817331732,7.66610383713928,-1.23897093579232
F10G7.5,0.0314451073674767,6.55245336517291,-1.66591144834611
F12A10.8,0.0000581416125162609,4.95590002949794,6.21267345867951
F13B12.1,0.00502107905333282,8.15591398683286,-1.01932923928014
F13C5.1,0.0194509061279346,4.36971506049207,3.71312606083481
F13H8.2,0.0361638132557974,5.76153066217719,3.00007103498397
F14B4.2,0.00261401133680293,8.54395287340198,1.20710084359328
F14B4.3,0.0307860853219857,6.62364687688581,1.76368248672385
F15B10.1,0.00000804578731099179,7.6462155546814,4.54097965051329
F16A11.1,0.0272062579752767,8.27085179762102,-0.967079685854234
F16A11.2,3.86106414860915e-10,6.04554779300945,6.84630439813729
F16H11.3,1.26204660789703e-12,6.44805654425234,8.00650290593529
F17A2.3,0.0389980482956593,4.06374144724166,-7.28561497373286
F17A9.4,0.0109102342406094,3.23307181070611,6.20914676066258
F17C11.4,0.000120135056262678,4.87841701560179,8.2215509429091
F17H10.1,0.0405541333051786,5.04423899020356,2.32851806273462
F18G5.6,0.0279016836658444,2.96684636367791,4.47346624127968
F20D12.2,0.0183418693802609,7.17354398366893,-1.42450994611439
F21D12.3,0.0405760839286399,4.08089263779785,-7.31709074006971
F21F3.4,0.00000931776078983505,5.22126285301375,8.59517509148783
F22B3.4,0.0000519083709330541,4.64665857111411,7.96355233615978
F22F7.1,1.27710327759899e-10,6.02784182392685,8.26559488728346
F23A7.4,0.0079736804440953,8.82173493421868,1.11642345023875
F23C8.5,0.0383935655350091,7.37976169053758,-1.02961070751571
F23H11.3,0.0125444781162402,8.41276142716945,-0.894442481123079
F25B4.2,0.039964209572534,6.78130135246238,-1.33955423787331
F25B4.4,0.00719698503079781,4.72776629328672,2.76476790014587
F25B4.7,0.00000197241183554651,6.90447375256599,3.56300898648332
F25E5.1,0.042941674268501,5.57037704094113,-1.91277930922178
F25H5.10,0.0116554149926202,3.63702331230053,4.41136715401056
F25H5.6,0.0172141073229507,6.41590730460697,2.13499840106243
F26D11.1,0.0226661138086926,4.34093032850454,2.90271019597555
F26G5.1,0.00200226728763718,7.41523572865063,-1.76522534698729
F26H9.4,0.00372877978755245,6.3117579601838,2.39807092931013
F27D4.8,0.0318076783631569,6.2698155518236,1.93500693429368
F28B3.4,0.0489493727884152,7.03574655670235,-1.18853139650432
F30F8.9,0.0000662847874894469,7.55961447285946,2.32689111565821
F31C3.3,0.0291726322990889,5.4208884265962,-1.76227348787738
F32A11.1,0.0358139616866359,7.75699730135433,-0.957210128288045
F32A5.8,0.0347163460064151,5.56383128163244,-3.61503987204449
F32A5.9,0.0216777872052798,6.53765336022057,-1.80612911295237
F32D1.5,0.000792219838339027,9.32143930062931,-1.1155223428351
F32D1.7,0.0496423500198013,7.95730938726914,-0.74042047863343
F32D8.12,0.0389344706251069,5.12406979315119,-3.68887713550032
F32D8.3,0.0497372828179499,3.90267420604253,-7.09045372950083
F33A8.10,0.0296987870584849,4.54008173678348,2.6041738219392
F33G12.7,0.035360916095072,5.41865102823718,2.27638858675659
F33H2.6,0.0291302447351013,6.14929882920216,2.07412441596627
F35C11.5,0.00139922851828232,7.93848222847561,2.06404422118793
F35G12.12,0.00683367717931004,7.53943889630752,1.14389902269025
F36F12.3,0.0354004794797241,4.18476788695853,-7.43990099519896
F36F12.4,0.0155423927921172,4.75168351896361,-8.08621189121525
F36H12.5,0.019804420052655,3.89970227870792,-7.08688481105118
F38A5.7,0.00512519363365014,6.62614992636106,2.58117926908605
F38C2.7,0.00106800898827406,3.99434105762889,-6.47286891149653
F39H2.3,0.00518101098144549,8.35980308726348,1.2076738948935
F40G12.5,0.0386639170613302,3.55811021462307,-6.66602407067785
F40G9.2,0.0000786058637321852,5.06983098946677,5.27057505548211
F40G9.9,0.0173509323890661,4.08728274263691,-7.31882015376738
F40H3.6,0.000329596005854248,4.1435541243332,7.38080887194339
F42C5.9,0.0173366356943956,3.48669552021411,6.1266195749723
F43C1.3,0.000520576776754943,6.51420638678341,2.77807789964369
F43D2.2,2.26736585791986e-10,5.71782998487452,9.12487139745969
F43G6.5,0.0034815719759943,4.41837350141867,-5.74864939314981
F44B9.5,0.0014470753174459,6.35622334598546,3.67796231105062
F44E2.8,0.024581503549216,8.16377520313609,1.03307427693124
F44F1.4,0.00245645139835812,4.94534426737323,-7.85002509810797
F44F4.1,0.0276371618053231,4.1839321158191,2.87115920085385
F45D3.1,0.00127544925263431,5.43016967649238,-5.8480257531538
F45E10.2,0.000331503975670202,4.52026286558503,6.31309361844907
F45F2.9,0.00835553656316934,4.69905002710973,3.56566012623217
F46C3.7,0.0177618689948258,3.98024368886265,-7.19255558215309
F46C5.9,0.0431987989693531,8.1775885553911,-0.760412565966019
F46F11.7,0.000011638435119373,4.47589997305069,7.76796243462215
F46H5.3,0.00325358225355563,8.40353164780059,-1.41638051829569
F47B7.2,0.0155816406153548,6.5211791245109,-1.75830569678417
F47D12.5,0.00699955207011121,3.89128654004836,7.07594295961077
F48E3.6,0.0187177480134092,4.57595539822474,5.37047960082954
F49D11.10,0.000792395789959176,4.44907764979518,5.18937116273877
F49E8.6,0.000582308262475692,4.82913393577714,5.55561328725448
F52B5.7,0.0303655318992992,8.5935108032757,-1.126865511516
F52C6.3,0.00353055758941052,3.70175646246169,6.83965641597021
F52C9.3,0.029689351787904,4.12362366052002,3.02218252435287
F52E1.13,0.0481607512183568,8.68938848025378,-0.671714147762465
F52F12.7,0.000384495954098581,4.26110842103824,7.5210331177202
F52H3.4,0.0363585809311336,6.76342288962346,1.94813477905714
F53B3.5,0.0485917433235456,6.35025507824032,-1.78514220214516
F53C11.4,0.0133853500561258,7.16720263784545,-1.42155282184146
F53F10.2,0.0112955501559464,5.09469871741512,3.60964187683967
F53F10.8,0.00246922055649225,4.57892813884995,4.45435874468601
F53F8.6,0.0379649831643314,3.03766778332958,5.92246043821471
F53H10.2,0.0137675678600402,3.07941907375101,5.99095877523569
F55A11.8,0.0247741583483826,7.23120933993089,1.5595783811539
F55C12.1,0.0346017183008749,3.73529096411721,3.68273103995901
F55C12.5,0.0399902104746427,6.45760829886635,2.16156498091342
F55G1.15,0.0025086267858074,4.30594544956151,-7.57393065417318
F56B3.11,0.028334561527126,5.66088423904052,2.59336661933366
F56C9.11,0.0000174932426884889,7.2690201654366,4.23756404310295
F56D5.4,0.0284105172058312,2.89625104134546,4.82268629417067
F56G4.6,0.00965315926925616,4.89647861053878,3.53694750353327
F56H6.4,0.0340526768681938,3.5979580193308,-6.70614484504148
F57B10.3,0.0467818733809936,5.9661298379873,2.82774516162644
F57B10.5,0.0289011020230442,8.2640186551008,0.981541746415805
F57B9.1,0.0114991376005971,4.96079007899651,3.1435035082389
F57B9.8,0.00375869749456297,4.3084096425017,-7.57867425995527
F57C9.6,0.0250612364016595,3.02115743532868,5.90415350788416
F58B3.7,0.00147660769392056,7.49011583418247,-1.62310686971954
F58E6.6,0.00355415201221028,4.39896492202973,-7.68375784458142
F58H1.11,0.0417461201602203,4.02396888321608,-7.24327787127482
F58H1.5,0.0168652809304139,3.09354026990432,6.01062505440731
F59A3.2,0.00107845426452595,6.02931405712369,3.64014627918581
F59A3.3,0.0339878153282122,6.78064571072085,1.88564193223084
F59B2.2,0.00022928738101621,6.09582023486669,4.45074216250848
F59C12.4,0.000927596572824881,6.58110623192637,-3.14894024908706
F59C6.12,0.000884471428231214,4.0758708217448,7.30251842866478
F59D6.1,0.00247372413078979,5.06260864723674,-8.42494102238178
faah-1,0.0047474483944413,3.48758067616025,6.56314420962493
faah-2,0.00530274724840083,3.54959284261681,6.64415948244989
fars-2,0.0244609717010693,6.34221600018338,2.09498978147621
fat-2,0.0349240448060273,3.07976456546594,5.98690400068495
fbf-2,0.0017172419830267,3.48271392377381,6.55575768732498
fbxa-128,0.0222897219925295,3.84674395020751,-7.02727309186085
fbxa-129,0.0293411494073986,4.68003747456794,3.74768729090982
fbxa-13,0.00105120099284238,4.39443334547911,6.87355568443467
fbxa-141,0.00203024862503894,4.49645484607284,7.79114065281662
fbxa-143,0.0228211549079875,3.44143633134979,6.50075907518654
fbxa-167,0.00958162402725969,3.63960140917752,6.75897046063425
fbxa-2,0.00382700018902579,4.41283270911545,5.89114855283756
fbxa-64,0.0055232366206887,5.41808812956619,3.74035028981681
fbxa-76,0.00636921302088389,3.95404258043747,6.01489248736746
fbxb-103,0.0132578978019606,4.15683067475159,-6.82799499452795
fbxb-11,0.0377095750309972,3.71457676947564,-6.85579634345118
fbxb-119,0.00249248724054767,4.59699483788868,-6.97015038456075
fbxb-17,6.12224959519451e-9,6.65595206698254,-8.72422455019565
fbxb-27,0.033641931578945,3.85197944357913,-7.03359728558406
fbxb-86,0.00451519429838233,4.71681381051996,-8.04257126948705
fbxc-40,0.0192897743887869,6.09688041651166,-4.83344583532807
fbxc-42,4.64955195798617e-7,5.12672808957545,8.49245739910033
fce-1,0.00334128011461824,6.7147653519699,3.67708237237807
fdps-1,5.55850912809326e-8,6.38821390012929,5.45444280095366
fic-1,0.00935266046017505,7.56120474643052,1.81476536890202
fkb-7,0.00200208858380218,3.90658247416864,7.09888050902524
folt-1,0.0152524712081111,3.55148050635574,5.27252200083784
gad-1,0.0290664128969205,8.20812725573217,-0.795727225003464
gex-3,0.0288710336717237,6.51292458084959,-1.35451752825732
glb-27,0.0347035976594933,3.6161949892625,6.72776611217456
gln-5,0.000804166952359305,7.23972759263251,3.02597316244443
glr-2,0.0413983635116078,3.15262216046697,-6.1023194622886
gly-10,0.0158979418124165,6.43508435104325,3.17177353943844
gpb-1,0.0135102178341541,7.88962499865922,-1.90444223465458
gpd-2,0.037533258758062,6.50224327603459,-1.50488964393258
grl-10,0.00698279359460189,4.11160597592306,7.34551334819683
gsr-1,0.0393763799127838,8.10883358927198,-0.818729246323896
gst-1,0.0293216894850687,8.59079049494104,1.11955183459356
H20J04.4,0.0172246915907099,4.72658900996156,3.51663843996778
H24G06.1,0.0344922981532437,3.43517860522951,6.49683440012415
H27A22.1,0.039642472161281,7.15197385772501,1.41776883449312
H27M09.5,0.0323311181718413,4.20777708662229,-7.45715245849945
H28O16.1,0.0095657606457413,9.57509509540775,-1.15808867941478
H40L08.3,0.0186507749153723,3.10270938754327,-6.03764268247601
haf-2,1.66185236129178e-7,6.00002957508628,5.01925444351519
hbl-1,0.0294780952717115,2.73683613858938,5.44353671504098
hex-3,0.00466721357496213,4.91360776616111,-4.75029134033708
him-14,0.000316074400472046,3.8177393970393,6.59385447751833
him-3,0.0106397057961532,8.10469220344256,1.2703171191146
him-8,0.000928989460934205,7.74411560566646,1.97708096388757
hint-3,0.00327016466799208,4.69571818484542,4.7673589923689
hipr-1,0.00070884248069549,5.28691930533745,3.35193456808682
his-18,0.0185405643596014,2.85486451708305,5.64334623220007
his-38,0.0373253145860014,5.0374360388041,3.90373365487685
his-59,0.0364719923064985,5.97400678100393,1.77597039468767
his-62,0.0498917742540957,6.09919403731075,2.01386973865029
his-72,0.0481535700302264,9.32450219823318,-0.640825424423601
hke-4.1,0.0000554215532464574,6.85009960513293,3.38572582176647
hlh-14,0.0178227024591963,3.1499342931187,6.08907344800652
hmg-5,0.0210076229678541,8.39712819306846,1.28838916663499
hmp-2,0.0339493918155268,7.28703680053275,-1.01048848046355
hsp-1,0.0475631692636648,7.48219098535483,1.33430838773432
hsp-60,0.00000504781668236508,8.56238908969085,1.94802938639212
hum-1,0.00000190853140342866,4.7773687970155,7.56465549178444
hum-2,0.0240657866191393,6.73601031718629,1.64536904946996
hut-1,0.0138033556659764,6.67245515200608,2.19654764932589
hyl-2,0.00104649399677472,5.58286314432242,3.75684266520763
ifg-1,0.0394426335693814,6.14959048200176,1.938180461216
iftb-1,0.0483527248347856,8.18954802344441,-0.701988085256914
ify-1,0.000574439592232309,9.63281852308412,-1.18438342603566
immp-2,0.0165296701638816,4.30070028584248,3.9825868700567
ins-37,0.00720563697814944,4.86982745081785,-7.23672343311154
irk-3,0.000549589985619736,3.74556959154322,6.36326182049627
jamp-1,0.0174893177502839,7.62650806124813,1.66605579792179
K01A2.10,0.00531793444633064,3.08719509424579,5.99922465653663
K01C8.7,0.000555662695134757,8.42223112297421,2.72894574940222
K01G5.10,0.0169344277851839,2.8821610298091,5.08992272961214
K01G5.5,0.0426893501582509,8.91238879966596,-0.700338429832952
K02A6.3,0.00552468527649326,5.23207375489905,-8.27013654536003
K02D10.1,0.0341184302741312,6.95475067703303,2.46013462917378
K02D10.7,0.0184539014647735,3.94152169858742,-7.14424796635042
K02F3.12,0.0374072007791197,5.21662777649893,2.86624867410954
K04C1.3,0.0431076230067398,5.58814995540521,1.98758587728269
K05C4.2,0.0409617977218536,6.98474845558698,2.04293645682507
K06B9.2,0.000168205141966982,4.36178977505832,6.38171055196304
K07A12.5,0.00849530067355685,3.21337557215585,6.18115772476914
K07A12.7,0.00494838331863247,6.11353475732336,3.83302634399542
K07B1.7,0.03425658667854,7.87772483150512,-1.48089855525897
K07D4.1,0.0193362947395945,3.67594204094709,4.71043287157154
K07G5.6,0.00755777470191109,7.76072396330081,1.08079597705388
K07H8.1,2.52462649594092e-8,5.73312631988644,6.57679215853448
K07H8.3,3.20331030832978e-9,6.55698552846489,6.33967505105215
K08E4.2,0.0440564673614063,6.41072310811244,1.60868684439531
K08F4.3,0.00123609693441543,8.28207191487889,3.06315688889527
K08H2.4,0.000918419330728159,3.62091973142939,6.73637532380655
K11B4.2,0.000658020111480397,7.42302509104312,1.84404314961657
K11H12.6,0.0354863285171087,4.14596433049127,-7.38373883035288
K11H12.7,0.0402137129717724,4.95469615515426,-4.17002567754988
K11H3.4,0.0000136862768156217,4.57092107105909,7.8764560250026
K12H4.2,0.0172625024949775,6.44897826696026,2.27441332949058
K12H4.3,0.0295711790765464,7.39389780387154,1.72791084984944
kin-10,0.0317366823079946,9.11922316143101,-0.682902408440046
kin-14,0.0449851690410094,3.03563142190868,5.93021841142668
lbp-1,0.0334925760373404,7.09685674588664,-1.73673063201551
lbp-9,1.23438054959545e-11,7.41611806150635,6.09752208351222
let-418,0.0492392610188741,5.77691279159121,-1.489633283126
let-721,0.0208767339431971,8.29534631167418,-0.980022280818176
lin-23,0.0000231443129029286,5.91965080596006,5.22827668876442
lin-41,0.0000202302020946472,4.82916407085423,6.08808130336276
lin-53,0.0120670000599978,9.15212681267344,-0.8099252078043
lin-54,0.0392891196190126,7.88062812218275,-0.853968709777558
lmn-1,0.044641144640681,8.47805941098562,-0.678016363930336
lpd-8,0.00321536411824562,7.85476418633435,1.431376888226
lsl-1,0.0115493633986451,8.0229916507899,1.58427925804116
lsy-13,0.00822853773155919,7.62957087179379,-1.23459403373991
lsy-2,0.0424505815498882,8.37180701984673,-0.848985566592937
lsy-27,0.00296848989437981,7.52758325447421,-1.58982190403664
M01E11.1,0.00191797875726754,6.14796366960216,3.3828241369288
M01E11.3,0.0128464359375803,5.37934072738098,3.52967898282751
M01F1.6,0.0496963336676187,5.06687701030287,2.55632401562704
M04B2.4,0.0000218803624577672,4.36689917555507,7.64310287039703
M04B2.7,0.0238587061138723,4.33043771353364,3.45002048709651
M04C9.3,0.000105573893826018,4.82176750494346,5.6265092700217
M05D6.5,0.0449062418578068,6.33858853658641,2.15904629439427
M110.10,0.000218401183293503,4.18273340686836,7.42911852316588
M116.2,0.0119448310458562,3.70765704585098,6.85128685509615
M117.6,0.0350546521911543,4.18646014494048,3.46870929340659
M57.1,0.0267581638866199,3.86762953179493,-2.68984047720431
mars-1,0.0475095198433798,6.96463063594181,1.91471879044212
mat-1,0.0288326495001935,8.01666642531797,-0.992525407350133
mat-3,0.0260171818210031,5.78288279413997,-1.95985914273003
mce-1,1.07047895681841e-7,6.95131674059274,4.68006072602812
mcm-4,0.0474087793879134,7.82280589764221,-0.737946113402183
mcm-6,0.0185776978550079,9.33556819330258,-0.796299085684575
mdf-1,0.00458770703848487,7.37595863175479,-1.42787634286444
mdh-1,0.00107757388839451,7.51757724882332,2.98974577657022
mdh-2,0.0219593604513852,8.36122977540272,0.981763574752014
mdt-1.2,0.0321902433601124,4.24951738379033,3.12290031129011
mei-1,0.035833627488852,7.74888462023548,-0.839626623155704
mel-32,0.0408408626805802,8.62769197916859,-0.696927641502752
mex-1,0.00272390967407548,8.30788467565787,-1.17779730593186
mig-21,0.0299199875800669,4.28218716628594,-7.54890566362636
moc-3,0.0122921704397034,7.35335273610231,1.17771640336874
mod-1,0.0370945073760849,3.06822071841767,5.9670464434639
mppa-1,0.00995898703224564,3.4498849808956,6.50968254736568
mrp-1,0.0471657919233388,3.25872057011701,5.56463383902697
mrpr-1,0.00569818045262453,4.79475570543886,-8.12753302761061
mspn-1,0.0310167871625711,8.29443056990196,1.22181843979596
MTCE.10,0.0181360232068777,3.37953000558582,6.41210045467238
MTCE.11,0.0377568065241909,9.09651080019005,0.991365226000794
MTCE.16,0.023202377566162,8.91035757136044,1.33246733109995
MTCE.22,0.0445755592610177,2.82763625060969,5.59210783238433
MTCE.23,0.0441287189136405,10.8910232601403,0.984741056716839
MTCE.26,0.0481678399530468,12.0652930580327,1.02671258336345
MTCE.3,0.0264352382220658,9.86378454176977,0.991217912731263
MTCE.33,0.0319620695187917,9.35046933236543,1.03098272380816
MTCE.36,0.0348261174903477,3.06763992864299,5.96854037745787
MTCE.7,0.0361922961102419,8.60287909247224,1.16031237235536
mtm-1,0.00255997207799675,5.27841957412991,3.16368751363582
mut-15,0.00847813191203884,7.09586416876674,-1.62216791270055
nac-2,0.0358088885453421,3.42759841871127,4.94681767656314
nas-4,0.0354022715868946,4.1463043823831,-7.38414281450103
nasp-2,0.0268674829441923,9.31179497362863,-0.73628159913577
ndc-80,0.0167464465859415,7.80927515910586,-1.04011618623999
ndx-7,0.00555695850068562,4.74135943629778,4.32815181801798
nhr-104,0.00892004911311053,6.09094614651404,-3.72518573111545
nhr-116,0.0444062093085199,3.52168838518457,-5.72178272705503
nhr-145,0.0402832837999082,3.23795379767422,4.56901555231523
nhr-19,0.000944298485532297,4.20439411860662,7.45255382046371
nhr-21,6.79064661157387e-8,5.18136466793165,8.55181743156559
nhr-31,0.0454226632717997,3.21398900079278,6.17966768193079
nhr-56,0.000133060946670239,4.84790038065324,6.18280808776271
nkb-1,0.0000375998829158631,5.02612066933788,5.96432685428422
nlp-24,0.0197960549751992,2.97119430576901,5.82310466625875
nmt-1,3.5551743972964e-8,6.95891437144652,5.85492738387487
noah-1,0.0223555070124847,2.72535969476188,5.42417511446515
nol-6,0.000249432355768072,3.9713188866642,6.85522055338464
npl-4.2,0.041113952796982,5.65736122798547,1.75341792805505
npp-10,0.0269032485992826,7.23621392937417,-1.0552335408205
npp-16,0.0201849131527027,6.09145983915315,-1.77759034881542
nra-2,0.0374665108184654,8.10404639734164,0.796813870124495
nra-4,0.0498345752939989,6.62385589048738,-1.20725960408624
ntl-2,0.00339588003195745,7.04901664278866,-1.62206477630105
nuo-1,0.0199151662226243,7.9955050539047,-0.892402869711432
oac-55,0.0482030915979917,2.81899798717304,4.19496620501454
odc-1,0.0181835986623459,4.04968022258213,-6.36990538602395
olrn-1,0.0462873573383917,2.87661117382124,5.67159244598274
oma-2,0.00345124333114241,9.2547261210103,1.20000367790785
pab-1,0.0278717167806521,7.54203405969607,-1.10367882784435
paf-2,0.0196310689647041,3.69637749609945,3.91714396786101
pak-1,0.00439813318398364,7.27319468904017,-1.39392877009717
pam-1,0.0269799068379619,7.88584715261117,-0.99084279978225
par-6,0.0449083959010987,7.28117888686919,-1.05338642683836
pas-1,0.00157363438054148,8.73516266002345,1.10643901692538
pas-4,0.0125611752728246,8.50586605205048,0.842382867287077
pbs-2,0.0138600261248995,8.60864761402528,-0.852489417375721
pccb-1,0.0337011761830471,7.40170538867772,-1.12701898892778
pcm-1,0.0227528450815,8.52618301663621,-1.15021742066202
pdi-2,0.00859701686495444,8.57587034100567,-0.991150583177015
pes-10,0.0347957037322295,3.81240980580568,-5.13950856286187
pfn-1,0.0103115469936904,9.43178564407697,0.882067699790538
phb-2,0.00456190572771695,9.07362655229652,1.00604724216549
pkn-1,0.0383975922014641,6.85102115953483,-1.14092894924201
pmp-3,0.0311286135962192,7.97028597015923,-0.774009884257665
pnc-1,0.000700225981960125,5.96191679044215,-2.99866559152327
png-1,0.00218160464806307,3.92913633238327,4.58899699700979
polh-1,0.0208674300610031,6.89453819597178,-1.61267775436803
polk-1,0.0214618181978327,7.68184877356147,1.03821881554477
polq-1,0.0185065435117303,3.88018620782482,3.6936087904415
pot-1,0.0289060419091112,5.8882308302859,2.58626028222599
ppfr-4,0.0486027397632507,3.9226897696462,3.49121825127451
pph-4.1,0.00127140512279206,5.59092977909235,3.79388332321814
pph-5,0.00416564938648061,6.81841018846248,2.53695743751741
pqn-47,0.0045846892034141,4.03312093272543,4.42636276092348
praf-3,0.00538666273028588,9.7042394132372,0.973016750558256
pri-2,0.0000391190744200482,8.19008383035631,-1.96388639015936
prmt-1,0.00859668314818541,9.23908032876283,-0.86898524866847
prpf-4,0.00940389155380601,7.60826489075765,-1.21246411467142
prx-14,0.00435632357007369,8.03989860926298,1.21552264290883
ptc-1,0.0338017287903946,6.51917233700653,1.62257318985347
puf-11,0.00955091715030596,7.86664432693533,1.2386192002259
puf-3,0.0107937677309534,8.0370593388592,2.7616834910445
puf-5,0.000190777486937894,9.38741238065245,1.72148024589337
pup-2,0.0129523025145576,8.13419737123789,1.15103148609002
pup-3,0.0473029117614895,5.8230822271504,2.48085443818936
pxd-1,0.0430981302151016,3.30935057426049,6.32771790650406
pxf-1,0.0399292980070514,3.94771480796366,3.52538949491185
pyc-1,0.00315525318146925,5.0099463150656,4.19617364677918
pzf-1,0.0234476924995372,6.77985911448476,2.50066692772539
R01H5.1,0.0439566041161142,3.98661585678065,-7.19821230751696
R02F2.1,0.004977874381684,8.85884144409797,-0.981744380266692
R03G5.6,0.00038127731595303,5.46329346650081,5.01520562865848
R04A9.5,0.00261421965112324,6.91892297882231,-1.73055793090126
R04B3.2,0.0396272420885179,4.75170710599131,3.3505821613542
R04F11.5,0.0110467835098213,7.01354791371718,2.53378630604328
R05D11.5,0.00546821102149849,7.48645851484052,2.55920689731223
R05F9.11,0.0000136528816623409,4.69174972012118,6.64226425904059
R05F9.6,0.00885567835376726,6.2464557152631,3.62789071962637
R05F9.9,0.0378189308733265,6.85572210803837,2.45323678607616
R05H10.2,0.0450443261602503,4.57699336434741,2.75850904865404
R06A10.4,0.0389231170543912,5.08219877211499,-5.63494956981217
R07B7.2,0.0160255976904755,6.45072233495627,2.26695575200125
R08D7.4,0.0233516902579172,6.85717116142259,-1.7063294349294
R10D12.12,0.0422272098995652,7.55651348944316,0.981246689755154
R10D12.14,0.0264812648899861,8.48265709339944,1.2469656236366
R10E12.2,0.00000518584164470359,4.77121873759241,8.10132485459637
R10E4.7,0.000450560973707478,4.22267711963832,4.94827086745815
R10E9.3,0.0401343474683494,4.92558112103337,4.48220750643095
R10H10.7,0.000477425025828485,4.8128158887343,5.46461311665286
R11.4,0.00292128111199135,3.9360424141488,5.14915984005814
R119.2,0.00869222702764276,3.25931326254999,6.24734457469281
R11A8.1,0.000095702189205117,4.54122910186583,6.31598304266089
R11A8.2,0.00762295603928354,7.95302069104253,-1.18130332011479
R12C12.5,0.0314070157986117,8.39006158259838,-1.23117788934442
R13H4.5,0.0369136820146788,2.6902529791963,5.36038473016343
R144.5,0.0366748011499011,6.28813069691501,-1.57138882554341
R148.3,0.0271311741989737,5.80907657215396,1.80508675764319
R151.2,0.0472539095464911,9.44736370176933,-0.659093673795408
R166.6,0.035713077206419,6.34122994265209,1.85809428319232
R17.2,0.0491923119941824,6.91759406738475,-1.14735978340205
R186.3,0.000542060406384985,7.45832215727524,3.58419088384139
rab-1,8.91436410967246e-7,7.12829657300403,4.06954446928197
rab-5,0.00327322651273093,7.32423506296647,3.89768583651985
rab-6.1,0.0077876885680376,7.43400939230461,2.09604322825688
rab-7,0.000328431317104161,5.22500297583958,4.90654199727499
rabx-5,0.0312674775731134,2.68954770564949,5.3648828369619
ragc-1,0.0447629035340398,8.73138027277713,-0.735121515308667
ran-3,0.0372381058311329,8.65122978161938,0.764573048319138
rars-1,0.0372624094747752,8.23739172193955,-0.797367024105972
ras-1,0.00723870830979439,5.1747264628108,-8.5466115085035
rev-1,0.00343733154605865,5.9866450557097,-2.62390377256825
rfp-1,0.0411433806065961,7.59231591367081,-1.08470365457898
rga-1,0.00288373198096882,4.48524025729497,4.37991520567947
rgs-7,0.0206540413506835,8.09182629852661,-0.938407582285171
rha-2,0.00345681899147933,4.62867082882303,4.05622974586328
rhgf-2,0.0144906525207906,2.97863013718748,5.83782158571156
rho-1,0.0018518745464871,5.59332450394014,2.82422587676892
rhr-1,0.00658795913728532,3.91775516104644,5.99057702769613
rig-1,0.0438943146939923,5.1714106754524,-4.20823271744284
rme-1,0.0153440928880452,5.83407040171791,3.38535220154498
rme-2,0.00609420740727558,6.52829405123707,2.71651814763158
rme-8,0.0251879742991844,4.37591636582556,2.79587778853941
rnf-121,0.0411460441563863,6.31837107221211,2.49644083664956
rnh-1.2,0.0401105622968825,6.067896337177,1.5628555628526
rpa-2,0.00154279895148278,9.13187343096416,-0.970171149148505
rpn-10,0.000698314835927563,8.09753256489171,-1.23259498227659
rpn-12,0.0331623022713809,9.09331799241163,-0.646095501455826
rpn-2,0.0454514514873067,7.40033615113559,-1.06937661118485
rps-2,0.0177596996225217,8.05906528722028,-0.921879193727033
rsd-3,0.0453563955739487,6.44530303318344,-1.62466781621898
rskn-1,0.0289169787329657,6.56932495665104,2.18045755122978
rsp-7,0.0382849340604264,4.2096750675815,-3.19038177901905
sac-1,0.0217130533889121,7.36351991856649,2.68798365314171
sams-2,0.00000359015627419468,5.95526801381169,-6.57771251392397
sap-49,0.0000500871381447543,6.92878509158784,-2.67916174538796
sar-1,0.000182246926375835,8.39674125783615,1.31690441272609
sas-5,0.0384600087969131,7.94151581535155,-0.838187249431507
sas-6,0.0159896937061872,6.8750037926798,-1.32829126880408
scd-1,0.0228257141378473,4.57384226742474,3.65189953423315
scl-27,0.00255768923575193,4.19309554618508,7.44361412814505
sdpn-1,0.0114061288034571,3.70796614375413,6.84997116638679
sdz-10,0.018520523177673,4.10538148947542,-7.33590256323773
sdz-13,0.0101870486748204,3.86466583895261,7.04497315847205
sdz-14,0.000511861093013603,5.06448989116678,-7.22441522273506
sdz-2,0.0317062668780221,3.44737799592548,6.50894862506581
sdz-26,0.0166945065387571,3.9886831025752,-7.19717218536534
sdz-27,0.0266629529054726,5.83974829186148,-4.07383113206045
sdz-38,0.0441778551497614,2.70438008018075,5.38588449077605
sdz-7,0.049517589363854,4.32298651865759,3.29701040700777
sdz-8,0.045760124507023,2.94636501021382,5.79403725492202
sec-10,6.97589812334087e-8,5.18220941766748,8.5526278160515
sec-15,0.00176765280943128,4.15485103385455,5.31000934327583
sec-23,0.00145270269981699,5.4585674234528,3.20097032541339
sec-3,0.00813513386967945,5.54319534986146,2.85149106075428
sel-8,0.010472977922081,5.53738820262306,-4.6919770257115
sel-9,0.0333148566688404,8.94419517387128,-0.72302700907526
sem-2,0.0314727268643379,4.65182299947497,2.75991883910493
sepa-1,0.0174294748318279,3.15232750299751,-4.70091116152398
ser-2,0.0158840486351008,4.74207341227699,-8.07553264265195
set-12,0.0204503229822775,3.43986356352819,5.35980381512953
set-19,0.0198357975036679,4.36113239661244,3.60755317324404
set-25,0.0394935712859229,4.96946186434704,-2.61876419464851
set-27,0.0171000800613651,3.04213538971804,4.21601448840527
set-29,0.0180857831036501,4.34694456295986,4.5214256906567
set-31,0.044506254709722,7.68711045290579,-0.970984136608714
sig-7,0.0392980659907383,7.97845935946352,-0.761663044847659
skr-10,0.00146163323300424,6.38047908175059,-3.78861622921505
skr-7,0.0359642588172435,8.26589893230746,-0.846955993190055
skr-8,0.0020979042826964,5.03545322985718,-4.52476532894356
skr-9,0.0000100360090097341,5.14725004769858,-7.79654435325785
slx-1,0.0156987316150399,7.83637539322868,-0.994076266535037
smg-5,0.0338562794455472,5.66976074161757,2.70301496340705
smgl-1,0.0000893394286049564,4.40281020607263,6.11575933385915
snf-1,0.000859789052537253,7.1228620362257,-1.95893587961231
snt-2,0.0277323407358337,5.52055081520949,-3.76491135076598
snx-6,0.00114823499367264,6.86256128743976,2.84432929675314
soc-2,0.0136384970048322,4.9276027166349,3.44358612400601
sod-1,0.00535463333844073,7.94323744442947,-1.08582836375378
spd-2,0.0286603812358491,7.61508883448133,-0.959064761049723
spe-39,0.013474042832008,6.26249949910565,3.0376859235471
spe-5,0.0451526512463885,4.04884246165054,3.4342182171939
spe-6,0.0294860534243781,3.53112418857241,5.35554505553427
sptl-1,0.00653453127555285,7.09459818051491,2.84949655089717
sqv-1,0.00169490743763599,7.17157473412613,3.42508874193713
sqv-2,6.46293180905526e-10,5.58052850077356,8.97950512540417
sqv-3,0.0314918017896936,6.42272062705562,2.54684955744421
sqv-4,0.0077860331280563,3.48900782792908,6.56216176170967
sqv-8,0.000119511474168276,6.09966675986775,4.49638301049196
sra-32,0.00472017214360346,4.30597414562938,7.57362973784317
srh-113,0.0261558188526075,4.34305244161633,-7.61488027559571
srh-248,0.0255057040611091,4.35822442501078,-7.63275504038665
srh-87,0.00280613516716006,5.68555525786913,-9.09051438247688
srt-72,0.0322333500595445,4.21036834010909,-7.45987486928089
stn-1,0.000445500451101958,4.69272050968463,6.08680836398405
str-148,0.0116656336019797,4.21232419739167,-7.46242306723455
syp-2,0.00336094692163312,8.80505429775626,1.24318039626998
szy-4,0.0103540519688366,7.71975731522895,2.87605660018552
T01B7.5,0.0320119803716557,7.80472995902536,-0.940305632439391
T01C3.3,0.00541960808459986,7.80061997950904,2.26582583536724
T01H3.4,5.30875926111454e-7,5.94327715943854,6.30459129380825
T01H3.5,0.0137859270430841,3.54091238673302,6.63224719536445
T02C1.1,0.0383710607393217,3.33185238385687,6.34686614434627
T02G5.3,0.0106920492036977,6.40507092216641,2.37901347946949
T03F1.7,0.00339214715254836,6.40212080946191,2.78160678965016
T03F1.8,0.0212177302889901,8.08641352822414,1.09903680569256
T04A8.7,0.0000726145951949111,5.27406182983974,5.43473532455838
T04D3.5,0.00167677677031424,8.67986208013331,-1.31294781396395
T04H1.2,0.00569537764832968,8.24453752185737,-1.25386852242492
T05B11.1,0.00975351314992173,3.33016288863152,6.35129017138436
T05E12.10,0.00165939005904385,6.21745579391639,-6.76863920566342
T05H10.7,0.0375047236236942,6.14061533091986,2.30510752654072
T06D4.1,0.0481229255068788,7.42639718477448,-0.92769271101284
T07E3.3,0.0152996284632781,7.88580535775398,1.47771907871616
T07F12.2,0.0463321059805422,8.03729185001011,-0.905174922918435
T08G11.4,0.0355864628006577,7.43604698258801,1.00666654581386
T08G5.3,0.000643068006654069,4.80420921056693,-6.32793203047838
T09A5.15,0.0475687581520364,6.12088998676066,1.45854908414858
T09A5.4,0.000043236608955152,4.84404638645827,6.38535326920118
T09B4.2,0.000210954033881428,7.71404691890887,1.92381503223035
T09F3.4,0.0000731120109693873,4.6320703922792,6.74775558892415
T10C6.10,6.35159875402255e-7,6.73774685658962,4.9885303434037
T10C6.8,0.0274081850208768,6.10754062261148,-2.91132141874529
T11F9.22,0.0206652657593921,3.92852955495,-7.12715203983913
T11G6.8,0.016709778954113,8.2250823140301,-0.851329361042608
T12B3.3,0.0238276815284247,5.53062797082491,2.86331229302458
T12B3.4,0.0136706029591422,6.48234576807062,3.24196214885542
T12G3.2,0.0374863556615546,5.34241842225094,2.34793900385535
T13G4.2,0.0023036649343722,4.01065769718767,7.22159365403997
T14G10.5,0.0394777463574286,6.43386880734804,2.47169449751226
T15H9.6,0.00123134635285973,4.87604983262719,-5.36741613800711
T16H12.2,0.00185494028762141,4.50024831476267,7.79722649292442
T17A3.2,0.0450243992559517,5.54493871212711,-2.16182118593537
T19H12.2,0.000567326220517574,8.95548314292862,-1.18931652853827
T20D3.3,0.00620142770347532,6.91422094556173,2.51015942435228
T20D3.8,0.0339386034314032,8.57600860599156,0.990172491713002
T20F10.5,0.0485468444606157,3.38740935709367,-6.42723771880522
T20F5.7,0.00113230327774534,5.65289994705329,4.46027852063312
T21B10.4,0.00278328078030606,7.94435599448737,1.28379038404654
T21C12.8,0.00301478966540347,3.9363178812788,7.13011711975665
T21C9.16,0.0169543751722401,2.89256893202071,5.70141106754577
T22C1.3,0.0441530787597776,7.78484139551037,1.01287481546724
T22C8.3,0.0424872947274443,4.70815679910669,3.0246427296873
T22D1.17,0.0395695111997093,3.30777591825607,3.45637211892161
T22D1.4,0.0458581785072145,9.23056081313327,-0.606620448822789
T22F3.3,1.25210221847175e-7,5.35209401186827,8.34399123045851
T23B12.2,7.41907501343183e-12,5.94558125308414,9.36442208648421
T23B12.6,4.93133280546823e-12,6.68150771934482,6.81620784228779
T23G11.1,0.0256944495201355,3.28842253820601,6.28819597382634
T24D1.3,0.0154867590158244,6.48601098157745,3.3623357281727
T24H10.1,6.47914059369522e-13,6.3289068839653,8.03238421378532
T25G3.4,1.75690650824635e-12,6.05976887819357,8.75956117998198
T26E3.4,0.0339379959446205,7.95357079390775,1.4410277616624
T26H2.10,0.0168211170350156,4.55807996736177,-7.40260435330037
T27A3.2,0.0104191463646572,6.97554545716169,-1.46221059890265
T27A8.2,0.0216424208659927,5.25245176551992,3.45699585350781
T27E9.6,0.00697109957939696,4.17715150928628,-7.42833262912015
T28C6.3,0.017804810436154,3.31781187798545,5.27220653794169
T28H10.1,0.00378892931222755,4.70926167727795,-7.2890575224114
taf-1,0.0366559156453676,6.02141337099806,-1.74511038772056
tag-189,0.00450118795900296,7.09048727716695,3.35805747804694
tag-264,0.00434629195799615,6.87618534216572,3.32589746778058
tag-267,0.00922103325487842,3.96892549535371,3.74276865785291
tag-296,0.00775249511187914,7.09369538717446,2.47202274338731
tag-304,0.0154411229719151,6.13123360312134,-2.06873287032685
tag-315,0.0483306789312217,7.50307064723471,-0.921712865566844
tag-320,0.00877306857788367,8.10909795245805,-0.994503576093386
tag-52,0.0213491157970776,7.15395931216193,-1.27302814404972
tag-72,0.0230223330024236,6.04579969024971,-2.19600788246287
tag-97,0.0335794605667096,3.01249829753171,5.88621601002287
tba-1,0.01176521910386,9.26986981956812,-0.819947622047648
tba-2,0.0146049368182933,9.08763566108899,-0.798654842339798
tbb-1,0.0103576320739318,8.84382424193816,-0.986423138751544
tbb-2,0.0198684498687404,9.81795172338072,-0.728969351369607
tbc-3,0.00993853773679154,7.46650187486484,1.60385998732661
tbck-1,0.00014031522986278,4.17395933040848,7.06769236881032
tbg-1,0.0228316128722435,7.95767912454709,-0.952732216339756
tdc-1,0.0139700071366223,7.56129472823709,3.13205377199454
tdp-1,0.0112619214183547,9.75725815221547,-0.842986844761192
tlf-1,0.0124472037700802,7.03825850017217,-1.36824215056693
tli-1,0.000712149511008437,4.9444338993577,4.72911127093027
tomm-40,0.00458870848730007,7.76375604178708,1.28561393296774
tpi-1,0.0437046275970234,8.59281596651877,0.779230290049633
trap-4,0.000293950376959932,8.27187052726205,1.46550539340323
tre-2,0.018169958558674,5.3375546366418,2.54109630381438
tsn-1,0.00148427622669865,3.63021793539843,6.75086906069042
tsp-14,0.0245189107357677,3.05953333552254,5.95780199478231
tub-2,0.00773047360608692,2.83378944293902,5.60571587088512
uaf-1,0.00000871496364195468,8.75304916541611,-1.53118585935964
ubc-6,0.00098021216419104,8.31169764088546,-1.52060005241972
ubxn-1,0.0397576057830454,7.05784635710785,1.5824478837544
ubxn-6,0.0143946294874305,8.31684921932214,-0.871829668002079
ufd-1,0.00108446811705522,8.15935912962437,-1.27806580474242
ulp-5,0.0279518297021801,6.10003475798741,2.3271437394946
umps-1,0.0207200189123059,5.29797472660561,3.48722727201995
unc-129,0.00410478549241103,3.87953504383401,7.06002393483087
unc-37,0.0484685064357331,7.10929620932628,1.59335319571662
unc-44,0.0301629356929726,5.03009203556026,-2.4261557320342
unc-51,0.0439823561803716,5.23996406764948,-2.06742152684068
unc-60,0.000689018606403814,8.82815477204977,1.5516648982849
vab-2,0.000211460621983624,4.51734258085104,7.81803417916791
vars-1,0.0138631593910683,5.27471453300896,3.57017785440832
vars-2,0.0458176401125226,6.37648744269693,1.668468583992
vet-6,0.0259364243374197,3.70135049082275,-5.74327220277166
vha-7,0.0206035466370015,6.66326590536873,2.53077192440616
vha-8,0.0159209848006796,8.14480862529667,0.94019560295586
viln-1,0.0342009832625055,6.95000568740232,-1.35753884846182
vps-33.1,0.00179710138727219,5.13212390797547,4.39099572138189
vps-35,0.0101797977993013,6.3559259203319,2.28450176744633
vps-45,0.00354031015862459,6.59053884388819,-2.62538039503736
vps-52,7.1617265985147e-7,5.03547118335877,8.39335196226877
vps-54,0.00744888937187024,5.18468846419937,3.7058423155712
vrk-1,0.0296527843015945,8.0856816621438,-0.78460379231751
W01C8.5,0.0359048811037182,3.17388795622882,6.1356180167587
W01G7.4,0.0308407431891352,7.78711224502916,-0.881130987343081
W02B12.9,0.04649024114845,6.6850832446497,1.64369901706429
W03A5.2,0.0195037627950669,2.89638395497001,5.70625411559639
W03F8.3,0.000696850600396588,3.85709008549129,7.03309540583878
W03F9.10,0.0169627338081765,6.91699136600886,-1.32897199366778
W04A8.2,0.0154945471022139,3.52096026906249,6.60874647089569
W04C9.2,0.0376621967765602,7.04515453986793,1.33291838191679
W05F2.3,0.017863868423147,9.25962725635576,1.76806971736549
W05H9.4,0.000136114091156952,5.32460822799195,5.20345113110229
W06D11.3,0.0257971150390271,7.52572477668576,1.8374934921183
W06D4.2,0.0168488765960804,4.6429892822613,-7.95736621538049
W06H8.2,0.0431080043060949,3.51196626907118,5.48644435882472
W06H8.5,0.0160408213339606,3.51659996240045,3.7919153316426
W07E6.5,0.00220999339394219,4.41406297365996,6.67243995014
W08A12.1,0.000259229281409317,6.27524162254873,3.4155275858941
W08A12.3,0.0252697390628733,6.16764733260182,-2.77987840443569
W08E3.2,0.00588333892504582,4.22784661474959,4.48452409877466
W08F4.3,0.0173498278302118,7.41955379987708,2.99325107508561
W09C3.4,0.0117685352761848,6.7205869694004,1.88733230941515
W09C5.1,0.0237289459943307,7.45765672099685,1.11722972293627
W09D10.3,0.0151648414333473,5.83326924474619,2.37644583246461
W09G3.2,0.0489902987536907,3.51973381013968,4.12362898025484
W10D9.3,0.000187536957747806,4.09065198486399,7.31764447746643
wars-2,0.0441116921518769,5.83911501840375,2.00261901350187
WBGene00206474,0.0222466058828737,3.65695119738806,-6.78387294527763
WBGene00235356,0.000895431544327541,3.81539897701186,5.66887277432557
wdr-5.2,0.00291924441378068,6.05532248734598,-3.74979289913847
xpa-1,0.0445050326322495,6.65189489159273,1.72018966090836
xpg-1,0.0151306433322742,7.30264633658306,-1.23049241061061
xpo-1,0.0060657178846708,5.85384736618185,-2.34466634926742
Y102A11A.6,0.027466324105001,3.68844872337041,5.38259283697237
Y105E8B.5,0.00358199042207287,6.66716531726876,2.79690720126315
Y106G6A.2,0.00536996143873589,7.57129814598918,2.56039428932011
Y106G6E.4,0.0371048190993869,4.17394653373152,3.26598882901495
Y106G6H.14,0.0223244144096291,7.27016048862057,1.12763758084024
Y106G6H.16,0.00273625601393396,8.0444854945729,1.12867443463159
Y10G11A.90,0.000176395332826645,7.03497192139412,2.67210400159186
Y110A7A.15,0.00193414706242576,8.66417610084178,1.73946807111839
Y110A7A.19,0.0126997487227469,5.13785790495453,3.92323502061899
Y110A7A.4,0.0421677247402487,8.37423864970213,-0.794188013169575
Y110A7A.6,0.0344644792007463,8.44360033755985,-0.720518811740271
Y110A7A.7,0.000172894249184207,4.29351367408004,7.55845661409551
Y110A7A.8,0.037176475403487,8.06229919972989,-0.78902671729955
Y113G7B.16,0.00319903111578682,4.58262999211126,4.45165829877752
Y116A8C.19,0.00478655529825089,4.67403092214392,-5.7344224668189
Y116A8C.20,0.00277626814576374,3.88639869011653,-5.75768407892153
Y119C1B.4,0.0465312118914799,6.52940489820606,1.60207901837687
Y119C1B.5,0.0111995578867694,5.35532566692359,2.72144063167901
Y11D7A.10,0.00441259461929115,6.53423496110635,2.43563739150754
Y11D7A.3,0.00881830596438266,4.57524675522613,-7.88853035526957
Y17G7B.13,0.000245466606647106,3.73733524994095,6.47846095048315
Y17G7B.17,0.035671701319233,6.97849489710562,-1.24698806912488
Y17G9B.2,0.0050870957600218,3.45115838573853,6.51342783885308
Y17G9B.5,0.0295402733332616,7.72854355789687,-0.901453947678959
Y23B4A.2,0.0206153071242984,4.53238789661754,-7.8363329608989
Y23H5A.3,0.01261969898865,8.12699824750962,-0.9645953002794
Y23H5B.8,0.0464535900762413,3.95295552726772,4.38883402605116
Y24D9A.8,0.0000537528138942291,4.90007857376353,6.32854876552696
Y25C1A.6,3.19566853238112e-7,5.87110862934906,-7.93747438954665
Y32G9A.8,0.00645786498335269,3.15549920006003,4.56267677026077
Y32H12A.6,0.000305680675208607,3.8937834716313,7.07991455078789
Y32H12A.7,0.0183774044205422,6.81787808904684,2.49877233300922
Y37A1A.4,0.0167308875424816,9.00930050631746,-1.35117875480056
Y37B11A.2,0.000691200958528352,4.12928457578548,5.0731428195301
Y37E11B.1,0.0339714445402021,3.64888543520645,6.77086058690704
Y37E3.24,0.0181741381463705,4.60963134376162,-7.92352823547079
Y38C1AA.12,0.0197684636035676,3.67818118616836,3.69977763673095
Y38C1AA.14,4.91473506653603e-11,6.03445611873656,9.4571908581521
Y38F1A.8,0.028060830772547,3.58120828366627,6.68026486594366
Y38F2AR.9,0.000636336245066913,8.02913049264455,2.42272478971588
Y39A1A.14,0.0452376646644531,7.8042279316431,1.49128092856351
Y39A1A.16,0.0258957601324351,2.72397902551885,5.42295663955737
Y39A3CL.1,0.0233006600440691,6.63350044860282,1.74854098269268
Y39B6A.9,0.0479422137112756,3.92981880500047,-7.12921314917048
Y39E4B.5,5.59407105921772e-7,6.8340843045763,5.34534936440133
Y40B10A.9,0.0345506081757564,3.9772400129219,3.99700768182848
Y40D12A.1,0.0188996417835839,7.53613853558585,2.79842983241365
Y41D4A.4,0.00885730428621675,6.38453948341985,2.83191300016948
Y41D4A.5,0.0191056453670615,5.95769233172818,-1.86913865315956
Y43B11AR.1,0.0329493371039317,2.94963665469996,5.79935214419545
Y43D4A.6,0.0452816453713694,3.3849114595007,-6.42679256640691
Y43F4B.5,0.0338984598536897,6.02218341095875,2.53755605501922
Y43F8C.8,0.0190510528083151,6.38755633128266,1.80642393739591
Y45G12B.3,0.0112259561818431,2.8610699040601,5.65557374610686
Y45G5AM.7,0.00859437513297644,7.98358136577716,-1.18975396902901
Y46D2A.3,0.0272585063460016,4.33430721923124,-7.6094070151512
Y46H3C.5,0.00371159343592533,5.5745878515712,-3.72590955192101
Y48C3A.3,0.0219042370730801,3.13783084967695,6.07190288244251
Y48E1A.1,0.0217682467923267,3.04158515607962,4.11585107713503
Y48E1B.5,0.00351967525223507,4.60977242176007,3.87191704163183
Y48G9A.9,0.013095818005158,3.07237746509392,5.98026648723748
Y49A3A.4,0.0475557499454469,4.69406997262632,-5.1839005277868
Y49E10.4,0.0167233896668969,7.75035658564507,-1.53436283070814
Y50D4C.6,0.0243652128897528,7.28861364716365,2.19106704740825
Y51H7C.5,0.0000982312995716352,4.27103719125125,6.7749259174318
Y51H7C.7,0.00632961478469035,7.19755314392053,1.51529320701767
Y52B11A.2,5.83021878888732e-7,7.4183105856582,3.55216441785027
Y52B11C.1,0.0000336893662596311,4.28579633925535,7.54869521516675
Y53C10A.5,0.000781893349962607,4.150190706575,7.38847746541699
Y53C10A.6,0.000214845355465832,7.93412359938629,-1.54864525307423
Y53G8AL.2,0.02472481987324,7.93319965912671,-0.873146340375101
Y53G8AR.5,0.0321588977163464,5.81963366533002,2.26405245847404
Y54E10A.17,0.00239199708889297,4.04669998760476,7.26650828962128
Y54E10BR.2,0.00000589494683645392,6.09835878602371,5.54797416131651
Y54E10BR.3,0.0214399357351045,8.3831276820642,-0.884639730228748
Y54E10BR.4,0.0356689998529216,5.66037759624014,2.04466790175073
Y54E2A.4,0.030000120399014,2.96834549757709,3.60244329694598
Y54F10AL.1,0.0130289302282897,7.46534607146779,2.4462646211514
Y54G2A.23,0.00106149547115217,8.07016921328875,1.97558627606048
Y55F3AM.11,0.0169291528533507,3.02045068313723,5.90153899234172
Y55F3C.9,0.00141927919606061,3.92167365165169,7.11552462426855
Y56A3A.19,0.022260057455496,7.5902400388187,1.01881858925813
Y56A3A.36,0.00513648691966114,3.05328660698226,5.9501958274217
Y57A10A.23,0.00000772361504526201,4.68975728646355,8.01077501514236
Y57A10A.3,0.000308490969847458,4.16546373219582,7.40765014119822
Y57A10A.31,0.0382139668550112,4.31204630322734,3.0623272866089
Y57G11C.1134,0.00177390981679085,5.7186468053252,-5.60918496631558
Y5H2B.3,0.0103062143132294,3.82380640011133,-4.55960775798753
Y60A3A.19,0.0468808182007616,7.23835123495659,1.54209510618013
Y60A3A.8,0.0107739427387534,3.26208123896841,6.25832324009951
Y60A9.2,5.18181592757158e-9,6.36191312901696,-6.53321109927941
Y62E10A.14,0.0101473556827171,7.37628448773031,1.82239484621966
Y62E10A.17,0.0458747350569338,7.76986948404229,-0.86162511072737
Y65B4BL.4,0.0301132977922451,6.65480851152046,1.57411313192884
Y67A10A.14,0.0417769111978992,3.46988938825364,-6.54020750203694
Y67H2A.7,0.00356162494897169,6.34457413631859,-2.37944969924428
Y69A2AR.7,0.00828086903800527,6.77348654365307,2.18225638727722
Y70G10A.1,0.00201437105402402,5.3820318967016,-6.76881307516777
Y71F9AL.17,0.00724513269571703,5.36293829247079,3.7357791835016
Y73B6BL.29,0.000174174648428296,6.23923858209985,3.57006055568815
Y73E7A.6,0.0309559752723719,7.31239109826838,1.20547724595101
Y74C9A.6,0.00982043191048673,3.80977273237795,-6.98108181129395
Y77E11A.6,0.0209134917238175,5.51396856808816,3.18095108973209
Y82E9BR.14,0.00963121909078614,6.85794731184962,2.97822765246664
Y87G2A.11,0.00159703965669085,5.24308692767257,4.04001030370332
Y92H12BR.8,0.039009920294179,5.41360937478604,2.4585405214251
Y94H6A.5,0.0104585567764308,3.47452392382545,6.15586260492857
Y97E10AL.2,0.0105329226267399,9.05902874634931,-0.80753501273605
Y97E10AL.3,0.0212717076295751,6.92138975009656,1.27639382077948
ZC204.2,0.00000715635170533357,7.3617957698662,-2.27942121738645
ZC262.3,0.0175217216574229,7.83445389433183,-0.938885350257505
ZC395.5,0.00288146347714315,4.15048919383608,4.9421855501272
zer-1,0.0117372041087239,7.6243460349473,-1.08069576600157
ZK1053.4,0.0240825064192319,5.43545987174542,-2.15834309238794
ZK1058.3,0.00857546604889877,4.34616858648647,3.91010463977979
ZK1098.5,0.0175050734290727,7.16300659300215,1.75493458670564
ZK1098.7,0.0352345596435756,6.33372488647394,2.17931297862609
ZK1127.5,0.0188881004277554,6.86829500904232,1.98342362650214
ZK20.4,0.0207230899232456,7.11748111646705,1.45204417567658
ZK265.6,0.000206145358681592,7.29758752545653,2.75556533328901
ZK265.9,0.0000628817270447609,7.19829206926359,2.15661708906018
ZK354.3,0.0250973615509613,4.54085153673726,-5.31318717432839
ZK380.t2,4.03718737160024e-7,7.52184809632311,-4.87169982858459
ZK418.9,0.005702721589826,7.02328112705338,-1.61808536452664
ZK512.1,0.0131144175180814,3.37340028985056,6.41233221288186
ZK546.14,0.00656632421436788,7.68481871770461,1.93051995994296
ZK546.2,0.0432883723276642,7.66435943325948,1.28016990725999
ZK616.5,0.0194291635553753,7.82968823160586,1.34749941932363
ZK632.14,0.0000353977389730767,7.42602472734816,3.00607482882428
ZK686.1,0.0112197638295403,7.61455528940962,1.20315699767236
ZK688.3,0.0297389548307499,6.95595262082414,1.77122358635521
ZK836.2,0.0052853512020389,6.58199949966281,-1.9969212923004
ZK858.7,0.00209744873467698,7.47683039044248,2.09237816035625
ZK863.4,0.00412676164321372,8.44233173496519,-1.15186239205516
ztf-23,0.0192725634567141,7.76134226183263,-0.972632512889408
ztf-3,0.00394921277181593,7.87951168055498,-1.3761590622071
zyg-11,0.0428935084951267,8.02700805277337,0.780716345183796