aakg-2,0.0471757217506766,6.34517049839083,-1.25368333050986
aars-1,0.0114578776016443,3.32940206850411,6.34274451672117
aars-2,0.0433645523174134,7.04352427871098,-0.859871139829888
abcf-1,0.0188401925427692,8.0815770406019,-0.81712017026843
abi-1,0.0118932066532978,7.70841486451071,1.87436448026811
acdh-1,0.00377246794003942,5.33559038900962,-8.7122780058086
acdh-10,0.0118614151692702,7.02708790943565,-1.3166502257536
acdh-12,0.0308325070647828,7.49279094654664,-0.851293091380668
acdh-13,4.69074565212488e-9,5.38408808248996,8.76445305701706
acdh-3,0.00389795747725683,8.15153385802414,-0.990394130387649
acdh-7,0.0151615748404053,6.44771579656006,-1.46203741915301
ace-1,0.045890493894671,3.0646142563814,5.96520169618511
acin-1,0.00794648963925479,7.29351644280857,-1.07728461521227
acl-2,1.69493287998632e-25,6.91538407938501,10.3621704745072
acl-3,0.00107830433924255,7.7318640471127,1.46716584800415
acs-19,0.0260864947829024,8.393864949928,0.77234586707293
acs-4,0.000576597523549909,7.3677319419584,2.36291034709832
agef-1,0.0254374714380533,6.85139788628072,-1.08903071959896
aldo-2,0.0157505040969783,9.63379983771621,-0.96074774967927
alh-1,0.0298425895787089,7.13051615078491,1.03648946195857
alh-3,0.00112047701532988,3.95706801478613,7.15552837327406
ant-1.1,0.018065046176028,10.9445950489647,-0.628673541133121
apb-1,0.0253728751162996,7.1413752775947,1.60148919699301
ape-1,0.00373415778923436,9.7101004019393,-0.814728091868178
apg-1,0.0257804731609522,5.74753963241124,1.79591096905566
apm-1,0.033297420868549,3.00525264955659,5.87200976036463
app-1,0.0273097532836472,8.12972902924007,-0.692060363134359
arf-3,0.0261109625983017,9.33835322240005,-0.628636915530351
arl-1,0.0465185231704453,7.47221229674275,0.904030193948305
arl-13,0.0285612310301196,4.21812902454102,-7.4654125689983
arl-8,0.00119807186600721,9.27962881083754,1.12073960150703
arx-1,0.00341370775399461,6.37365323878446,2.98306838662448
arx-5,0.0278017517992325,6.25916125873394,1.76544562391883
arx-6,0.0000112454057659164,7.0812481178231,2.66933312602279
asd-2,0.0413296378473208,4.76312026971665,-5.32399150697813
atad-3,1.14638548322918e-9,6.6196164008178,5.00052604801802
atg-13,0.0171246754943534,7.55132865353352,1.42119803278505
atg-18,0.000883508034101523,8.34929658150225,1.12535966346596
atg-4.1,0.0421229555297545,4.61428416966897,-2.57711939033375
atg-7,0.0469543088406687,5.65151506092142,2.51934190292546
atgp-1,0.0319065981039833,3.00860763081805,4.92380939485142
B0001.2,0.00201944275555537,6.73626459552619,2.88823476717378
B0001.7,0.0204058088671018,6.87451843214591,-1.06437033632931
B0024.13,0.0470946460802642,8.22677822885926,0.840103464425195
B0024.3,0.014784870913086,3.59604998765592,6.6927433742758
B0035.6,0.0261514305765595,8.0354860321866,-0.695184269930677
B0212.3,0.0307302218584169,5.6169016897856,-1.93247028868524
B0228.6,0.00449277956279396,5.16706311273072,4.83564381680026
B0261.1,0.00974842236910597,6.59607365260862,-1.35926292178856
B0303.3,0.000406749068848076,7.80385224239612,-1.27645859906322
B0304.2,0.0133361531597105,6.87622809330693,1.97002450359065
B0334.3,0.0355318472489841,6.66476384952063,-1.22329749249896
B0334.5,0.00858351959637649,5.67206080419142,3.29549105688962
B0361.2,0.0142965457623154,9.47084049666918,-0.687635706451702
B0361.9,0.0444390733991827,6.39704710756192,-1.92844037690502
B0432.6,0.00989771367067713,3.69263089792264,5.28394789741431
B0432.8,0.0414997588511517,5.61390742288141,2.07073181733929
B0454.9,0.0285030093960941,3.88617724529568,2.73282085571729
B0495.2,0.0383534396318847,6.72085198087181,-1.20979141276814
B0511.11,0.0273928058893212,4.74136965523586,-4.58717076371267
B0564.7,0.00007103235124832,5.8316817627801,4.20078510952271
bath-10,0.0487906704041246,3.80501557129995,-6.40628835606143
bath-38,0.0259793700461153,6.96369138988915,-1.51104882999819
bath-40,0.001095963942901,7.51409724117733,-1.39593351882174
bath-5,0.00527427102261985,6.60449984435605,1.94622612091583
bca-2,0.0300284551465487,7.9301419623058,2.1125511098964
bec-1,0.010547956892835,5.68288844824795,2.67288376469556
bli-4,0.0166412883534819,8.34574857057505,-0.840754496871131
bmy-1,0.0331270563860371,7.60613863910499,0.950565508151251
bpl-1,0.0159633506270857,2.85476514331627,5.64073486673465
brp-1,0.0187086725523054,4.48825304595466,-7.78005618162506
btb-11,0.0313484805976828,4.45322232756233,-4.92935564968125
btb-19,0.00333386383885249,6.93674875231287,2.73772198016285
btb-20,0.00055554503301806,3.8660573467892,7.04308333840051
C01A2.2,0.0308711274249114,5.05325782464421,-5.22243894226481
C01A2.3,0.0435625579360029,6.44885943909691,1.34763236684225
C01B12.9,0.00139391125463877,5.03284175983167,3.7120825335358
C01F1.6,0.0331011855015013,5.43922004102749,2.82863064834132
C01F6.2,0.0119543121902476,3.32634863216586,6.34184966567124
C01G12.1,0.0209134898864056,4.45709032430622,-3.19988227948446
C01G5.6,0.00215500418741443,8.12782547214748,1.1454710297265
C01G6.4,0.000701017937321241,8.01140914644037,1.33189783198347
C02B8.6,4.90926371451409e-9,5.22515425624618,8.06772766763208
C02F5.12,0.0273742949150413,6.56443156572084,-1.49648261311133
C02F5.6,0.0105604708296404,7.75028827656531,-1.04938694808178
C03H5.2,0.00423935710673317,7.24676330839808,1.40468091677056
C05C8.6,0.000208965694870023,6.52872987695865,3.60262572142121
C05D10.4,0.00324635219874968,4.18706102463991,-7.00892961141254
C05G5.4,0.0201210310403807,6.43178747873236,-1.55651308148381
C06A12.3,0.0309310936835323,3.68627854269557,6.81866725299676
C06A5.3,0.0413426589954394,7.10268318521501,1.18335408037477
C06A6.4,0.000308950262299912,7.944657165536,-1.14328488016277
C06A6.5,0.000641834960726977,5.45370055688758,4.64683606138244
C06A6.7,0.0168527881433947,4.55788647293982,-7.85976850240077
C06G3.5,0.00203004905390743,5.89240859979126,2.98180524024442
C07A12.7,0.0333397939995608,5.30307629069404,-1.92846285345947
C07A9.9,0.00231385334376498,5.67618469421642,3.60935130258416
C07H6.15,0.00997679429617129,5.68017227296004,2.51996975187114
C07H6.2,0.000827939753726633,7.47499367790861,1.41414198527787
C07H6.9,0.000479693131438523,4.17340251895667,7.40963244706599
C09B8.4,0.0248959503853039,5.20087521527933,2.90308844420301
C09G4.2,0.00000316740267148065,5.24419309847351,8.61351424977623
C10E2.1,0.00687654706147467,5.04651677840484,-8.40040769339987
C11H1.7,0.00557184578098252,4.118556231271,5.4913878437843
C13A10.2,0.0213254112933449,3.41785713354411,6.45951963103571
C13F10.7,0.0407123373714316,8.75451823570819,0.549379774811019
C14A4.3,0.00195980443938563,7.05157031268052,2.48305570351423
C14B1.12,0.0147793493208167,6.93487820367257,1.32088657769987
C14B1.2,0.00173797150989555,8.10453131452148,2.31110225498958
C14B1.9,0.00101080329214876,8.33185432754144,2.17272403192608
C14B9.8,0.0421999764120093,5.44117435840527,2.17121132336578
C14F11.1,0.0307910349241667,8.64338691089072,-0.644138203053882
C15H11.8,0.000877520639943653,8.10708549975513,1.75196144161754
C16A11.10,0.0242642816350033,5.03622935066323,2.53231182637455
C16A3.2,0.00750030707708452,6.53144555446162,2.39868270331753
C16C10.1,0.00524577323456962,6.76384690471621,3.36390491646372
C17E4.4,0.000452550898248052,7.50020360507397,3.31373027061056
C17E7.4,0.00421138203549008,7.63310438979245,-1.05329004866786
C17H12.13,0.0292989739207411,7.66215545807577,0.747023031426574
C18A3.1,0.00622514178122021,6.91961544498927,1.63422112838088
C18A3.4,0.0215849184403021,4.70245498820218,3.65533443434287
C18F10.7,0.000729179451814234,7.33531035388664,-1.42007488463555
C23G10.7,0.00326316487851525,7.62352462219699,1.83283211260132
C24A1.2,0.0409530235503002,3.04264751016227,5.92402040065258
C25A1.1,0.000253281507272312,6.97049869644319,2.48260177385376
C25A1.4,0.00698902060043672,7.45725632682074,-0.990989116042514
C25D7.10,5.77810615840528e-11,5.68487825975978,8.20316278288301
C26B2.7,0.000599802559587619,8.29860199624323,1.19958394720427
C26E6.12,0.0288791586475586,7.15144530515064,1.01139347203824
C27B7.2,0.0311621048769965,7.09242262839523,1.41605515523364
C27D6.4,0.00034459177805997,8.6986555666377,1.99223189861796
C27F2.7,0.0134253512300451,4.93570049828142,3.00367240306546
C29E4.12,0.0124616611566902,7.78038512557664,0.869790150162439
C29F5.1,0.0123299693128594,4.72981372439988,-8.04920740203112
C30C11.1,0.0219403226253964,7.0489500721242,1.00887000511829
C30F12.2,0.000021646167005133,6.73160226142289,4.48313569098614
C32A3.2,0.019107582390544,3.8959697979889,4.33500121465258
C32F10.8,0.00703395429681759,7.74498844827207,1.69247948852594
C33A12.12,0.0150359066504959,3.62984342038434,4.39384635631574
C33D9.13,0.0125699986405436,5.54787698201384,-2.2843061989984
C33G3.4,0.00671811463833652,3.58124625739506,5.96291586680047
C34F6.10,0.0387455838957259,2.66075655960837,4.65957781966865
C34F6.5,0.039938932957752,4.0038517649662,7.20682948772345
C34G6.1,0.0296186360178444,4.47763836717253,3.32226586815208
C35D10.1,0.00236353546604935,8.42757066827314,0.930049445311028
C35D6.4,0.00206736411892212,4.28071575737102,-7.53946028939285
C35E7.3,0.0188809287508342,3.36948059176663,6.3943359895477
C36A4.14,0.0170869422567909,3.55484007808765,-6.64865384116585
C36B1.11,0.00215007250453968,8.84425419040254,0.98641722092678
C37E2.2,0.00259421766550591,3.36754626499,6.39632076303807
C37H5.3,0.0258735032584928,6.80850080716199,-1.47740065803894
C38C3.4,0.0262366871305119,4.28008041748768,-7.53796945273814
C39E9.11,0.00322154287449596,8.53169324945338,-0.957443974576196
C40A11.2,0.037943422289512,3.52636684626557,6.60113301492501
C40H1.6,0.0000751721972242719,5.28301030449945,4.62108967989789
C40H5.6,0.0267528087689302,3.09001357434321,6.00580780133037
C40H5.8,0.0265318659667488,3.17675276671342,6.13191591541165
C41H7.6,0.0125152785864841,6.67376995395424,-1.29721434836216
C42C1.4,0.0229784616629832,7.74209298031567,1.15156766626286
C43E11.9,0.00645546926099405,6.22967564121306,2.25766717714051
C43H6.1,0.0231533010115401,2.98412186902448,5.84663512454714
C45G9.5,0.015307536891547,7.41964371312295,1.07276276082083
C46A5.5,0.00277903795313495,6.17178456121869,2.94203025454058
C46C2.7,0.00893188155956533,6.91311619738114,1.36216711915909
C46F11.3,0.00648662368177733,6.32422891273126,3.11735665085872
C46F2.1,0.0270460476027619,3.33931794751053,6.36200915428423
C48B4.11,0.00415075354628893,8.01157503592928,1.01734553711872
C48B4.6,0.0305946042348589,6.84471014914289,1.37733146249734
C48B4.9,0.00285675535061138,7.69215300164067,1.29009590478224
C48B6.2,0.0352929998825802,7.77249994347125,1.19694605486416
C49A9.10,0.0382361037814974,6.77676423023584,1.01759782682439
C49H3.6,0.0225405380981122,2.99765089756407,5.86505194248994
C50D2.7,0.000220214650374428,5.74380826743121,3.11778732716807
C50D2.9,0.00410500021843235,6.38723494579342,1.76114044949132
C50E3.11,0.0104633076274769,5.42075761259335,3.06858560328227
C50E3.12,0.0337534172377716,7.36435694506962,-0.885415831258139
C50F4.12,0.038180826976402,6.21073737598878,1.55399937278284
C50F4.16,0.0370587615860632,7.17645606110613,1.5444156262094
C50F7.4,0.0304757123870574,7.24809573262803,1.37469105916309
C52D10.12,0.00745035383315337,4.02419018737159,4.28841890017374
C53B4.4,0.0365039841265875,5.57325213844701,1.77944556445727
C54G4.7,0.011467973361413,7.25998461894797,-1.36411020445399
C56C10.10,0.00147852213049518,6.38062517335119,3.05436860859171
C56C10.7,0.00118489567887414,7.63755087887554,-1.19978691539617
C56G2.1,0.026531501866924,6.28225260581198,1.31296946189878
capg-1,0.00665098909714634,6.31945792755309,-1.82814329315267
car-1,0.00146742184076231,8.87328769221451,1.33119690160463
cbd-1,0.0000536398426609884,8.30122123827064,1.79973139897112
CC8.2,0.0137956870242524,5.90614120798868,2.34772665150073
ccch-2,4.80499391820598e-9,5.31619019355169,-7.10508274008355
ccf-1,0.00317852492014773,7.93212402936499,-0.993958651351795
cct-6,0.000437473025332052,7.85307947988897,2.25396377368234
cdc-14,0.0286394941789916,7.39193678411419,1.03680717396597
cdc-42,0.0118815465884518,8.86118739448492,1.10011936502345
cdc-48.1,0.0212299211338095,8.00839735589464,1.14544175933953
cdk-9,0.0000635958329753002,6.95552429048121,-2.35831335196442
cec-1,0.0394829543736193,5.84142372107801,2.61218772715878
ced-6,0.0361631140331335,5.71747047338582,2.4722214457435
ceh-38,0.0212716264190516,8.30713721704099,-0.708718856819832
ceh-39,0.00555912788888734,6.04509952353929,-1.97365048543468
cey-1,0.00102089711376953,8.38364700051711,1.54780673477242
cey-2,0.000010797359076035,10.1725300192096,1.56787568133518
cey-3,0.0257178085595204,9.72705814232141,0.789625321025431
cfim-1,0.0414599525916804,7.49664513790007,-0.832440261819333
cgef-2,0.0225289906106175,2.91831480989208,5.73126322059078
cgp-1,0.0483852083059882,7.11477806447215,-0.930615988222734
che-13,0.0351640288727554,4.09114730640851,-7.31251627463016
chp-1,0.00723545955794481,7.77709888278669,-0.85804487984571
chs-1,0.00000932017461685283,5.35384618947543,5.44236490201305
cil-1,0.0281372822739912,3.245307349669,5.1547844538673
ckb-2,0.0469119226440818,7.08033958827318,-0.992316666626755
cki-2,0.00768146305937025,7.92206243715729,1.21132358584232
clc-3,0.0489379931198739,3.86982477083749,-7.04346287963721
clec-87,0.0104606922837258,11.0260771470838,-0.736637102364084
clec-88,0.0387674233787708,10.8022796809802,-0.59584942471868
clec-91,0.0320351843877107,10.3340987137522,-0.595798464595921
clp-1,0.000997769470863297,9.85034964582531,-1.2667416972997
clu-1,0.000301079828991679,5.60737643902893,3.97302712873114
cnb-1,0.00903005088948623,6.7500637694075,-1.77098721805249
cnc-10,0.00377719700201036,3.51992493499752,6.59721233640552
cng-1,0.0390252126930428,3.53747023975989,-6.62823765567126
cogc-4,0.0258362375755243,5.76778475603757,-1.72296181023745
com-1,0.00674708576456076,6.2403515129009,-1.63632428131973
coq-8,0.025640304990137,6.15295801900829,1.92201822986209
cpar-1,0.000142433124548624,4.79901426976051,5.19921310859462
cpb-1,6.70133907534696e-12,5.83973202082202,8.22023606731153
cpg-2,0.000776559140946343,8.5212050597887,2.83124713941589
cpg-3,0.00168405976641627,7.61931081587735,4.17916882631507
cpn-1,0.00000141929705491923,8.34551015735617,1.6509254844633
cpsf-2,0.0120678662674077,7.10501462340933,-1.27357092918701
cri-3,0.00103184125589474,8.70586781931188,1.02791310305421
crn-4,0.0267443763382535,7.13051635380028,1.22967980345932
crn-6,0.0147022396722126,3.7942331450705,5.72987061814071
csn-3,0.0458117053067608,8.24373766722728,-0.702542525598223
ctb-1,0.0000228144256916578,10.8807628743709,1.5753057335214
ctns-1,0.0000663712179145127,7.82617557674558,1.81492051048111
cutc-1,0.0412689345362023,9.0609479240026,0.653067872093946
cyb-1,0.00205128147409333,9.29767270832637,-0.820862671173862
cyb-3,0.0115294255264841,10.3425323282027,-0.662116171765085
cyn-3,0.0132672036326253,8.288648212853,0.932377881188203
cyn-7,0.00229442339499241,10.1370105390332,1.11825524530331
cyp-31A2,0.001183648672088,4.66413548217344,5.16318333703862
cyp-31A3,0.00113240520040692,5.84178522952114,3.85019529912987
cyp-31A5,3.24902499715453e-7,5.61619877233275,5.8299505752703
D1005.1,0.0485216813584951,5.64521638786941,1.81812967219145
D1007.4,0.0363436936493781,7.52305975829032,0.830119428352071
D1007.5,0.00834043515672753,7.4746227055404,1.16273634809183
D1054.14,0.0412373588791256,8.52914983840036,-0.636657036522689
D1069.4,0.00476440065025251,3.78507606222061,4.99171732807183
D1081.7,0.0320381496935657,7.80223625739538,1.14050821776879
D1081.9,0.00656415103215808,5.42286250235529,2.93583959788175
D2007.1,0.00452739749620923,6.37379370162407,1.69482169260203
D2023.6,0.000537505671833433,7.47701833950807,1.53311142996025
D2023.8,0.0133551657186992,3.53924242513727,6.62781571202215
D2030.3,0.0290777813180631,7.57415804418372,0.92200491877994
dap-3,0.000296478941287058,6.67292078888848,2.00585305713663
dct-13,0.00000113806775635853,5.68816119913633,-7.69785580260756
ddl-3,0.0464901411101619,5.57666459039575,1.78662746035805
dgk-2,0.0464572117900627,6.8720882636787,-1.3548473193168
dhhc-1,0.0368497599448121,6.33230672420152,-1.42474844507009
dhs-22,0.0287675245302052,8.29150340958875,0.660687708419296
dhs-27,0.000385012776422227,4.74790089735038,6.19777303736685
dif-1,0.030116607203082,7.63966123976135,-0.81758727654166
div-1,0.0330355141257617,6.54511194319122,-1.34830336150764
dkf-1,0.0282880315903263,5.65894937905965,-2.0876754197537
dnj-1,0.00350153227840601,6.80955927281561,2.54459608139838
dnj-11,0.0336199248200506,8.80637994189967,-0.593350634070991
dnj-13,0.0442798247822351,7.53765406753993,0.808078065198552
dnj-19,0.000516208046670911,7.46073383856387,-1.39114338827368
dnj-23,0.00882106108298899,8.25262177574991,-0.80506830968785
dnj-26,0.0233604831624,6.15837436355554,2.66396415048174
dnj-27,0.0149215062442938,6.51179645871302,1.3990352075872
dog-1,0.00258526986270939,5.01424493466394,3.68288549132727
dpf-5,0.0156735755820077,5.43765654821153,2.70289263389897
dpy-17,0.0290787540562863,4.0328013773306,-6.2880478624809
dpy-28,0.00636998032057031,5.70086576860042,-1.97361797778232
dsh-1,0.0200168125530806,5.24063286432271,2.95467815836766
dsh-2,0.0186246736949774,7.28835904015086,-0.952080984129964
dsl-2,3.62856459859982e-8,6.52032203184772,-5.0221203543376
dut-1,0.00642314816453717,9.06708189781712,-0.77515065025637
dylt-1,0.0294492547340819,8.06002030130213,1.05097097591869
dyn-1,0.0131373162690687,4.21885539042144,2.66986398401565
dyrb-1,0.0000194433455234762,6.68742205642023,2.3928530235495
E01A2.2,0.0189259682105481,7.75307668126891,-0.827290783872605
E01A2.6,0.0131718336437859,9.35017630749137,-0.680553002768157
E02H1.2,0.00430863276790721,7.20597851980199,1.43662021667284
E02H1.8,0.0140881504578652,6.40232979516517,1.57195876201674
E03H4.2,0.0210423290023792,4.41563150680726,-7.69299079737235
eak-7,0.0189294541477927,7.66275266568342,-0.861677536655295
eat-16,0.0202346128115418,5.50269865280114,-2.72190482806267
EEED8.13,0.0426668329920556,4.86661108830739,2.92619747266205
EEED8.16,0.0257072564697456,7.26705188798811,1.31320525375165
eef-1G,0.00332962004433145,10.7158982337197,-1.30390143447315
eef-2,0.0329913796559076,8.15304810225051,-0.730006704401957
efn-4,0.0115949051926049,3.24980400368226,6.23633861092579
eftu-2,0.0373851216280884,7.39756274228723,-0.856582359285902
egg-1,0.00127867461239439,6.45404615505084,3.80348860421133
egg-2,0.000240124046624431,6.43031356646028,3.10177258802308
egg-3,0.0133732982444434,7.38828320876028,1.78089284207002
egg-4,0.0322586120488738,5.27272853809546,1.91380940697558
egg-5,0.00499848682612159,5.16873046407598,2.88824266349565
egl-30,0.0428921112888507,5.68920533610558,-1.88636147309317
ego-1,0.0353845708942808,6.42520227998731,1.26512822745445
ego-2,0.0376940042713098,6.17437218148896,1.64689395423285
ehbp-1,0.0178755668860263,7.65970941819621,-0.854355368639077
eif-3.C,0.0237275524776872,8.00312395234425,-0.779766864816673
ekl-1,0.0117576297311341,7.04015045452008,-1.17453139911152
elo-1,0.0201853920439779,8.69634118805417,0.882515174911186
elo-6,0.0443621360346986,5.62551918861249,2.55170554132316
emb-27,0.00000131501253223957,7.25420384912496,-2.02182722867386
emb-30,0.000233142790158178,5.76847587534538,3.1570613880899
emo-1,0.00099672329828627,8.18226695047388,1.2419526903815
enol-1,0.0228102458841402,9.5446674064656,0.87352417440238
eor-2,0.0400111791091792,6.66576211564337,-1.16212359783087
epg-4,0.0403920167257194,7.93721761442202,0.676369709380588
erm-1,0.00930069465660546,7.58270531475766,-0.980207862310862
etr-1,0.00322328596787545,7.01137189362524,1.40004579130649
exc-5,0.0339937952722285,3.27994855365201,6.27019644616893
exo-1,0.00743087611526291,6.91371748830918,-1.28772337181589
exos-3,0.0345963515420208,8.37177707553281,0.657760586729536
F01F1.9,0.000715918296317677,6.9309929013882,-1.73802073632999
F01G4.3,0.0430607073056008,6.105069289642,-1.24648370363405
F01G4.4,0.0000989407917277066,4.58264094619134,5.11863369862969
F01G4.6,0.0406667134727583,9.94867827115259,-0.533822556475915
F02D10.6,0.0130696042613218,6.41386702384379,2.54138553760987
F02E9.10,0.0161025830424537,7.6213898845302,-0.954910604603806
F02E9.7,0.000540296138766278,7.13825573364826,1.93339779526654
F07H5.13,0.0460137617767498,5.07725223529479,2.63826591837846
F07H5.5,0.0239544898631817,7.21658454810711,-1.03875763390993
F08B6.1,0.0200590689432256,4.96716756023761,3.54683064278582
F08F1.4,0.0251411491953146,2.68238175487184,4.60163745811628
F08G12.2,0.0467577273563073,8.469223214172,-0.603973338752175
F08G12.3,0.0168940038078546,5.16830477484177,2.30441964242765
F08G12.5,0.00117134603218901,5.19999254079835,4.16009356883453
F08G2.8,0.0252027077664004,3.08583157173382,-5.997209539764
F08H9.3,4.95470097261738e-7,5.32103086981368,-8.69884517285699
F08H9.4,0.00585630037467745,4.6867436010078,-8.00424865053071
F09D1.1,0.0433293000848347,7.21364245122004,-1.11830242297713
F09E5.3,0.00196841619501334,6.50581853610308,3.85968323470628
F09G8.7,0.0161494536389195,4.80355932873213,2.79729987439254
F10B5.2,0.0426035106332605,7.03244072522833,-1.00547599485187
F10C2.4,0.0139117360438803,6.71306256502316,-1.18665377903072
F10C5.2,0.0301039829076204,7.39109217393921,-0.806395970973716
F10G7.5,0.0233946509171353,6.53895952338636,-1.63334843502054
F10G8.8,0.0353663706284893,4.00299624621432,-3.64864035883754
F11A10.7,0.00357924779677898,6.35925328362282,2.09966144188205
F11A3.2,0.0380251225133621,5.58547889023192,2.13542419366378
F11D11.15,0.0238322375507356,4.3532264727995,-7.62505845085726
F12A10.8,0.00000410834532164224,4.95623503642407,7.32629878920278
F13B12.1,0.00309667033336687,8.13645013135869,-0.974113304865738
F13C5.1,0.00328253047063366,4.32791756148725,4.92005306202473
F13H8.2,0.00517654062613458,5.80840318377037,2.68513555139475
F14B4.2,0.000382972910488766,8.4955062599452,1.41388356738137
F14H3.4,0.0386574344010909,8.4380633013553,-0.635926351149874
F15B10.1,0.00117463441653266,7.79966499193836,2.70729168794363
F16A11.1,0.0386620351118787,8.17358267171736,-0.799250647645448
F16A11.2,0.0000070199176899168,6.18154442921629,3.25353778232283
F16B12.4,0.00000168766587294274,4.98934880119612,8.33788474993022
F16H11.3,1.21821368139012e-11,6.46878766639106,6.46818055174986
F17C11.10,0.011217693908681,7.43786149923591,-0.986131598628417
F17C11.4,0.000057872739093968,4.88783242021981,8.22687917118734
F18A1.6,0.0283782227798405,6.90383371132724,1.12075819927036
F18A11.6,0.0398228068560255,3.49172937253487,-3.72630861932944
F18F11.6,0.0228532965004874,4.37590036525549,-7.65123823422024
F18H3.1,0.00369776623070743,6.08286514725804,-1.94600560143151
F19B10.10,0.0132793209757069,6.75022890842441,-1.36410340531772
F19F10.10,0.00406718061287473,6.28554403458784,-1.77717266238547
F19F10.12,0.0100429429058971,6.0347670727042,-1.72571729926405
F20C5.3,0.00092738487363412,5.56973864777938,4.69262870003287
F21G4.4,0.00000543603392122043,5.17535215075375,5.5475004166058
F22B3.4,0.0000288411161116037,4.65595435883817,7.96895976043358
F22D3.2,0.0100940053216555,7.94269051560715,-1.2019673241555
F22D6.9,0.0229264367370702,3.67177413098124,4.71371144168092
F22F7.1,0.0121466978272742,6.16105719715725,3.37638430466224
F23A7.4,0.000308260020159746,8.77678040756061,1.30100088866521
F23C8.5,0.0223344167303679,7.32379366997805,-0.92756318387328
F23F1.5,0.0267657236522924,7.93685492035746,-0.759453760462007
F23H11.3,0.0436908957942899,8.23832393214075,-0.596390499000277
F25B4.2,0.039003940645359,6.62224700873168,-1.090901747395
F25B4.4,0.00618729995930974,4.74545869515322,2.69777802508421
F25B4.5,0.0381525196227235,6.9872572829277,-0.978401186597714
F25B4.7,0.0127662852454207,7.36748195150928,1.01820147449383
F25B5.2,0.0104673171361851,7.35807141943539,-0.989543126568373
F25E5.1,0.0417532712344678,5.54461801632193,-1.86433119192543
F25G6.8,0.0000528366249934107,7.58006717680902,1.97321318803701
F25G6.9,0.0330497989806083,6.8368112949119,-1.17554273160352
F25H10.2,0.0380656151981959,4.02898892144539,-7.24035417600491
F25H2.5,0.0119198195799184,11.4895094656295,0.998301156346771
F25H5.10,0.00112374912724315,3.60604029703873,6.70973537236376
F25H5.5,0.0114051421580034,7.05325677107719,-1.15511007332378
F25H8.1,0.0297497999082908,8.65865034637564,0.740748112721513
F25H9.6,0.0482283565288226,7.6485433653262,-0.682807927270415
F26B1.2,0.0162609776888992,8.1460845927795,1.2611049513941
F26G5.1,0.0429790899861169,6.93702591508864,-1.08060278647618
F27D4.8,0.0137849375854117,6.27123183290873,1.98200742755009
F28C6.1,0.0341599534658536,3.06454976282482,5.9530177446984
F28C6.8,0.00714991355982145,7.461679707816,1.00773617424538
F30F8.9,8.12832405973058e-8,7.43416944679566,3.47671150402842
F31E9.6,0.0127343122900981,4.31166044274702,-7.5748327967438
F32B6.9,0.00254175241793049,5.26533116067716,-3.78256361948451
F32D1.5,0.000777232113135887,9.29306436218819,-1.05803463673773
F32D1.7,0.00160470846936227,8.08412490732177,-0.923866767568201
F32D8.11,0.0268524431273876,3.28641315943219,6.28783709711907
F33A8.10,0.00421050268598075,4.47707927354866,3.32870840022728
F33A8.4,0.0493825435867231,7.69407014855864,0.72571312591708
F33G12.7,0.0229914606658057,5.30908005589165,3.26948798653562
F35C11.5,0.0000700664264507995,7.91875689594898,2.229205648522
F35D11.4,0.00853508811496855,5.41883137433926,3.3114226557048
F35D11.5,0.00548999947277501,6.64371149791929,1.39811064144177
F35E2.2,0.00659097400767079,3.57229980586828,6.08498824410111
F35G12.12,0.0424968432773584,7.60687033059618,0.966356268586428
F35G2.1,0.000207807956048754,8.30861700874152,1.3034585957039
F36A2.7,0.0282355252314388,8.51903780744652,-0.653605686230296
F37A4.1,0.0140502700171482,7.52912064004191,0.921983291666679
F37C12.1,0.00400529934784546,8.1486697431432,-0.995419231697086
F37C12.18,0.00212383526513414,4.52420714937345,-7.81882684862369
F37H8.3,0.0316815823287761,2.9533338678248,5.78357219830262
F38A5.7,0.00104531336806971,6.55242049208909,3.33623346846579
F38C2.7,0.000587622246439057,4.04727628517646,-6.53004425404115
F38E11.5,0.0313380793876567,4.66366427996959,2.19504420279034
F38E11.9,0.032178276762123,3.62305127839057,6.73333952193783
F38H4.10,0.00850850390511305,8.25349832042238,0.870060321661855
F39H2.3,0.00294694846024881,8.45014617830046,0.956564771364628
F40F9.7,0.0463759608727178,8.27659216780881,1.15961181823524
F40G9.2,0.0218445396032066,5.33512037678368,2.04463443152448
F42C5.9,0.0190132717339366,3.49044171853794,6.56647168867531
F42G2.6,0.0036160912132851,5.099482663335,-4.17264046800861
F43A11.8,0.00314434098102921,4.77860872999585,-8.10450123320175
F43D2.2,2.52276884652979e-9,5.73908690312096,6.65164864910538
F43E2.7,0.018891992897801,8.84225476988334,-0.681418267288907
F43G6.3,0.0178841854776022,3.91604299831295,-7.1067041430157
F43G6.5,0.0000161962490753452,5.22866173134635,-6.64779778336168
F44B9.5,0.00442764837282949,6.41324408891065,3.12349407041311
F44E2.8,0.00154620462260137,8.10354014942671,1.26264292209925
F44F1.4,0.0213618011880204,3.80034342602733,-6.51649744745438
F45D3.1,0.000255849344860606,4.8375673405938,-5.1795386090605
F45E10.2,0.00137227648006211,4.54123463511639,5.52708043418009
F45F2.9,0.0049789772609825,4.66763637912433,4.31455503982949
F45H11.3,0.0386508977279756,6.33915018556505,1.21817233667722
F45H11.5,0.00107483298776306,7.10389525387601,1.66609717764882
F46B6.12,0.0100654269321664,6.94496752563701,1.84085117865638
F46C3.4,0.00357168619996491,4.48232701175917,-7.77221875321342
F46H5.3,0.0000212114898314288,8.59472848210051,-1.66114072423753
F47D12.5,0.0475094404897969,3.94084217991566,4.56521288491611
F49C12.10,0.0051652247708808,4.09155838651855,3.56077703946275
F49C12.9,0.0476171077267875,8.6696282616798,1.11165181021444
F49E12.6,0.0267878135615475,5.81564606336584,-1.93969700257504
F52C12.3,0.00142018101180582,4.39544853631769,4.37470883589988
F52C6.3,0.00319412379902959,3.710825114754,6.84509199458551
F52E1.13,0.0276723460243163,8.69601217058752,-0.665537872394263
F52F12.7,0.000273763600014654,4.27045725110916,7.52658417948946
F52H2.1,0.00294307181998725,3.1219135880208,5.67206661642672
F53A2.7,0.0134943017643651,7.99555252568055,-0.773959611943241
F53A3.7,0.0417129676337733,4.50918990081916,3.06051270030229
F53E10.6,0.0260671425081824,6.22268318480916,2.22582208682564
F53E4.1,0.0279517680097938,7.27572339130692,0.885284282479601
F53F1.3,0.0211695857380734,5.51449536385222,2.71172697952304
F53F8.6,0.0373092387268352,3.04655326046533,5.9279371318432
F54D12.4,0.000957161609664089,8.41761048068128,1.93806303654243
F54E12.2,2.66805383475305e-8,5.23322600906367,7.25646641051669
F54E4.3,0.0188059359885871,3.11673244152583,5.49967465319085
F55A11.8,0.0305012991540044,7.44012303441771,0.887552798439085
F55A12.2,0.0000401542688188922,6.01226654479546,5.41899225364915
F55A3.3,0.0313255523602355,7.96108500740795,-0.671317532639283
F55C12.1,0.00045678248850228,3.66925168444883,6.79153473856001
F55C12.5,0.0394210096197381,6.41656984947456,2.47999550395347
F55C5.8,0.0451683238103151,8.13376150077884,0.711772359382495
F55G1.15,0.0191950647156078,3.41056025536675,-6.45892301326731
F55G1.7,0.0496010267619115,6.47807901410513,-2.16724499533439
F56C9.11,0.0020445579923223,7.36975805340779,3.03379283902238
F56D1.1,0.00988361916731513,7.96037580772445,1.09845195398129
F57B10.3,1.36550145561676e-8,5.79907244448196,8.27762604432839
F57B10.5,1.51727044625094e-9,7.96977123248792,2.20449752677417
F57B9.1,0.0003622824065761,4.8861422595805,4.53707684454535
F57G12.1,0.0145767893387987,2.75132548720313,5.4587614888342
F59A3.2,0.0123105771197562,6.15043731205758,2.5552498805115
F59A3.3,0.0292054182789807,6.97199642540949,1.1692748654022
F59A3.4,0.0225892155167922,8.23947639824554,0.705220530888943
F59B2.2,0.00779733505473327,6.21119610218318,2.96607193949309
F59C12.4,0.00000621370280135404,6.63338324015331,-3.19910956173625
F59C6.15,0.00448089595892981,4.60611346601746,-7.91199810074939
F59D6.1,0.0445556358670237,3.55184747667456,-6.64688432960444
faah-2,0.0049368485355826,3.55838874760157,6.64965408815415
fah-1,0.0347936891978225,6.74229042828437,-1.36238940499807
fbf-2,0.00147914351649265,3.49331478482474,6.34355320449699
fbp-1,0.0226187973480425,7.50344677138571,1.46556170045478
fbxa-13,0.000951063481017496,4.40003755525925,7.67358612499192
fbxa-175,0.00242100267426026,5.09926971800109,-8.45676286714322
fbxa-197,2.96268718465208e-7,5.03145792531888,8.38337736448885
fbxa-2,0.00321947657062735,4.42502938154054,5.74791782284546
fbxa-76,0.00221540949044463,3.95377329067795,7.14634266555171
fbxa-83,0.0329949047967624,6.8291499448662,1.67309095855003
fbxb-104,0.0183610683312182,4.50410280972826,-7.79811265425224
fbxb-119,0.00406309985179078,4.99909628008821,-7.41303557399331
fbxb-17,0.0000692485559088461,5.88056911501714,-7.90904947456805
fbxb-24,0.0333981263229455,3.85067245082374,-7.02852602929428
fbxb-25,0.00911485434978381,4.88786553348819,-8.22483243381494
fbxb-50,0.00855198783340198,3.91472676716143,-6.73254868644901
fbxb-85,0.0000126414121736911,5.11501926132426,-8.47659748453305
fbxb-91,0.00495089763900686,5.20826052134761,-8.57497527261905
fbxb-94,0.0209520616440119,4.4223465644992,-7.70071700231418
fce-1,1.54968654495654e-9,6.69117010851319,4.24879304162233
fdps-1,0.00474290455035819,6.56338465171041,2.72632623631286
fic-1,0.00336218634112161,7.63232423229341,1.55583007453798
flr-4,0.00840132107950121,3.61756200289858,-6.13550685818044
fsn-1,0.000811032517091693,8.1197088870976,1.30572311342101
fzy-1,0.047013252756945,8.45235891744582,-0.563994129402629
gad-1,0.01108916931602,8.24263228211749,-0.833779325806229
gbh-1,0.00347602501294969,6.73535965417179,-2.25170383495899
gei-14,0.0169789856248322,6.81793619839836,1.59329294533718
glb-27,0.0325462404831431,3.62547625585952,6.73313257534146
gln-5,0.00515092151934398,7.36289650334018,2.21296027823703
gly-10,0.00381313939838123,6.48108062056119,2.84004509974756
gly-3,0.00349359630768421,6.94139439443835,2.11060789742881
gly-7,0.0149489848407189,6.60309676821339,1.36608186661617
gly-9,0.00537894412691639,3.05340878660306,5.2647874081676
gpr-2,0.0290785439117394,5.35920168358118,-1.88091188423987
grl-10,0.00599493440247158,4.1206230313841,7.35097853881913
gspd-1,0.00695361395017335,7.21248411039959,1.22606060085419
gsr-1,0.00498484536920696,8.19812429632603,-0.941795424943209
gst-1,0.00321489632766255,8.64898627234175,0.972453544046875
gst-32,0.0151363258948954,3.55857672627493,6.6499764642046
gst-43,0.0124828437109299,5.43446866673106,2.95295819513048
gsy-1,0.0271763939412145,6.07036748954947,1.78938275446692
H02I12.5,0.000166454725186288,7.29289983535938,1.77195750755609
H06H21.11,0.0396053763665578,7.91753148826375,0.893858478561959
H13N06.10,0.0103457377035258,4.82028349368966,-8.15150337711868
H20J04.6,0.0135151491229756,3.93469555150399,4.38748096235919
H28O16.1,0.0219035800298181,9.43468432090346,-0.933205649587648
H40L08.3,0.0303904480181452,3.29527524027673,-6.30016261863832
haf-1,0.00145442948463331,3.22265160250276,5.56446500676181
haf-2,0.0474450114032032,6.35535207016932,1.63506680664381
hcp-2,0.0296739584332823,6.36842639623662,-1.17518120295871
hda-1,0.0174802075741328,7.82991994075656,1.13763469226696
hecd-1,0.0149817956659198,3.58918902795632,3.67567500030402
hel-1,0.0137057010026565,9.89574923458766,-0.647400415344652
him-14,0.00480316555252935,3.86734097722418,4.4510572053727
him-3,0.000866123588714836,8.16123032816052,1.11800299791123
him-5,0.0208561768817998,7.14409829204395,1.55782563550178
him-8,0.00622726570086601,8.00145895353594,1.02509206841085
hipr-1,0.00784039375178857,5.40963280904957,2.36995142033987
his-11,0.0367242542931888,2.67634655159183,5.33794211176213
his-40,0.0310884190147902,4.79527362708066,3.16473923705527
his-72,0.00700117730710006,9.42905939038283,-0.792621174319268
hlh-11,0.00741752368808203,3.21607028361208,6.18025402110684
hlh-14,0.0172817175372334,3.15897429464994,6.09451546682444
hmg-11,0.0442451024627907,2.89254096210704,-5.70166827843383
hmg-5,0.0335007450450343,8.64347698829636,0.595813395419726
hmp-2,0.019657174070554,7.27199419027931,-0.971769736303596
hsp-12.2,0.00650998337770793,3.450837884762,4.28907323192272
hsp-3,0.0204883514129231,8.63585199487865,-0.695329944838899
hsp-6,0.0441303759106773,6.5362600615027,1.4174523348381
hsp-60,0.000099984745173571,8.61047837823725,1.77253745371475
hus-1,0.025150443276246,7.25402731764889,1.08742014507377
hut-1,0.0134622204191344,6.80226088009081,1.61684242094838
hyls-1,0.00112554379898259,7.93371401133411,-1.18407339293596
icl-1,0.030062727069364,7.70109397327999,0.952410942448733
ife-5,0.000357581534747388,4.49632390759559,5.97315279807731
iftb-1,0.0275493677142595,8.18713032274246,-0.680865083268505
ify-1,0.000488604549910894,9.49684345442081,-0.967676790651726
ima-2,0.00889946924408642,9.06947023519652,0.867881998602673
imp-2,0.0285649491864854,8.25359093081477,0.836425202614756
ins-37,0.00240054437656223,4.84768841134257,-7.20487127256256
inx-10,0.0327740772335651,3.72796760416349,-6.86611679278937
K01G5.10,0.0389565994389666,2.91328267990783,4.17179819975029
K02A6.3,0.0374516497795347,3.95508174732483,-6.81377277775112
K02D10.1,0.00105282218475712,6.89934308509172,2.96405510207821
K02D10.4,0.000493888481934548,4.17260183720754,7.40874255941037
K03B8.11,0.0484199839862785,3.39311105835004,-6.43770053835063
K04C1.3,0.0108452023000375,5.52086421809178,2.45502235053392
K04C2.7,0.00186582350359258,4.59857483897025,-7.90227612007812
K05C4.2,0.00641390240148709,7.11269623709778,1.51210932723527
K05F6.12,0.012354157097547,4.12195922935646,-6.45913146788839
K06H7.2,0.00598053100177128,5.55722368914236,2.71765502306913
K07A12.2,0.00997178079835464,7.14549958726734,1.55869739042273
K07A12.7,0.0450885800496471,6.34347796476657,1.98069207565819
K07F5.14,0.039247168382016,7.65241134864267,0.893344430471401
K07G5.6,0.00662866290923941,7.79428907443484,1.00924134079829
K07H8.3,5.47557221161268e-7,6.59527013062293,4.93508603791421
K08B12.3,0.023086365554279,3.90202250151467,-4.86573556269603
K08F11.1,0.0392948012490373,4.00352621259137,-7.20705266248847
K08F4.2,0.00324856402351749,7.90012744346893,1.16689853001669
K08F4.3,0.00000953732119419894,8.21470719932413,4.05152253925793
K11B4.2,0.00000227974616851653,7.34086471960258,2.33702827145607
K11D2.1,0.0254988025918343,4.17825498738035,-5.70981914839873
K11H3.4,0.000006535331444697,4.58062085771723,7.88195791076052
K11H3.6,0.0472149806027228,5.7780080493791,1.70882495849891
K12H4.3,0.0484820885345722,7.66166044221786,0.835840785229957
K12H6.12,0.0120630349104578,3.07241530910804,5.97054704741582
K12H6.2,0.00000511246410096131,4.64105462772746,7.27510816419058
kin-10,0.0402125858786443,9.07133128783707,-0.586439536554039
ksr-2,0.0361023692959093,7.08015712554727,-1.07865243635813
kup-1,0.0191506063962154,8.22553896843907,0.929781137385944
larp-1,0.0304990608541253,6.02089630580715,1.62932509537016
lbp-9,5.62356549920318e-8,7.45796357631733,4.75223268516547
let-60,0.0168941243489024,7.5065042476432,1.64980285063996
let-721,0.00318737843721697,8.35531877510118,-1.05500503003074
let-92,0.0120914451062339,9.87135908182115,-0.709649491349713
lev-11,0.0448223862247798,2.9881287687574,5.32184403398268
lin-13,0.0449506008221322,5.26479524088649,-1.76321680674356
lin-23,0.000679878291817373,6.01572495216244,3.43108186191013
lin-24,0.000971180888593917,6.93968645793927,3.03333765744329
lin-28,0.0321023132840922,5.77434886364065,1.62722035882606
lin-45,0.0450212884832285,6.81550058620368,1.37985597951773
lin-53,0.03506682143015,9.02049521295199,-0.578905464190795
lin-61,0.049806598371626,8.08067835943206,-0.680746956795557
lin-7,0.0111791326278387,4.2381767305139,4.49532825305986
lip-1,0.0201165112524024,4.19340578845553,3.66858564290484
lsl-1,3.01200324400876e-7,7.94865218484501,1.96288670626871
lsm-8,0.00000429657195824114,7.66367388786718,3.24844223193437
lst-4,0.0001656405344474,8.76925246164703,2.42187093926091
lsy-13,0.008310979663849,7.53251253191995,-1.07652463218382
M01B2.10,0.02166247684545,3.62394332486565,-5.26173186084462
M01E11.1,0.00548761584685179,6.18123378737002,3.13305772048581
M01E11.2,0.0274815803572277,8.0195723681552,-0.782158920672556
M01E5.2,0.0143862611489529,4.56949857733719,3.88944978216715
M01F1.6,0.00908302478301786,4.94952550990494,4.00221857467343
M03F8.3,0.0296366340833583,7.45544293160709,-0.856964807550056
M04B2.2,2.57475344396176e-8,5.31501066385819,7.1289429674915
M04B2.4,0.0000130903765074364,4.37651110645607,7.64864522787654
M04B2.7,0.00875986593044648,4.31827384542872,3.78784709371806
M04C9.3,0.00250834308220663,4.88120918186063,4.05551423449192
M05D6.5,0.00000890839884706907,6.1243604339453,4.59663973815134
M110.10,0.035902279545584,4.28244517564909,3.60619506174276
M116.2,0.0107332589148202,3.71594076219467,6.8566275779408
M117.6,0.01301851417372,4.14467283343383,4.47154933175263
M57.1,0.00896300526084571,4.34403202574456,-3.3127182931109
M57.2,0.0387949125892576,7.02860123586876,-0.943086128383573
mat-1,0.00161354450486577,8.26868762275786,-1.34476920897092
mat-3,0.00507409384119458,5.8446468065689,-2.02662029332677
mboa-6,0.0232298565187825,8.04665360574046,-0.750813085367606
mce-1,0.00456330882495963,7.21967456340136,2.01834294339395
mcm-6,0.0223703471253763,9.25461376133882,-0.648885917192361
mcm-7,0.013918371877861,8.96726135458367,-0.654614018336101
mdf-1,0.0296441696052419,7.07693866895361,-0.97579163298176
mdf-2,0.0470457384261705,10.3756151481631,-0.502639350332933
mdh-1,0.0030828165492783,7.53008743372413,2.97019906099552
mdh-2,0.0447950339896777,8.42837873759715,0.818172084106894
mdt-1.2,0.0000450145937658001,4.1383385472921,6.58413491265283
mdt-9,0.0213758476299306,7.66683733104531,0.922986325036462
mecr-1,0.0068160212710411,6.7611529045911,-1.27008134420506
mei-1,0.00238018381854549,7.86233362318904,-0.998540422990251
memb-1,0.0471223291958332,6.20315307838034,-1.57455093893803
mff-2,0.0392024138626925,5.97387610313157,1.3933160652634
mig-5,0.00709722032379656,7.87948345041278,-0.938711445056856
mod-1,0.0351217929593745,3.0773520838394,5.97254489138398
mop-25.1,0.0312843633678456,6.90587817218596,-0.973743882185891
msh-2,0.0271516480471733,7.06437935856459,-0.99443308716639
msh-5,0.0026176361199989,4.71596397596015,3.79305828462463
mspn-1,0.00374176284871771,8.28848897022142,1.27793904545798
MTCE.11,0.000217909270973631,8.95053874479583,1.52412504062467
MTCE.12,0.000857882232082008,10.326077394742,1.46960201653088
MTCE.16,0.0000273672194439488,8.79413578046944,1.84193885461108
MTCE.22,0.0421803523883495,2.83627214213479,5.59775181791355
MTCE.23,0.000255173870131464,10.7588420590016,1.46079480172972
MTCE.25,0.00679069522250455,7.63842284866617,1.18216901951103
MTCE.26,0.000233360206405332,11.9379677290898,1.49448216006271
MTCE.3,0.0000077276132637091,9.69594730486263,1.60943188276203
MTCE.31,0.0030998270251811,11.942549153873,1.300912904198
MTCE.33,0.000019293790642027,9.18370764845175,1.66010202183141
MTCE.35,0.000160909626512391,8.83559501856584,1.41641049391977
MTCE.4,0.00768424019357938,8.87329986160699,1.2237579160621
MTCE.7,0.000296959930231006,8.48952959185514,1.61084915013546
mtx-1,0.0425326646639585,8.24684230379722,1.26884275611502
nab-1,0.0015298081970484,4.52905677742783,7.82394956975737
nasp-2,0.00499071379583489,9.38724163182908,-0.83925814793396
ndc-80,0.0421643305733203,7.66319659048662,-0.798314423121206
ndx-3,0.000239033397936942,4.46065130324256,6.44248063337726
ndx-7,0.0381748466390207,4.84150719443253,3.00017823592954
ned-8,0.0217051189045556,7.05736764263297,1.16737612681833
nfm-1,0.000159691166662155,4.51539620788343,-7.32164746671098
nhr-122,0.0000633394511672329,5.13691037663608,4.97219733777318
nhr-161,0.0403120468564205,5.16835847494751,2.54677009194367
nhr-190,0.0321333716590164,3.45378309114489,5.56977366594919
nhr-21,9.07882620274402e-9,5.19122747392555,8.55728769651214
nhr-211,0.0424206499967289,3.42643881881691,-6.47689861874689
nhr-230,0.0441660522695885,3.61588635329961,-5.60147868350713
nhr-31,0.0430006857635308,3.22339384886513,6.18525928142962
nhr-56,0.00000345716942411223,4.84440996907308,8.17771162440181
nmt-1,0.000918129187884635,7.0612201708147,3.54536278685806
nol-6,0.000211301031756892,3.97903501014858,7.02338607663784
nos-3,0.0190623810637026,6.87548024405676,1.32055068953488
npl-4.2,0.00839424076747297,5.58382197847421,2.18747710820381
npp-10,0.0087837814087017,7.25371866118632,-1.06589324459559
npp-17,0.0166757675805725,8.35654444940998,-0.747889159517119
npp-5,0.00579159774800326,6.96958080438874,-1.22215542014696
npp-8,0.0479022511971905,8.32488753799324,-0.644548436684627
nra-1,0.00308945188438482,7.7465448546114,-1.0984738249051
nra-2,0.000346723454956661,7.94800246465246,1.31388022091634
nrx-1,0.0000153585001921066,6.34119422171619,9.77119853341503
ntl-2,0.00539076956418615,6.87776958822094,-1.37070459938906
nud-1,0.00650875687398623,7.55826654531478,1.53689124731705
nuo-1,0.0456315677926903,7.90050403225083,-0.724855007686729
ocrl-1,0.00489962444542325,5.934202317082,2.38471922320315
olrn-1,0.0450836028739598,2.88528727742298,5.67715461671339
oma-2,0.0000948085309929995,9.14143833059013,1.65828396881457
oxi-1,0.0112373440086693,5.04410725333941,2.26530706819235
paa-1,0.0466406001057019,8.47371426582914,-0.587364961074728
pab-1,0.00320832483580648,7.66949715986826,-1.27396548166723
pak-1,0.00864485573245562,7.12209903555758,-1.16136624983161
pak-2,0.00368213530753354,7.95738632524403,1.07576444540474
pal-1,0.00728854610216892,8.69971300743543,0.784431465702405
par-5,0.0328133883116066,9.32914575015145,0.574899055543675
pas-1,0.000215818202956973,8.76403287602076,1.0488723214734
pas-3,0.00266802059622941,8.77898516046402,0.859345961369575
pas-4,0.0132797861248786,8.52475977633959,0.818995324614265
pat-10,0.00000568456531411249,5.19939695989075,8.56564089556946
pbs-2,0.00894409415020686,8.60487561874835,-0.829851207850222
pbs-7,0.0464496019027285,10.0379067650846,-0.504238841409511
pccb-1,0.00680244041601053,7.38602874700406,-1.08843205888708
pes-9,0.0411003482515616,7.58360931054258,-0.757231469892339
pfd-2,0.0406619452863702,7.68991357200808,0.93644476402281
pfn-1,0.000317818576553796,9.38361465322055,1.05636603921643
pghm-1,0.0147668500620085,4.01286750565926,-7.22519179302842
pgl-3,0.00000602626117832588,5.09225955112548,6.25833081065839
phb-2,0.00669341104067884,9.16556189140788,0.772905750740264
pik-1,0.0296717461408462,4.44830305488288,-5.89044999136198
plk-3,0.00785956287230551,5.14668411132511,2.76571539994992
plp-1,0.0276196327068381,8.83662450490285,0.755492471796112
pme-1,0.00134491822411638,4.4292501260606,4.60179679575423
pme-3,0.0143733241626969,7.08468297569191,-1.23430565512175
pmp-3,0.0393986620447563,7.95445686593109,-0.731358196999417
png-1,0.012181023176964,3.98261013188269,3.62651421138363
polq-1,0.00473261552391011,3.85349118886435,4.47131345788534
pot-1,0.0000015988611216977,5.77368735758675,3.93930081246181
ppfr-2,0.010143780357235,8.13704017369791,-0.890737131881358
pph-4.1,0.00417919339230889,5.63227670162903,3.37145725803374
praf-3,0.00029451791809076,9.58073816863192,1.41456725878886
pri-2,0.00766188284931237,7.68387133562959,-1.27035408309263
prmt-1,0.00139452694447334,9.23396727968225,-0.844684282263543
pro-1,0.000535112949230594,6.20602050605063,3.03384162629502
prp-21,0.035235864892333,6.33740900220574,-1.18609538840976
prx-14,0.0446549421836113,8.22041243345472,0.709648514568584
psr-1,0.0201482720429609,7.50422453323526,-0.874196432264735
ptl-1,0.0233083900959526,3.92957120064893,-3.90907927684552
puf-11,0.0220519053448158,7.95742225926044,0.981690440414847
puf-3,0.0180786060329702,8.12416643679002,2.24661701752088
puf-5,0.000038117530587077,9.42767972626877,1.59718218199141
pup-2,0.021377103199458,8.15115540404746,1.12930973932557
pxd-1,0.0412928262439985,3.31661118087399,6.33294572109135
pyc-1,0.00251029597145262,5.0068343289586,4.49305483259455
pzf-1,0.0000349810962404337,6.6365012061165,4.19692399912807
R01B10.4,3.55146914853949e-7,5.36435862384478,7.98942692384255
R02D3.3,0.0411412155898052,7.01843113293311,-1.22917249200482
R02D5.8,0.00422196847134031,6.14499322969767,2.7390272464793
R02F2.1,0.0446233997629653,8.63969657607517,-0.617973740242526
R02F2.4,0.00783838094081691,7.13814575224172,1.37775625389873
R03D7.4,0.0402336275625871,7.88094635323486,-0.669887932210533
R04D3.3,0.0116163924940414,7.850737440705,1.79320608338127
R04F11.5,0.000981600516249981,7.21584144372271,1.54257346049426
R05D11.4,0.034309194512295,6.27206652015815,1.73107484263816
R05D11.5,0.000775023488539241,7.50113241955418,2.53071044262005
R05F9.1,0.0000893452801841128,7.92128921981004,2.96952208767795
R05F9.6,2.04604881485127e-13,6.15834744878334,7.12814897431794
R05F9.9,4.06621114441494e-19,6.63764819588239,7.55977888048211
R05G6.5,0.00220777661110453,4.00745026494808,7.21312736952677
R05H10.3,0.0478370338597973,6.84173596827771,-0.961700972584194
R06A4.2,0.0480967154579617,5.51766238922987,-1.66629532077722
R06C7.2,0.0323445133004918,5.19006490967331,3.34220413509235
R07B7.10,0.0147864403581118,6.53711730798468,-1.81713621072611
R09F10.8,0.00316121382478699,8.11848901864603,1.33653671383169
R102.5,0.000878183379836384,8.55427014304253,-0.948780092881893
R10D12.14,0.000190140638083954,8.50227029169094,1.21693734887113
R10E12.2,0.00392545657158695,4.84027449482723,4.32136946585883
R10E4.7,0.000961075020488777,4.27954486456877,3.77811015293907
R10H10.7,0.0000107017202544124,4.79919255098415,7.58652287808906
R11A8.1,0.000147847211914114,4.55688960137128,5.83519893092288
R11G1.2,0.0137550284670207,3.63489732228273,5.70372393845922
R12C12.5,0.00319289408251046,8.37634720803103,-1.19685781918984
R12E2.11,0.00222151242401588,8.16549095428387,1.3938401886957
R144.12,0.0494737973088108,6.47819203575621,1.99318041597318
R144.13,4.85694677690398e-8,5.39162904071028,8.77242160713263
R151.10,0.0346125112864688,7.2313715260808,1.02867716249627
R166.6,0.00872872114632573,6.4469717667084,1.45024873628547
R186.3,0.000382945308629057,7.53678201718266,2.87463035194691
rab-1,0.00000535924585002217,7.26182876414495,2.6849141735954
rab-35,0.000653499764205101,5.25485396897695,4.02018021953874
rab-5,9.33895379030648e-7,7.33274702118403,3.92953387563723
rab-6.1,0.000660187291570456,7.48307620564744,1.89948246851562
rab-7,0.0000336240098980192,5.23327405583243,4.95617153658475
raga-1,0.0225147224230026,8.97890141952961,-0.868872096614451
ran-3,0.0186447185468466,8.66420821115144,0.758008763957987
rap-2,0.000154046357754188,7.28686988506518,1.51737580908081
ras-1,0.00898495565234992,4.91210466285486,-8.25604902009062
rba-1,0.0360009535707973,8.25243392022592,-0.671827476932462
rer-1,0.000712754386422599,7.64345329874907,1.2672737214773
rev-1,0.0338875847986493,5.48103675291905,-1.96918168177506
rfp-1,0.0143443443362505,7.56732222923859,-1.0318618890623
rga-1,0.00512291048051376,4.53343439872962,3.644121521304
rgs-7,0.00212145967029396,8.10297066560506,-0.939296543305138
rgs-9,0.0188000523142443,8.8798107646681,-0.776282792966779
rhi-1,0.00513866022182077,6.95419798984508,1.22018705327711
rhr-1,0.00222998841198639,3.91619982437841,7.10587454823481
rme-1,2.35070481834436e-7,5.73507416616813,6.38040469237436
rme-2,0.00160900500351013,6.44144985822758,3.74049439645278
rnf-121,0.0000204150281124654,6.18519864922725,4.01235368606973
rnf-5,0.00651603752003038,7.59631810943227,0.978503765048066
rom-4,0.0345314240817892,8.20985140149262,0.830408326032532
rpa-2,0.00100391424552373,9.07788462869898,-0.871048835815491
rpl-9,0.0472325616816309,5.43942149483102,-1.88936609723574
rpn-10,0.000415564753714558,8.04152397842877,-1.13598859056124
rpn-11,0.0432240603594042,8.2260117738523,-0.650274503791067
rpn-9,0.0454288085621943,7.98927572173204,-0.664125856953502
rps-13,0.0499714704959477,6.4457602664093,-1.02677104237463
rrn-3.1,0.0238338912509911,11.6901611628503,-1.02847938046831
rsa-1,0.0292476999726862,8.80810766821284,-0.625933301623114
rsd-2,0.0231410176489671,6.97975496762167,-1.07971419551556
rskd-1,0.00216302140354412,9.56987943439319,-0.995181351108758
rskn-1,7.22569316473513e-11,6.32582485709254,5.76468571601817
rsp-7,0.00831706325451987,4.36414253076322,-3.37502816130489
sac-1,0.0147515218628443,7.52366666389687,1.81707613842823
sams-2,0.000946913759238034,4.61833367901356,-5.10133453870077
sams-3,0.0449295107288987,9.03498295712562,0.548477270663592
san-1,0.0315737108877137,7.71787354312879,-0.779881880185098
sar-1,0.000156969473536011,8.32956909284266,1.61051310873302
sas-6,0.0387939762877464,6.8439012316361,-1.26872983226051
sbds-1,0.00983496650856737,7.2577269009282,1.27370551338697
scav-2,0.0404401156921685,3.75532882752086,3.17413199664734
scpl-3,0.0427039658253003,7.21910359235074,1.40465800984632
scpl-4,0.0425271628252959,7.79754196402037,0.739053448539681
sdha-1,0.0223831077377854,5.90869544212183,-1.82924345105903
sdz-13,0.0088630497474563,3.87366144312447,7.05040238523747
sdz-14,0.00132472065232573,4.8592448391653,-6.98907309336858
sdz-18,0.0177996659461964,3.90095260016824,-7.09021922396719
sdz-2,0.0298768485421672,3.45585696935121,6.51418825103922
sdz-26,0.0440853862772268,3.38498021839666,-6.42022118389091
sdz-30,0.00750865258322542,4.61530325384447,-6.7936084810198
sdz-8,0.0445674585625674,2.9533314146382,5.7992056949216
sec-10,8.1083150239758e-9,5.19326634131055,8.17297475835048
sek-1,0.00355926469894938,4.22812432545291,5.41465038401973
sep-1,0.0463492967851765,5.79807830354011,-1.36197351573262
sepa-1,0.00160960494628046,4.55087690676818,-6.47114609084679
set-12,0.00826384686442796,3.43460001659984,6.48228458294451
set-13,0.0322707381064352,3.40442181022545,4.41707173079379
set-27,0.00535666835091122,3.01604598851182,5.8864527449694
sig-7,0.0161569362260719,7.99150899229012,-0.765644854785181
sin-3,0.0427435546709766,6.83344323068265,-0.946449687379264
skn-1,0.0482151975939853,7.59581954489839,0.866759346333805
skr-10,0.0124551811348693,5.22272533153668,-2.4119346260147
skr-8,0.0000497022162736791,5.54700134153061,-5.08386273099702
skr-9,4.42921180727459e-7,5.62748270477369,-8.30306615485627
smgl-1,0.000341876034801781,4.42588782914553,5.29396462309189
smk-1,0.0135592992018257,7.84504378068513,-0.855905439647431
smy-6,0.0369755067134027,4.04956964529711,-7.26512140616064
sna-2,0.0040034753136289,7.92141489667668,-0.894841883835726
snx-6,0.0185926710184713,7.07768029026897,1.65650334784509
sod-1,0.00389513842544802,7.83794152593565,-0.909865251271333
spd-2,0.0307523331741437,7.56056518252757,-0.858082189393181
spdl-1,0.000470231743301816,4.20983656315326,7.45570320132242
spe-39,0.00000713948772500579,6.23494100474163,3.44627051335955
spe-6,0.0131848148365236,3.52410681757763,6.60708360344894
spr-2,0.00894170733600484,9.55382906742129,-0.692738005925207
sptf-3,0.0197104354699749,4.86180411968169,2.66577858988943
sptl-1,0.0169093375361487,7.23636461083348,2.00324874404694
sqrd-1,0.0407597311658645,4.82614682806924,-3.15131221882409
sqv-1,0.0324928985302989,7.29507299723672,2.44248822871581
sqv-2,4.74599792909628e-7,5.61974463980017,5.41585059009043
sqv-3,0.00327426986412268,6.52047004756215,2.02000486184675
sqv-4,0.00716897244834586,3.49836168694645,6.5680474784173
sqv-7,0.0239210615355344,8.47677300724326,0.839517243437559
sra-32,0.0305893532890465,4.34531661053222,5.07925238668745
srh-220,0.000851748119573401,5.0640730952579,-8.42143899501691
srh-87,0.00690721765144817,4.20042940325359,-7.44669145779181
srj-51,0.042696796963308,3.52713941599127,-6.61337525460611
srx-88,0.0158795926937345,4.41436742811674,-5.83142309358739
strd-1,0.00401037394093076,6.89322849667459,-1.35204458405178
sulp-8,0.0292180697584222,3.09961907828975,6.01004453873105
swd-2.2,0.015247133217884,8.23878415763998,1.08005925412938
syp-2,0.0180031453186414,8.96644713503195,0.785280493592231
syx-18,4.51512215393637e-7,6.80533598847626,2.75584258927143
szy-4,0.00698543792522653,7.99472112924837,1.44281063249598
T01B7.5,0.0063268987823314,7.8944969647313,-1.0610577435665
T01C3.3,0.00014465659829553,7.97754288648119,1.48420858244196
T01E8.6,0.033926884827899,7.08338672516067,1.04734341237947
T01G5.7,0.00000596574558457625,6.16981488767948,4.62517598827015
T02C1.1,0.0363812676085251,3.34148969791335,6.35296755866409
T02C12.2,0.00270987750848667,7.6765106133182,-1.30295150833732
T03D3.5,0.0190089360346539,5.39732170600843,-3.89214176213839
T03F1.8,0.0245443195983852,8.24297188175953,0.678915370601173
T04A8.11,0.00304458914962115,6.60152823440716,2.30330480015596
T04A8.7,1.06665013529667e-8,5.25843250890921,7.97976184407196
T04C9.1,0.0443873942596958,7.38316791911034,-0.981606870116332
T04D3.5,0.000478256590982719,8.63100441324169,-1.22836940421629
T04D3.8,0.0345375081282991,4.70830168760819,2.88453987803429
T04G9.4,0.047490432444285,2.63819216689465,5.26757727604371
T05E12.10,6.28354148758111e-7,7.91930268464938,-8.4999265954266
T05H10.6,0.0354181174091182,8.85321419805615,-0.566469862414177
T06D4.1,0.027636558005099,7.37120648680632,-0.82423794882668
T06D8.9,0.00777907051186867,8.44374728172645,0.919224209844607
T07E3.3,0.00264925435177861,7.98925780067351,1.15055538676793
T07F12.2,0.0494690400072541,8.03413423760357,-0.88420099759775
T08B2.7,0.0427201278898013,8.35312947431048,-0.637735747416073
T08G11.4,0.00323733360081559,7.33187591453284,1.39083254279831
T08G5.2,0.023231381986229,4.3586149532882,-7.62920747455479
T09A5.15,0.00628323473210229,6.01275933929307,1.98957030484469
T09A5.7,0.032725572314119,8.06362667527499,0.827617798365739
T09A5.8,0.0460585594003691,8.78492827542983,-0.575874864350262
T09E8.1,0.0302901770579947,8.64837153075853,-0.745873958723887
T10B10.3,0.0282776995260479,6.13072634461897,-1.77264620456746
T10C6.10,0.00471746665808098,6.88930956246464,2.8348411546098
T10C6.6,0.0487228676538942,6.77469583126329,1.25721424889126
T10C6.8,0.00319559311199597,3.40980194782784,6.4502485908532
T10E9.1,0.00762460637283854,7.8961981679549,0.950799910124662
T11G6.8,0.0174081947478376,8.17032579785374,-0.747878426493571
T12B3.3,0.0195183546033773,5.6140806382492,2.31992864455755
T12B3.4,1.86580446109013e-16,6.35612910186952,8.60450653631722
T12G3.5,0.00610609032301692,7.37852423547613,2.320874661835
T13C2.6,0.00224296866575552,7.57204303698294,1.66917140185512
T14B4.2,0.00774346663626613,5.93176201642999,2.36024377580983
T14G10.5,0.0031353981461723,6.48667733725891,2.20708637596451
T15H9.6,0.0000673053342388119,4.96319068760821,-5.45925286383843
T19B4.5,0.0133531632469968,5.7000730714217,-2.78300218439892
T19H12.2,0.000474518973513878,8.87950396841027,-1.06226263194104
T20D3.3,0.00258197740072946,7.08422680070012,1.66136895717044
T20D3.5,0.0284414911116186,7.55702969354681,1.07983987281465
T20D3.8,0.00322742581655034,8.62446338834446,0.879095946082637
T20F5.7,0.000355543086422093,5.68653855021747,3.97314076241473
T21C12.8,0.00754501885548835,3.96487535116569,5.45026888928228
T22C1.3,0.0415388313743814,7.89306096586325,0.733246485979669
T22C1.6,0.034845422218738,7.92919084647969,-0.675086054471028
T22C8.3,0.00792466907647091,4.66224324918317,3.73308497873868
T22F3.3,0.00552647809676463,5.47379789187083,3.47673569189571
T22F7.1,0.0246360433835868,3.75007350424161,-6.90036895741752
T23B12.2,0.0289618884435959,6.2674865489619,1.97694992412636
T23B12.3,0.0271699535365358,6.45695820250333,1.38461512768835
T23B12.6,0.000690700180312827,6.83478568269157,3.10067114453718
T23G11.1,0.0242660090483601,3.29730059689346,6.2935502800677
T24D1.3,0.00164093357708932,6.48264864921479,3.52950865355776
T24H10.1,0.0113347548854479,6.46575337597859,3.33677513464161
T25B9.9,0.0163564020115157,8.32651809622903,-0.745188948291921
T26E3.11,0.00223072545641049,4.31769815820522,-7.58410981267034
T26E3.5,0.0000268263928861459,5.96712575074389,-7.46215675712448
T26H2.10,0.0485143243857297,3.80479406090452,-6.5033675235711
T27A8.2,0.0178570115199859,5.30795977980348,2.96007299279317
T27E4.1,0.0437355578831791,3.41411902661913,-6.46420984852111
T28A8.4,0.0231367746735761,6.46063818311621,1.42081310023505
T28F12.1,0.0469203405551793,4.03711779339724,2.40063039767669
T28F4.1,0.0270452974279249,7.10829113195258,-1.15088225550307
taf-11.1,0.00425796523340391,5.79312873380839,3.12112199500885
taf-11.3,0.0057834638710047,6.6556348729797,1.87994798934668
taf-13,0.0243537236721363,7.74311945443292,0.969821027703975
tag-175,0.0112478792264517,6.53555885687169,2.51598738411743
tag-189,0.0141644083369002,7.20893670963416,2.43909552472869
tag-210,0.00531923641909108,8.29445664266049,0.986087413542778
tag-264,0.00144608892925477,6.92167345510619,2.97391221603987
tag-277,0.0020487826834503,7.41545581008442,1.36500182971181
tag-296,0.0199869744376275,7.12553214229447,2.33448247870349
tag-304,0.00244489626131005,6.09640874601389,-2.01004738881959
tag-307,0.000542954727351986,7.53473792767691,-1.36019160668083
tag-320,0.00639991563197361,8.06346081675566,-0.908042270180773
tag-321,0.00154507536612922,8.7883590041303,0.974971573319278
tag-347,0.000165550513186531,5.52204825906233,4.38006570016993
tag-349,0.0196232310435892,7.34101613048296,-1.03467094784183
tag-72,0.0108948401048671,5.98291136412309,-2.10254281579143
tba-1,0.00631296049426187,9.23835190517795,-0.753288155422702
tba-2,0.0012970081273102,9.1915496112931,-0.943680710692256
tbb-1,0.0024206518899163,8.83894820999904,-0.963195233675934
tbb-2,0.00864224622226385,9.81978241450415,-0.714855466329734
tbc-2,0.0322456063593691,6.75995090746494,-1.11019843737116
tbx-36,0.0152633575934786,7.12358580315078,1.87316767194891
tdc-1,1.9455576029912e-7,7.45724660773198,5.1537931389924
tli-1,0.0194553658634703,5.07341329440278,2.88361506867224
tomm-40,0.00422239662382506,7.8616240999554,1.00189330104515
top-2,0.0320527351773231,6.12259165567332,-1.25382956904851
tpi-1,0.0169166610377793,8.5167825683869,1.02959518008163
tps-1,0.0202790190487908,2.61473059062846,4.8563976160931
tpst-1,0.0176303953561549,7.11829316415476,-1.13230908087973
trap-3,0.0317849089740733,8.05419904581351,0.795436513029793
trap-4,0.000119713032924638,8.33004852008645,1.29251437270168
tre-1,0.0216426140935697,8.79929059317681,-0.71922890407
tsp-14,0.0242391232684589,3.06802955531283,5.96311835354308
tsp-21,0.0381528000488501,6.21904336153465,-1.36697221460659
ttm-1,0.00471332781440718,5.90636026912549,-2.35163829352375
uaf-1,0.0000312212110110814,8.66608753698304,-1.39769058745429
ubc-6,0.0000118610170009734,8.3834772133023,-1.60368010281212
ubh-1,0.0000249062675881646,4.68567737949814,5.88068418560633
ubq-1,0.0325629671721113,9.17427528244075,-0.611877822514809
ubxn-6,0.0312344179410462,8.18080260779387,-0.636394852498975
ugt-28,0.0324539774049823,6.49039605048056,2.17858457396648
ugtp-1,0.00487272530207547,7.39967460502171,1.45617314888765
ulp-5,0.000343352639698017,5.97179548385305,3.56152224956096
umps-1,0.00797052157857003,5.36664596555607,2.85683150318782
unc-26,0.0495313107705142,6.44425255129467,-1.33207477751864
unc-60,2.77271992622315e-8,8.79331328061627,1.74068289996819
usp-14,0.00702107675056777,9.01929475064032,-0.789572572750917
vet-6,0.000910713554573757,4.83489010029889,-7.06958972963954
vha-4,0.0159296542384107,8.37062951079469,0.706668628318974
vha-7,0.001629263824408,6.62099660369449,2.94630638875462
vha-8,0.012716108203365,8.22820333089367,0.735292713182289
vps-35,0.0233145899869821,6.47680141861295,1.71584951349039
vps-36,0.0445024678494239,7.27780977696351,1.33289611219069
vps-4,0.0172648486350974,4.90752509608694,2.73140971050521
vps-45,0.00743451923060138,5.9737216071926,-1.83627850665472
vps-51,0.000836862237538415,6.96318705514453,2.45953580754192
vps-52,0.00245869110170474,5.12920291784786,3.87089057619327
W01A11.2,7.36455545795618e-8,5.07187973486803,8.42704122554781
W02F12.3,0.0105590208436185,8.9703258944743,-0.7289016181026
W03C9.2,0.0234358140606533,7.4228423608198,-0.935687937877776
W03F9.1,0.0294427103455594,5.76208075147296,-2.40941360106699
W04A8.2,0.0146079713074575,3.52916599785682,6.61395996557057
W04B5.4,0.0301847808808276,6.9658027969025,1.08656706225491
W04C9.2,0.0404283483730563,7.16597888886963,0.9707314994785
W04C9.4,0.0455390073130877,6.4853179667675,1.42789611534696
W04G3.5,0.00146377026983127,7.42452699548902,-1.22049761822156
W05F2.3,0.000140333934484221,9.21995537917385,2.00443528017921
W05H9.4,0.00980393493722361,5.47676932951069,2.82415381681862
W06D11.3,0.00155054755523799,7.61613180273587,1.49854865673662
W06H8.5,0.0351243497999852,3.54000130291932,3.53213916879604
W08E3.2,0.00058298457872525,4.21369976654126,5.32077009731638
W08F4.3,0.00820732293530285,7.52042800524556,2.32490159509925
W09C3.4,0.0106000145821615,6.73656205940765,1.86074280173268
W09D10.3,0.0107210774089344,5.95302375018386,1.78035740235721
wars-2,0.0482763740147193,5.83813140213662,2.06360372633935
WBGene00219803,0.0277117061075644,5.76363693191,1.45924523633321
WBGene00219908,0.048112532814495,4.40038762787068,2.04206829981485
WBGene00220010,0.049437618214107,3.68814686475288,-3.40575724913758
WBGene00235256,0.0422611316272204,3.49564313767626,2.80553455986039
WBGene00235356,0.00338279638982913,3.85849181351722,4.34242642044954
wht-2,0.0124792983117463,8.32355464004188,-0.778594112246725
xbp-1,0.0403500283469731,8.54644657785214,-0.887577261344314
xpa-1,0.000251112466286217,6.39486634468833,3.70022551535529
Y102A11A.6,0.0109762780511571,3.67923555189386,6.81058819185288
Y102A5C.5,0.0169257759114304,3.94114884273367,-7.13463772834226
Y102A5C.6,0.000494616810494274,5.5044556219219,-3.75688742538249
Y105E8A.19,0.0304504132023053,6.18626787428035,-1.3570149692226
Y105E8A.2,0.0383324206102688,7.65286713717258,-0.71958129230402
Y106G6A.2,0.023455196357722,7.73634196219207,1.71970468829715
Y106G6D.2,0.0217204529737738,4.13774489584588,-5.5538377025959
Y106G6H.14,0.00603570326370922,7.19767620861245,1.41616702958065
Y106G6H.16,0.00929448408738208,8.14213307600328,0.864760619465439
Y10G11A.90,0.000012919700574219,6.99602142868547,3.09193407346716
Y110A7A.15,0.0215878690008106,8.85287192279328,1.08478150482942
Y110A7A.19,0.014303393792549,5.26103645614307,2.64080437932367
Y110A7A.4,0.00440958371311912,8.46687432408798,-0.92305172382523
Y110A7A.8,0.0211414043255297,8.02795314920763,-0.716790489767514
Y111B2A.10,0.0195697674386745,7.23785254302777,-0.952664423165479
Y113G7B.16,0.00224736828588359,4.58490032977208,4.67021460718432
Y116A8C.19,1.76616577650441e-10,5.74271498562478,-6.90032485210521
Y116A8C.20,0.000128912113453839,4.36483804006129,-6.32450672251479
Y116A8C.22,0.0296800985083465,4.08141268950086,-4.08090950710896
Y116A8C.26,0.0401959707916183,6.73847631408184,1.44569663354828
Y116A8C.27,0.00846401530090664,6.72504420127102,1.34881939523679
Y119C1B.4,0.0175274047723137,6.59712276533154,1.37671124379246
Y11D7A.10,0.00222025096568354,6.6539051875146,1.83391369315298
Y17G7B.18,0.00850444280236783,5.27982828426446,2.31875438251418
Y17G9B.2,0.00459671372117302,3.4600153811031,6.51909609473221
Y17G9B.9,0.00475977084804988,6.94554876012353,1.93854116737038
Y23H5A.3,0.0222749241906379,8.02315286895528,-0.786210277425799
Y24D9A.8,0.0130707378834194,5.00507905183386,3.50012237646268
Y25C1A.5,0.00273215407253481,5.40436623767216,3.56472262828319
Y25C1A.6,0.000614213021355017,4.79476382488642,-6.77207949710867
Y2H9A.6,0.00703890179139832,4.95236045596904,-5.71251863203939
Y32H12A.6,0.00024067526474869,3.90320291001403,7.08563079427926
Y37E11B.2,0.000186782488142249,4.59641287162757,7.89920502945766
Y37E3.20,0.0000482302792756789,5.14264599269959,-8.50466984159925
Y37H2A.12,0.0370051607293422,4.98938172952564,2.10748617368836
Y38A10A.6,0.0492467438126524,8.04641806489902,-0.621029312389272
Y38C1AA.14,6.44459924272492e-11,6.05194968917143,7.26697335363597
Y38F2AR.9,8.55647833109707e-10,8.07365308229594,2.21655204619444
Y38H6C.16,0.015644460572147,3.05511232196973,5.94741235928295
Y39A1A.12,0.0390653190646579,7.30233765221296,-0.880833926142374
Y39A1A.14,0.00374151915919091,7.81694625996053,1.48279491357306
Y39A1A.16,0.0254106729551392,2.73166497455221,5.42837028492635
Y39A1A.24,0.0271164820497975,5.96073190497737,1.93884782115511
Y39A3CL.1,0.0028264901016471,6.49041424582443,2.61615757344189
Y39B6A.36,0.0157812529579059,7.93509928888561,-0.751234790638685
Y39E4B.5,0.0000311725262646801,6.87209298164244,4.47787217133906
Y39F10B.1,0.038027481591205,7.21215365508412,-1.17064484588682
Y39G10AR.20,0.0084069621712206,6.65142130825546,1.47457006301983
Y39G10AR.7,0.0400522000500048,5.43967068690274,-1.80889704662932
Y39G10AR.8,0.0378831277500649,7.41570777572238,-0.84990466960428
Y40B10A.9,0.0213650391302398,3.95599746732432,4.76694683462088
Y40D12A.1,0.0166545328251296,7.56930372145871,2.62456915483492
Y41D4A.4,0.026575677113334,6.52161085360104,2.00806860688163
Y41D4A.5,0.00810392575044199,6.01146360224513,-1.92647923639642
Y41D4A.6,0.0199555596907875,5.57636760914952,-1.81276899358425
Y43B11AR.1,0.0320085029597655,2.95659204722013,5.80460490773481
Y43D4A.6,0.00207266173379696,4.3074713215027,-7.57247482379606
Y43F4B.5,0.00277630415846491,6.00320024015696,2.76201983947524
Y44E3A.4,0.00909461453839041,3.48571868105747,-4.89639423835026
Y44E3A.6,0.0479517284091075,6.19150430535231,-1.30754854820017
Y44F5A.1,0.0000110519960110841,6.77252130374078,2.46544469026836
Y45F10D.7,0.000645326587812197,6.06033806203474,2.82966411764464
Y45G5AL.1,0.00228974352391307,7.69368620318401,-1.05362741095758
Y45G5AM.7,0.0247859447817155,7.87335535931603,-1.01078723518176
Y46G5A.28,0.000662083201037512,4.81811413731202,-6.62431812016269
Y46G5A.34,0.0216331187674592,3.73448091714923,3.6354900323092
Y46H3A.7,0.00000113702655572654,5.05826929003001,6.98599081087654
Y46H3C.5,0.0000131146379236928,5.8618531273313,-4.03864838034607
Y47D7A.14,0.00528726578989943,6.76821972813494,1.75727100921529
Y47G6A.9,0.00541296316770776,6.41199021007814,1.82768518028475
Y48B6A.13,0.0354974019861162,5.40056533209685,2.15301163677546
Y48C3A.3,0.0204572451200708,3.14709782323223,6.07790428348811
Y48E1A.1,0.0201167832134504,3.029069637844,4.80752859610013
Y48G9A.9,0.0130260242460425,3.08051813665322,5.98579474366361
Y49E10.4,0.00557234817165396,7.71416029018318,-1.47068719136215
Y50D4C.6,0.00525680545995933,7.47531592500804,1.39456354243819
Y50D7A.9,0.00177439731890588,5.94086717557621,3.4890559911621
Y51H7C.7,0.0200394184499574,7.37676640000822,0.94262128298122
Y52B11A.2,0.00010551658489147,7.54074628667937,2.51944599155664
Y52B11C.1,0.0000780528030067804,4.30379912503109,6.39140057070895
Y53C10A.6,0.00000351168963046748,7.88832697179604,-1.47218997888785
Y53C12A.7,0.0208998257401309,3.2838766514232,3.67667990117093
Y53C12B.1,3.2559678375105e-11,5.82321822772293,7.1319614153735
Y54E2A.4,0.0161987055303683,2.93577872156839,4.7688933601279
Y54E5B.2,0.000327338520928435,4.15518584270481,5.96564116005747
Y54F10AL.1,0.00547394347100848,7.55392712991515,1.99792333705891
Y54G11A.9,0.0204765594545467,4.95034854340495,2.25758692934876
Y54G2A.23,0.0000148227067932455,8.13532062963252,1.72131794149782
Y55F3AM.11,0.0144535179715365,3.03460002228462,5.44687605928519
Y55F3BL.2,0.0404212381595234,4.76929411708709,2.05534127777806
Y55F3C.9,0.0117712105215169,3.97466541442255,4.47251792032309
Y57A10A.13,0.03175438456988,7.20814592438946,-0.997143680591606
Y57A10A.16,0.00249962627619222,6.14939070639901,2.42085919857399
Y57A10A.23,0.0130205803130648,4.78065123039912,3.86509334195502
Y57G11C.1131,0.029990004793313,3.65541899685368,-6.78014198223272
Y57G11C.1134,0.00678882919245883,5.32699763950277,-5.17105048353428
Y57G7A.2,0.0259397980603054,3.83770211091982,-4.91520447326641
Y59A8B.21,0.00902225057366801,3.78890161443686,6.94768279757085
Y5H2B.3,0.032005723923423,3.6768089837658,-4.35826753787122
Y60A3A.8,0.0101811316633271,3.26971617284397,6.26355304505583
Y60A9.2,0.0000256010509120379,5.83906920920203,-5.96498943396457
Y62E10A.14,0.0109157276949481,7.4228977443906,1.66215698472075
Y64G10A.10,0.001501629449779,3.87877145743278,-7.06073660280145
Y65B4A.1,0.0246944358184473,6.3285094349251,-1.35455302833554
Y66D12A.24,0.0261596739187253,2.79330933850032,5.529253514058
Y67D8A.2,0.0000436569712124786,6.94974445404171,3.68457674778706
Y67H2A.4,0.00603323768056457,6.90706027952427,-1.70116130170233
Y69A2AR.1,0.0134345506539049,6.86404047601424,-1.20978141894139
Y69A2AR.16,0.0490377521577278,6.51082387132021,-1.11286822407668
Y69A2AR.7,0.0427034616561504,6.96057461346498,1.38384416427575
Y70G10A.1,0.0000370943817196102,5.31423940008826,-6.68988898747327
Y71F9AL.17,0.0283559691421584,5.53079821900043,2.26554463389769
Y71G12B.5,0.047607315964704,3.88030793020763,-7.0564151083787
Y71H2AM.11,0.0140562406346835,7.49989081620878,-1.05580912519287
Y71H2AM.4,0.0395773421234013,7.6206550010713,-0.809206628825016
Y71H2AM.9,0.0471093119073144,2.80500401957197,3.51794970364612
Y73B6BL.4,0.0000029057226481417,6.89114624687779,3.77807388567084
Y73C8B.3,0.0280449452364698,4.53724659138841,3.06292588940095
Y73E7A.6,0.0109401836323736,7.319728315269,1.21696882972658
Y73F8A.24,0.00936651252719865,6.54143837726481,-1.6568182638592
Y82E9BL.3,0.046453680953308,3.84771566214772,-6.38674849353418
Y82E9BR.14,8.25310229824769e-19,6.70811675259926,7.51605813100203
Y95B8A.8,0.00318759651003363,5.16955556063243,-4.57073253316775
Y97E10AL.2,0.0134840578666177,8.99822434144689,-0.693355939458106
ZC204.2,0.0140466193658274,6.78278269003049,-1.51530992900475
ZC239.20,0.00128666498375495,3.63218663483998,6.74604155541676
ZC395.10,0.000861147212381254,9.1800196216836,1.03954211933953
ZC395.5,0.00516633880844913,4.17620044918313,4.43620204900333
zer-1,0.0409919389785133,7.46517918321902,-0.8193483936271
zfp-2,0.0318469374873733,8.43584528749254,-0.696099137393462
zim-1,0.0169794373094665,7.17384630847302,1.57812749162534
zim-3,0.00642857361947563,6.07892541123757,2.59881666377569
ZK1058.5,0.0357217224658323,4.56392546711148,2.71851285467936
ZK1073.1,0.0191199781236465,4.44270897597194,-5.50755656902321
ZK1098.7,0.0403545103143578,6.56921907200726,1.20412453881758
ZK1127.5,0.00000453797548612282,6.68469553179989,3.44671921438478
ZK1236.1,0.0000219866321430715,5.83046126331706,3.65331012314325
ZK1248.11,0.00175153788129428,7.86285059976622,1.15706893700744
ZK1248.15,0.01050153274699,7.2755745516456,2.20673232524098
ZK1320.9,0.00568180316435094,6.80489894078367,1.59942918304264
ZK177.4,0.0351762243113386,7.02421225724204,-0.996791094833716
ZK228.12,0.00396850279833765,5.22950594585827,-8.02847814616984
ZK265.6,0.00677432762241873,7.4323823523235,1.98208579744256
ZK265.9,0.000181056321532516,7.12149092296812,2.72604042066385
ZK328.4,0.0177016591528759,8.0029310881298,-0.764956631464015
ZK380.t2,0.00000781194174418656,6.87783689993269,-4.17567040054768
ZK418.9,0.00234674589203729,6.88623080056181,-1.41437397289448
ZK512.2,0.0453343082416553,5.5033593811967,2.06491165606116
ZK546.14,0.0178504872282915,7.84022643941805,1.33063741692788
ZK546.2,0.000748256259067397,7.62147852578553,1.47431454881325
ZK616.4,0.0177026888913262,7.61551472719279,-0.873770313870949
ZK616.5,0.0148553994681991,7.9218734468682,1.0739489208112
ZK616.6,0.00641834347270507,8.42725403311251,0.933572040037589
ZK652.14,0.0162386513322655,2.97499452505827,5.82073375496696
ZK666.4,0.00998304346806667,5.41133448430644,-3.85621804953269
ZK673.4,0.0201489073410097,4.36763665693551,3.53037505838707
ZK686.1,0.0447748510805512,7.75898702252109,0.795999031424631
ZK742.2,0.0323075972905654,7.4642342870631,-0.852082975142058
ZK836.2,0.00810861473351164,6.33887465813684,-1.66169415079889
ZK858.7,0.00107325430533403,7.44308021857695,2.34664933832269
ZK863.4,0.00888269245775649,8.26288720961993,-0.865349946184039
ZK930.1,0.0029565655899363,4.4002827584076,4.0723325555183
ztf-1,0.0106232486092553,6.68060018815914,1.68388856502535
zyg-11,0.0124536842653944,8.04525817680775,0.759207165195945
zyg-12,0.0259051136062117,6.91781159226244,-1.06579106959396