aakb-1,0.00129974582375969,3.68944533984975,5.78836826928753
abcf-2,0.0219021170186034,8.5121346384175,-1.54722242947258
abts-4,0.000920186232547669,3.64106689208974,6.8617932186095
acbp-1,0.00289304254469946,9.20622788038583,-2.86297312449632
acdh-13,0.00285361487904629,5.21021786045241,4.55042724504965
ace-1,0.0386900760794932,2.90023261243046,5.83582528693226
acl-12,0.00709330935828994,3.42440232257108,6.5795453038863
acr-16,0.000466929492383622,4.17652397755893,7.51644041333136
acs-2,0.0296805252324807,2.39589378469006,4.95491579194417
afd-1,0.00503264316467315,3.44387457424886,4.19977909008331
age-1,0.00000877006611301318,4.83752641492999,7.19110067335787
ags-3,0.0461481747866147,4.66727408979363,2.72336528958285
aha-1,0.00000514638872712033,4.65246622643678,8.06120180659226
akt-2,0.0261775829637805,2.97585513910726,5.94651545757915
aldo-2,0.00280169667868486,10.104925104819,-1.93177483022727
alg-1,0.00303519827788289,2.95239722045727,5.62771955995545
alh-3,0.00367528244985248,3.77358193623854,6.15282435069895
aly-2,0.0252269748953308,9.78096401282972,-1.82798580985512
amx-1,0.0281785629971978,4.92389981840914,2.81685861508245
ant-1.1,0.0130199895291977,11.3921485011624,-1.62945796557605
apc-16,0.0355707873929676,8.77429107540646,-1.56379748130124
aph-2,0.0270221830956667,5.83992082944074,2.82318008717007
apm-1,0.0251717707830021,2.83922892537161,5.73838611049631
apx-1,0.00708188179818833,7.59616360728439,-2.19476100858893
apy-1,0.00012744678247884,4.33636831037285,6.80157010821313
arc-1,0.0273648071279783,2.56007645114528,5.26374761270013
arf-6,0.0280648093610179,6.55036708526412,-4.29589347192067
arl-1,0.00000181162069024971,6.65438138823473,5.92285379463747
arl-8,0.0107358777985889,10.8283171659474,-2.01944971612188
arp-1,0.0456127319542625,7.64930107079979,-1.50662071004251
arrd-18,0.00653833033253831,3.47048840619165,6.64110789472793
asg-1,0.0443787491568981,9.3550918140041,-1.69422068129052
atg-3,0.000265951925403777,9.2648994289518,-3.60102483976443
atgp-1,0.0104370065992104,2.82903340508583,5.72261602768669
atgp-2,0.0166920100843558,3.22908154322454,5.12522006611607
atl-1,0.00720046679800416,3.00220143380774,4.24648835908219
B0024.3,0.0149380731467935,3.38837506648263,6.52933263740766
B0035.11,0.0453536625479377,9.1216941486759,-1.98188604852596
B0205.6,0.000348377014964029,5.36932344068745,5.25697766451529
B0212.3,0.0213530427701833,3.52807324390415,3.36872367207858
B0228.6,0.00038105476187266,4.9061522016315,8.34247550729876
B0228.7,0.0114497104253774,3.79788909142008,4.30235645757237
B0238.15,0.0345659339492818,4.59429147075376,4.19879773207795
B0261.8,0.00348883459204518,4.77669900738878,4.68221153761525
B0272.3,0.0343607735220935,9.03972833063525,-2.13813853940961
B0273.3,0.010260597811368,2.95805684388491,4.82815602989316
B0303.14,0.00794381804506535,4.00901281401507,4.61224670376093
B0304.4,8.06009432527195e-8,6.06552602328783,8.17328806428982
B0334.10,0.000876960285872023,3.14229463178713,6.19244325883147
B0393.9,0.0109323364553985,4.24012764338086,7.59033432827515
B0412.3,0.0476506489541829,4.54294082499175,2.83574126706307
B0432.6,0.00350023426202155,3.47302438551317,6.64432147659397
B0454.9,0.000228691891025941,3.54006840145237,6.73322505371818
B0464.9,0.0140702416442156,7.99173717532355,-1.99803793447738
B0491.7,0.0416783707773582,7.93395302058154,-2.10894066969763
B0564.2,0.0139621624794695,4.50089920948025,4.58128324227442
baf-1,0.0258061881754057,10.7778723302634,-1.97927438653728
bath-15,0.0230639569848067,6.06399034020473,3.13506072435251
bath-28,0.00218821292914615,5.26916250403077,4.69573944388528
bath-34,0.0208296523059466,2.49585829044669,5.14668063687022
bath-39,0.00000846581184482662,5.11714971756215,7.47374000789229
bath-5,0.0288166209930885,6.20343352035536,3.07342430668782
ben-1,0.00633535955765331,3.4207279856084,6.57888983938136
brd-1,0.0322478743845293,7.32186400196417,-2.04871236642554
btb-10,0.00578905870009908,7.03379581107598,-7.03128146826556
btb-20,0.000623562426429655,3.67771294024599,6.91067358062401
btb-7,0.0383342883502088,4.67410479925447,-4.92016975615502
C01A2.3,0.00748018406485417,5.90620288113121,3.14416370281664
C01B12.2,0.00000358178987731767,5.43492933653333,7.64110092958536
C01F6.2,0.00974671690861493,3.154531224797,6.21271862565829
C02B10.2,0.0245910220724331,8.58432816721267,-2.03674029468042
C02B10.4,0.0138223897833497,9.93182902669642,-1.84144719191913
C02B8.6,0.0108716512721711,5.11671795474013,3.39655129823395
C02F12.8,0.0165500546240662,4.2869880795853,3.35487098113007
C02F5.13,0.0410497413693027,6.55527837028389,2.4515760652745
C02F5.7,0.0183319497434152,3.41553897641585,5.57085731680403
C03B1.7,0.00927171259927276,2.71152745968986,5.53124475714859
C03H5.5,0.0125144059974231,3.43334431426307,6.5906709151923
C04A11.2,0.000083090520360104,4.23172432184441,7.58114693537793
C04E6.11,0.00000370758519918835,5.48306040142038,7.68083478672963
C04G6.10,0.0375142834946767,3.81137977101987,-7.08841512909113
C05C10.7,0.0000280401228779766,5.60485467689047,6.54652345926302
C05C8.5,0.0337180887224667,6.49092030375309,2.8058654541029
C05D10.2,0.0482096000583364,2.92702968282759,5.0407202240531
C05D9.7,0.00509502228085205,5.40116730787432,4.06651601655545
C06A12.3,0.0338640512256203,3.50559460695633,6.69094405495143
C06A6.2,0.00414285377631079,3.81366915109015,4.75937162185628
C06E2.5,0.0167282019217412,8.68231780718942,-2.57597936387893
C06G3.5,0.0407228085937098,5.64719502487859,3.18131670134105
C06G3.8,0.00900018915080401,6.08220402741857,3.81560201394156
C07A12.7,0.00685967266026599,3.22963784750858,4.60567487563326
C07D10.5,0.0012413448669469,5.19220566469536,4.89499893489107
C07E3.9,0.0410314154633345,2.46160277926152,5.08266289302692
C07H6.4,0.0194079692062729,5.74762469567969,2.53150684137925
C07H6.9,0.000755883598495028,3.96264395045161,7.26018675648941
C08B11.9,0.00295898266965795,6.15722495203496,3.91627772288087
C08F8.2,0.0402136804187209,6.04285654368479,2.70164015258053
C09B8.4,0.00722464925824818,4.86682862550528,4.49688317912666
C09D4.4,0.00000176580559332394,5.72244829476019,6.97510720837356
C09G1.4,0.0105783713688785,2.91054555868823,5.18962125747514
C10C6.7,0.000106677666948212,4.16204763683588,7.49975606546302
C10G11.6,0.0493107942831322,2.30910525503629,4.77976639456659
C11H1.2,0.00120425992782915,4.52122493777546,5.93577498557346
C13F10.4,0.0351108659105758,4.72583472263884,2.42827424749223
C14B9.2,0.00747141565041306,3.07211665822949,4.81824069517115
C14C10.2,0.00407253192885327,5.27466529618103,4.57985646301241
C14C10.6,0.00000298586830922326,6.34019696440087,7.19301127268139
C14C11.2,0.000188352139609203,4.61257688600409,6.62711394632283
C14F11.2,0.0155217637259493,3.0247415479971,4.87649577173913
C14H10.2,0.00198253169569997,3.33585478801473,6.46304369102866
C15B12.6,0.00829163606937226,9.3437660720239,-4.56974737985869
C15C6.1,0.0410399412750064,3.16015079042096,6.21658107271733
C16A11.3,0.000410515262343784,3.8241056942308,7.09238177879088
C16A3.10,0.0496042713842329,8.47289540173745,-1.57153693495479
C16A3.2,0.00213686527170311,6.10399685512214,4.86625881049009
C16C8.11,0.0112999950053413,5.90753570550165,3.54101730999437
C16C8.16,0.00577441559225278,5.6092420174843,4.10833291354448
C17D12.1,0.0125777359478514,7.68167567773606,-3.54627643008712
C17D12.8,0.0436603941660224,2.55875792758143,5.26553907439089
C17E7.4,0.0337910676605954,7.88432319632894,-1.72847198050808
C17E7.9,0.00608297523447224,8.09914641685283,-2.07985321593338
C17G10.1,0.0386792197966243,7.06244479958914,1.84907410959481
C17H12.13,0.0416802493284164,8.70102274241119,-1.5350823409521
C18A11.t1,0.0038883039410739,8.76663223547741,-8.45740368712539
C18A3.2,0.0000224555429926638,5.47992973638435,6.17676650462352
C18E9.4,0.0452536048707096,8.94006806273055,-1.73827295168083
C24A1.2,0.0321027943909777,2.86106513130575,5.76941941046484
C24F3.2,0.00228157235793445,6.61790562403905,4.20755456190882
C24H12.4,0.0347857468121039,7.24724656454423,-1.78942464196445
C25A1.16,0.0448583359609371,9.1051042535234,-1.96966767505666
C25D7.10,0.00267592803732569,5.50296784299303,4.65770058678634
C25G4.2,0.0269955409189767,8.36409597077872,-3.88362128824601
C25H3.14,0.00374587173355401,5.42229822470114,4.0593894351077
C26E6.12,0.00000417837023380313,6.36825935066721,6.64259375971082
C26H9A.2,0.0144445320297174,2.77290375944115,4.25370390662292
C27F2.4,0.0000737712042051376,6.2238044258362,4.65072738115997
C27F2.9,0.00654653055777609,8.13237454128643,2.662022225848
C28D4.10,0.0177327938528878,2.64448004814662,5.41531460146649
C29F7.3,0.000692994411705461,3.84605077454503,5.79484310530302
C30H6.9,0.0359015012439377,5.59696436837094,2.53628425519315
C31E10.5,0.000606892917569331,5.36018895209554,4.11963233389942
C32A3.2,0.00295679518033833,3.65157597631804,6.87600581299164
C32D5.10,5.53411585357163e-7,5.5641074361676,8.32161456570117
C33A12.1,0.00685452562467572,9.63546990679592,-2.55984025041199
C33A12.12,0.00395174183895805,3.40556252147188,5.52408778201714
C33D9.13,0.0153638135896128,3.23335553052746,3.9062813021631
C33G3.4,0.0416436219327089,3.43294619352052,4.20752128202833
C33G3.6,0.00506370564616199,4.26317597832146,4.00007439362441
C33H5.13,0.0457233857380142,2.57693791807463,5.29718387756227
C34C6.2,0.0264911100839394,2.83953705662938,5.11529324267833
C34E10.10,0.0285535790097876,9.27043030670972,-2.83564616894345
C34F11.3,0.0168749671361725,4.03749635013736,3.24206154897655
C34F6.10,0.0358482916624729,2.48689763220407,5.12885689494569
C35D10.17,0.00189845384213856,4.2030239671362,5.4293356139683
C35E7.3,0.0163857505327846,3.18610726693911,6.25396429379617
C35E7.5,0.000281643017520007,4.55704552644483,5.17882104689423
C36A4.11,0.0481378468178295,3.05058337368014,6.05518478222973
C36B1.11,0.0459247998844691,9.82164817180075,-1.32003167621954
C36E8.4,0.0129174858507887,3.61135872011575,6.82388033447945
C37A2.7,0.00935162860042302,7.95535285924352,-2.22379933783645
C37C3.1,0.000294548632850645,5.41486068426702,4.95105061836655
C37E2.2,0.0020116964709628,3.18918978033129,6.26024184809018
C38D4.9,0.0000127784514431801,4.79618830466238,8.22102170917194
C39E9.11,0.00313298262245215,9.32304440166786,-2.32430339132672
C40A11.2,0.0369001652526923,3.32389982592786,6.44196469601685
C40H5.6,0.0229545404233743,2.92703967935192,5.87823292144781
C40H5.8,0.0207833572142876,3.0069313953664,5.99826890721796
C41C4.1,0.00924257788516334,3.55385967083409,5.10889565077173
C41H7.3,0.0100388111917612,7.03997872939025,-2.61700772391377
C41H7.6,0.0128650486261526,7.1585990930725,-2.24885664842985
C43H8.2,0.000158020159388966,5.4719857964573,5.15405171723955
C44B9.3,1.92446025801261e-8,6.27229492187725,8.78147769049507
C44C1.2,0.0103128296939056,4.68213334159579,3.5622419888204
C44E4.4,0.0073033682990081,8.56669112622969,-1.79569418669727
C45B2.6,0.00760245653705407,3.74876894690865,4.13658050969787
C46C11.2,0.0191572170481909,3.07272132863366,6.09063232353913
C46F2.1,0.0236451857578211,3.16358916405053,6.22656574169689
C46H11.2,0.00104490240355894,3.24192181299792,6.33383639535953
C47B2.9,0.000429637350553938,3.9676124992049,5.64710066503885
C47E12.3,0.00951395030164081,6.11261007709935,3.10518218821764
C48B4.10,0.0000200751579100948,4.76310540402643,8.18418610297984
C48B6.2,0.00241134113425722,10.1523924283105,-2.98191397021765
C48B6.3,0.00504237889726582,8.40400156632358,-2.34721137855111
C49F5.6,2.3800322913187e-7,5.46581805422415,8.9479589871398
C49H3.3,0.0365124435371256,9.80179363584477,-1.57813300845265
C49H3.6,0.0172552648296289,2.83589483027808,5.73513617255894
C50B6.9,0.0179215683130181,2.63273291452115,5.3963363258315
C50D2.5,0.00616460339019422,9.12927187589662,-2.52790350287428
C50D2.9,2.23573893812647e-7,5.80798842016498,8.16784112695164
C50E3.11,0.0000712908952937325,5.0736405446322,5.71875205522159
C50E3.13,9.15041135609009e-7,5.88137602522003,7.70726947204101
C50F2.2,0.0127020243247029,6.66773105360954,-2.36941125160477
C50F4.6,0.0121784267251826,10.2247102551061,-2.24550516497528
C50F7.4,0.0326558129622908,6.87102668651556,1.99281228168965
C52D10.12,0.00031802126117642,3.77500879566771,6.4611256080007
C53A5.6,0.00497262503683261,3.15456456147053,6.20874237844223
C53B4.3,0.00591273284711986,3.41294449018763,6.56465812115655
C53H9.2,0.00518263251297457,3.5110134437893,4.34520671351162
C55A6.9,0.0493139820867227,9.3276933386856,-1.30999740596046
C55B7.11,0.00968335591169534,7.38827024871597,2.4841052375491
C55C3.5,0.0102204729486484,7.13912946878034,3.57909014855851
C56C10.10,1.67506794756912e-8,5.99430448826615,9.50515308738787
cah-1,0.0341423427697561,3.43313538357119,5.20019474883306
cal-5,0.00418300397017809,3.68922497299663,4.8961547972817
capg-2,0.0107504665882479,6.60117175104546,2.84593273678177
cas-2,0.00482158423920592,8.66378005022461,-2.21552769882169
casy-1,0.0011528164181823,3.37656009440719,5.62971007524125
ccb-1,0.0222424104353413,2.69361547829478,5.49987539513362
ccf-1,0.0325358267890053,8.12948219354069,-1.60945864556717
cco-1,0.0159809229963353,9.28689018918899,-1.85738147350232
cco-2,0.026958166783174,8.94026626274642,-1.58694733224233
CD4.8,0.0458343203688795,7.3992059814573,-3.1446000731834
cdc-25.2,0.00041951556191293,5.83516050878328,4.61578602986373
cdc-25.3,0.000145024526837778,6.26172105377482,5.06894864702525
cdd-2,0.0463661339896463,7.45814257788146,-1.88828785553099
cdk-2,0.0152447986860281,3.23829261429063,6.3306884755234
cdka-1,0.0111806862789651,4.9063917427117,-8.35014597480335
ceh-39,0.0416011692604594,6.4793857986772,-2.79372331712054
ceh-40,0.0000799958272746788,5.51746508043547,6.56244421652713
ceh-43,0.0422250706884433,2.95521202832485,5.91480066251093
cfim-2,0.0471165360519564,6.88632305360584,1.73611870689728
cgef-1,0.000345127503189191,3.73455715340533,5.89802109819706
cgef-2,0.0173956916723893,2.74910302853355,5.59020915253552
chch-3,0.00430187995849388,8.04601936280471,-2.11788379636288
cht-1,0.048595539614685,3.77663906982058,2.90380480476762
cif-1,0.0346082924409582,8.50501971929383,-1.84438851789308
cil-1,0.0103805582887859,3.05801747754694,6.07196053453504
ckb-1,0.0330441978759943,3.15147053344409,5.08014336538214
clc-2,0.046527442281663,3.09467168236518,6.1205005371826
clec-266,0.0155839829785139,4.97333724756301,4.25986085950186
clec-87,0.0469863134115044,11.0819270076822,-1.18273147290419
clec-91,0.0151750829513108,10.8127614876773,-1.64587731849215
clic-1,0.000642307503876846,9.51514972713787,-2.77001358695247
cln-3.2,0.000579004802133105,5.00697415482686,4.62100646177214
cmd-1,0.0478288878974452,8.80505737878328,-1.34171216881209
cnb-1,0.0000357811534920332,4.51807717306407,7.90983924731082
cnk-1,0.00567414308332418,2.63981772361109,5.40750287735345
cnp-3,0.0249314624057423,4.96541275758745,3.15459860586916
cnt-2,0.0000308993733477364,4.24785367839018,7.59929703720817
cnx-1,0.00156025369356719,9.72169587764174,-2.62558544078549
coq-2,0.000686076703427181,5.76306550729667,4.95338091630057
cpar-1,0.0000550955656942766,4.55952180660492,6.20912173450562
cpf-2,0.0248263032068986,2.83609698109988,5.73295880708287
cpg-3,1.40027267866514e-8,7.32117802418276,8.32612312318813
cpt-2,0.0000320282515220163,5.07727251794776,5.67172008152498
cri-2,0.0127359388686263,4.78885889080408,-8.22098156096038
crn-6,0.00746658997873609,3.58688076156323,6.79239430740665
ctg-1,0.00000403677611736192,5.49086641874126,8.254347195971
cts-1,0.0198661117326483,8.97236052429,-1.56801192390374
cuc-1,0.00517062444508785,6.16519462464111,3.71280275825435
cya-1,0.000218275726829487,5.12701118317173,5.54053676050286
cyd-1,0.000150278966605497,3.77597185484147,7.03221197412179
cyn-3,0.00819248806837931,9.71134691305144,-1.9406504486806
cyn-5,0.0446355520645628,8.60394766068359,-1.38557855736787
cyp-31A2,0.00198790932392872,4.4636522891218,4.93356891736576
cyp-31A5,0.0439107774598113,5.56162669205478,2.67772907723238
D1007.4,0.0468580521149132,6.95612190491989,2.07522359674009
D1046.2,0.000688769642191549,7.14632534529382,3.4830993663572
D1054.3,0.00186801078279653,10.1103761365098,-2.41000546354633
D1069.3,0.0164165480686032,4.91123108328564,3.61432940370941
D1086.19,0.02641183467104,3.84922391998045,5.0483406520539
D2005.3,0.0225025289041831,8.39770666129256,-1.64698992749815
D2023.5,0.00137131559974473,5.33490505032742,4.84232909239992
D2023.8,0.0113329683940989,3.35813105652139,6.49436700816176
D2030.3,0.0376278806637496,8.52854798070195,-1.32984842495472
D2085.4,0.012565183638115,4.69375303872776,3.41592167758169
D2096.10,0.00981019904696569,6.95551567372103,-7.69370326474287
D2096.5,0.00634168531044442,3.75242327242283,7.00149388507312
D2096.8,0.0255406094139043,10.2382781822857,-1.64491099558119
dad-1,0.0486196513240639,10.0780432407596,-1.39552794614447
daf-16,0.00549783088204409,7.44489260698286,2.9121697878266
daf-5,0.038973948783772,3.83670925406285,3.18949220974631
dao-3,0.0371104095129012,7.17839158110399,-3.26784565363924
dars-2,0.00000838906447118523,5.58046679464052,7.18146001378708
dct-1,0.00795490037273821,5.87046498173788,3.96372132487034
ddb-1,0.0211818776671231,6.13290065480949,2.99227105259539
ddx-23,0.0460298045736231,8.10878570073404,-2.14186652947849
DH11.2,0.0267572711865373,3.21589972611229,6.29288180044651
dhs-25,0.000281722031255477,4.59690905642274,6.6556501106042
dna-2,0.000233508960474211,4.22995788844442,5.48472846518332
dnj-20,0.0248613212204826,4.15261317289057,2.93658735179338
dnj-21,0.00000286824236555806,4.87711909506318,8.31060854160382
dop-4,0.00370848649171342,3.09027943211797,6.11658739657434
dpf-5,0.0251630850645548,7.71501303549989,-2.57094316832925
dpf-7,0.0000144013523585962,5.98888265445984,5.9795922831094
dpm-1,1.77805728808685e-9,7.17066396519542,7.91748384779244
dpy-19,0.0156588908987547,4.69841354963957,3.53179269749029
dre-1,0.0464021574257045,6.80469850824807,-2.79971681999089
drh-1,0.022335915127059,4.75215100251211,3.02477956671175
dsl-3,0.000652192095863755,6.8400678410032,-8.75006999858952
dss-1,0.0141388370953404,10.1916292283222,-2.03756010035895
duo-3,0.0134192941651215,5.86040540259114,2.80094004651049
dys-1,0.01535054976961,3.03660099080237,3.83531244939373
E01A2.1,0.00676237443118195,9.22891619905833,-2.67107352465855
E02H1.2,0.0134043713036746,6.63293459686208,3.69930825884909
E02H4.6,0.00000132203182418094,5.49255448081142,7.36340940396212
E_BE45912.2,0.000009253731055114,4.67796725622669,8.08947326589853
ears-2,0.000169249408162913,4.19166899136526,6.77954835212348
ech-3,0.000270624460944462,5.33701809681481,5.53857027919775
ech-5,0.0254853537039154,2.58945693203151,5.32085710582504
EEED8.10,0.0497978402694618,7.84153433759645,-1.52638062805746
EEED8.13,0.000198607719851359,4.50303995715975,7.89343001475612
eef-1A.1,0.00193730113446522,11.0628093052758,-1.97758187946397
eef-1B.1,0.00327497704580559,10.9388939921879,-2.04721194661931
eef-1G,0.0244201845839845,10.6395922022868,-1.51917863488888
eel-1,0.0224765295953577,4.45494246713789,2.99616250309092
efn-4,0.00916796736764876,3.07956091972733,6.10516347897261
egal-1,0.0316944186798618,3.33120760770087,3.78325984453788
EGAP2.1,0.000366819368192078,4.91139384094884,4.95284807545351
egl-26,0.00403338444006944,6.20855913870227,4.25363403642647
egl-8,0.000768343114314093,3.37723342644999,6.51885416166413
egrh-2,0.00339869395745186,3.71702145608668,6.96148367400386
eif-3.H,0.00000661623481880241,5.1734203092382,7.78273146177745
elb-1,0.000221879389638646,5.76798007388922,4.8727559761417
elpc-3,0.0286696245898155,5.12904062228034,3.28091088051059
elt-1,0.0190069666760868,4.20835002846834,3.17110237209113
elt-6,0.0222133377626182,2.78154809726792,5.64379710782394
elt-7,0.0194372398537285,3.91943361573897,7.21189184776952
ent-1,0.0273169133195809,9.18527961994324,-1.67729022412792
ent-2,0.0310573269012868,6.04927438700882,3.12630370376106
eor-1,0.0130170787893472,4.83926340683238,3.718615602078
eri-6,0.023729867291301,3.78214472050504,5.04434925090513
exc-4,0.0497247643803729,2.78252005654633,5.65123532799848
exc-5,0.0309992532359878,3.09208841923849,6.11869499668311
exc-9,0.00186265132291261,3.43571890125934,6.5953017694191
exo-1,0.0311303108851118,7.53512692197279,-2.40746253865565
exos-4.1,0.0353275790970657,8.36038605223527,-1.83541794506396
exos-4.2,0.000186767151014592,4.17366964198823,7.51288284645191
eya-1,0.00473859626491492,3.34491108495015,6.47536250510324
F01D4.5,0.0400435058307613,9.14780769161353,-2.44166577519409
F01F1.11,0.0249687716827109,8.95979429739671,-1.50502387210698
F01F1.3,0.000107775618096098,4.13838231130021,7.47032179975227
F01F1.9,0.0000242410302604952,4.72437326884996,6.01497899603834
F02H6.3,0.00838605439561832,6.80561854220356,3.3080946607838
F02H6.4,0.00448577295739086,7.01039043228496,3.60370482811786
F07A11.5,0.0390622835306822,4.18503883756591,-5.34388664743198
F07H5.13,0.0000457681060676837,4.6692335172303,8.08004443576688
F07H5.7,0.0209678620988054,4.314035696242,-7.68492649079045
F08B4.3,0.0230984827406277,3.74948350465843,6.99735008242905
F08B6.1,0.0000139909374126467,4.64808846377457,8.05620840322202
F08B6.3,0.0358244674550025,5.78738086155853,3.04463413015216
F08F8.9,0.016312714724974,7.65579830345619,-2.03168845777197
F08G12.3,0.0000449650621358889,4.71970164062909,6.1573231783528
F08G12.5,0.0000031002850839479,4.91270146834646,8.3499301483851
F08G2.4,0.0350529649303699,4.33144596667685,3.28323014427714
F09F7.6,0.0413388519924299,4.47900903674784,-6.74976513803211
F09F7.7,0.0184839148358649,3.38923808041354,6.53048800003868
F09G2.2,0.0285809294901838,8.96200864999748,-1.68660258673095
F10A3.17,0.00522094028300306,3.92902295757853,5.84628916436954
F10E7.5,0.0266997802239985,9.67983137863784,-1.68149047594686
F10E9.11,0.00762711738019475,8.90950772223802,-2.27200265896274
F10E9.7,0.0111730520801564,7.50230627684304,2.12075483556963
F11C1.7,0.0000351849720771007,4.83331560696196,8.26235945856024
F11D5.1,0.0145494973009033,3.06679932045283,6.08540407873509
F12E12.1,0.00922687831619331,6.41664847423186,3.32669521126474
F13G3.11,0.00000410121289153261,5.82091768511691,7.18235989010576
F13H10.4,0.00974004185611433,6.79839060644055,2.93381634360973
F13H6.3,0.0433326526713587,4.69195008930635,3.36998859833828
F13H6.4,0.0428008064773071,5.92454251601841,-6.03608619104958
F13H8.9,0.00180734742915964,4.11488154721225,5.29765276226328
F14D2.11,1.56231730944269e-7,5.74876001270605,9.24749858548661
F14H3.4,0.00687095116743557,6.96922758927556,3.79120970687873
F14H3.6,2.06538884026035e-8,8.51739073160211,6.47840160318929
F15D4.2,0.026972556398556,5.80170350967561,2.96844453459367
F17A2.13,0.0203513009967431,6.06174232210733,2.93043828893751
F17A9.4,0.0213855116728159,3.07099121184612,5.05085670011404
F17C11.4,0.00410053059476468,4.69889024503985,5.68171952586491
F17E5.2,0.000327308690226681,4.07233185974482,6.62326779946391
F18F11.5,0.00843228422208121,2.68929357919595,5.49170335369175
F18H3.1,0.0442668456130272,6.85621174524855,-3.16142640377075
F19B10.2,0.0207658369538191,7.08917994986982,2.6446403631508
F19C7.3,0.000481269408181675,4.35383825846158,7.72248238511025
F19F10.10,0.000294853069439655,8.44059794020034,-4.51396477829444
F20C5.3,0.00378692702234288,5.32565821325262,5.39090532069777
F20C5.6,0.0106948014574051,3.97409231715904,4.47573691486175
F20D1.9,0.00000167488936382226,4.9463755098108,8.38692821083695
F20G2.2,0.00323223449664645,4.87121359534354,4.27028024280808
F21F3.4,0.0000639965301391735,5.01750815189005,8.46499346334621
F22B3.4,0.000107501391821525,4.45133838145096,7.83475539847932
F22D3.2,0.036614550756966,6.22556180378648,2.71928387998835
F22D6.8,0.0245688145155084,3.17737896350902,4.30020891634546
F22E5.20,0.048499226959326,2.41387550796895,4.99080358030465
F22F7.7,0.0128074697851107,4.71522722070452,3.67122906236337
F23A7.8,0.010948960303035,11.5089767126061,-1.84449341767274
F23B12.4,0.0415283128964502,4.29741701265132,3.19854337623461
F23C8.5,0.0101722550316225,5.73325207784324,3.34138903407485
F23C8.6,0.00362390069344337,8.48815315976123,-2.30075181332204
F23D12.10,0.0408739632795276,2.77892338848093,5.64318069132624
F23D12.2,0.0000682428795615553,3.83718128934417,6.51791508106034
F23D12.4,0.0410610026394909,3.72863864380079,3.95619266108558
F23F1.5,0.0191584090323545,8.74117244875275,-2.19262397602994
F23H11.2,0.0051159333055635,4.42486505430573,3.96375931231973
F23H11.4,0.00000396928807973604,5.68687542171267,6.89371335714883
F23H11.5,0.0169923467132354,9.00878746975638,-2.1119966597364
F23H12.3,0.0225487482839641,2.40077603946937,4.96382223506083
F25B4.1,0.012881832487932,5.68689958652721,4.25544598365668
F25B4.6,0.000696995805673756,3.7593653571939,5.66488410628551
F25E5.5,0.037733463718062,2.96892687932533,4.66398942153651
F25G6.9,0.0280988320313243,5.15685243022983,2.89899196350426
F25H2.15,0.036725297300402,2.78105921540087,5.64065068174424
F25H5.10,0.000967822302647383,3.41177380329596,6.56364411244401
F26A1.13,0.0238947077586293,5.57702246802737,-5.34830881201292
F26A3.7,0.0305598761005321,7.78080879148202,-1.52422040989982
F26E4.6,0.00923556038581629,9.82858304425025,-2.45422973103483
F26F4.12,0.0129448725478195,8.34409962167488,-2.37405829456389
F27C1.4,0.00292203003638463,3.97226083129333,4.82966278929429
F27D4.8,0.0444078389698605,8.01764308155941,-2.0393185310645
F28B3.4,0.0000373237687341815,5.19359926039077,6.2229558502247
F28B3.5,0.0359765894589925,7.68771072526616,1.99676181152785
F28C1.3,0.0150205076905144,5.26199100669325,3.82782806197214
F28C6.2,0.0497901166086656,4.59442222721755,3.27099383848249
F28C6.4,0.00165592652058385,3.9637971118231,5.2711912097057
F28D1.2,0.0239072159364855,4.71631150078507,3.77513087537621
F29B9.5,0.0153604810021934,3.1661563481733,6.22789476560001
F29C6.1,0.007635323361518,2.88803888138122,5.81538824909113
F30A10.1,0.0158719491693389,5.20513154861419,3.55958945951422
F30A10.9,0.00904668241432074,7.77437544568714,-4.16484228485795
F30F8.10,0.0000224025310402657,4.53109933923214,7.92442550636892
F31B9.3,1.72478501638244e-7,5.64700997914634,9.14020112304194
F31C3.5,0.00131652903064732,2.98093442770763,5.95613912322184
F31D4.9,0.00791341034801967,9.29263906979036,-2.61962553249372
F32D1.5,0.00492975512202683,9.62600602255264,-1.84138980499714
F32D1.6,0.00000786312005629362,6.71443695329157,6.43182169403799
F32D1.7,0.00145176414001243,8.68536490934032,-2.07251435977042
F32D8.11,0.0222109861242288,3.11385948656591,6.15517204400299
F32D8.14,1.60355283103173e-11,7.71105388951071,7.6686243775493
F33E11.2,1.43365944282877e-7,6.08584691788197,8.48566724830535
F33E11.6,0.000431484001384912,4.81850611986083,5.59526295695385
F33H2.6,0.0314626552628311,7.87860014163956,-1.97236784174946
F34D10.3,0.0284262425731844,3.68128441525206,4.78421414591855
F35D11.3,0.00579047919051848,3.63724299629902,5.98260744913256
F35D11.4,0.0179859046937572,5.1574526251264,3.95845070160816
F35D2.3,0.0000239330428249465,4.22482982390276,7.57226906414067
F35E2.2,0.0370096672179249,3.40258259502426,4.8638250752325
F35G2.3,0.00131826424055583,5.18216781530054,5.29033073950634
F35H10.10,0.0134501435372896,2.64562556262282,5.41835569016982
F35H12.5,0.00732386211489833,3.42047984434821,6.57466088554113
F35H8.4,0.0000110616479342554,4.45975949285798,7.84334898324582
F36A2.7,0.0100577953683431,9.26025614120144,-2.03089763165858
F36D4.2,0.000739987013026494,5.53796863421845,4.6040643407995
F36G3.2,0.00219700598486474,3.2346961399814,6.32221013434669
F36H12.2,0.000842451826406113,4.20469380962289,6.39531144504111
F37C12.1,0.0210111627708817,9.3806343461678,-2.87579991834449
F38B2.4,0.00136482401028997,4.02394372880473,7.33342721040958
F38E11.9,0.0333969609278706,3.43514675144936,6.59562448192553
F40F11.3,0.0436543996850655,8.10675742234413,-1.54672450706494
F40G12.11,3.49042706044236e-8,6.82647144734262,7.59189909347731
F40H3.6,0.00038823633129862,3.94224820862573,7.23582254277678
F41H10.3,0.0000316818551009577,4.7416948164333,6.03944651517952
F42A9.6,0.0210605371312562,6.87017882757773,3.41650529375619
F42C5.9,0.0165343132017473,3.31295213095516,6.43460203857834
F42G8.7,0.0352457983488179,2.37494080952174,4.91368180490814
F42H10.3,0.0138663486981137,4.56381405764908,3.26405251482636
F42H10.6,0.000409950779267268,3.55845528989839,6.75760022481859
F43C1.3,3.20914825649564e-8,6.10389479334965,9.61939259935551
F43C11.9,0.0101595176382077,7.551369443505,-2.05113565055467
F43D2.2,0.00000108849661634186,5.5055818271683,7.99042250416521
F43E2.1,0.030250830689104,2.86922994421645,5.78075632401425
F43G6.10,0.0000172621700191591,5.7247023739059,6.76715209615558
F43G6.8,0.000555478895913652,4.02225494844885,7.33299205216736
F43G9.2,0.0165576046496386,7.17863643339735,2.09722109270296
F44A6.4,0.000211490331827622,4.09932070725171,7.42386015983883
F44A6.5,0.00485367218802993,5.69292164389466,-9.19292982286796
F44D12.1,0.0417205967889345,2.94569047240809,5.90621737849536
F44E2.8,0.00254406551331074,9.60708534612336,-1.91205729103983
F44E2.9,0.0000432018404133576,4.42283508190432,7.8011195649391
F45E10.2,0.00024423350089439,4.31299584390023,6.91391396486789
F45G2.9,0.00383932109128399,3.21075811728726,6.29098745278967
F46B6.4,0.0258484577384675,5.52429708391313,3.4042227497084
F46E10.2,0.0301853800441979,3.03808668452635,6.03941734408748
F46F11.9,0.0160555155016236,4.56316399375359,3.70628596160937
F47B10.9,0.0105031535390106,6.06743683116079,3.39041863028291
F47B8.2,0.0356759243721082,3.06301481665368,6.07689339499727
F47D12.5,0.0073761458063494,3.70311061415148,6.94076349989079
F47G4.2,0.0389480255290791,6.58937133227812,-2.41436863682207
F48E8.2,0.0347527978628746,7.44303007043101,-1.98165937049951
F48G7.4,0.0220627016764754,3.19982578198245,6.27390320675916
F49C12.10,0.0041746748075248,3.84680670682379,4.19687309273288
F49E12.6,0.0263599145808535,7.54020404765455,-4.20561901236877
F52B5.2,2.5510016358576e-7,7.22729442634261,6.90041570631711
F52C12.6,0.00601521005875887,3.05559772484078,6.06421737539742
F52C6.2,0.0000290444586254952,5.00943651790296,6.86603231948753
F52C6.3,0.00318757686586276,3.51535115420472,6.70054898551242
F52E4.5,0.00137779334030112,4.04545778708563,6.12756049096255
F52F12.7,0.00050218087693745,4.06670209838192,7.38643401164058
F53A3.7,0.0000768821724000722,4.16162220204122,7.49800720600566
F53B1.8,0.0310586885887166,2.85190092858346,5.75803659822513
F53E10.1,0.000659783825680386,3.74297046369979,6.99203770726515
F53F10.3,0.0199370081835622,8.25803087619433,-1.79266823120221
F53F8.6,0.0295523677186322,2.86342120589551,5.77214541548845
F53G12.9,0.0272819856305616,2.88816556553143,5.81188382439482
F53H10.2,0.00922506031828197,2.91991406487966,5.20530133084209
F53H2.3,0.0146339302208304,2.50126777491474,5.15750984501448
F53H4.4,0.000835554944572866,3.74034890100284,6.98812237841535
F54A3.6,0.0451679272143255,5.63221338651825,-2.71341965567138
F54C9.11,0.041669772709183,3.23893847022143,6.3316356391685
F54C9.9,0.014397143238846,8.55076114373079,-2.66958739477001
F54D10.7,8.99947620077785e-7,6.4181277463236,6.8469739704744
F54D5.2,0.00283298575061842,8.38935637424577,-2.47139977191902
F54D7.6,0.0157583016033326,8.60300394803029,-2.17596665722282
F54D7.7,0.00239916418979994,10.4037049216354,-2.75722133201635
F54E4.3,0.0186786445162816,2.94549299261936,5.9066801748058
F55A12.2,0.000268020497383141,5.76538561812853,6.57891228943333
F55A3.2,0.00386567943874672,4.53452618961226,4.47628225605659
F55A4.2,0.0240904276796582,2.88475448604438,5.80774009350507
F55C12.1,0.00144175518299428,3.49218649178401,5.04599644751213
F55F10.1,0.00204636162258212,3.56506211635989,4.76816311284549
F55F8.3,0.00510331455605385,4.9694417429733,3.8664506128733
F55G1.5,0.00685809471445697,3.12636797768029,6.16831330697645
F55G1.7,0.00739088947728873,4.01783390760349,6.43216536976134
F56A8.9,0.00110743061096021,3.85414666182113,5.54528421314979
F56B3.11,0.0000191461569996366,5.24625516479665,7.02234401047308
F56D2.2,0.0439140528340379,5.46298723085827,2.7011107769993
F56D5.5,0.00125884756137457,5.51307733961977,4.99103990676509
F56F11.2,0.00471381258886423,4.75366758958404,-7.38390744429154
F56F11.4,0.0230564788949819,8.11281690312816,-1.94736461692265
F56H1.7,0.0480124443577942,8.70738053032384,-1.57430782230486
F57A8.1,0.0000800489077138538,4.08029862540839,7.40209852517154
F57B9.1,0.0000270700123470946,4.62392490539677,6.74955013491922
F57C9.1,0.0000108831572070071,4.46004019424515,7.8437045891251
F57C9.6,0.019395085452757,2.86087717917644,5.77293630433145
F57G12.1,0.0102231871879176,2.58763781945217,5.31508322728789
F58A4.2,0.0460094825321244,5.2595252543615,3.23041643193106
F58B3.6,0.0468746404631091,9.13668799202775,-1.34260382171381
F58E10.7,0.0254407934875798,3.93526871621509,4.51391430181347
F58F12.1,0.0211836726048467,8.83348623162303,-1.54256004376464
F58F9.7,0.0403373788064412,2.74171808984944,4.71458183501171
F58G11.2,0.000575261771833073,4.10757744848638,5.05617224340109
F58H1.3,0.0348800164580177,7.57356417736936,-2.72890412595969
F59A3.1,0.0198982806120731,4.72905200918317,3.28519952220814
F59C12.4,5.43255486024654e-7,10.3663126477423,-7.33537978706686
F59D12.5,0.0000117167734036688,5.5804269308177,6.28255369486706
faah-1,0.0084666259645538,3.32020390805316,5.63032682993432
faah-2,0.00430298570613507,3.36946814444496,6.50777185923209
fat-2,0.0279965647036068,2.91062575540996,5.84694259944296
fat-3,0.0473124659108224,3.33537374434269,4.5297062309973
fbf-2,0.00400105060994042,3.32287432356149,5.23817131714925
fbxa-120,0.0348881539675362,6.35705721210137,-4.072248265743
fbxa-128,0.00521948354231139,5.12235803381572,-8.58404184724985
fbxa-129,0.00296346878169773,4.41766679780179,5.46248926829781
fbxa-13,0.00956623382807536,4.19615875906176,6.06447281674158
fbxa-141,0.00292031384942137,4.29740859715186,7.65648990714777
fbxa-143,0.0207359625843375,3.26800101081438,6.36974950158254
fbxa-145,0.000796430038181021,5.1856981482264,6.61227326349231
fbxa-167,0.00939434984576077,3.45620118664246,6.62228623849191
fbxa-179,0.0433631161101915,2.6820002492229,5.47788399994691
fbxa-197,0.00000803490401296303,4.81571208360944,8.24305084601188
fbxa-2,0.000812124532031054,4.18764579770095,7.52786363250847
fbxa-217,0.038736517538878,2.85860010075873,5.76790089886137
fbxa-65,0.00000105977227941504,5.52096389696006,7.77431007762472
fbxa-76,0.00297912562564687,3.74522011054419,6.99313457296686
fbxa-83,0.00000228877683464117,6.22937758337597,6.52515421786333
fbxa-97,0.0474096157007653,2.62921551720106,5.39006458176905
fbxb-31,0.00816429418290524,5.09375055782012,-7.32977870470189
fbxb-41,0.00499749745897919,5.15152281875341,-8.15325519018146
fbxb-76,0.0335475067702169,6.26996747871314,-5.94617672308332
fbxc-33,0.00753427565038183,3.1691417966373,6.23328842415462
fbxc-42,0.000353133750494673,4.94132773619463,5.36439746772039
fbxc-45,0.00860414372909215,3.61467644148953,6.82615154323306
fbxc-51,0.0048061790885321,3.35624321667091,5.51935661627748
fbxc-52,0.000276285419617386,4.40472895455101,6.76564935352742
fbxc-54,0.0370785279513146,3.5282560012223,6.72070729801217
fce-1,0.00000397190557024859,6.40964063336944,6.20205744150217
fib-1,0.0381737367031012,10.3222841040849,-1.47673951707979
fipp-1,0.0311479372371916,5.10826403160428,-4.01988607458191
fkh-4,0.00204838695995925,3.49433271773994,4.73633021794957
fkh-9,0.0444375194137342,3.12796839712522,6.17111262962527
fnci-1,0.00392607566287522,6.90973468398738,-3.99090259341498
ftr-1,0.000125604606366188,3.94335365754215,7.23757986189676
fum-1,0.0299018966975869,8.42501669767968,-1.60966545516866
gck-3,0.0433188409377657,4.72845443603189,-3.77147040004733
gfi-2,0.0174790115019723,8.97344969526916,-1.94812523575435
git-1,0.000245429190093228,4.15999395835549,6.76573760853696
glb-1,0.0155720619885998,7.67227253127222,-2.88455965108291
glb-18,0.0432091055187573,2.2394540129543,4.626366300204
glb-27,0.0339210423480173,3.42191289641584,6.57538325081579
glo-4,0.00197369250119736,4.337622764308,4.53458453085222
gly-11,0.00114470707788347,3.73086640800645,6.15983158091033
gly-7,0.00000115857718803835,5.93009648504809,7.20549074786557
gna-1,0.000902778574322915,4.32490897330435,7.68746786471508
gon-14,0.040042911618441,8.1890464861431,-1.37634511753989
gop-1,0.0197799981039466,3.99424665885791,3.24483263983623
gpa-1,0.0115747359621311,3.48055958733617,6.65344119867006
gpa-4,0.0231992629018356,3.38331056213511,6.52444642567286
gpa-7,0.0443355041968611,2.82270255689279,5.70745403890983
gpr-2,0.00798166375956691,3.31774005739029,4.06137601154419
grl-10,0.00789801223219833,3.92240300272088,7.21357727070139
gst-10,0.00320464590796013,6.19755481028473,-9.09027609960883
gta-1,0.0443414772042268,2.38015998191816,4.92405084400368
gyg-1,0.039657273626935,3.32744655027611,3.38010523960239
H02I12.5,0.0290401905778377,6.90151701903453,2.69145464972906
H06H21.11,0.00624360215704933,9.8382650275197,-2.57122158496873
H14A12.5,0.00240292447192835,4.29832296382403,7.65926523806366
H18N23.2,0.0285607267348037,5.22893511637388,-3.46290239919885
H20J04.6,0.00336392496720981,3.67235845345515,6.899856929207
H20J04.9,0.0000485019122339808,4.28999413980827,7.64800556380114
H24G06.1,0.0303447047876656,3.27002741285982,6.37570964697886
H25P19.1,0.00153946122414504,4.78833239646258,4.83337182285091
H28G03.1,0.000700140430317011,5.89943712762601,4.78638623107261
H28O16.1,0.00581443514045712,10.1203183388187,-2.1734090081634
H40L08.1,0.000120601176614018,4.92704742601197,5.87823723134685
hbl-1,0.0216395672242566,2.58505200649239,5.31096952794509
hcf-1,0.0148782452272937,6.44152806225521,2.60101659333935
hda-3,0.00000126343586587555,6.18675240401284,7.26674138350136
hel-1,0.0343766038462742,10.1492202146725,-1.38426089181353
hel-308,0.00639138186067953,3.27872057876467,4.42846787620044
her-1,0.030814627240793,2.88400898226229,5.80784408893598
him-3,0.0408677831004398,7.69807054768669,2.02467793272193
hint-3,0.0000453970413442893,4.44273132633146,7.82358181210684
his-11,0.0271244263967983,2.52507486491305,5.20557157163105
his-18,0.0127856534219158,2.70147826283933,5.51383880133679
his-3,0.00305771042938285,3.84368119057648,7.1170586702993
his-31,0.0188985637736774,3.18493962593416,6.25344341923618
his-35,0.0485749941455976,7.51081840369354,-2.56164277987553
his-4,0.00504191073771228,3.70132289707208,6.94116122392877
his-40,0.0000173771130682065,4.45506938411617,7.83859332244974
his-41,0.0274773550929488,4.92679787707789,3.28892900104337
his-45,0.0498015252621746,2.95069081229927,3.36421088093856
his-5,0.00302891567346364,3.42052249200709,6.57677265548135
his-6,0.00199711876537534,3.70392109555698,6.94294589399776
his-61,0.021856057327095,5.3818993254806,3.41337746270394
his-62,0.000481005306721865,5.63869570902831,4.6013236260577
his-68,0.0106643500876059,9.66119461648877,-2.48758575245776
his-71,0.000108102657143208,4.12500833735951,7.45455650980545
hlb-1,0.00250009665172603,3.47026441133397,6.01486947852165
hlh-14,0.0140384206961449,2.96827712873894,5.93373473350431
hlh-2,0.00000151326052802317,6.64835799529229,6.73981816016009
hlh-3,0.000772232333951636,3.96280541890832,5.38038879893449
hlh-30,0.000495490549043698,4.2025741160467,5.02553831398301
hnd-1,0.0364645440873618,5.0676439836863,3.29171142409603
hpl-2,0.0166618304242707,8.4404426933767,-2.96793788530297
hrg-1,0.00419081220834166,4.43782670275179,7.81856476765275
hus-1,0.00459984957133878,6.61644127162024,3.21387764016879
hyl-1,0.00775984450791335,7.60946000800202,2.36168001669545
iars-2,2.10747119907774e-12,7.39139870641024,9.32654269115174
icd-1,0.0191549252790125,10.496420103753,-1.69365580176822
iff-2,0.00394114965647915,3.36441171554279,6.50091802646016
ifta-1,0.0195762950438066,2.44061174332964,5.04343469356631
igcm-3,0.0174833829566358,3.22865088601277,4.17098039224237
ima-1,0.00868793254378167,7.33626317978946,2.46801764520851
imb-3,0.0291956183250468,8.1191265222531,-1.52759501585377
immt-1,0.00552855606994836,4.77606785635091,4.19490615847994
ina-1,0.0000276767260759064,5.48156320382104,5.82710396275189
irg-1,0.0136997600774455,4.99508461325814,-8.47931140473072
irk-3,0.00174517418431889,3.56952598134727,5.45394333037261
islo-1,0.00251805629114255,3.47681779039958,6.650572559882
JC8.4,0.0000904850891109407,4.0436508125448,7.35922553726346
JC8.5,0.0000150699536032685,5.74071801977459,6.48285006262004
K01A2.10,0.00358671434952354,2.92016339733432,5.86291477914708
K01C8.6,0.0000267300249116499,6.58574870615523,5.35034677450228
K01C8.7,4.69860963409218e-10,8.00737318689273,7.0814384807731
K01G12.3,0.000015505885210462,4.96589858003061,7.47789054789082
K01G5.10,0.0130745400436898,2.71886604649,5.54220078186227
K01G5.5,0.0342835730119514,9.33983316666856,-1.64772369768084
K02B12.2,0.0000752383621654717,5.62400539878796,5.91461026196763
K02B7.3,0.0457570173361836,3.43984636926249,3.11779392112391
K02C4.3,0.000523163286620341,6.15912313765278,3.84230529749092
K02D10.4,0.000774594741493249,3.96316708900946,7.26088233329728
K02E10.1,0.0118803271983765,3.71995568530204,6.96013298296979
K02F6.7,0.000679870280571419,5.21532109583914,4.83316759406426
K03E6.7,0.0147249438097468,4.07480206949178,3.64634857188485
K04C2.7,0.0150235543917503,4.63232895578272,-8.04572736121125
K05B2.2,0.0382551276966884,6.11574631002349,2.81410466629031
K06A5.3,0.0182422297690858,3.34739965772952,6.47450642382363
K06H7.3,0.00059702616699155,9.13277939871574,-3.11294699334508
K07C5.13,0.00882443792103587,3.69139742279493,6.92598598245652
K07C5.4,0.0335618181140243,9.28337546809378,-1.59576392763085
K07C5.6,0.00251884093479349,9.08632501848591,-2.41086007065648
K07D4.1,0.00237721097000395,3.45842934947868,6.62618064367912
K08D10.12,0.00159162525043103,3.9604170007165,5.67838724318507
K09E2.3,0.0263345952819336,3.0054497891005,5.99648449824323
K10B4.3,0.0401445864924472,2.76398101423628,4.41278167726298
K11D12.7,0.00145468306375148,3.72770667998147,5.66823334522039
K11D2.1,0.0357363350590609,4.47676315686989,-6.25519535659658
K11D2.4,0.0411426752787756,4.37432561592499,-4.95005977883177
K11H12.5,0.0291732303440363,3.55161362878104,5.17086110499194
K11H12.6,0.0383051562429114,3.79719407577655,-7.07111568296731
K11H3.4,0.0000276243171899813,4.36638283184326,7.73643512602676
K11H3.5,0.0491079172397881,3.12680048794072,6.16539362827376
K11H3.8,0.0428643753113279,2.83932345665964,5.73610409867622
K12H4.4,0.0221588892562598,7.77401591740879,1.94266705352358
K12H4.5,0.00518184616644267,9.32226868471338,-2.32442790960584
K12H6.12,0.0416259213731892,2.92834994890784,4.23625097630424
K12H6.2,0.000332891543815814,4.4460254811964,5.96997898798457
K12H6.7,0.0229785799535264,2.98652180545455,5.96239290389233
kal-1,0.0113783182312573,2.73660274394041,5.02512650749685
kbp-1,0.0109935514580004,9.84016764185582,-2.13504497733317
kbp-5,0.00943926237118352,9.87496686258281,-2.24618294857801
kca-1,0.0000219572202200893,4.7050619104779,7.06484977145994
kgb-1,0.0000952930383766791,3.96224121371808,7.26090660220048
kin-10,0.0228058912691149,9.62414831424859,-1.73606179931787
kin-14,0.0374016394872898,2.88195182123917,5.80896376676653
kin-20,0.0000102892152481638,4.79929989699191,7.11957227453579
klc-2,0.0229260969179148,7.9529241116393,-2.7872367443764
kup-1,0.00971367675228943,9.58913953982169,-1.86484735972502
lab-1,0.0394701642718237,9.93709981070874,-1.66782521920836
lact-9,0.000835183374874911,3.67564646578313,5.80602639760533
lbp-9,0.0209069136686771,9.44113495782164,-1.95594072891608
lec-4,0.0018241168637448,3.90388040877089,7.18923765902646
let-767,0.0102637814383113,8.80495047400648,-1.6345860509192
lev-11,0.0430422916202619,2.81380782131334,5.69723211432709
lgc-10,0.0418967507855206,2.68143031703075,5.48149974454529
lgc-40,0.0125447485407673,2.5634027754152,4.49220961370905
lin-39,0.00054242543650153,3.68163740821082,6.91430969188208
lin-41,0.0000872336020037932,4.63262717177415,5.66700634560258
lin-49,0.0328673945088456,4.1248388936941,3.00225225447339
lin-65,0.0482175356393581,6.13457539009135,2.44492023018192
lpd-6,0.0174736674173409,7.2798243854921,-2.19307549447299
lpd-9,0.0435129506070973,9.23839855741486,-1.90046619598647
lsm-6,1.06833379329733e-8,6.09236918122007,9.60740464868239
lsm-7,0.0309323901362242,8.95255755662791,-2.15382760473236
lsy-2,3.97031032705984e-8,6.69673911776506,7.13320787426948
M01B12.4,0.0194708436525146,8.03406219684225,-1.61903995318993
M01E11.1,0.0194616371567535,6.02211126162815,2.51714722038394
M01H9.3,0.00554114394991059,10.900924833043,-2.09668699259541
M02B1.2,0.0297043206860208,3.06598829739501,6.08615056878624
M02B7.7,0.0494227289953343,7.90467626103914,-2.05038030128651
M03C11.7,0.00830343523757476,4.9446859107499,3.7894414851904
M04C9.3,0.000301290905583595,4.62014825980124,5.40440305139032
M04G7.3,0.0446113163606327,2.38015099785875,4.92048246961848
M05B5.4,0.0000961002999953178,4.55362117023648,5.9935859153051
M106.2,0.0383064842959842,3.04099130191198,5.19472545144033
M106.3,0.00220921665984995,7.41341194526516,3.65200948025944
M106.8,0.00013405944832148,4.61451605331094,8.01870319799585
M110.10,0.00883931363217228,9.43269177479588,-5.67770264696917
M110.3,0.0183905743546732,10.1536353651003,-2.04528435991643
M116.2,0.0113428516369852,3.5283998134502,6.72019070683201
M116.5,0.000419164111968549,3.40582309238285,6.55658351506026
M117.6,0.000543329257983468,3.88377752817611,7.16390246635655
M176.2,0.0392133110949847,6.36053280514524,2.66674975025993
M176.4,0.00027139364340873,3.66243517669071,6.89083812468598
M176.5,0.0366591731466,3.03098154999409,6.03576934981218
M199.2,0.00122908616767263,4.29793851355194,5.29193764004317
M28.5,0.0105942098314906,10.1516802379204,-2.07598419027236
M60.6,0.0065685741329685,3.95416119309954,6.02535104416568
M88.2,0.03226857154701,8.04216875048021,-1.90247692538705
mag-1,0.0109993431868229,8.8823345381084,-2.31033437500546
magi-1,0.00128397371064773,4.68777292128042,4.75011826662984
max-2,0.00154202716649752,4.64587950769287,4.87771803593872
mboa-3,0.00129018649246406,3.61616939218788,6.06408929738391
mboa-6,0.0366563872031835,8.59012119821631,-1.85883958634521
mboa-7,0.0376488796370114,7.75873954613786,-2.72983531803638
mce-1,0.00000330343567704515,6.68776278378801,6.5076217658718
mdt-1.2,0.00374554316160389,3.97533953776886,4.37317590612611
mdt-22,0.0383074511401382,9.98576081231843,-1.57486101488918
mdt-6,0.0101137565718744,9.17016321760041,-2.11810527793843
mek-1,0.000715427638082742,8.3122975737348,2.80569384244305
mek-2,0.00489015029340087,5.82442483801432,-4.08317995432809
mel-32,0.0448902613141925,9.1101195318796,-1.71759636635329
mes-3,0.0113530232108437,4.91836473230118,3.38532368028496
mesp-1,0.000325444022520202,5.81688412521196,5.39603160362914
mex-1,0.0108139181229716,8.48686772634662,-1.73311471217145
mfb-1,0.000991988119805702,4.04736965595522,6.42106761508542
mff-1,0.0360510705281152,5.83496670045884,2.87212521665001
mif-4,0.0294026852059587,4.02238937760655,-7.34591142808349
mig-15,0.0016225753224384,3.31037367234136,5.47893765088408
moag-4,0.00736777887723376,9.26300176456949,-2.16812895791048
moc-1,0.000219805956961106,3.67405648725167,6.90435633929898
moc-2,0.0437610549309521,2.35331766005842,4.86931307283064
mog-3,0.00410858174937474,7.57139714716246,-2.44189722950102
mon-2,0.0153746796241285,3.635725027841,3.48368291589911
mrp-1,0.049399962934214,3.06104987312383,6.06966835706885
msh-4,0.0454532190926177,4.06658496677897,-3.0968157169176
msra-1,0.0439630176879025,3.24329148648578,3.82913319474903
MTCE.10,0.0150618340105449,3.19485643437907,6.26416406794034
MTCE.22,0.0328836688893859,2.66567068832399,5.44905534521471
MTCE.30,0.00113300142622226,3.16207415957995,6.22038358901927
mtx-2,0.0105728855954026,7.23424091366426,3.42909650591832
mus-101,0.0027634407164201,5.02960243340056,3.36309423082783
mut-14,0.00000650398718448812,5.08485395046631,7.57985794033759
mys-2,0.0348818946474687,5.26979735835822,-2.55552547709035
nab-1,0.0030636174929403,4.31739085988041,7.68017171020303
ncs-2,0.00351760620317838,4.76114145579426,4.09096976972668
nduf-7,0.0240629654276433,9.45460842028728,-1.55611776157674
ndx-2,0.0177642201117189,3.46926772801408,3.6069476969801
nep-1,0.0268930869071553,4.95291896910403,2.84184744736704
ngp-1,0.0228214923616512,7.45713755514458,-1.81106982552166
nhr-10,0.0000087243451708158,5.86744350055029,6.9458563720752
nhr-102,0.00244771421494997,3.70410693448893,6.94139218931806
nhr-105,0.00511576844013765,3.04468931677402,6.0511367515405
nhr-145,0.0263785146058462,3.03472474934756,6.03628019121449
nhr-182,0.0103687913579133,3.53304912193922,5.49573616694961
nhr-19,0.00114229794643154,4.00227288034255,7.30807605389001
nhr-237,0.0143261385888615,5.92403220803081,-6.99154860220836
nhr-28,0.0286580158095866,2.86444153693019,5.06184601709459
nhr-284,0.0246701547701558,2.78897170651647,5.66114540259893
nhr-286,0.0237545312723758,6.05324330481352,-4.43085487974603
nhr-31,0.0413986177413595,3.02907287785467,6.02311779265765
nhr-32,0.00256568369213463,3.31279377260102,5.65577218861985
nhr-35,0.0106351503005866,3.2213435529499,5.21830699289954
nhr-42,0.00688336249298365,3.35326738686708,6.48636570307815
nhr-47,0.00311483457119317,4.36362095214319,5.02060669865969
nhr-56,0.00002992844749756,4.63285457716715,8.03939933934449
nhr-69,0.0245110090827977,2.92805398090031,5.87817884557657
nhr-97,0.00295228448629089,3.24800593817344,6.33965638722294
nlp-24,0.00534993490657117,8.00664918689271,-5.85996681798871
nlp-40,0.00128079336680509,3.3603061067918,6.49445851414787
nlr-1,0.0191749649867011,3.01871717702526,6.00938565009541
nmy-1,0.00194451604944752,2.90163239694654,5.29026701527766
noah-1,0.0165616925682008,2.57142178421558,5.28657652997873
noah-2,0.0196036401704516,2.64700662682145,5.41799201719084
nol-5,0.0432768190097706,9.18519388598404,-1.3004653439413
nos-2,0.0201632801167117,10.1972863537921,-1.68090218923339
npl-4.1,0.0385228081842871,7.24929543799728,-2.02110999162407
npp-9,0.0155139606498941,8.33584730876931,-1.58945071412109
nra-3,0.000920044936776623,4.44568962775478,4.7921743759312
nuo-6,0.0219359821083887,8.75267690645646,-1.78669033583797
oac-55,0.0189747620329966,2.63958846281061,5.40947970370779
obr-3,0.00233929806433156,3.5231344205874,4.48041488038762
olrn-1,0.0346544554008168,2.71104614140968,5.52550401572435
pab-2,0.00023794532573938,3.92868229158012,5.83613616552364
pad-2,0.0200409233017344,2.60399593436863,5.3422323148184
paf-2,0.0427704103806015,3.54344823567689,3.25663816578243
pan-1,0.0136998222549017,4.56396927102101,-7.40078911552291
pas-3,0.0277848565939047,9.85415181905666,-1.51994231117611
pas-4,0.0319779733653689,9.67806489342487,-1.64447268950131
pas-5,0.0384354902642487,9.7488611919707,-1.2948342095559
pas-6,0.0473743712371764,9.40001397935496,-1.4133147392156
pat-10,0.0000901595649054151,4.97338500013705,8.416254138802
pat-12,0.019042861884799,7.61742220790975,-3.46447443987703
pbs-1,0.0017800018183206,9.56188265363249,-2.17362651395893
pbs-4,0.0130230799163938,10.1225203694805,-1.75181553837154
pcca-1,0.0400444384301119,7.69976797814689,-2.17474712009177
pcn-1,0.00605253731909523,10.9471708943123,-1.92583271032556
pcs-1,0.00302515488600278,3.88696890515767,5.62688446874904
pfd-4,0.00880390520247144,9.50783332587354,-2.46403912038776
pfd-6,0.033580181522839,10.2115352191036,-1.6944678040301
pgp-4,0.0470282769840216,2.58004797772925,4.62953942745289
pie-1,0.0115344203576639,8.16229009955039,-1.96050690047732
pink-1,0.00948849253798431,6.75721401538392,2.39566945961669
pisy-1,0.0325049008987169,7.70961027638472,-1.57936227967434
pkn-1,0.000335569683565736,5.08109665131844,4.68955516010248
pmk-1,0.000923431720783441,3.63279220529221,6.85373877829281
pmp-3,0.0443933446193638,8.13179499013243,-1.35152019535733
pms-2,0.0186535046357877,5.59653297320465,3.75110972620868
pnc-1,0.0229912043327168,3.13492767673995,3.58428817483023
pole-2,0.00231561470408861,5.99581792061437,4.78172415788473
pot-2,0.0344119414946457,8.36059164743461,-2.05099459776608
pptr-2,0.00117981545554397,9.82160533443359,-2.87019606227945
ppw-1,0.000899805636724455,3.09452192523241,6.12377009251384
pqn-29,0.0386802360081306,3.78529912063641,-7.05872518169937
pqn-39,0.00673758902207086,3.00898175655692,5.10720328091103
pqn-51,0.0203396900169854,8.73090355137978,-1.58060050003911
pqn-55,0.00772522143201034,4.29892315012896,3.64019563582058
pqn-68,0.00605905008290137,3.72120581358971,6.96351632465984
pqn-96,0.0256989201415219,5.5669322250133,2.77964203681425
prkl-1,0.00346367559666725,8.12175363984049,-6.81886564873388
prmt-1,0.0463578129719368,9.37719682807879,-1.40165753093856
prmt-2,0.000278635948655412,4.91802755531464,5.65163803582831
prp-4,0.00000882393680448826,4.77940008899265,8.20267352456407
prx-19,0.0198198108665689,9.43755405883411,-1.74173381600705
pssy-1,0.0461521290751636,5.29855754786173,3.03429165908889
pstk-1,0.00743094759192193,3.25907200782158,6.35736971827527
pxd-1,0.037964517175685,3.14550709605952,6.20232461611567
pxf-1,0.0162782835864409,3.75390665270353,3.48354338158829
R01B10.4,0.0000210394813670831,5.1309888559098,8.58781381217127
R02F11.3,0.00371468202289197,3.12958203764381,6.17336686854644
R03G5.6,0.0362993124611041,5.32645900624953,3.36759757531993
R05D7.7,0.00128750178964731,3.2700045638017,6.37078365697128
R05F9.6,0.000994433774820642,5.96507865552594,5.03466469505028
R05G6.5,0.00294399896688668,3.81104209182146,7.07616804945715
R05G9.3,0.00685846530794528,6.72157177752505,3.89325144941275
R05H5.3,0.0396249355966501,10.7112770395068,-1.48423202276652
R06A4.2,0.0307581738634055,3.62127701363626,3.19156408335872
R06C7.6,0.00516186478438566,3.83362025371817,4.81906032051914
R06F6.8,0.00115325346287925,3.90979254104409,4.84269562729558
R07B7.10,0.000958170797866212,4.32669985017222,5.61757433616699
R07B7.2,0.0270835377999234,8.04409233386056,-1.73825916475052
R07H5.3,0.0286430705942683,5.18964199910692,3.10766318038218
R09A8.1,0.000108832475583914,3.91368705211807,7.20164732865421
R09A8.2,0.0000841321694025618,3.83016801571569,6.63660300703164
R09B3.2,0.0400668017326137,10.2588664258299,-1.47663805444397
R10E12.2,0.0000634429496522183,4.57531433255923,6.94200967182588
R10E9.3,0.00135946300460723,4.65455238512483,8.06266606177986
R10H10.6,0.00000118609668878408,5.56225376272804,9.05031646440113
R11.4,0.0200472313911793,3.78299220707078,4.26171508609687
R119.3,0.00388626114879417,5.61246642495419,4.30008737178409
R11G1.2,0.0056338614962251,3.43782874890417,6.59991363045394
R12B2.2,0.000299147837140044,4.15449267788649,7.49105028153733
R12C12.8,0.00234412346402399,3.14786052506728,6.20024589109004
R12E2.1,0.00572055145770193,8.01581941151094,-2.67225548751445
R12E2.17,0.0245100460768476,4.18276333443734,-7.53275162083438
R13H4.5,0.027417521989901,2.53147881535771,5.21220793668059
R151.12,0.0220156559104408,6.81163620525747,-3.63930159177736
R151.16,0.0299282673664375,5.99566951300254,-4.85299640850205
R166.3,0.000128471654737656,5.21761757242068,6.1475559738205
R53.2,0.000332247653697734,6.8559906201647,4.68290520155546
R53.5,0.0434178811334587,7.0790831701807,-2.42314372855104
R53.6,0.00426683597537644,9.85307305024331,-2.12740464029231
rab-19,0.0292612715600212,3.56487532217924,6.76496255730192
rab-39,0.00000797614882305441,4.5054544066281,7.89552222263554
rabn-5,0.0163098621093983,5.90596183688013,3.0382289464023
ran-1,0.0326940320538275,10.4617445995659,-1.48648598036247
ran-5,0.0218764099926149,9.42572393612394,-2.55104622294761
rde-1,0.0305175776824956,4.60237805530763,3.06788572589722
rde-4,0.0115764831263666,8.23824606977036,-2.2630303500009
ref-1,0.000259752650168851,4.72938546879305,5.77251944309852
reps-1,0.0296791878894012,2.684973052504,5.48269548902184
rev-1,0.00117514921069092,3.32237057895462,5.98098621453561
rfc-2,0.00718756816437248,6.19224667685637,3.38544224147493
rgl-1,0.0271066059951568,4.56834236617439,3.44415928246291
rib-2,0.035975382006478,2.75953295267665,5.61203252567563
rla-1,0.00322560710649537,9.42763743447683,-2.81446457787853
rnp-3,0.0482567513568561,8.60679401679083,-1.83149604396638
rom-4,0.0301931046295219,7.60608797284931,2.26155279910653
rpa-2,0.0478436411673293,9.27906447764153,-1.50462752326334
rpb-8,0.0154561131522356,9.53074730918881,-1.79205346550186
rpl-10,0.00403644951524563,9.98775002191848,-2.34099288916003
rpl-11.2,0.00177554171875291,3.17819374507165,6.24410572299759
rpl-12,0.0277039460206893,11.055472581071,-1.61558357328804
rpl-14,0.00200868496465237,9.15856755429988,-4.82029054957407
rpl-16,0.00872855659528291,7.95191281822207,-1.94174686626278
rpl-19,0.00134771882217032,8.70908537846885,-3.73293533731991
rpl-20,0.0058905357020146,9.03537522672404,-3.88985922813777
rpl-24.2,0.00557600856211924,8.1714047614174,-2.1773554842311
rpl-27,0.0114048047102938,8.6935141519556,-2.26755610982256
rpl-29,0.0138960619802355,8.24914754406668,-2.45518730750433
rpl-3,0.0013197344062981,8.39345512605407,-3.36229629954317
rpl-32,0.0142523936327674,7.84343775710596,-1.99251159858028
rpl-34,0.00691461052357312,6.04288580363616,-2.76886704968927
rpl-4,0.0132008629759637,7.90293312647661,-1.97734351102059
rpl-41,0.0461668929573711,7.54587264867281,-1.65715210698029
rpl-6,0.00313936768086249,9.11110564969204,-3.02458195599073
rpn-3,0.0471791256269616,9.69534653387375,-1.4919641858143
rpn-6.2,0.025641775483021,4.71396115084252,-6.94946805632691
rpr-1,0.0122391312632082,4.07775425985075,-7.4120349259301
rps-0,0.0139133556493204,7.6701104880302,-1.96536477354769
rps-10,0.00188851587601458,9.396537473843,-3.06328650059133
rps-12,0.00404080992861402,9.2812598538541,-3.08918996983729
rps-17,0.0198277011050917,9.81963818738046,-2.77319046319677
rps-18,0.00469164103757017,8.23337419746511,-2.40102384024957
rps-2,0.00395238713870247,8.68381302538208,-2.08770304224367
rps-23,0.0157755152363395,8.84554577134284,-1.6122819955504
rps-24,0.0010572210252475,9.65268460095348,-3.36210604899244
rps-5,0.00102549092688021,9.01588745173013,-3.17149569534288
rps-7,0.00463405386733316,8.36987541825304,-3.14713361279426
rps-8,0.00156492777159422,9.82368906670015,-3.46828002474595
rpt-6,0.0350203800892072,8.37838391014651,-1.42386980825976
rrn-2.1,0.00846731409025954,6.30895558813816,3.86238862558316
rskn-2,0.0189859453454714,3.24172009734621,5.69879562168479
rsks-1,0.0366049030286036,3.94167267887658,-3.71766753813249
sap-49,0.0190218600230909,6.44763541087741,-2.37708460342584
scd-1,0.0179494873652605,4.38328826291898,3.43185064845053
scl-27,0.0030780369595682,4.00876449184175,7.31888858582866
scpl-1,0.00427322433585519,4.88557364759324,4.16932200474498
scrm-1,0.0206867779772044,4.71282640888738,-3.29419112578495
sdz-13,0.0312404996178433,3.70635591624589,5.15862186339797
sdz-7,0.0000641136003231206,4.01508265591902,7.32422484150079
sea-1,0.039989677594392,7.57986144346663,-2.19272158222954
sec-8,0.0000130293507238023,4.79402697616281,6.92386480479205
sedl-1,0.00000435780323428107,4.63061292214535,8.03667490472697
sem-2,0.00177985857046688,4.31758408992861,4.91927428326006
set-10,0.00335579986790259,4.36825669808651,5.0405287805235
set-12,0.0382534135382551,3.29500095361666,3.9190497633281
set-13,0.00402303112326818,3.18464287702153,6.25301316141233
sfxn-2,0.000402686561923227,3.71626343267449,6.95861819876182
shc-2,0.00243139637348678,3.83136732208305,5.41296198666038
sin-3,0.0452286705198618,5.38581962666074,2.22923214375404
skr-15,0.00896200281773071,7.83750548423175,-2.48702430095034
skr-3,0.0000277736481478746,4.3221100150876,7.68579245619125
skr-7,0.0178792936516565,9.72885917373341,-3.01384522082564
sma-1,0.00119221544414128,3.00034854500652,5.24261209195083
sma-3,0.012677731788087,2.69856263056964,5.50925845068181
sma-4,0.0146582720038253,2.94390815557571,5.89755510173075
smf-1,0.0000083737899629126,5.22010485547488,7.67862911649625
smg-1,0.0215234924141015,2.89756435816332,3.48367176319176
smg-5,0.000183062770199704,5.29622647846637,5.40549363529039
smgl-1,0.000115535818945017,4.20085578128997,6.67171770646455
smp-1,0.00000678004672166347,5.02598529795969,8.47378842339789
snap-1,0.0460843827718398,8.82039988340702,-1.72978754842035
snf-1,0.00111776637465404,4.78194766919346,4.68766843988854
snr-4,0.0265465527706262,9.28253527403702,-1.52114710340056
snr-5,0.013332392062339,9.57421924265409,-2.16136471159074
snr-7,0.0310183906654886,10.2295544375662,-1.98949982129999
snt-5,0.00749231414243151,2.92359198562198,5.86775554272503
spc-1,0.0434884956247192,3.28452954466941,2.92611834240135
spd-1,0.00257729611299154,3.64978505985475,6.87619122797503
spe-29,0.0325548853431911,4.61438804540048,-6.25858495739013
spe-5,0.000157505619735614,3.76466580064199,7.01888183987626
sphk-1,0.0009501858793867,3.87354396692097,6.03863090765561
spsb-1,0.0439794951887479,5.56292310489566,2.27655194425353
sqv-4,0.00611384728989617,3.31115772195401,6.42769863270857
sra-32,0.00612401869102352,4.11752659508816,7.44725032261972
srm-1,0.0192697921887679,3.84787224363263,7.1182197321857
srv-7,0.0027627489154134,3.35153861142501,6.48322953575818
srx-99,0.0396085185280046,3.77822502621853,-7.05037477632383
sto-1,0.00000689961353946432,4.94061198663788,8.38100045335763
strd-1,0.0123114379229907,7.6763108543493,-2.65395861107957
sup-37,0.0165021572287676,2.63761002407505,5.40282923605156
swd-2.1,0.042689907659447,9.26225427224979,-2.01903282939522
symk-1,0.00176309683799691,4.71063607806638,4.12037875418452
syn-16,2.92838190237955e-8,6.03138625805828,9.54384121639284
sys-1,0.000212419321220463,4.03819902327091,6.4110623686208
syx-3,0.0000977228451352144,5.00492614788415,7.03452169139422
syx-7,0.00000701835430164061,5.63532284544779,7.03468293728045
T01C3.2,0.0252246939959687,8.76452413825873,-1.72202921005263
T01G1.2,0.0383778529800782,2.69092157342094,5.49917204999797
T01G5.7,6.46795288801926e-7,5.89704484238747,8.07264005001746
T01H3.5,0.0123472529292541,3.36178445359252,6.49718983648834
T02G5.11,0.00902036981948965,8.07229420324937,-1.96546263728414
T02G5.12,0.0446415607831691,6.56185474428131,2.82452701420779
T02H6.11,0.00302685876709107,9.74329973601063,-2.48852065287748
T03D8.2,0.00043957200421848,3.77922706518808,7.03622879993954
T03F1.12,0.0125082736141415,6.68320620524422,3.92554853269665
T03F1.6,0.0127966427761596,3.65162149880646,4.71570268167478
T03F1.7,1.77365647918364e-7,6.00353490942638,7.86078434546731
T04A8.11,0.00651758273405273,6.20697484789575,3.9044330007206
T04C4.1,0.00730229176233738,3.4412903834575,4.96669389126909
T04G9.4,0.0350601293056851,2.48458906187706,5.12916628579952
T05B9.1,0.0410350285833237,9.82903955404835,-1.38861657602766
T05E11.9,0.00228181037726921,3.47190358230578,5.38809982339453
T05F1.13,0.00022724248879923,5.72185580866756,6.29335600946561
T05H10.6,0.0196214604229996,9.53073074657057,-1.8831852141687
T05H4.10,0.0437089513021255,8.20018035538252,-1.93141515646136
T07A9.12,0.000189895306253133,4.29695477254212,7.65536863530748
T07C4.3,0.0255002651899459,7.41743987602958,-1.77934052655663
T09A5.4,0.0000108644363241837,4.63216348758078,8.03867359521454
T09A5.7,0.0238047616889176,9.6112491766735,-2.14909868372068
T09B4.8,0.000640181053781333,4.02970561533929,6.57299913622316
T10B11.7,0.0184671489769859,4.54138148873876,3.25175834152338
T10B11.8,0.00000817055164459691,6.38306896338352,5.60117939837412
T10C6.10,1.11402118814074e-9,6.47658794743736,10.0056857909937
T10C6.5,0.0382676799507607,9.22736639843113,-1.50497427596536
T10C6.8,0.0135518447659231,3.26479294484983,4.42782276976938
T11B7.1,0.0215288781168094,8.54108570525638,-4.64173443347047
T12D8.10,0.00571340476139794,7.85794950264878,-3.62077734508475
T12E12.3,0.0375649350140575,3.67921096996128,3.77113830232518
T12G3.4,0.042637296560189,2.78602555796702,5.65581830211528
T13C2.6,0.0466126036389513,8.75154492313099,-1.33987111624864
T13C2.7,0.00429873180959967,3.67838675094528,6.9088651261049
T13C5.6,0.000178806201935243,4.46249388429253,6.30354791168457
T13F2.2,0.0383067042878152,9.13346023380234,-1.60580411384348
T13G4.2,0.00281090713975091,3.80687235611539,7.06972629351515
T13H5.6,0.000136908865381001,3.9735851121643,7.27369062381531
T14B4.8,0.0000740611480164188,4.42615180566009,7.8049690023316
T14G11.1,0.0451459842782516,2.99046218479301,5.10510815825122
T17A3.2,0.00366980113228222,3.24727479511902,6.33803415306977
T19B4.1,0.0000988510558425909,4.36768660424624,7.13117230293828
T19C3.4,0.0375214144040804,3.11555023562016,3.06395502438086
T19H12.2,0.0376536796633999,8.92883592869854,-1.47489730753867
T20B12.1,0.00109260067595406,5.37781334492529,4.27013870850197
T20F5.3,0.000346349431187492,3.43186971026735,6.59074026254748
T20F7.1,0.0000760214798941004,4.85649248493598,5.87878445168592
T21B10.1,4.68034011585157e-8,5.81699706929592,9.31933348250083
T21C12.8,0.00903072660479841,3.76205475726248,5.64909425977269
T21C9.13,1.13325427836695e-7,9.48769707952165,6.73891478217629
T21C9.16,0.0115500901050465,2.73574983845378,5.56981213506202
T22C8.4,0.00867949181050933,2.73490439531232,5.5672362758764
T22D1.11,0.033810991106323,3.5842159141672,5.60025913975474
T22D1.17,0.00522452090864676,3.08860898272402,4.3667992085063
T22D1.3,0.0313717669840239,8.66529837438935,-2.41634427523094
T22F3.2,0.0416008282599278,7.69864476826412,-1.49972296342879
T22G5.3,0.0000132008714908994,4.76155647358702,8.18287325579197
T23B12.2,0.000332309577778232,5.76320549671556,5.22734458452725
T23C6.4,0.00452710014066416,2.95344491249484,5.91331871115895
T23F11.4,0.000888194601345346,5.77681978440976,3.89131177850734
T23G11.1,0.0202131593128412,3.10536255413559,6.13731164181763
T24B1.1,0.00273167464055466,6.12969079709093,3.19382034805631
T24C2.2,0.0174421536600916,7.86804214735619,-3.24647441862641
T24C4.5,0.0206098987295917,2.71112722298971,5.52637747674311
T24E12.1,0.00000991015791783715,4.82789385294538,7.0975523139817
T24H7.2,0.0467265063691004,8.18577019942077,-1.40465276776677
T25D3.2,0.0353016473337711,7.8455734973731,-1.54779740750378
T25E12.6,0.00246083325614657,4.78448433380367,3.92824441012821
T26A5.4,0.00653296527113671,4.53320959961344,3.75107964271895
T26A5.6,0.00505314142505737,7.20764218540987,3.53668649349437
T26G10.1,0.0000835428838415656,5.481869456392,5.18686625464258
T27A3.1,0.00000341682429717297,5.15706009988593,6.99037872205005
T27A8.2,0.0096674140877705,8.42331142674567,-3.50148588893147
T27F7.1,0.0248800502171169,10.3331172520245,-2.35403277113579
T28D9.1,0.0199391387897425,9.21784763263647,-1.57399467553503
T28F12.1,0.0157202315822927,3.74626322012951,3.20714913246494
T28F4.4,0.000761469338615314,4.01915224595149,5.71409117673078
taf-6.1,0.0334341856669757,7.0935759627728,-2.47952897484799
tag-117,0.00524036677358723,3.30472195297291,6.41921286883783
tag-123,0.0436967877991314,6.28390348150825,2.60356157106775
tag-170,0.0331479302384815,9.51047990117101,-1.5375727125245
tag-218,0.000854521278131955,3.16829728707822,6.22973423621547
tag-231,0.00113352444890299,3.5561804708884,6.75537841718308
tag-264,8.06942455850161e-7,6.53881009005243,6.69621526634584
tag-51,0.0304816036800347,5.38897101844601,-6.04659371365805
tag-60,0.00593340710554568,3.09495410886207,6.12503211226017
tag-72,0.0302169903732381,6.42765546366535,-2.92572849558582
tag-97,0.0246665828813758,2.8438000442347,5.74278349155488
tap-1,0.0111479991531155,2.70054028355173,5.51070937766305
tars-1,0.00239063333340694,8.37871689652437,-2.2320155203721
tax-6,0.00796668809948434,2.86036074499618,5.77313777393482
tba-2,0.0152777583538457,9.41778906107139,-1.60213271334552
tbc-6,0.000133756359471276,4.9548553902496,8.3970491833073
tbck-1,0.000189516247090617,3.98053878652628,7.28333725923685
tbx-36,0.000495815046686479,6.59347881038258,5.00122059520977
tbx-9,0.014834340906221,6.53963199561323,2.82447041571048
tct-1,0.0204369277950044,10.6911618556109,-1.62997731588852
teg-1,0.0472586622351548,4.74809529544202,2.57289540306445
tlf-1,0.000966225876479217,5.13198775011765,4.21382319404608
tom-1,0.0225386690121561,2.47226992894013,5.1028587462578
tomm-22,0.0375732498208967,8.61839899014315,-1.79326181892094
tomm-7,0.014716423623369,8.21710942569167,-3.4438944133812
tpa-1,0.0303197301953185,2.39963002362258,4.96635395567108
trm-1,0.0000677610885960671,5.93723612776178,4.88349974190801
trxr-2,0.00000389254424325564,5.78041810975932,7.21754546836936
tsp-9,0.0144706610951117,3.28612103756859,6.39733011361287
ttx-7,0.00332160624172852,6.86506144016142,3.89980309986247
tub-2,0.00516263421893141,2.67519786920629,5.46785049962981
uba-2,0.0420616875735746,2.62353759311478,4.16328732286031
ubc-18,0.0196951091387865,9.39864787533336,-1.55085535257766
ubc-20,0.0245230402740275,9.57347077812966,-1.55079372686097
ubc-9,0.0332270681862015,10.1363213555925,-2.14930854053347
ubh-1,0.0000144767626165734,4.45688107566807,7.84030675633544
ubl-1,0.0412894675435844,6.87768940354606,-2.50043917246891
ubl-5,0.0321265396146806,8.9130640608834,-2.20614386761567
ubq-1,0.0455504648979844,9.46743150872007,-1.40717095750995
ubq-2,0.00993188364206271,8.57908494144239,-2.41843467469007
ufd-2,0.0267326739589868,7.83840322409544,-2.08278106643378
ugt-58,0.00423707674115974,5.0982216043345,4.06573427334731
uig-1,0.00955803737820641,2.87556552396957,3.95747086490783
ulp-3,0.0382008855884302,7.6576946451111,-3.09629813288738
unc-5,0.00865177423691879,3.33925587152009,6.467457827183
unc-50,0.00116427927875297,3.57719391224612,5.71680577888066
unc-59,0.0399535752587275,8.56084512864135,-1.53430809649693
unc-62,0.00110478241797537,5.22382885064388,4.32332486115418
unc-78,0.000344104032652374,4.9083386692009,5.88999647196575
unc-85,0.0180835465454738,8.56385058072737,-2.20429306509049
ung-1,0.0250081855543919,5.80879804755766,3.05882713332047
usp-46,0.04144956977057,5.18114171219415,2.81871634391166
utx-1,0.0356657693750581,4.25686411080286,3.06640103599073
vang-1,0.000369029890122673,4.60571718449253,5.81978320820979
vav-1,0.0249630240987349,2.55296741718947,4.80372760909191
vet-1,0.0328395513665239,4.27784837433523,4.36605877029236
vet-2,0.0487899701036463,5.19532297997936,2.5119877745815
vet-6,0.0018446977110437,6.43852458281529,-8.96059044079905
VF13D12L.3,0.0450000117208239,6.4411603477135,-3.02313674577214
vha-10,0.0402282527341691,8.92026597249184,-1.49823368581946
vha-3,0.0277035731611109,7.58837621140682,-2.34534042649105
vhp-1,0.00444311124194472,4.24362054825891,3.77906549524138
vps-2,0.00154115542212554,8.48670756011831,-2.98063216175099
vps-51,0.00336425374543898,6.58290349376672,4.03976734956188
vps-52,0.0383688805410987,4.95310464427738,3.26802990966802
vps-53,0.0394808521207627,4.44743012494517,2.80390018917146
vps-54,0.0000178505445113659,4.88505072749234,6.99020045602189
vrk-1,0.0040210030768158,8.63908441719618,-1.88102756726229
vti-1,0.00156436881994561,3.64513461412631,5.77593672198224
W01A11.2,0.00291437662809799,4.89607207314589,4.62785407107622
W01C8.13,0.027970532321621,4.06109803082986,-7.38951641326578
W01D2.1,0.0151870662381436,7.98395193819488,-2.42524798670711
W02B12.11,0.0217613537015072,3.68492851188808,3.29413500031878
W02B8.2,0.0268415519177374,3.7717720324859,2.98879477525603
W02D9.2,0.0150710953979633,9.36593949498007,-2.24391920212606
W03A5.2,0.0141757374591225,2.73474452037446,5.56722671389573
W03A5.4,0.0291841480953376,4.51956355085553,3.08363457572789
W03F8.3,0.000654830520491005,3.66425253894652,6.89128706566766
W04A8.2,0.0124160175994227,3.34595031447816,6.47753622226596
W04C9.2,0.0286226682924386,8.50320023268305,-1.83287938637566
W06A7.4,0.000488435225570139,4.08108802119774,7.40240890037036
W06B4.2,0.0375360363957364,4.7052216005288,3.3176620105468
W06H8.2,0.0207550924086703,3.31849583084338,6.43621715690019
W07A8.2,0.00332227070972946,8.07512968308779,-2.96301866892331
W07E6.5,0.00123631837452584,4.21495577073702,7.56209632677882
W08A12.2,0.0132287866681569,2.7553498691861,5.60435386013895
W08E12.1,0.0003989346652067,4.25329175090471,6.4343605669011
W08F4.3,0.00474306397452029,9.4425487939553,-2.14009191587964
W08G11.3,0.0012519430660793,3.67224186448952,5.10500166656497
W08G11.6,0.00389568688395806,4.97208389808296,-8.42215379017127
W09G3.8,0.0403376607138569,3.68734944475588,2.62419191281212
W10D9.3,0.000207637147092853,3.89465737352418,7.17805322783495
wars-2,0.017852530271627,5.44954428987532,3.32423266741882
WBGene00206487,0.0003224381416505,3.73249646518673,6.97819474106375
WBGene00219313,0.000584661036673837,5.75521004821109,3.94554036268102
WBGene00220040,0.047442100029334,2.85270494345614,3.42731644167289
WBGene00235256,0.0321669870877355,6.06051761226453,-3.19473178893719
WBGene00235267,0.0399217796452702,2.44722777508442,5.05691043684311
WBGene00235325,0.0205691936531308,2.38636733767407,4.93515949519577
wdr-5.3,0.0499942201215341,6.08797019975195,2.92817077067056
wip-1,0.0176203162923266,7.9177479249628,-2.35688045702765
xpg-1,0.0401957147130801,7.88122907453053,-2.28504327951531
Y102A11A.6,0.0112127563576291,3.4967146097943,6.67938587327668
Y102A11A.8,0.00949927972757745,3.03307654662062,4.84479477498919
Y105E8A.14,0.00511486046332346,3.27387946200954,6.37926167863019
Y105E8A.20,0.00216295287319538,4.01392812400147,4.80134753212766
Y105E8B.5,3.57090930710287e-9,6.25798455952428,9.77957184383697
Y106G6D.2,0.000673422698383725,5.95155488181728,-7.77051159295905
Y106G6D.5,0.00479665236308941,3.36438929019745,6.49822212760118
Y106G6D.6,0.000104256673678181,4.23797526152083,6.17634448848819
Y106G6D.7,0.000418869507385231,4.16683026445879,5.42751708879913
Y108G3AL.3,0.0382384372589828,3.79747871667522,-7.07132235767367
Y110A2AL.13,0.00157353174535755,3.40833348333914,6.55843938174952
Y110A7A.15,0.0133844896371802,8.30537179919016,2.45249033291609
Y110A7A.7,0.000238484940606743,4.10101930090535,7.42706227447818
Y111B2A.2,0.0152164547122173,8.33101209282473,-2.10960120204238
Y111B2A.24,0.00111528119981913,3.32503358903209,6.44624630342037
Y113G7B.24,0.0363850401225915,9.10998065611642,-1.84701689282532
Y116A8C.26,0.00105684459646332,6.13857989673892,4.42236879555961
Y116A8C.27,0.00000371874259803974,6.04233285786366,7.21622345563048
Y119C1A.1,0.00110444805009398,5.22832965259066,4.63234072251242
Y17D7C.3,0.00017163186696138,5.0015928811629,8.44674835816027
Y17G7B.18,0.00429154268609966,4.9206784635728,3.57162794161464
Y17G9B.2,0.00358275333798111,3.27746223470791,6.38251499026998
Y17G9B.4,0.0122778767248283,3.54655332327548,5.23379998303902
Y17G9B.8,0.0123192148095949,3.44927378396874,6.61290916050766
Y17G9B.9,0.0122882587805405,6.49547115572093,3.68422535041837
Y23H5B.8,0.00641144115782169,3.71560855506463,6.95550468495862
Y25C1A.6,0.028299468274672,3.67202134109365,-5.70558366730059
Y32G9A.10,0.0303526446851399,2.85013708181842,5.75532700051728
Y32H12A.4,0.0211194334601165,9.01278526518381,-1.5962916370625
Y34B4A.2,0.0218380376361323,5.07845666626248,2.96404695790202
Y34B4A.8,0.00223013358032182,4.25561238312693,4.46884395443924
Y37A1A.4,7.38880883653185e-8,6.98059293514011,8.06013326386215
Y37D8A.2,0.0102672090964302,3.33773057392575,5.23642107262715
Y37D8A.25,0.009502931948398,4.73415627466482,3.37482534671722
Y37E11B.1,0.0335441009213484,3.46693752070907,6.63649373547047
Y37E11B.2,0.000504827889283286,4.37604217922758,7.74708390710346
Y37E3.10,0.0171020867717326,7.0288979899989,-2.30658795488778
Y37E3.11,0.00167903321672245,6.52743260373637,3.95035819763078
Y37H2A.12,0.0000180143725319096,4.50404020801413,7.89354267942856
Y37H9A.1,0.00772783475748465,4.11296021516507,3.52433228706427
Y38C1AA.12,0.0221902933007113,3.54158346354525,2.94983411233486
Y38C1AA.14,1.74052795166855e-7,5.81500863255052,9.31717511152756
Y38E10A.3,0.0236798028610179,4.13017633433274,4.85785278753995
Y38F1A.2,0.00325730092704481,4.69641320293601,4.46579862026012
Y38F1A.6,0.0334318551884231,2.81974383323887,4.5595789358849
Y38F2AR.5,0.0276249933465548,2.40843534508703,4.21514332439589
Y39A1A.20,0.000447503194691836,3.54812055272703,6.74294328675072
Y39A1A.21,0.01409926073745,7.99550336554503,-3.00907742769472
Y39A1A.24,0.0467758178960346,5.61863508720846,2.62305477544047
Y39A3CL.3,0.0409326566835551,7.86136373889225,-3.06257031115689
Y39A3CL.4,0.0244790653044023,4.8636833706643,3.35127748255355
Y39B6A.33,0.0473958545818194,5.50307890930105,-3.08735519097462
Y39B6A.36,0.0411335137750817,8.44711440520246,-1.82040311260734
Y39B6A.43,0.0457701130359393,3.70276431854336,3.70808293236912
Y40B1A.1,0.0181804249082555,10.2873156007213,-2.73431269146187
Y40B1B.7,0.0334438300946301,8.07649395895851,-1.93679258900703
Y43B11AR.1,0.0258216803217993,2.79569164763601,5.67214313667196
Y43B11AR.3,0.024195297253892,2.95624667971593,5.91841282028354
Y43F8B.2,0.00142517458772428,4.47230880555224,6.04317304491592
Y45G5AM.3,0.0265569861341528,2.40164374926476,4.96630766664322
Y45G5AM.6,0.0116361358559356,5.72277042804498,-6.911795031753
Y46G5A.15,0.00915285411380586,2.71278150409074,5.53025936092669
Y46G5A.34,0.00106372382579284,3.46531835804194,6.63566368106451
Y46G5A.35,0.00495038775315377,5.04271152932852,4.01627176790753
Y46G5A.7,0.0286828799216275,3.71904684723457,5.43247664255569
Y46G5A.8,4.23293318990204e-11,6.85099049186404,10.3904771685297
Y46H3A.7,0.0118785514910622,4.89081373492576,4.32632131448886
Y47D3A.1,0.00840080090635787,3.38688211160075,5.72695777501049
Y47D3A.14,0.000429556939107502,4.17670082670026,6.13443507286237
Y47D3A.22,0.0477963051258688,2.38992405990329,4.9475785906872
Y47D3B.6,0.00134969752094352,7.03173781218659,-6.93437537587886
Y47G6A.3,0.00183208773473918,5.83732544735036,-6.266874445179
Y47G7B.2,0.0100879558936504,3.10142833951465,6.13689625465703
Y47H9C.8,0.0236025590417154,8.08904208476533,-1.89415939349209
Y48A6C.2,0.0288749867089631,4.26595098698623,-3.79737917564208
Y48B6A.13,0.00000475783774382097,4.91041810199599,8.34731158742155
Y48B6A.16,0.0284126961044279,4.05781041040648,-7.38764035365287
Y48C3A.3,0.0178871908760436,2.96940008000869,5.93668120317001
Y48C3A.8,0.0465218062761334,5.70423112703782,-3.66842385747546
Y48E1B.14,0.036005524044969,4.54236334987485,-2.6620500107149
Y48G10A.1,0.00718723501394605,5.92959745008836,3.18708127773294
Y48G1A.1,0.0297303700880463,2.52417771394974,4.57981106757032
Y48G1BM.1,0.0154267828492851,2.50598262319094,5.16653455970774
Y48G8AL.1,0.0464896049029073,4.28910326012548,2.84744684651043
Y48G8AL.10,0.0486769501726754,6.812702595669,-2.46346439343674
Y48G8AL.15,0.000717212626390085,3.48260288626972,6.65825869423488
Y48G9A.9,0.0395231678338944,2.95254008725082,4.03755918827598
Y49A3A.1,0.00181513726506311,4.60871889096323,5.33732857362519
Y49E10.21,0.000145411236769149,3.941117032742,7.23427176064531
Y4C6B.5,0.0000423420348143538,5.06185678377513,5.74221493440502
Y50D4A.2,0.0465638738618566,8.15286184620108,-1.4127053201759
Y50D4A.4,0.000069592226206463,4.00862931470945,7.31623045345915
Y50D7A.10,0.0317000290157699,9.20333006143466,-3.1884414143577
Y51F10.2,0.0059618132251811,10.951384890449,-1.78862919798487
Y52B11A.8,0.0396617129250646,8.78284533778511,-1.5653093450441
Y52E8A.3,0.0126246203319276,4.79612225045892,-8.2288008825967
Y53C10A.5,0.00094441808265817,3.94811832164584,7.24273909908253
Y53C12A.3,0.00370171281302926,6.54930082459183,4.35074483000431
Y53F4B.39,0.0466984444071039,3.87339659296913,3.07651702104827
Y53G8AM.8,0.0175925699069335,2.82082897061407,5.70474526216464
Y53G8AR.8,0.000936606560907335,3.64697015018558,6.87194130129935
Y53G8AR.9,0.000063013428031063,4.33190444263536,6.46356169972812
Y53H1A.2,1.11105471061923e-7,7.28931574055591,7.67509452831567
Y54F10AM.11,3.31236540261664e-7,5.52023163916748,9.00578177601589
Y54G11A.3,0.0414284917738926,8.19616413313075,-1.49521573699295
Y54G2A.11,0.0283272380832367,2.8914718803697,5.81801008602647
Y54G2A.18,0.017639551278665,8.2873328503343,-1.63765829736295
Y54G2A.19,0.000141578681119823,3.98908641743693,7.29280301308972
Y54G2A.26,0.00367714612776464,5.79386098510288,3.32820381751922
Y55F3BL.1,0.0420785855452285,2.51979770677902,5.19381935997094
Y55F3C.9,0.00429816489560071,3.75062767304819,5.64733889649481
Y56A3A.19,0.0111980796413436,7.01618028163383,2.57048657804919
Y56A3A.36,0.00326076448030179,2.88829697003081,5.81429538559122
Y57A10A.1,0.000724907899241755,3.27390740955376,6.37781424042129
Y57A10A.2,0.00011178123486998,4.31503041083971,6.49380363129771
Y57A10A.23,0.0000204082271190932,4.48435805774575,7.87158108269997
Y57A10A.3,0.000362513902621866,3.96817329720936,7.26772438195216
Y57A10B.6,0.0003032422533119,4.25480591173145,5.68525729896035
Y57G11C.14,0.000437404473604473,3.82246744533686,7.09052192417235
Y57G11C.3,0.0414127596644823,8.61193925291381,-1.48666600443604
Y57G11C.36,0.0000117467902583188,4.39994591154171,7.77522610494657
Y57G11C.8,0.00112075916817904,3.73748631445832,6.98521976714371
Y58A7A.2,0.00976974292614202,2.87246669892421,5.78850589856092
Y59A8B.12,0.0000461604009452764,6.26019611568042,6.32576221843402
Y5F2A.4,0.00644277583102187,6.48905042940047,3.25465033354071
Y60A3A.8,0.00782881091112001,3.09945024051302,6.13371619577426
Y60A3A.9,0.000529690816783403,7.57242050791607,3.40458259908001
Y60A9.3,0.0309476809456255,3.20693678299216,6.28763724368739
Y62E10A.13,0.000070299390877794,4.0515005656645,7.36831732634022
Y62E10A.14,0.0000057297545817383,6.82621949137492,5.98067854620071
Y65B4BL.3,0.0206800383477056,5.30778841786325,3.0904874423596
Y65B4BR.5,0.00473540938351245,9.26415002168603,-1.86479217259426
Y66D12A.10,0.0317876958728958,7.96861005001605,-1.74978987228625
Y66D12A.24,0.0212302565757281,2.62884651089419,5.38716155681744
Y66D12A.6,0.000309737538250989,3.62895613986504,6.84675544898824
Y67D2.3,0.00436675104700992,8.89005754714966,-2.25088157319976
Y67D8A.2,0.0239432326632505,6.72494585015683,3.59510236659237
Y67D8C.9,0.0320946715578281,2.72678626400646,4.71699729320587
Y67H2A.5,0.0268550391348069,9.29883969952685,-1.59002864809139
Y69A2AR.1,0.0451626704038208,7.33320851797669,-2.14930215218211
Y69A2AR.21,0.0223611785798753,8.72477846413559,-1.95580302599549
Y69A2AR.28,0.0376205428605305,7.61232379880451,-1.98491301537909
Y6B3B.5,0.0452888151013181,3.4245264942687,3.61764034384217
Y71A12B.14,0.0425318492628657,2.54674559033728,5.24419617024981
Y71F9AL.6,0.0073491729503202,3.93236374325012,5.06231709849781
Y71F9AR.4,0.000216656413398556,3.63658364548139,6.85659221589129
Y71F9B.13,0.00634765021104825,3.4201073302913,6.57385189840684
Y71H2AM.2,0.0106610226935975,2.90920209347561,5.84903110077704
Y71H2AM.3,0.0368923485099254,4.08828816854134,3.26196229653811
Y71H2AM.6,0.00000532721985164238,5.47332102467526,7.04003219449938
Y73B6BL.27,0.00106791741040771,6.24016523053519,4.25446819326343
Y75B12B.1,0.0259375449845888,2.65278301481685,5.42723213791817
Y75B8A.13,0.00778030882412997,2.74787798800566,5.59024276195847
Y76A2B.4,0.0404616089095168,6.06542438404727,3.10486014555906
Y77E11A.6,0.00000123495227056003,5.1563094805736,8.61534802401951
Y7A9D.1,0.0370250638544453,6.81668399590754,-3.63825038526858
Y80D3A.9,0.0193920122018019,4.72467227704763,3.78871213822964
Y82E9BR.14,0.0209886151827918,6.62558695898027,3.0927843675441
Y82E9BR.2,0.0415041939125839,2.731381541192,4.60301513644767
Y82E9BR.3,0.032539602396346,11.1344155570196,-1.63108114899767
Y87G2A.17,0.012728472443427,3.85337200746012,-5.37420301583184
Y87G2A.2,0.0446934408555942,2.45727333348686,5.07348084239041
Y92H12BL.5,0.000369584950262302,4.6359145852528,8.04240702899364
Y94H6A.12,0.00135403731361864,3.77635123620722,7.03186888742326
Y94H6A.3,0.0152307156567524,7.95665989860248,-2.00232300779585
Y97E10AL.2,0.0374690396899265,9.18809806133019,-1.33224117632879
Y97E10AL.3,0.00344647704498475,6.28419446812357,4.27119892768446
Y9C12A.1,0.0424111711048142,2.51571046217413,5.18394979745015
ZC21.10,0.00073712711336036,4.03999905407929,7.35427387186636
ZC250.2,0.0445433882538827,2.52970860721729,5.21508726924343
ZC376.4,0.00000736357057505098,5.47983536651983,6.95681618465612
ZC395.10,0.0126562238590543,10.7345672158867,-2.05521338276023
ZC416.2,0.0286251849986227,2.53186446947307,5.21297731429678
ZC53.1,0.0431463591948954,3.17441542305535,6.24077184765685
zfp-2,0.0417723358340503,8.87674303749962,-1.67369800326472
zim-2,0.0100300281033512,6.1939912988287,3.45591151443939
zim-3,0.0293129847370192,5.76804955561043,3.34578591966212
zip-4,0.0478249976181308,9.08118796837543,-2.04338861027793
ZK1010.10,0.008561088897389,5.55891707088725,3.85095897326302
ZK1010.2,0.0133505724972175,8.25085681789252,-2.133220836081
ZK1058.3,0.000235472189483801,4.07591614528914,6.3684101831733
ZK1058.5,0.00591953298583436,4.23655554705513,4.68092655814416
ZK1098.3,0.000877277625823849,3.43409138772819,6.59269012177622
ZK1098.4,4.73775174561553e-8,6.30636830328177,8.0781051482938
ZK1307.1,0.0456629077029584,2.55011264048779,5.24714222500284
ZK131.11,0.00868061064593158,3.27699833016776,4.54494332443506
ZK1320.7,0.00271497043130521,6.25096399668736,4.21895659218668
ZK154.4,0.000505740783303285,4.46934644046235,5.96466838784337
ZK177.4,0.0358967950840936,7.61414879671009,-2.12413599768092
ZK185.1,0.000492442718390884,3.49780199129317,6.67725601266449
ZK265.6,0.0167648808868529,9.0297404036094,-1.81539341593758
ZK380.t2,0.00000100896625438202,8.90501039450572,-6.52910741798529
ZK512.1,0.0106782013517418,3.202696486952,6.28069517131852
ZK512.16,0.0487079845868115,2.5202044653019,5.19759402680976
ZK616.3,0.0205691394935846,5.1145078602452,3.70292273663501
ZK637.2,0.0252923649908616,9.02354456505659,-1.96007405272343
ZK669.4,0.0143164987543934,8.62155206752236,-1.54021978188672
ZK673.5,4.39643028008341e-7,5.57970977217062,9.06888361325779
ZK673.6,0.00402998683037354,5.99253069055757,-8.86316435973724
ZK686.1,0.0342762148551225,7.10936347994549,2.48631215841609
ZK688.3,0.000186645564966257,6.39800579242991,5.85109474514061
ZK688.5,0.000137533970578771,4.98853065333405,5.37096122268755
ZK809.5,0.0169999779639519,5.73232757730105,2.98839635168951
ZK856.10,0.0199083333373456,6.18258212269232,3.20155150405112
ZK856.16,0.0105764681238514,6.21508349803319,4.02638927363422
ZK856.7,0.0270710670822818,2.77997474065092,5.6448947333031
ZK858.7,2.21218712540803e-9,6.96104623756085,8.34234018443461
ZK896.9,0.00796561401796882,2.90916231541813,5.84952422981294
ZK970.t1,0.0133754051552114,3.2451296866136,6.33919407014606
ztf-13,0.00234744489623708,3.47518410504355,6.6466148256044
ztf-27,0.0149205928710124,7.28517708971019,-4.18730653663238