aars-1,0.0000743769465387204,4.88695607640185,7.83887048146522
abi-1,0.021651385903995,7.8561517241552,2.05377332724961
acl-1,0.00411431235260398,4.57091877374932,7.89216062119091
acl-2,0.0000196075475077097,6.68784063745906,6.3098690361951
acs-11,0.000017031735540662,6.1177489579788,6.57881857992689
acs-19,0.0122473148849461,7.88303249329569,2.00690713437975
acs-4,0.0245958241046572,7.45372638270219,2.65557062016057
AH10.2,0.00802132132002074,5.82178470868282,-9.25177676612444
air-2,0.0132543348881449,8.15557619271528,-1.70885530036264
apc-16,0.00957696803842418,8.22062408064319,-2.01023866299201
arx-5,0.0458734224037026,5.08001382536278,3.45411475549242
asns-2,0.0481255323997194,4.28732027566283,-7.57314098215689
B0024.3,0.0489295524065557,4.08027605038733,7.32064918578267
B0035.12,0.0304688257638161,6.58773161967914,2.0557223616325
B0041.3,0.00280410963958801,3.74468650168745,6.91034443349299
B0205.8,0.0426596396376444,7.72727489250989,-1.75082792959261
B0250.4,0.044520129490236,4.80235568122856,-8.17150546775354
B0281.5,0.0172729987778118,8.1484163189994,-2.93251759086961
B0303.14,0.00000102842531608036,6.25691233018234,-8.09773897647966
B0410.3,0.0120792853343195,5.28574232881492,-8.68335708183708
B0491.7,0.0472902225691823,6.61526158037667,-4.14972568875002
B0495.9,0.0399762722385358,9.10001259656131,-1.33009262645664
bag-1,0.0138331297145497,8.33497178961215,-1.70037201016965
bath-2,0.0222494737420161,5.1867195148275,3.49931502427822
bath-21,0.0378506418515401,3.02286152731311,5.92264329622319
bath-29,0.00199388229801373,7.80768605197023,-2.81634642967851
bath-39,0.0110250093307841,5.23881831408827,5.97993789015363
bath-8,0.0445177382954278,4.10979426014926,-7.36472095819744
bcs-1,0.0216670152805906,6.92766062229937,2.97463653041189
ben-1,0.0149678938219904,4.20350565473445,5.7223596163206
bpl-1,0.00711041923087324,3.90227548064419,7.10664291777731
bre-3,0.0330629843801198,5.79425706287056,4.12689135893349
btb-11,0.000561421191387568,5.6975752935471,-9.12137838417146
btb-12,0.00361012630127402,5.08062904144859,-8.4619075152154
btb-6,0.0398138027529717,6.95701070628874,-1.81482441564555
bus-18,0.00108524671036992,6.13173678084005,-9.57576964559144
C01A2.4,0.0203040454733482,8.13576140462387,-2.24052312953064
C01G10.10,0.0000130204359671743,5.39153508946562,8.79334230931151
C01G10.7,0.0152748333445059,5.1251806079699,4.91748951942685
C01G6.3,0.0345760778942693,9.07037167360992,-1.38665110502036
C02B10.4,0.0176653724718425,9.8033206889021,-1.6838554175636
C02C6.3,0.0248682689129274,4.59765110421773,7.92258573157598
C04E6.11,0.000610291233192563,5.58929250926228,5.62733841931537
C05C10.3,0.0255102449320097,6.66289706721165,2.05060087974067
C05C8.6,0.0447389140614785,7.25023462576732,2.50867538729251
C05D11.13,0.0197488458830419,4.02938672356086,7.26093101190448
C05E11.3,0.000304756195713446,4.82114129518426,8.17262718344672
C05G5.3,0.0200157992968575,4.7157231795871,-8.07128839083408
C06A1.4,0.0136483768490988,6.30411988815515,2.96441261433684
C06A5.3,0.000329326995593686,7.32933487690942,3.02328036258194
C06A6.5,0.00126903394911837,4.14298101859224,7.39671020353976
C06A8.3,0.0294766986336239,7.54137129671935,-2.50086244424272
C06C3.7,0.0195474115783942,4.70119546997593,-8.0515169712856
C06E1.1,0.0000321686156464925,8.12499562020194,-4.35017060447773
C06E7.4,0.0461564243107911,3.92631197857248,6.38659750696145
C06G3.5,0.0224484047228898,3.36203583981166,6.40845407177056
C08F1.6,0.00937961814519603,5.15778680113896,-7.57001778996395
C09G5.7,0.0248939426385219,4.09246415472233,7.33760576770948
C13A10.1,0.0451388082468513,4.23534560170215,-7.50728059822258
C13A10.2,0.0408114946269605,6.6188597645135,-4.69858929405078
C13G5.2,0.0398713283074768,7.46113695645357,2.08765731107638
C14B1.2,0.0380243910962605,7.72031595787572,1.93815787645879
C14C11.2,0.000114114494610961,5.20511699881216,7.22185972279911
C15C7.7,0.00780068209755956,3.91809697370517,7.12613675902895
C16A11.2,0.0423533274483888,6.31356060484072,2.19175671247621
C16A3.4,0.0277435910013873,8.94263786144746,-1.66898673573943
C16C4.17,0.00179597902661527,6.90781820450448,-10.3796324664265
C16C8.14,0.00158659181446595,4.91573380338593,8.2773906580375
C16C8.20,0.0206912007984299,4.20881431856948,7.47519466873845
C17E4.2,0.0477151962902732,3.23316985897889,-6.24200353635869
C24G6.8,0.0341335783037663,6.78344615305018,2.0505632003425
C24H12.4,0.0377025678707172,5.39814760246452,2.7067089358639
C25A1.16,0.0410536565138049,8.36932446173606,-1.59559675016398
C25D7.10,0.0208949153867017,4.15439401683662,5.00009677153776
C25G4.3,0.000633485115245161,5.28579236583152,6.62431401885766
C25H3.17,0.0363559148915943,5.29174981475227,-6.54911635622251
C26E6.3,0.00108259374377919,4.74198067779887,7.2552510615792
C27F2.7,0.000338313677587751,5.19130922588102,6.25644140577095
C30H6.8,0.0190296899483821,4.98287816708907,4.93716313842287
C32D5.7,0.029406960218659,3.75656660878311,6.92470010355264
C33A11.2,0.0205599205242258,4.89386357784837,4.25865251410359
C33D9.10,0.0419382545690487,4.69290506057033,-8.0322940592434
C34B4.2,0.0000467106487104949,5.7402313522769,9.16395910602118
C34B7.1,0.00291172691488567,5.09703012239625,8.47608585589297
C34E10.8,0.0035203920978087,6.32946824725512,2.95965692708963
C34F6.5,0.0042545983239456,5.56082675722644,-8.97699287634092
C34G6.1,0.000496541494026471,5.13453511556482,5.95150284591004
C36A4.14,5.44413753994977e-7,6.67056383783078,-10.1338980686952
C37A2.7,0.00908593705266354,7.83789402830571,-2.6107164022222
C37E2.1,0.0331469613238398,7.43202939827022,-1.83073363802423
C37H5.6,0.0484684007267175,8.18178665182216,-1.27589620883996
C38D4.1,0.00309332840515293,5.00576173738812,6.17065309046036
C38D9.8,1.65804312224929e-7,6.96936211189282,-10.439610948806
C40A11.2,0.0324238402109701,5.29382329163458,-7.50185925810285
C42D8.1,0.0109543239284656,5.62234556262147,-9.04144131573317
C43D7.11,0.0393729479552524,4.20755786471483,-7.48787251342001
C43H6.1,0.0484598510916218,3.37422992557396,6.4257349376197
C45E1.4,0.0222902608094217,4.85156623585375,-8.20879301032962
C45G9.5,0.00164220917767144,6.17049854435418,4.98464655193095
C47E8.11,0.00567218911142962,6.04098036741574,-9.48089913381079
C48B4.6,0.0187118298702074,7.63563065974193,-2.73868522487754
C49C3.15,0.039857822284673,3.59531595749305,6.71946372908713
C50D2.9,0.00176072966041191,4.74988306551533,7.22797230665547
C50E3.13,0.0000102615102401124,6.09865064905134,6.87284906081573
C53C11.1,0.0301699393719974,4.95462158880204,-8.32295288839813
C54G4.5,0.00153323576914154,7.01111106518784,-10.4849822396816
C56A3.5,0.0205667569304487,8.85281351305852,-1.48738218674626
C56A3.6,0.010541068554505,4.57461717205529,5.47134303485975
C56C10.10,0.0025630783540682,4.03531287292366,7.26830444046704
C56G7.3,0.0325288199019214,4.37140781087822,4.87813210433737
cap-1,0.000130876512954443,6.93772272197104,4.8579434063362
car-1,0.00152384685410924,8.72013778354794,2.55524591920649
cav-1,0.00264722068375406,8.32503177952048,-2.41859965784492
cbd-1,0.00528743724976697,8.27196986699323,3.19353779151003
ccch-2,0.0000232175918914314,6.61135825314906,-7.96772452631959
cco-1,0.0460732920003542,8.91958058234767,-1.39783611220567
cct-7,0.0411983710816706,6.98743642033692,1.89446778338223
cdc-25.2,0.0236668732410009,7.65999098738371,-2.62227859033904
cdk-2,0.0311502621879634,4.53706823202635,-7.87629830062061
ced-6,0.0000821147684076892,5.51683301168583,6.40466417559019
ceh-31,0.0331186998670411,4.90607772606988,-8.27085314570657
ceh-5,0.0302779037942269,4.9496114367714,-8.31667779659816
cey-2,0.00640442353156921,9.99348144656827,1.81382567835992
cki-1,0.0492011028641395,4.06060916674322,7.2993341181102
clec-88,0.0234154243316426,11.3365657258819,-1.46206087905884
clk-2,0.00126016335816705,5.01478093672927,5.73802592557539
clpf-1,0.00540110498168521,4.53025497620646,5.03012857537468
cls-1,0.0493248315673464,3.10437561551317,4.97086301917685
col-84,0.00303598510358071,5.93912243078607,-7.24235149041773
cpar-1,0.00179947232235182,4.73666668334874,5.87245704528438
cpg-1,0.00146817885781704,9.19890478006168,2.11973423618035
cpg-2,0.00074845942435445,8.19150025812178,3.76085299819278
cpg-3,0.0000453893513426924,6.36395891191791,8.21807747293428
cpna-1,0.0454825204871191,3.62720738594734,6.75882140269316
ctb-1,0.0474208636833714,10.4427135605772,-1.43177212709452
cup-2,0.00557992512561963,8.94950793375694,-1.83683916799443
cyc-1,0.0281493168269726,7.87629134840451,-1.4630072195509
cyc-2.1,0.0232344446876703,9.56537075667916,-1.51570800423345
cyd-1,0.00888264659549115,3.38107542472003,6.4341523553402
cyn-16,0.0394681136586901,3.91366690027466,-5.64813195922412
cyn-6,0.0116024421371278,4.42547643741221,5.1857458721725
cyp-31A3,0.0000235457590123316,5.57184879923227,8.2911216713459
cyp-31A5,0.0460630823021981,5.54994629958988,3.4978259587525
D1005.t1,0.00499747572991952,5.57833839990286,-8.99443576402473
D1046.3,0.00988218424516814,6.46643917537654,3.77312876756327
D1054.1,0.012980736496179,7.73892908423693,-3.99829612250668
D1054.17,0.00505094399559923,5.04212865121218,-8.42922206181059
D1086.19,0.0391018303760658,4.76073655183958,-8.10886571355879
D2023.6,0.00474303294503074,7.44658291615467,3.12145813588999
D2092.4,0.00903374599932615,3.85961638139463,7.05333252923141
D2096.10,0.0186200177847214,5.44004251345673,8.84592072027717
dap-3,0.0134667657826732,3.64575140685125,5.90530571271039
dars-2,0.0000263988160301716,5.81321861886333,6.99766006808524
dcaf-1,0.0110786983606574,5.34735418782163,3.80790861784934
ddx-19,0.0312259843536812,7.24999457097188,-1.7975120198802
del-3,0.00148351475057585,6.89579916238217,-10.3635174915338
dep-1,0.0265389414185393,6.36590342595058,-4.79790088133692
dgn-1,0.0250164316224652,3.98869852741284,4.27037048879175
dlc-4,0.029862992869705,5.12051143010147,8.50176865541471
dnc-3,0.00983219683089934,8.62514210609446,-1.77420852289316
dnj-27,0.0399176361464139,6.4617853049869,2.39139466728692
dnj-4,0.00000348605072905561,6.03207501917631,7.8997472846379
dpf-4,0.0233927449516233,5.74205057651655,2.73196312730982
drsh-1,0.00321517145699553,5.40012598269828,4.65127934314712
dsh-1,0.0160188858586796,5.96831362700814,3.7210950432032
dss-1,0.0347016397377345,9.23364052448841,-1.46978724878346
E01G4.5,0.00156919661012251,8.12518686367153,-5.9383488129916
E01G4.7,0.00000543891306428314,6.96752496267074,-10.4374776235252
E02H1.2,1.12900843911228e-7,6.6913105105835,7.88326477989543
EEED8.12,0.0032926168644024,5.67237796395875,-4.02558700228463
EEED8.4,0.000175462775376649,6.41442911299328,-5.83944778712371
eef-1A.2,0.00226916745975179,8.05539395608821,-3.27610568161536
egg-1,0.000178726376635679,5.99905471917951,6.23818975515457
egg-2,0.000105228054271727,6.11689429038199,7.82076710530731
egl-21,0.0454230816697217,4.64046675882629,-7.97349177182813
ehs-1,0.0039166619268525,6.01387957903284,4.25236337813246
eif-3.F,0.00149903619055636,9.49241070747913,-2.33078320610919
elb-1,0.035081865472282,6.15298034990056,3.18856197473693
eng-1,0.000434997054852629,4.45937816940478,7.76519070322414
enol-1,0.00555974945272604,9.42635753050946,1.7857056418933
epg-2,0.0200418442174567,6.26801455594489,-4.76619304445019
eps-8,0.0107597948056322,4.05867515498117,7.29687557881815
eri-3,0.00444922553804334,5.96000104980765,4.07876101909435
esyt-2,0.0344993159894052,4.3469457046812,4.54273137507743
F01F1.3,0.0360358012485019,4.1099752410909,5.92482085738091
F01G4.4,0.000623124202905732,5.4011923153925,5.30010492312028
F02E11.4,0.00279299982537317,5.6901147474211,-9.11341032634099
F02H6.4,0.018083800128617,7.75951090189614,3.16518564227487
F07A11.2,0.0000352524083676181,5.45213259015637,7.95349992109378
F07F6.7,0.0377594833418918,4.78876387117682,-8.14000190741503
F07H5.13,0.0123352149660063,4.81819047263654,-6.92515420599736
F08B6.1,0.00967985038000782,4.33474348932475,7.622367623036
F08F8.7,0.0359539710885467,7.87030988745398,-2.42250821816722
F08G12.3,0.0429357474020993,4.90911793194749,3.23657024128787
F08G2.11,0.0396375526331229,4.74713386767804,-8.09373047322219
F08G2.8,0.0143161067126207,4.92005166369211,-8.28985977801615
F08H9.3,0.0016990780408765,6.79746140342606,-10.2627772559653
F09E5.14,0.0389518770391839,4.76147163659375,-8.10879271459926
F09E5.8,0.0155701645018019,5.69091879086286,4.16017783365515
F09F7.7,0.0428794801008604,5.44602378240049,-4.94059325727944
F09G8.7,0.028680873729034,3.06930553111914,5.99103280462775
F10E7.6,0.0388440818031268,8.10942923281122,-2.18008377662161
F10E9.7,0.00281547927734585,8.31933955595729,-1.94566626669695
F10G2.4,0.000653653141854173,8.37550936416183,-4.21740421615989
F10G8.6,0.00398641318979042,5.53148851734539,4.78253061740238
F10G8.9,0.00644950528435322,4.7893665901899,6.9156552109625
F12A10.8,0.00000239822455514621,5.6103288698734,8.55488092380265
F13E9.1,0.0311611887178218,7.15535722517549,2.16076846328922
F13G3.11,0.036832766781445,6.06830096286489,4.19840597049016
F13G3.6,0.0194038417802367,7.63035809169697,-4.20834455364745
F13H10.9,0.000262460512009653,6.71912642509326,-10.1862354067116
F14D2.16,0.00250230173197984,6.54575967531727,-10.004347112169
F14D7.17,0.0402045845410089,4.73010720126766,-8.07385237029608
F14D7.6,0.0106845262917861,5.63675390577872,-9.05669143288061
F14H3.5,0.000328328633391173,6.19441666199217,5.30724701660396
F15B10.3,0.00000246916588288649,6.14169740606621,-7.21500261779005
F16A11.2,0.0063425395666566,6.42448385072195,3.63769487391195
F16B12.7,0.0023624691920742,6.0255670098127,-9.47147091887008
F17H10.1,0.000433281980050954,5.89854680856452,5.1180499097642
F18E3.13,0.0279093566546059,4.32841393773426,-7.61970921353967
F21A3.5,0.0463742700348202,3.41945640949067,6.48569927679156
F21D5.4,0.0338523981345582,3.01714746296817,5.14051442131712
F21D9.6,0.00852819367025888,4.8164758555429,-8.17074579510956
F21F3.4,0.0100889797850045,4.45922300291439,7.76507342460514
F22D3.6,0.0406980514288502,5.73609468107279,-5.70736703754613
F22D6.15,0.0333076422990381,4.54145460019248,7.85964392067586
F22D6.8,0.00614463159148881,4.34197673850829,6.16139855168386
F22D6.9,0.00484028296601348,4.66499486359418,7.99751494590201
F22E10.6,0.0196870788205051,5.26954575061681,-8.66496750436355
F22F7.1,0.0251871746703336,6.02493924887105,3.34565878027052
F23C8.9,0.0226816931467262,7.33210601571184,-1.81817468544975
F23D12.4,0.0347778201809531,4.39429537479182,5.75138286099698
F23F1.10,0.0194774753594498,7.88844991218224,-2.02643189035441
F25B5.5,0.000679606475419644,4.7741420253285,7.46722812811908
F27C1.2,0.0379064063021517,8.53589386319867,-1.47628105275879
F28D1.2,0.0390776841771105,6.77243544370683,-3.08226345685081
F28H1.1,0.0381978430236525,5.83762278862691,-3.25047210053572
F28H6.8,0.00308366241262005,5.63643992422808,-9.05669103149899
F29A7.6,0.0278694426637107,7.44568863016843,-2.79423522758955
F29G9.7,0.0000139174423653751,8.1026383236062,-9.71952764147421
F30H5.4,0.0144899468363708,5.4535750329052,-8.86157122608041
F31A3.5,0.0295923277465428,6.32436559465726,-3.22571365303378
F31C3.4,0.0428391266829132,8.45477070065541,-1.37797978600155
F31D4.5,0.0457652721916876,5.4210846937608,-6.7148257723259
F31E8.4,0.000077259829850304,7.81422713354758,-4.54875139570247
F32A5.8,0.0445482289285454,3.37829340697392,6.43051791989946
F32A5.9,0.0025796683718461,4.48350208755446,7.79275369443119
F32D1.11,0.0189456830925577,5.42894495277091,8.83406238878475
F32D8.4,0.0299100931809896,4.26602109087458,3.97837549171162
F33D11.8,0.000915597399288823,6.56138734233686,-10.0247971596315
F33E11.2,0.00302415701432456,6.2815074000585,4.67527503233117
F33E2.5,0.000703265455581119,4.83573619474877,8.18862386008458
F34H10.3,0.00436932334136291,6.53307054711807,-6.88087635284074
F35C11.5,0.0460854901794709,7.53313664260499,1.92742485804525
F35D11.3,0.0168809144346938,3.69006855221102,6.21283611100099
F35D11.5,0.0468429170572408,6.3457312848774,2.91620854058083
F35H12.4,0.0104953251302536,5.42183502450039,4.10495456654099
F36F12.4,0.0492359820470508,4.24316795207136,-7.52201153762257
F36H12.2,0.00628169530899793,4.01287609488751,7.24109045446077
F36H5.10,0.018016951023397,5.33650711892286,-8.73690900986425
F38C2.7,0.000277819934694092,5.77288008821523,-7.94026953259655
F39E9.16,0.0379876911066324,4.7995111685089,-8.15324475072998
F39E9.20,0.0426372305300833,4.1700364479478,-7.45293090827153
F39E9.21,0.000236616522632978,6.20399724244792,-9.65512140490334
F40F4.7,0.0370560050706676,7.93779076792432,-1.75649200455041
F41E7.1,0.0463551581570589,4.62202503085961,-7.9537339702215
F42A10.5,0.0289306642423928,9.58236524700583,-1.3538732316495
F42C5.9,0.0135415850909312,3.74807571330079,6.91517057384331
F43C1.3,0.0000328382070348042,5.51226508290569,8.922524696419
F43D2.2,0.0303994067807034,4.27153066888804,6.21926564534589
F43G6.5,1.45140634841305e-7,7.38063711991811,-10.2614754697237
F44F1.4,0.000939148381443271,4.39988173738937,-7.70463012041481
F44F1.5,0.0100227382845205,4.7286939237548,-8.0770027205932
F45D3.1,0.0120690153417069,6.64073079942831,-4.5883953965576
F45G2.9,0.0246859953852598,6.60091598507986,-5.36896628836893
F46C3.7,0.0309286276657261,4.93428388574307,-8.3006342461463
F47G3.3,0.000452937917873005,5.08899492391065,6.83009426069788
F47G4.9,0.0457761095965579,4.78071194350255,-8.14774210403674
F48F5.6,0.0157726635208776,5.49894989260558,-8.92044719727101
F49D11.10,0.0215816986825169,4.05057801465543,4.67583459337624
F52A8.1,0.00699103165101673,9.52041319086533,-1.74694584215266
F52C9.1,0.0324298395628926,3.82702901501072,3.86287689378987
F52D2.7,0.00853607459335603,4.5212351885395,4.03560324850661
F52G3.4,0.0130150486576706,3.98552580167785,-4.85091873970774
F53F10.2,0.01483683068667,4.05312785720374,5.57327951313821
F53F10.8,0.0415929198030352,5.27676018020994,-5.10269448323696
F53F4.11,0.0250568398647661,8.44991970099957,-1.56773386587986
F53H2.4,0.0473880149108997,7.82077230394469,-1.84834934079461
F54B11.5,0.000135247857578519,5.80607503918366,9.23367771804095
F54E12.2,0.0000321275745840169,5.36457762571939,7.97240788754006
F55A12.2,0.0130243377118969,4.31486754122036,7.59746065366259
F55A4.8,0.0463835634898258,4.23917958375458,7.50875250355938
F55C9.14,0.0118455330298381,4.92861038010983,-8.29514816385096
F55G1.7,0.0218045253902052,3.94154396966877,5.4491210684651
F56A8.8,0.000721721838286394,8.29083385702034,-4.92384133093855
F56A8.9,0.028398165415686,4.08725500148478,7.32914686800756
F56B3.2,0.0195180736150694,3.8354350004767,7.02344790374932
F56B3.8,0.0257002697019248,5.68398896456396,3.38628633535214
F56C9.11,0.0000151075527077488,6.3783425010861,5.90207754715213
F56F4.8,0.0000109086372078712,6.54387918340493,-8.95872874055041
F56H6.2,0.00623567017381495,5.98144959656043,-9.41872003852977
F57B9.1,0.0123855028572957,4.34525557339668,7.6343867173894
F57C2.5,0.0036362278277896,7.88995048988297,-2.29949934478074
F57G9.3,0.000546115433987515,6.001473435961,-9.44542050188791
F58A6.5,0.00315146745653274,5.62351991578067,-9.04302529519295
F58G1.7,0.0188182525642668,4.46449702463999,-7.7791565919066
F58H1.3,0.0499777580860159,7.74066536629207,-1.77306802144191
F59A2.6,0.0213278282732573,3.30365712779714,5.57124732058547
F59B2.2,0.00376046242109191,6.29122892166163,4.83189320604901
F59C12.4,0.0236734289976384,9.77616743183014,-3.11223084085785
F59C6.10,0.00254626906930059,5.3684067662221,-8.77173395740882
F59C6.5,0.0116908819247208,9.53370969458473,-1.75751121048985
F59F4.3,0.0245431795843224,4.57455257919299,-7.89952928879004
fbp-1,0.000892218308425492,6.48082887999439,4.98135772405291
fbxa-101,0.00362495294500295,8.11137051532114,-2.22327162947448
fbxa-115,0.0114586171591848,5.0550464894573,8.42950360395052
fbxa-120,0.0348764687071732,3.56091714950857,5.91894585425395
fbxa-197,0.0133794834809486,3.96439124213774,7.18104310450379
fbxa-76,0.0448585660323854,3.47283452681487,6.55747592643595
fbxb-103,0.000075378690864142,6.70129147708801,-10.1646094207013
fbxb-104,0.0487055620532466,3.89935100613459,-7.10798165170072
fbxb-105,0.0434453637877723,4.6894701130197,-8.03081070281765
fbxb-11,0.0249482588079104,4.60001163709467,-7.93207034823894
fbxb-118,0.00899928662067969,5.16478063114634,-8.55288415523135
fbxb-119,0.00384518123018271,6.5964400750225,-8.69889965707489
fbxb-12,0.000451588815040913,5.81327387732095,-8.7500599075552
fbxb-15,0.0000836367287192646,7.91606630256941,-6.81670130048138
fbxb-17,0.00011527850963114,6.25105179733277,-7.87754131122565
fbxb-19,0.027988974791871,5.00721475837995,-8.38053053569516
fbxb-22,0.0249506718476704,4.57445396966002,-6.94284132798406
fbxb-24,0.010192191485165,4.88029571418615,-8.2425609087786
fbxb-3,0.00158461854401057,5.15758264860205,-8.54487359656845
fbxb-31,0.0101051671681583,4.95429366512482,-7.41476150620362
fbxb-36,0.0383243253519087,4.40015171308021,-7.70171021314434
fbxb-57,0.04394302022984,4.24676429047878,-7.52593484067477
fbxb-74,0.000815470375693973,5.67881480009821,-9.10232494044197
fbxb-75,0.0172913249285752,5.37416805393511,-8.77814376022971
fbxb-80,0.000138015341755776,6.84495009407223,-10.3119948870134
fbxb-85,0.0233513871864684,4.8040666203463,-8.15833005772826
fbxb-88,0.00941217978456557,5.04277346898557,-8.41916514910009
fbxb-91,0.000134939549866578,6.30792908144591,-9.75878345441558
fbxb-94,0.0202993431317105,4.10199295610089,-7.35527147485802
fbxb-95,0.0079434725890483,4.97459485340944,-8.34571221294096
fbxc-28,0.0126973077392392,5.24991909932569,-6.98816164594013
fbxc-30,0.017844754802062,5.34035088286301,-8.74103157872737
fbxc-32,0.0259849257298631,7.23173124630127,-2.35171129432764
fbxc-33,0.0420600456574664,3.51763905288219,6.6187542596252
flp-27,0.0122027019010255,5.54788561100437,-8.96248730659232
fos-1,0.0325438388716497,4.37392259405042,7.66572348929036
gck-3,0.0151687410131121,3.76932307169274,5.17822552669883
gei-4,0.00949834540857398,7.80298390395663,-1.79301598748798
gld-4,0.0358950952199704,6.88077586175191,-3.13517878323133
gln-5,0.00773678082671966,7.01366574304697,3.39825539542996
glna-3,0.00660687895463143,4.70473928756198,6.9758341306105
gly-10,0.0138197034463039,7.11243967343464,2.31880790572758
gob-1,0.00258373608501613,5.77048560384475,5.5773541685967
gpd-4,0.0356480215983302,6.79727193445293,1.83234434733045
H02I12.5,0.00544632152787039,6.22100809529381,4.0306092635264
H04D03.4,0.00380790898985601,5.05482846215199,-8.43409199139272
H06H21.11,0.0156245577966081,8.93258051015185,-2.14745189976818
H14A12.5,0.0111740064759279,4.34184165500081,7.6295869279219
H20J04.9,0.000466051421637705,4.7664035751729,8.11185679393684
H27M09.1,0.0140706619275251,7.32426499200794,-2.0193378082
H31G24.3,0.0349357861595298,4.04811724982765,6.31604262518036
H37A05.4,0.000346655657961636,5.89859767758991,-7.19384662915113
haf-2,0.0167320008329701,5.52523996307332,4.10845624732934
haf-6,0.00838690777935632,4.95628535925081,4.84824059803328
him-6,0.000130745044831296,4.93931696468056,8.30289657019253
his-24,0.0106903410543403,4.43812754408533,-7.74936164143781
his-3,0.0431607220765349,5.53344461661299,-5.65998329174206
his-42,0.0263847608147785,5.04827690121798,-8.42534866053284
hlb-1,0.0315131969774901,4.14352271604662,4.92299208713654
hmg-11,0.0193491378913144,4.25849596749977,-7.53988678162684
hmr-1,0.0339876322223615,7.21299477132529,-1.91914484677591
hnd-1,0.0155156326238584,7.11814613051954,-3.54805799814009
hsb-1,0.0465430750072206,8.69472334611154,-1.31108852547531
hse-5,0.0291723443405169,8.04692553093598,-1.50007360928433
hsp-1,0.0212845427121404,7.97780697342967,2.12410449715405
hyl-1,0.0435750210079263,7.66115597428836,2.08435921744624
ife-4,0.0391232740711244,5.56615500474774,4.44918451012449
ima-2,0.0307623075109805,8.75276982349562,1.30049443463967
immp-2,0.00441785279989576,4.43994657150676,7.74350102616942
inx-12,0.0310772380359712,4.93058690695165,5.6473138084747
islo-1,0.0107779345573782,5.60046891037608,-7.84827253432869
JC8.4,0.030227203977696,4.17675805654206,4.66372149752561
JC8.5,0.0090589904960127,5.20040898463073,4.63057487557435
K01G5.3,0.0146181661854156,4.1840199435287,-7.4587492712098
K02C4.7,0.0215138630977451,5.33899696540133,-8.75082242007373
K03B4.1,0.00208402147891536,6.37084547647637,4.14647033533732
K04B12.2,0.0268084271993086,5.40285480544627,-3.72847886258043
K05F6.4,0.0485836718092756,4.02639911415575,-6.68423778813846
K07A1.1,0.00877748294741806,9.0688750981852,-1.67099664586067
K08A2.4,0.00524440399318003,4.68293723962175,5.03228901012632
K08E3.5,0.0339279192820897,8.16207116014835,1.87353280667513
K08E4.3,0.0222912284468792,5.53348833649293,4.22731302197671
K08F11.7,0.0109020938225867,5.15756951787985,-8.55509072144423
K08F4.3,0.0000116734011970616,8.2104591939004,5.03702406244559
K08H2.4,0.000244595121155525,6.17338232890213,-7.80067455902236
K09E9.3,0.0410860388295246,5.59075822361419,2.92837327848305
K10C3.2,0.0341010938304767,9.24641294457496,-1.31119368980521
K10D2.5,0.0430907850885801,8.59466003734051,-1.56877066448368
K10D6.2,0.021142356598956,5.13432664413405,-7.66810006104524
K11D12.11,0.0322462744335403,4.92111652067113,-8.2873795759154
K11D12.5,0.0103871910103726,7.67261599395703,-2.79252097365678
K11D2.1,0.0208673042709271,3.97485153991998,7.19534648112377
K11H3.8,0.0167122061248119,4.45775963058922,7.76362394535533
kbp-2,0.0255074440708831,8.04289790722923,-1.77324946683055
kin-33,0.0172275640233822,6.85159469471766,-4.34324222092504
kin-34,0.0364378084170331,4.63175952103667,-6.49153539463909
klp-7,0.00809598390329503,5.25816750270052,4.84841186257029
lbp-9,2.44036563953495e-7,7.52297573397884,6.12688881229497
ldb-1,0.0205572582942621,4.36982290350235,4.54011605572939
ldh-1,0.0396499592979073,5.95040054183558,3.16749108915141
lec-1,0.00514940351290478,6.75527782393111,3.0942164865872
lec-4,0.0402511948894499,3.5926755757129,6.71477983436499
let-721,0.0285453326384056,9.38782833418233,-2.04816013217792
lgg-1,0.0203046383286498,9.6736009875693,-1.43631569802653
lgg-2,0.0437782941051416,9.74781041287055,-1.27384048421018
lin-39,0.00226621212536184,4.15612508711654,7.41171210880428
lin-41,0.000399385520097461,4.43871005703128,7.74133260597619
lip-1,0.000768342556329039,4.8618173967001,7.52702252717874
lsm-3,0.0256072517113994,8.50299863800469,-1.74917467277753
lsy-27,0.0495651682603489,8.3393385826318,-1.46711555821096
M01E11.1,0.00108258028499873,5.75981468627045,5.22986264661673
M01E5.2,0.0438341245995736,3.38794997755768,6.44380610936997
M02B7.2,0.00480847754437255,4.37873932324323,6.61550712513424
M02B7.5,0.0334318034708826,4.73266341312848,4.89613783183079
M04B2.4,0.0230475189771512,4.20313084081983,7.46839122943202
M04F3.2,0.0170627617646579,3.98701818576685,-7.21661532168197
M04F3.3,0.0244962876302661,2.82366612126914,5.60849540161113
M04F3.5,0.0471506190797137,5.18197952338236,2.90596485209504
M05D6.10,0.0287527880586121,4.42473335268601,-7.73006064187666
M151.3,0.00558693407444622,3.99304223830804,7.21705827280681
M176.2,0.0464086268927537,8.32158413678765,-2.08731394920352
M60.6,0.00213874520366185,4.82953063615434,8.18198136255916
mau-8,0.0345811574638629,6.89379194363691,-1.97768442726515
mboa-7,0.0228367302081745,5.28894049127421,3.72721988396866
mdf-2,0.0316181045921561,10.6090771486389,-1.29124057585644
mdt-11,0.0471646686702395,8.51855000043654,-1.60280951127602
mdt-29,0.0369985164791279,6.32568325673197,-3.13048277114758
mir-260,0.00293975402332917,5.77183839591497,-9.20511232564093
misc-1,0.0463515691553194,7.99436446642381,-1.42894435361745
mlc-4,0.0251426763225871,9.12572792627685,-1.51125184560856
mmab-1,0.0308805417810335,6.42716171609386,2.79327136758355
MTCE.11,0.0151318610933567,8.78066550316901,-1.92119763896951
MTCE.12,0.0334258948230953,10.6010368252219,-1.95167557242606
MTCE.16,0.0231838034497585,8.42823192996304,-2.22599083111997
MTCE.23,0.047272874042396,10.6647256776917,-1.61626604710889
MTCE.25,0.0123145909104955,7.82296471502129,-2.33548401272269
MTCE.35,0.0319459223337948,8.38347167754301,-1.66150735720903
mut-2,0.00240691512257067,6.68007007452224,4.12513610292149
nars-2,0.00102377706406191,4.04153721225714,7.27527892748377
nduf-7,0.00110363920827647,9.88760970660166,-2.34164659215948
ndx-7,0.00405329639310557,4.72523371576104,6.6791572323975
ned-8,0.0324796337074728,8.13765055691516,-1.60064406207604
nex-1,0.0014504393973916,7.79805938377559,2.96987090239877
nhr-10,0.00416671831367098,7.291606755048,-2.99245544026419
nhr-21,0.000108073112821922,5.34977954972092,8.08212875454919
nhr-40,0.0322647031248259,3.54448078238695,5.81065885669137
nhr-70,0.0346444910135131,3.21784868427872,6.20623826223814
nit-1,0.0181558841740191,5.33368183555026,-8.73387796973452
noah-2,0.00807177349906738,4.28189957881006,7.56059742653136
nos-1,0.00394438672114579,5.83095891823803,4.23676367313116
nth-1,0.00941323640872279,7.1211693868777,-3.23594702255218
ntl-4,0.000579604135399793,8.22890599071059,-2.79395591366327
num-1,0.0214664795735829,7.22375444983114,2.1426167000092
oac-46,0.029120979572561,4.98053400001999,-8.3513462818005
oma-2,0.0421824258036291,9.24236729288828,1.49623817401671
oxy-4,0.0038284805202082,4.23679014590008,7.50703901623031
pan-1,0.0249436222553144,3.93477588906058,7.14521191633228
pas-2,0.0374614852829654,10.1521344905016,-1.42489226792762
pat-4,0.00736916375271227,4.35996386153336,6.34106903656363
pes-10,2.57361755567214e-10,7.55679763830062,-9.73195427949405
pfd-5,0.00833849029761491,8.9167214975327,-2.60843868733523
pgl-2,0.0323107615583327,5.40684403606998,4.07105332516357
pgl-3,0.0159459118758095,6.22916929330936,2.75136503202374
piki-1,0.0352472083225792,3.18322715412419,4.3552371749808
pme-1,0.000760112243556831,4.90711551109384,6.3012408064593
pmk-1,0.0058477430492051,5.60542557972868,5.12256171574652
pms-2,0.0376626871899717,7.04011572724625,3.20729107627638
pmt-1,0.0435995876997741,4.68553333847817,-8.02641059892148
pnc-1,0.0258817285540556,3.02486975997873,5.92546657458198
pod-2,0.0455006327128193,3.71759545343926,6.87508166909782
ppw-2,0.0105784573372816,3.95361347471875,7.1684156560756
prdx-6,0.0196382840933624,3.47340315448928,6.55991892163627
prg-2,0.0449421594766997,4.14106224968333,5.16273535119539
prp-4,0.00761112828126052,5.38652616067287,3.90948870431451
prx-6,0.0314762965954899,4.61453491224672,-6.71554583600014
pst-2,0.0387185728261265,5.43256504629606,3.32249909506922
puf-5,0.00990727812387315,9.14236019264287,1.72673045298757
pup-3,0.0297136922399299,7.45176265906177,-1.97616392509704
pyc-1,0.00000345861727135738,5.56979540311138,8.71790741059978
pyk-2,0.0021998522781961,5.04599822143948,-8.42445069226681
R02C2.1,0.0066858201946373,4.42767833995231,-7.74403392940018
R02D3.1,0.0305789652939464,3.7916907298705,-6.97625372724616
R02D5.8,0.0361326515270948,4.56463716300871,4.08912896357367
R02F2.4,0.000954171765818574,5.72174162967006,4.85177010713882
R04D3.3,0.000114063498421321,7.40270085776798,3.15051952972287
R04F11.2,0.0350147659668869,9.40161483627758,-1.50662890291379
R04F11.3,0.0112766834540191,9.47549011479207,-1.91908025982604
R05F9.1,0.00644881385741137,8.63489716475416,2.99149867160149
R05F9.6,1.43360104080206e-8,6.4312442863767,9.36803205323518
R06C1.4,0.0226495674885019,7.53454619833812,-3.98220803075617
R06C7.1,0.0114139888559962,8.3361642952605,1.76823506348654
R06C7.2,0.0000037996282616992,5.85204086470725,8.44554116762505
R08D7.4,0.00102480741391348,5.75597964843018,5.80616434507584
R09A8.2,0.0217442350287795,4.92286168635024,3.92877583538108
R10D12.13,0.0200383670458533,3.71383417566085,4.78578936587954
R10E4.11,0.000470224336626577,5.33624409693633,8.73382165939815
R10E4.9,0.0162329698270487,5.49904336392643,3.60796231699824
R10H10.6,0.00189487110512555,4.65216292331001,7.98336745395972
R10H10.7,0.000847959448823768,4.55224694287129,7.02525568740301
R11.1,0.0108515271027789,5.89152848702988,3.73238968266955
R119.1,0.00000733751727351729,5.43302697640415,8.83780143990668
R11A5.3,0.00160749742866994,7.54309684669381,-4.57662160681144
R11A8.2,0.0311729583857331,8.49649155468101,-1.69999328090156
R11A8.7,0.0263948216817288,6.77756697474314,-1.99717387020013
R151.8,0.0443685237064424,6.19812961504683,2.49050749629172
R186.3,0.00203033528604777,6.99016140429791,4.28851242860264
rab-21,0.01385645957632,6.8619610674065,3.21278913296229
rab-6.1,0.0144373667627549,6.96157124134546,2.86284223045923
rab-6.2,0.0027762150810428,5.71481331825772,4.20588192579703
ran-1,0.0415690119980784,10.2936410655205,-1.25365447257031
rec-8,0.0000138663604402734,5.58254004480851,7.62591239624443
ref-1,0.00472605698652931,6.97347241302771,-3.41947843283719
rga-1,0.0287487612051654,5.43232877290317,5.01328543658475
rib-2,0.00958650983981354,3.80460811400975,6.98496235099779
riok-3,0.000212122509354997,5.36854913815424,6.9604876298912
rlbp-1,0.0154925558932184,5.71290541552075,3.49779815225769
rmd-2,0.0465228340235374,7.15742303356479,1.91788248345678
rmd-5,0.0291019905492247,4.47532007015404,-7.79241582436252
rme-2,9.32024835805672e-7,6.18304209104386,7.39043225753988
rnp-3,0.0384776960880848,8.30673171875634,-1.42758973353983
rpb-4,0.0396771543721497,9.04142777275695,-1.37668917146096
rpb-8,0.0374180507809974,8.94686097880716,-1.48534154598309
rpl-21,0.0268623084087888,7.5061563686747,-2.12216620353321
rpl-24.1,0.0395248598707307,8.2272900254156,-1.84747863681459
rpl-29,0.0399141242623284,7.85831809866896,-2.14018983083437
rpl-33,0.0177353941142091,7.10995553082397,-2.24735871010283
rpl-35,0.0103182385178211,7.5734046883129,-2.43163658374919
rpn-11,0.0107394455440648,9.18737756392977,-1.82273978351897
rps-10,0.0387010016907424,8.90347508829607,-1.79521648385408
rps-16,0.0337474004565467,7.88313215650908,-2.82288748775344
rps-18,0.0215845563765894,8.06899680010354,-2.01479957181514
rps-20,0.00312079939002259,8.19923270757811,-2.45998519321171
rps-22,0.00814816666224736,7.1103294926581,-3.49336203212746
rps-23,0.0157277567207831,8.90395492980393,-1.67598916592469
rps-4,0.00815778000115598,8.10564705849519,-1.99842288341617
rps-8,0.0014642347982665,8.57486515229155,-2.29797602634933
rps-9,0.0428493120163652,8.69162231136937,-1.66059643311077
rpt-1,0.02774435897078,8.29860201691049,1.42960829646169
sac-1,0.0053734104144403,6.98155487188397,3.73839384060942
sago-1,0.00679920691911385,3.72130886277997,6.42240157163402
sams-2,0.000107556224133419,6.13112468903292,-7.67297615828407
sams-5,0.0284138052266408,4.99608187697491,-8.36835936816572
sav-1,0.0304932041846516,4.43666272877638,4.25553377173933
scm-1,0.000184205171995095,6.37572993095404,-5.03302291850358
scrm-1,0.00401563695110525,4.27543797317749,7.55241061304302
sdc-3,0.0137580442327541,3.05061198522278,5.96278443938621
sdz-14,0.0259825727327982,4.24795117273321,-6.6248675018886
sdz-15,0.00000119849669575244,6.54820869728053,-10.0080009351608
sdz-21,0.00000497628255026608,7.54258991659573,-9.97941988648395
sdz-26,0.00150063704673615,5.23245125065967,-8.62542284369695
sdz-28,0.0000457035319987587,7.47266846804182,-10.9536100543597
sdz-29,0.000951075995742302,5.39120849610123,-8.79647289284908
sdz-33,0.0221530981058299,5.51503829208638,-7.93183417327652
sdz-37,0.00000121845328730366,8.61849884155452,-5.39380947478906
sdz-7,0.00333361952151387,6.44936544963139,-5.05975228306181
sdz-8,0.00401566154180086,5.86746603568946,-9.30707069740279
sek-1,0.0466487580451647,3.3490039115469,6.39098267686289
selb-1,0.039532367636669,3.43087099922929,4.52605081481597
set-1,0.0405884158674588,8.71552648795616,-1.37041923456278
sgcb-1,0.0286724295660983,4.99354556734586,-8.36558473682972
skr-10,3.12315768129163e-17,7.95342400748457,-11.4391323836273
skr-12,0.0144294331413641,4.74992537610578,-7.11513345410795
skr-13,0.00243792866988668,5.8588580183593,-4.95777521960288
skr-14,0.00885708777631495,7.85262363015264,-2.59832465059627
skr-7,0.000354970400143373,9.22693005264347,-2.65646747420184
skr-8,4.01605320358518e-14,8.03750049996915,-10.3061651016189
skr-9,2.8099361995427e-7,6.86310709034395,-9.09987987762287
smc-6,0.0434904106050388,7.03875288281371,2.11732453341646
smg-2,0.00681443937454555,3.14290579673024,5.35510215162251
smgl-1,0.00132760753188915,4.50608371082772,6.7304611632841
sms-2,0.0298501598942024,7.56733192152498,-2.00067348656958
snr-1,0.0297381367167268,8.61711618883671,-1.51465774927001
snr-7,0.0412804958544009,9.22426730008643,-1.84390478426226
spd-1,0.00375646094109856,3.84547733341658,7.03683902464128
spd-3,0.00978484475795658,5.43446502333694,4.30771417777708
spdl-1,0.00382797157169472,3.8134943790042,6.41395375687746
spe-6,0.0452619362403335,3.6621664064309,5.4203099258665
spl-1,0.00000381761412053072,5.95779360435887,8.40848229738397
spp-6,0.0248400268649586,5.08954298695383,-8.47027338915989
sqrd-1,0.0211269986198337,6.39277111179628,-6.05323142719674
sqv-1,0.0138096362895776,7.5180915095339,2.88086268192874
sqv-4,0.00875820855137655,4.2892947464566,6.34872746150487
sqv-8,0.000246993721757269,6.13234821115146,6.80678509767573
srab-26,0.0285530991014419,5.00819927586808,-8.38274616544112
srp-6,0.0494171182122912,2.77852120760893,5.53404148296792
srx-92,0.0218315316590401,5.20629718561394,-8.59777171841007
sti-1,0.0332593642584807,8.06481592340905,2.08165567619907
stim-1,0.0189351517074335,4.98641284575513,3.12782287087089
str-166,0.0191742621086847,4.19334342621564,-7.48048578934437
str-68,0.049232669005347,4.56682056393261,-7.88862971601175
sur-5,0.000510921727247481,4.62557268563654,7.26171825573345
syn-16,0.000902333958491901,5.65570420762593,6.96147529929128
syx-3,0.00230998172254392,5.00701500403375,6.80788861804311
szy-4,0.0448184351045813,8.49004763116511,1.65359018931913
T01C3.3,0.00263883840659972,7.5840402735053,3.71997853132924
T01H3.4,0.0150155151372488,3.8979411474726,6.33664309384492
T02C1.1,0.0226246162947952,5.30549314370254,-8.71513434264505
T02G5.12,0.0110725748949247,6.44784741523896,2.60855153783121
T02G6.10,0.00166598248331646,5.94379331436417,-9.38002413178845
T02H6.5,0.0345564852208542,4.85173508995631,-8.20972027690783
T04A8.7,1.74730862373342e-8,6.43578858696477,9.02026539667817
T04G9.1,0.032807642010176,3.41628577699722,5.23412162062918
T05A7.1,0.0309821282111935,6.09789242022088,3.50891196206097
T05E11.8,0.0160790858397445,5.18137916133012,-7.08347620824187
T05E12.10,1.47128523820006e-9,9.61644157239803,-13.1128403593542
T05E12.8,0.0000235212990413719,6.69328140552701,-8.41334812566934
T05H10.6,0.0451229671801719,9.26616736874975,-1.37697375115108
T08B6.1,0.00123081946137808,4.99588345486731,-8.36744365415539
T08B6.5,1.79687374516687e-12,7.34608757277965,-9.27348512986935
T08G5.3,0.000170084873141464,5.51046161456938,-8.92325188268947
T09B4.5,0.0400894631450369,6.89908553676542,-2.75305946661695
T09F5.12,0.00731311473852146,5.47070421787153,-6.69573429581715
T10C6.10,0.0000474211507841008,5.79906801233355,8.21326809508179
T10C6.8,0.0200984009506052,6.11711662502135,-4.26269203771494
T10F2.5,0.0322157176413876,8.14175627347387,-1.87497320297778
T11G6.8,0.0413965482235285,8.54325949901853,-1.29849007378323
T12A2.3,0.00202165482232945,7.20645625898058,-3.9567305890559
T12B3.4,0.00000386171313458904,5.85492903380672,7.92058600973046
T12G3.4,0.0105620762633166,3.87218201274036,7.06825428701429
T13H5.6,0.047289493620389,3.01084504762951,5.90290524462428
T14B4.5,0.00561505653616489,4.77048326745922,8.11556308907866
T14G10.5,0.0077003083089706,6.48706989473274,2.85187460193994
T15H9.6,0.00566546498257612,4.81243490498448,-8.16747111381821
T16G12.4,0.000150502696890217,7.61759639630587,-4.76985339667728
T19A6.3,0.028284110562224,8.1867475064349,-1.60506970254034
T21B4.17,0.0245302249035744,3.40627666882455,6.4685161488501
T21C9.13,0.022491277500988,9.65312672898444,1.42328555183454
T21F4.1,0.00000994832414688697,6.53405226884639,-9.9926294641549
T22F3.3,0.0000247322001938154,5.28567449752825,8.67975368579018
T23B12.6,0.00849389369885497,6.78819440842036,3.98543933629009
T23G4.3,0.0000450576019489854,5.3960117600052,8.79843184558885
T24B1.1,0.0293975347679764,7.43621639199694,-2.2972148725674
T24C4.5,0.0244077747613945,3.9091493613192,7.1152739741579
T24D1.3,0.0000367483098857488,5.57160870130536,8.15701549506693
T24E12.1,0.00265185719604953,4.45404964019122,7.75928298580639
T25G12.11,0.00607352591113027,5.14719732410599,-8.53315135929569
T25G3.1,0.0260067303961681,7.50647691917252,-1.99278610197683
T26G10.1,0.00639015667966148,6.24501944969426,3.88397886034194
T26H2.10,0.00771323936480725,5.17728414828148,-8.56602916881211
T27A1.2,0.0423697276726175,4.70005437226651,-8.0426344070769
T27A3.1,0.00144231648116166,5.33808467129638,5.3398281855082
T28A11.22,0.00751196656986459,7.36739256748383,-6.29906828720332
tag-115,0.0472975354299489,7.78947423414786,-1.54086032374103
tag-257,0.0315837951871352,4.26974220035453,3.82565587897556
tag-266,0.0127184130035852,5.00253393779698,8.37238869919451
tag-267,0.00554661175376708,7.2731259946278,-5.60536443244139
tag-276,0.000597141465110737,9.44111662095231,-3.61224726854429
tag-296,0.00279295217491739,5.64397493007992,5.31128661530327
tag-304,0.00480206718801513,3.77948876441005,6.95390960546524
tag-322,0.0331689238005191,8.21169610834887,-1.64793552293127
tag-53,0.0392706860031942,5.92206194130415,-2.44707458952385
tag-77,0.0418034107217494,5.72491557015289,2.53415898802775
tbc-13,0.0403170953906991,4.29665248301733,6.35129624724518
tbc-3,0.00966692196218889,7.65980839119362,3.29843185513672
tbx-11,0.00485368994148602,4.96574236708652,8.33134485873327
tbx-33,0.00385129399469871,7.03717890432132,-4.49360031156587
tbx-36,0.0000243748391780793,6.00425988444833,9.44116151508902
tct-1,0.0418709786429539,10.3573046638072,-1.29314878601468
tdc-1,0.0000195663155879728,7.3564143773484,4.22784967364555
trap-2,0.0305128501520282,8.65053235240231,-1.41478551681901
tsn-1,0.00134591685946879,4.68175362448183,7.43458842145975
tsp-9,0.0334020160196961,4.87884375052549,-8.23733735235484
ttr-53,0.023739343889022,8.26960718034062,-1.62368672604846
ubc-7,0.0442379787422947,10.0049851218506,-1.20615528229146
ubh-3,0.00711739928337783,8.5859204388412,-1.82862228622969
ucr-2.3,0.0328481671190717,7.97567946296622,-1.3716565996117
ugtp-1,0.00000120389637096175,6.82924330370331,6.42052310966545
umps-1,0.00054951331038471,4.81950050944583,7.15100326982215
unc-101,0.00497666107798566,8.06811553701909,-2.90687201102266
unc-16,0.00599948188482744,4.48553224209309,6.95490948685545
vars-1,0.0006007434917728,5.20029128891149,5.94272241329901
vet-1,0.0384507041118984,6.88950809927659,-3.5655227076493
vet-2,0.00312033611427741,7.31261231355782,-2.55713798138663
vet-6,0.00109910203572562,5.16700702837886,-7.80308357998859
VH15N14R.1,0.0141563965436665,4.81972726628175,-6.72005822637878
vha-17,0.00899563884061745,8.65829887882,-1.7789382762814
vps-28,0.0276331373060242,8.8391987484002,-1.79476341215608
vps-36,0.0100744955241605,6.45582897327664,3.82967894218226
vps-54,0.0283968332237473,5.1632787669892,3.80265969895925
W01A11.2,0.000899331278292884,5.2048044159425,7.69749224449403
W02H5.2,0.0416219427892537,3.05399701309841,5.96774719626815
W03D8.2,0.0045409629301108,6.29990234960739,-9.75600677770926
W03F8.3,0.0000899585825683443,5.42489316850553,8.82935033225855
W05H9.3,0.00545840850364847,5.42520256062768,-8.83204193325527
W05H9.4,0.0000025423060872108,5.58568506981103,8.43869650789631
W08A12.2,0.0235350741376815,5.13434779542266,-8.51823805725709
W08G11.6,0.00015629988931779,5.75545856666598,-9.18648081068566
W09C5.3,0.0228367642057003,4.69118145154565,-8.03442645649901
W09D6.4,0.0349789110408167,4.84590637573111,-8.20328007346984
W09G12.9,0.000276101743281483,5.18869753264722,8.57521449726429
WBGene00206487,0.0478598838274341,3.49011677966367,6.58197082991317
WBGene00235158,0.0000836982046559723,5.71453027451835,-9.142904446302
WBGene00235272,0.0112478234941414,4.70550099684359,-8.04808386542898
wrn-1,0.0000343578439971988,5.06226576711779,8.12505083406128
xbx-6,0.0241569832273562,7.7976891839864,-2.28897112130436
Y102A11A.8,0.0104936826208887,3.77069858629193,6.94257959425286
Y105C5A.25,0.0435610748722176,4.67631652864553,-8.01466318835049
Y105E8A.20,0.00340251249507153,4.91542512924768,5.6463688659139
Y105E8A.23,0.0360034776412214,4.32615560491474,5.30449503088871
Y106G6D.1,0.0000435889713843086,5.79506632757828,-9.22380719893743
Y106G6D.2,0.0000273517299210511,6.82626219776604,-7.44684829398694
Y106G6D.6,0.0402639390621286,4.79710956227734,4.00398578790784
Y106G6H.5,0.000137201695957024,6.36853266714075,5.11435578129709
Y116A8B.1,6.74873900963166e-9,7.78504530891693,-11.2691479032881
Y116A8C.19,0.000123066827761564,5.76755875329118,-8.04680080947684
Y116A8C.22,0.0191151050919362,5.25367642387438,-4.50445646531971
Y119C1B.10,0.0220851538820351,4.04471793190085,7.27849371748253
Y11D7A.3,0.0474504661893453,4.08638111344759,-7.33785774026138
Y13C8A.2,0.00412667346247105,4.6535264427507,-7.99037132854939
Y17D7C.3,0.0169740264053135,7.4831038150514,-4.8890917547567
Y17G7B.12,0.00287195189996977,4.48922749805642,6.79170957447982
Y17G7B.18,0.036178122359163,4.49516794572669,3.35175725135771
Y17G9B.4,0.0108165599900231,4.43113522845381,7.73217082849505
Y17G9B.9,0.00890028210399067,6.60913984109573,3.96837861956551
Y20F4.8,0.0353363582621692,4.85142476143765,-8.21065068419594
Y24F12A.3,0.00783706367955925,6.24261767543892,-7.09440830975766
Y25C1A.5,0.0238167054327388,5.99755318793646,2.96719667763804
Y25C1A.6,3.48086544281626e-12,7.26170719019551,-10.7376839293036
Y34B4A.7,0.000372726840966821,4.658460390576,7.99065525178351
Y34D9A.3,0.0371889916886777,5.93556940871963,-2.33121997311245
Y37B11A.2,0.0383822235084071,5.04068355556094,3.7891773499577
Y37D8A.11,0.0463428453334311,6.59586181865183,-2.18169571177777
Y37D8A.4,0.0136286171090453,8.19763511038725,-1.8777268269507
Y37E11AL.2,0.0344224355242784,4.36406544184645,-7.679107341165
Y37E11AL.3,0.00782573232201882,9.22103708392425,-1.86386704558849
Y37E3.20,0.0355809821697566,4.83422337279312,-8.18799291728332
Y37E3.25,1.01837062212672e-10,9.14508686742222,-12.6397479310176
Y37F4.5,0.0272456149474177,4.60608311216132,-7.93589096174809
Y37H2A.12,0.0154705231466875,3.54875523181994,6.65790747456815
Y37H9A.1,0.00536189813488587,5.07173080885525,5.01918861767592
Y37H9A.3,0.015565875217252,3.05637295589333,5.97196488072737
Y38E10A.28,0.000537101213156435,7.11532830620647,-10.5910159359813
Y38H6A.4,0.00684772200687597,5.56195567116106,-8.97747656653177
Y39A1A.1,0.0288627036525821,8.90790341874655,-2.37390879073016
Y39A1A.12,0.0371566797735719,6.98415899255817,2.51891468161912
Y39B6A.34,0.0181446313326578,7.31934020716691,-5.55689685192846
Y39B6A.37,0.0408682760026133,6.88365940829779,2.19356500961051
Y39G10AR.7,0.00382564540738565,3.86780370685614,7.06334455730798
Y39G10AR.9,0.00129812023687363,6.54875354117866,4.61769909556163
Y39H10B.2,0.0441193210885862,4.1391742797844,-7.41753049954487
Y41C4A.17,0.00112642788533023,7.22550927958861,-10.7032014330701
Y41D4B.14,0.00810577875310091,7.22071540890798,-5.09823543520808
Y43B11AR.3,0.00573535934082586,5.51257427130307,-8.93383542764046
Y43F8C.6,0.0119388142998031,4.39165493810887,7.68673754511816
Y44A6C.2,4.60046580186088e-12,7.83129631495156,-9.78729423483061
Y44A6D.1,0.00467818190191,6.27508687333269,-9.73039124952725
Y44F5A.1,0.0105521040531737,8.39839346909875,-2.62832956335386
Y45G5AM.2,0.0438207996894675,5.52781113988477,2.93674227747115
Y46G5A.18,0.0000174041285564256,5.33407902880807,8.73181941708125
Y46G5A.28,1.58696918254612e-13,7.65672426578383,-10.3927163145085
Y46G5A.7,0.00922257842047291,4.80761415077235,-8.16190974099133
Y46H3C.5,0.0013738668870781,8.20173931892368,-3.52204216062746
Y48B6A.1,0.00663984430884562,5.71065032326697,3.68405588170358
Y48C3A.14,0.0494745792531318,3.53103914833506,-3.19134816289174
Y48E1C.4,0.00692715309955043,4.55413116397239,5.47717511668478
Y48G1A.1,0.00874811462197296,3.19000020082838,5.53192156612238
Y48G1C.1,0.0392686831098109,5.50239538176305,3.59893146854936
Y48G1C.6,0.0210041497817188,5.6074303043846,-7.60454158165558
Y49A3A.4,0.0000535682970756944,7.37720334340169,-9.1400291220242
Y50D4A.4,0.00902435305831128,4.81629285183179,4.57707255770141
Y50D4A.5,0.0453722000795275,4.00444404275589,-7.23667481862022
Y50E8A.11,0.0144590547625184,5.38465005014399,-7.01894217072037
Y51H7C.5,0.0355615298039409,3.80865453070352,5.77157274526441
Y52B11A.10,0.0478939787637856,4.4145070674145,3.56840872687116
Y52B11A.2,0.0262406428422432,5.42635718422761,4.13046563947521
Y52B11A.9,0.015013799706324,8.43310728107412,-1.83230420966618
Y52B11C.1,0.0123423208031851,3.64771795041001,6.78625737624444
Y53F4B.18,0.0391277207322362,3.04706633030352,5.19147859316733
Y53G8AL.2,0.0267296474178302,8.31032065027074,-1.76417776089799
Y53G8AR.1,0.0377892863792074,4.92439195520726,-8.30484108724435
Y53H1A.2,1.02368217699973e-9,6.64574474298052,10.1061675606506
Y54F10AR.2,0.0173034248212995,7.76521021464989,-3.27572719231949
Y54G2A.4,0.0401808250430144,3.45929186729525,5.94702628454912
Y54G9A.7,0.000369690519823003,4.83925078035153,8.19268948752821
Y55F3AR.1,0.0273766912307298,4.60012200005537,3.98816490755913
Y55F3BL.4,0.0311061703335306,5.13760109814267,4.91069072793071
Y56A3A.16,0.0391298094242214,3.8518134533988,5.41684759862455
Y56A3A.33,0.0123733045510408,4.44069176814386,-7.75155812757929
Y57A10C.11,0.00442685943431695,5.31611974556204,-8.71519215201623
Y57E12AM.1,0.0381544590805986,9.33349045409072,-1.39695993664582
Y57G7A.2,0.0000331910744121932,6.16502867431366,-9.61111267997633
Y58G8A.4,0.025512972878455,5.07047985711297,-8.44753043408129
Y59A8A.2,0.00668269780029696,5.61423087570155,3.88062811441421
Y59C2A.3,0.0172225112721797,7.26028515653722,-3.76044736261424
Y5H2B.3,0.00000112520009357963,6.7644877016081,-10.2301954567008
Y60A3A.8,0.0117890617009228,3.34262569305485,6.38202206344978
Y61A9LA.10,0.0323488411528046,5.73348565431491,2.86919131743953
Y62E10A.6,0.0416953751651986,5.77064441656547,3.28618725024302
Y64G10A.10,0.0422542063354108,4.68956939874294,-8.02687394676224
Y65B4A.1,0.0121185260612437,8.24803961345455,-2.70850725169182
Y66D12A.19,0.00254616208523072,4.66453189862009,7.34611180787319
Y67D8A.2,0.00408808145057912,6.46071363652403,4.44448158107479
Y67H2A.5,0.0157107643973997,8.76406269933782,-1.50671321190545
Y67H2A.7,0.00204007154808973,4.77434735989775,6.52527941551843
Y69A2AR.32,0.0135661403225867,3.9617676984624,7.17930713380269
Y6B3B.5,0.00258268439647261,4.15129506119321,6.6301759600751
Y6E2A.8,0.00306680378308071,6.54353062128457,-10.0067540707161
Y70G10A.1,0.0000104501722378229,6.32365958199176,-9.77516105320434
Y71F9AL.6,0.0295543296500518,6.42433297709671,-3.86939503645528
Y71F9AL.7,0.00154190896190159,6.38005858247442,-6.48149972025283
Y71G12B.6,0.00159223824333502,3.91205725481815,7.11782290197637
Y71H2AM.20,0.0470473046837836,8.39619708826005,-1.44470946997107
Y71H2B.5,0.0261944576749333,3.31857599351564,5.14011979289494
Y73B6BL.27,0.043751710119697,7.08410976239209,-1.8186438188012
Y73C8C.3,3.70688210392173e-7,7.14951706119224,-10.6241747891478
Y73C8C.8,0.0000862733388882042,6.07976745449897,-7.75391456492783
Y73F8A.24,0.0148097219928681,5.46327780576587,3.91990863935446
Y74C10AL.2,0.0143387352619277,8.05328624339612,-2.00256958924676
Y74C10AR.2,0.00738727366989315,5.87716817744823,-9.30951411255464
Y76B12C.8,0.0132826122370863,5.4875692295133,-8.89781553432519
Y7A9D.1,0.046782106538554,5.79698265352727,-4.40323047923132
Y82E9BL.3,0.00848837293278147,4.85555318410338,-8.21523601116578
Y82E9BL.5,0.0321467603982527,4.923109902783,-8.28956890940333
Y82E9BL.6,0.0378526343538767,4.80538959358597,-8.15975601562783
Y82E9BR.1,0.0435479908336959,4.10846535787184,-7.37418132163648
Y94H6A.5,0.0104753761784449,3.63974361170884,5.66115945443588
ZC239.20,0.0344995907687202,5.69927510056061,-5.42863602408791
ZC262.2,0.0168701508322134,8.42678544229918,-2.02726660328513
ZC266.1,0.0276700063680206,4.4861341396402,7.79518650216134
ZC449.3,0.0128175907352759,7.51298490872639,-2.60554808005786
ZK1098.3,0.0236267521415551,3.82238336840624,5.77663468874468
ZK1248.15,0.00928284078652693,7.36789007565813,2.81455636158841
ZK1307.1,0.0190851472212414,5.35498511520537,-4.31454044534808
ZK20.4,0.0157770567808785,6.50845336214395,2.36721768759683
ZK377.8,0.0435225532417826,4.68913548618405,-8.03043659226226
ZK380.t2,1.04599445164056e-7,9.55163833219133,-13.0479571267249
ZK512.4,0.0204982110204453,4.81935819265401,4.76797705107182
ZK662.2,0.0348992672635602,4.84842784595287,-8.2060661837064
ZK666.1,0.00357193191809103,7.95338027929812,-6.49762654461931
ZK673.5,0.00175037929578761,8.23349101398206,-3.95578501683792
ZK673.6,0.0000824431784534176,5.91335899925758,-9.34832009133108
ZK688.7,0.00512768238745195,5.14348162971012,5.08266830927429
ZK795.3,0.00417106399941843,7.66666415318639,-2.87075056422039
ZK899.6,0.000128407624627154,5.89948272224462,-8.56951829409386
ZK945.4,0.0136849229949449,5.28688240868084,4.44554141870194
ztf-9,0.030394154316564,8.00559083476785,-2.53318841520251