aagr-3,0.0266883547428602,5.71637077007199,4.1969228856015
aars-1,0.0170986938606288,4.26794485454325,7.88545822398794
abts-1,0.0457201555135703,5.20889783914162,3.10489558320967
acl-11,0.00948468356761731,4.58590655973095,8.24500448287108
acl-3,0.0223139403580172,6.22817413820236,5.32660285708618
acs-20,0.00560905482517816,4.63217202558284,8.29662033827757
add-2,0.0442119118090003,6.49595090505452,5.43682651638078
ain-2,0.0306648804569264,5.64731242367969,4.25223979617211
alh-11,0.028119588405963,4.8653141548651,8.55328257544
alh-9,0.0122000046294764,6.08227749034312,7.00744947831504
aman-2,0.0052194686049857,3.94731698532523,6.56213101224891
ape-1,0.0400932762649251,5.32571087741378,5.34081366067647
apg-1,0.00742366032468311,4.04032193242968,6.01206736445775
aph-1,0.00507121600157923,5.44553323589473,8.57069379023958
apm-3,0.00175769652917067,5.90402787836118,7.73474862424704
aps-1,0.0440581973051948,5.86052052033619,5.27019087191766
aps-3,0.00123225654548113,6.71550143843468,7.53873718082821
aqp-10,0.0403640040953484,5.34553032076436,5.45155168887483
arf-6,0.012697396542105,5.73395257642446,9.48470213682402
asna-1,0.00336593565080676,5.49874939764635,6.41675005473635
athp-1,0.0426816693405687,4.02828917679792,5.12168307462199
B0238.10,0.0216311237251209,5.82181962076935,5.93544306292084
B0272.3,0.0168717228278138,8.04714561095242,5.00917649212331
B0365.1,0.0481133919704137,2.57359557472685,4.29333026418696
B0432.8,0.00556817880915043,4.40447934057029,8.04116550015745
B0491.6,0.0160361553346268,5.89539042934243,4.68870284695715
B0491.7,0.0196296146841577,7.05414269469312,5.43026295110177
bath-36,0.0351793519005925,3.75500735269155,6.16997756065977
bed-1,0.00139330770994737,5.72489365923558,9.47304685883148
bet-1,0.00950911831657653,3.19909856329228,6.23064081097145
bpl-1,0.040777343812465,7.51119597115525,-8.7515649341631
bra-1,0.00470526630518873,4.45664311455341,8.09990231872897
brc-2,0.0128105885196333,4.64084274861059,8.30597953674846
brd-1,0.00428756326671681,6.36554503938112,5.05214015116461
bre-3,0.0137139733133777,4.40802791968662,8.04499288851145
brf-1,0.00899340668207864,3.91576484832621,5.87544244755904
btf-1,0.0130263259532095,3.72498213568621,7.24106102158247
C01A2.3,0.0230246409566411,2.65397001825515,5.75506276138463
C02B4.t1,0.0151132338234154,6.36218029868418,10.1368401271422
C02D5.2,0.048611901041161,4.74787875464863,8.42429335624034
C05C10.2,0.0433684024172067,7.18555790350353,-3.47133040555847
C05C10.3,0.0470385731369141,7.74368667802234,4.13472657931239
C05C8.1,0.0185925000508662,4.07837621487833,7.6648042454922
C05D2.10,0.0107804504207926,4.53052296513328,7.14752568605766
C06A1.4,0.0238391288399616,4.39378537299084,6.21969006758979
C06E2.5,0.00000787095724395322,7.7112553568735,11.5114334261845
C08B11.6,0.0341240033887894,8.69392702238549,-4.03787332514983
C08B11.8,0.0156193152945524,7.43330385699221,6.4019435915135
C08H9.3,0.0206356355877077,4.40576645585093,8.04878754044748
C09E8.1,0.0291220690126897,4.46195906364994,8.10545590820399
C10E2.6,0.00212778755687861,6.34444561069057,5.85210597750825
C11H1.7,0.0163008539822522,5.43983072518749,9.17120217570915
C13B4.1,0.0129933241067334,3.48018645553253,6.93788310200765
C13C4.4,0.0255337749220371,4.46098358547043,8.10445053781356
C14B9.8,0.0094555902864063,3.92275738355553,6.42107190462716
C14C11.7,0.0112899235601281,4.35485934917986,7.98441350858256
C16A11.2,0.00716904487111082,6.24717410052996,5.68193585813867
C16C8.12,0.0495855460404184,3.56432037219937,7.04106460656437
C17E4.4,0.00847346876325122,4.53925772260452,8.19242962843324
C17E7.9,0.0307792210643959,7.19090298282985,4.74312924929361
C17F4.8,0.0241497241336988,3.32713335819847,6.73440070077455
C18A11.t1,0.00339692409396444,7.985354313262,11.7888206985277
C18B12.6,0.00386070055395535,4.71943719242183,6.71676733402741
C18B2.4,0.0329803138171568,3.42020703105932,6.85597599241862
C24H10.1,0.0290675993622355,4.28983703667982,7.91005194614896
C25G4.10,0.00374141044858637,3.45509417828002,6.24874843752728
C25G4.2,0.00109430393112652,7.49672686349759,11.2945496327663
C25G4.3,0.0181392146320695,4.01172973263503,7.58713293256381
C26B2.7,0.00166742815715503,6.27376274575698,6.74243881433416
C26D10.3,0.030448119938293,2.85174497343719,6.065683264144
C26E6.3,0.00627239062422345,4.26849751510707,5.77464516869506
C26E6.6,0.00127456164909945,5.62487780282416,7.74511502875131
C28H8.1,0.00611945589194817,5.32502450840323,6.64950274539854
C29E4.15,0.00351927670271864,4.51721739438164,8.16796646399482
C29H12.5,0.0033389692216043,4.18818583296615,7.18667790053421
C30H6.8,0.00420142840741807,5.52640844890925,9.26548396204791
C31E10.7,0.0270363124955637,7.32609140837784,-6.85873349245085
C31H5.4,0.0177040923981103,4.78888535217797,5.20291794351021
C32E8.3,0.00169173677963521,5.28214195177585,9.00357166576719
C35D10.17,0.00375122588741951,8.24163076913375,-10.0816915789825
C35D6.4,0.0354053650825494,7.28700449585325,-8.53809286210043
C35E7.5,0.0195388031930772,5.11180245270717,-6.14903813370456
C41D11.9,0.00513685583656999,5.44979598123335,6.39983893456785
C41H7.3,0.00425021527723405,6.27167019367719,5.2854411573036
C42C1.12,0.0153542978523893,3.86014474622206,7.4055081062469
C43H6.1,0.0352731372306959,4.10088111605945,7.69154332756839
C43H6.7,0.0116906772663978,8.70948034284917,-6.81317653412188
C44B7.1,0.00381888372216398,4.82921293967435,8.51378235164391
C46F11.4,0.00996639126618645,4.3751464935143,5.94089356111704
C47E12.3,0.0237238554197782,2.79470393998781,5.97796708552316
C47F8.1,0.0258954308361012,5.13051996238633,6.27078987665986
C48B4.8,0.000162353231517796,6.02071029282736,9.78130711555202
C49C8.3,0.0321207208065471,4.14929074617173,7.74703128085087
C49F5.3,0.000160211472384644,7.10269694938197,10.8939132712548
C49H3.4,0.00563282378717942,4.67256204047145,8.34053411180376
C50F7.4,0.00137688898532079,4.14154825404179,7.73996613776115
C54C6.6,0.0133463407806936,4.64757575257995,8.31312682838692
C54G4.7,0.0153742549727517,4.08088470743731,7.66879435912105
C54G4.9,0.0238252957901035,3.75746129658526,5.52124153020455
C55B6.1,0.00495255433965871,4.48586556572798,8.13244468391329
C56A3.6,0.0337360713173734,3.96617501468971,6.5677640400221
cblc-1,0.000983083496794075,4.8969688044717,8.58824454402962
CC8.2,0.0264869434596574,3.33474830079298,5.2712286609948
ccpp-1,0.0183548314505906,5.01653579936476,5.31791046760508
ccz-1,0.0109647263170958,5.72047020398402,5.83746292535614
cdc-26,0.00232551828265839,4.81046901358818,8.49495573892004
cdf-1,0.0416422453296527,4.18069615851622,5.76853695561453
cdk-4,0.0148375188077706,4.94956437230327,5.51205301951171
cdr-7,0.00256640133692857,6.05336374274536,9.81636136577962
ced-1,0.017262300561826,3.24426450122351,6.37775674126153
ced-5,0.00571082923731995,4.44696058133791,5.60637183288435
cel-1,0.0192045045016048,9.22566133659578,-4.16696336984816
cgef-1,0.0461971086868537,5.23361935347181,-7.74767274690209
chs-1,0.00974524498965768,3.27305226599985,6.66459004068808
ckb-2,0.0317219091034847,9.57923601591583,-6.87978250335726
clk-1,0.00453033874375265,5.19599382106009,8.91112721668444
cln-3.2,0.0306268472185297,7.8153142678999,-7.98938719905062
col-155,0.0373871247260624,6.504786623667,-10.0234363462262
coq-5,0.000398354999352468,5.33104340939352,9.05589656856365
cpb-1,0.0296964448121389,5.56403689855767,4.11074386737416
cpn-1,0.00138862602572985,7.168749134239,5.04973214655645
cps-6,0.0261333238935397,4.41792039338204,8.05596651290316
cpsf-2,0.0071762054507975,9.88674098734296,-7.00997470240769
csb-1,0.0477912243843743,3.74977274192364,4.13495182732511
cua-1,0.0411182065443893,4.18788580460109,5.08905055181395
cuti-1,0.0346491042274791,6.39004173023894,-9.90242660169454
cyb-2.1,0.0484077376328604,6.61850863752175,3.65411887865852
cyp-31A3,0.000579760302072383,6.05130469585475,9.81306629338613
D1007.10,0.0273287851626247,5.12072022058949,5.78174673620701
D1014.2,0.0128507425832599,4.82595351697575,8.50988379405083
D1037.1,0.00188306882009217,4.37026801107406,7.43375458737916
D2030.2,0.0282263360260487,4.87971155167674,5.36194051265703
D2045.2,0.0411319887427446,2.36125603486152,5.24049666697301
D2085.5,0.0435874502928224,4.85548257225294,4.21895016478678
D2096.10,0.0142527137724285,6.31998332080412,10.0910926352817
D2096.7,0.00733911792100894,4.45014748803062,8.09489067807065
daf-25,0.0162177825050189,3.36238117086531,6.78049888948052
daf-3,0.00472330934648648,4.37648066650891,7.73094504651867
daf-4,0.0340112589640977,3.54408991122965,7.02730354822107
dao-3,0.00392822217038505,6.28482734733711,9.04490393883338
dcs-1,0.0098836433439005,3.9152185919104,7.47600252402086
dhod-1,0.00151532979860326,5.12264272198645,7.73192255160924
dhs-11,0.001027505265681,5.57478553997339,9.3154812756361
dhs-22,0.023766243702887,6.68530107843308,5.33553926139611
dmd-7,0.0162179659870845,4.14071682726316,7.73700375767457
dnc-4,0.0311252285564931,4.31838513283339,7.94300245615818
dnj-14,0.00754520966629713,4.00707958689159,7.58201071538083
dnj-22,0.0184111320197786,6.44651165223298,4.75887917848928
dnj-25,0.00477080422100672,3.39901261964154,6.52935539394417
dnj-27,0.00413813073794935,4.56296689109309,8.2231202542176
dom-3,0.0237934567387258,4.55165920879887,8.20560666395354
dpf-3,0.0207924685517755,4.87098961744801,4.06199874757092
dpf-5,0.0170103884716317,6.95468873475697,5.55632903604044
dpl-1,0.0360568553305844,9.28193735355716,-4.35410075972929
dpy-10,0.0250058962061475,3.79268293459637,7.32440100751487
dpy-23,0.0208674959913301,3.47120534159179,6.92168887116927
dpy-26,0.0303235886100771,5.24082633309041,4.18553489746707
dpy-27,0.0196600904522034,4.56074032262311,5.82462870471683
dsl-3,0.00784167749555904,6.08943495686277,9.85483616686418
dyn-1,0.0361979646605364,4.44660254607254,4.35078104654908
dyrb-1,0.000262704833594372,5.54676365734115,9.28479705207305
E01A2.1,0.000756185903894737,8.27353266835824,7.2195651836273
E01G4.7,0.0114490511807488,3.46180148185309,-5.74461697356756
E02H1.8,0.0165242469011022,3.77715210479895,7.30576957867193
E02H9.3,0.00812679729259628,3.66691993936571,7.17535467143729
ears-1,0.0384566655371246,4.61606415097724,4.33799427762247
EEED8.13,0.0370004825155331,6.25174110529871,-9.75891853371258
egal-1,0.0108851580416549,8.22356996667665,-9.5441306765473
egg-2,0.0102924869756188,4.95852886267383,8.65493429541577
ego-2,0.0490505487945954,4.98711952877068,4.20769094551909
egrh-1,0.0305268590879175,3.88554286791574,5.45692392961283
eif-3.I,0.0324022713520207,5.04248870686461,6.13465418261414
elo-6,0.0496381038558548,4.01814077178281,7.59478404378701
ent-1,0.00466849728440309,8.20377353799945,4.20798933835497
eri-3,0.00145816066541548,5.92666734384712,7.94493081787341
erm-1,0.027887171233356,4.71180395783949,5.81084099766011
F01F1.9,0.0105431845320935,5.46893905148841,-7.12312927064272
F07C6.4,0.047530346596317,3.0183457128794,6.3083144407632
F08C6.2,0.0109443839868103,5.81811241821268,6.58976430847465
F08F8.7,0.00339139777662037,4.35008098383019,7.97922795360274
F09A5.4,0.0102149895421464,5.39123004196534,6.10707096126187
F09E5.8,0.0343188561164258,8.65928214752895,-5.61701841282447
F10B5.8,0.0164698152606652,5.96739035009949,6.18065034812586
F10G7.5,0.00108707118040955,5.81097302768787,8.76301795983744
F10G8.6,0.00126763496370964,5.78699990358561,9.53835407083864
F11A10.6,0.0227790669018859,4.37004574755587,7.24513324701907
F11C1.7,0.0034986672403712,7.26206983509969,-10.7935780643895
F12A10.8,0.0397226354792071,3.10914927590057,5.78566294565557
F12F6.1,0.00630613384668557,5.95861267220978,4.76666334609044
F13A7.11,0.0250479011945539,5.63685771515726,9.37940539896967
F13B9.1,0.00332714121418326,3.9477282246244,6.66821601966578
F13E6.1,0.00370289575712144,6.05083943859089,7.89321554808635
F13E6.3,0.0185003285383078,5.09715410126195,8.80505143234035
F13E6.5,0.0379920202655744,3.96188058590904,7.5274702176616
F13H10.3,0.0368769341165628,5.33235536723283,4.20729347269005
F14H3.6,0.0494643025594176,7.34299060985517,-5.63379175280157
F16A11.1,0.00573063434322454,4.46669045243778,8.11060517652319
F16B12.4,0.0469965471684991,3.73430090997905,7.25303290268899
F16B12.6,0.0179759524785208,3.96880160515217,5.55703771747717
F18H3.1,0.00941068062932532,6.1607340476696,7.74061126555327
F18H3.4,0.0265025531731279,4.26896620326106,7.88494182044479
F19B10.10,0.0478826055223755,6.86427829897737,-4.0517844383156
F19B6.1,0.034440325552392,7.21254463795037,3.08932493386256
F19C6.2,0.0113646789310536,4.79115846203115,8.47215418932768
F20D12.2,0.00506385401062933,4.58421199863322,6.42392355236747
F21D5.4,0.0208947270603768,3.57188939454076,7.05129296899761
F23F1.10,0.0392969253259435,10.2142022763996,-3.63949727531867
F23H11.3,0.00174348469424357,6.75262888268235,5.48543660498323
F25B5.5,0.0176632998144026,5.16441735853081,8.88144969027031
F25H2.2,0.0228423523709635,2.87735713829675,6.10286406645001
F26A1.13,0.0401803359455045,5.00745534263422,8.70804517812994
F26F2.5,0.0361005945110059,6.28693660370812,-9.79526413585766
F26G5.1,0.00177598004631874,5.70338739440632,9.44943984061753
F26H9.5,0.00493358171209865,5.16217903551387,8.87474971004789
F28B3.6,0.00387400830923183,4.49142663144384,6.52115425261295
F28F8.5,0.0101290571115853,6.32727260344475,7.65359367456398
F29B9.5,0.0383578815898752,5.62997042348243,-9.11136235889194
F30B5.4,0.000121940060451849,6.1713066720655,9.93761562722786
F31C3.2,0.0133743864688867,4.91751358814883,5.40318438369976
F33D4.5,0.0196747856088503,5.17273199238737,4.92896047987171
F33G12.3,0.023840720931577,6.25220110233944,6.15672885486104
F33H1.4,0.0231685913246794,4.00940723183323,4.37427275371446
F35G12.11,0.00137121214958554,8.20288395738793,7.06420729342456
F35G12.5,0.0162178029671967,4.75269268651783,7.29306233012825
F35G2.2,0.000461420738884188,7.24509192215544,8.91416054273887
F36A2.9,0.027282963640401,7.67564422642314,3.99833078281203
F37C4.5,0.0382522257844715,4.05842567541307,7.64187446376031
F38A5.7,0.00715306331537885,7.32603749692648,5.81035572313541
F39B2.5,0.0445960630572366,4.90058591182471,8.59183697867809
F39F10.4,0.000162995577122418,10.3563164321553,-10.3460689844055
F41C3.4,0.0428527063907264,5.65618168631504,4.98462562584447
F42H10.6,0.0182410428798922,7.29987114047726,-10.8319312352842
F43C1.6,0.000633770649441124,5.2113954521646,8.92924747502742
F43G6.7,0.00924008853045465,6.77800048259965,7.5563241310802
F44A6.5,0.0367962198441994,5.1507095461815,8.86269951856906
F44E7.9,0.0379752180337123,5.17204986147737,6.38259103664917
F46B6.12,0.00222163725107922,5.3276301775018,9.05329534201844
F46H5.2,0.019642707019018,3.74766255423673,5.7254148683723
F47G4.2,0.0110987083508878,5.75397834101911,5.56916056512128
F48B9.8,0.0151009885674906,3.99479222033178,7.56649549050627
F48E8.3,0.00188023534811525,5.10210954294049,6.75600669247384
F49D11.10,0.019255242294627,4.50968992483199,6.28272542810525
F49E12.6,0.00512292022793556,6.69900633196482,10.4825043174821
F49E8.6,0.0149075320101136,3.35206742408991,6.76805614779831
F49E8.7,0.0471985392298052,7.33276574652481,3.77547479991417
F52C12.2,0.0180859219811173,4.57740454242916,7.57115170516494
F52C12.3,0.039601046398482,3.95833715716862,7.52192540771251
F52C6.2,0.0443572536220416,5.84563240803748,-7.83575746878714
F52C9.1,0.034138147901799,3.19811158454354,6.57104176099354
F52D2.7,0.0429646047857319,5.41308843201228,5.72775382516822
F52H3.2,0.0477892618616873,3.2049978300509,5.18370873715333
F53A2.3,0.0143326450486828,4.55666624776536,8.21167507049889
F53F4.16,0.0116618512092732,5.83132500213212,7.35113290314535
F54B11.5,0.0244907021203543,3.40351408419385,6.83495333158728
F54C9.9,0.000534284916956473,7.58785778632888,7.43798145841467
F54F7.6,0.00411404643144781,5.58366439125145,8.24129886901659
F56A8.3,0.0376836395372932,6.53976533529613,3.91378787317023
F56A8.8,0.000565574148602788,9.70682263378659,-9.6855813743887
F56D5.5,0.00602342200871837,7.03411461238039,-6.97257341851364
F56F11.2,0.0359490452929903,4.148081944339,7.74883922838364
F56F4.8,0.00558026449801234,7.41212262315187,-7.45864573858357
F57B10.3,0.0330717626282151,5.39753843703855,5.57618386673062
F58H1.8,0.000326193969339519,5.32286668245459,9.04715289927869
F59B2.2,0.00550067270606926,4.27009328662645,7.88738501811305
faah-4,0.0474758135495948,3.81155418185979,5.71156307916287
fat-4,0.0366787031804365,4.37614724957117,3.88175686413746
fbxa-114,0.0122927715273524,4.62788445676029,8.29691095577338
fbxa-128,0.033356248634982,4.62243335152016,8.28546173088745
fbxa-167,0.0175382302768985,6.64428750907957,-10.1628642392295
fbxa-64,0.0285161848528029,4.41363862709852,8.05136697408499
fbxa-95,0.0103150331527469,4.62315206690699,7.62880424858646
fbxb-103,0.00482091125543553,6.15396006750759,-7.79325513433845
fbxb-43,0.000742452543434625,9.26642992627732,-11.8876216155905
fbxb-50,0.000819153233801968,9.36924191540393,-11.356467053306
fbxb-54,0.0486396734717877,3.20292064520401,-4.94087757377181
fbxb-66,0.00224723274960059,9.96313435059372,-11.6561123548273
fbxb-68,0.00219621968108216,9.93530392264214,-11.3813071984237
fbxb-76,0.030706095679579,5.50692125349532,9.24630396832506
fbxb-92,0.0187321872702027,3.57093707033682,-5.84254845154647
fce-2,0.00109030417675772,5.43857016210589,9.17047436501437
fem-1,0.00185247661630611,4.32952840515478,7.95588409334316
fis-2,0.00387664824553824,7.27400677092096,6.7267129712737
fkh-4,0.00498100749016027,7.34087748959903,-9.21855821786811
fln-1,0.00113677464440279,3.96496133265264,6.93755428404757
fre-1,0.00318271680993289,3.53727510469997,7.00934419087472
frh-1,0.000541776387856249,6.0365170263933,9.79776430193555
fzo-1,0.00804862603578593,4.59321717905192,5.33960034912262
gale-1,0.0261109269852652,3.71114206734831,7.22391847989894
gas-1,0.0157106254706148,4.33896493262181,7.96581728932617
gei-17,0.0374994814594171,6.9472947263394,3.69665108495805
gex-2,0.0318129020952471,2.90616109231393,6.14456935014208
gfi-3,0.00119891994869403,4.64009173694225,8.30529870518661
ghi-1,0.0165994133870934,2.89135111566627,6.12475396078174
gla-3,0.00770363620286436,5.89378316833792,6.36266881700197
glh-1,0.0146097212975242,4.51020606048344,6.34858979605395
glod-4,0.000925912219720474,4.6946721880785,8.36575358741774
glrx-5,0.00411457018563008,6.5641629333742,10.3437182021611
gls-1,0.00829278495725907,5.16448367892738,5.38348383680538
gly-9,0.0334574137393279,4.32494805548328,7.95041772762414
gpc-2,0.0297013583719014,9.6874991580572,-3.59176887394051
gpi-1,0.0106996480831115,6.71797487268079,5.33792959154476
grk-1,0.0337730999892886,2.54625129742877,5.57391164290325
gro-1,0.00723237406687724,4.96142217352748,8.66122134988322
gst-1,0.0390000500854372,6.98683126661213,4.1665994420121
gst-10,0.0320165350439517,5.45634316356603,9.19287384493202
gst-21,0.045119098376069,4.95716196955113,-8.39548268275493
gstk-1,0.0254788988790569,3.70490856440572,7.21658960783061
H02I12.5,0.0109022714292044,3.57031889520291,7.04830348912918
H04D03.4,0.0454972061304015,5.79801881282911,-9.29360760248601
H05C05.2,0.023414113870044,4.77760647277355,5.37541163587299
H20J04.3,0.0363511944099827,5.74515319889798,-9.23677148487778
H20J04.4,0.0104122655401015,6.65402717849348,10.4348929010036
H37A05.4,0.0288071973571006,4.57703179067505,8.23502509489951
hcp-6,0.0300729522940396,4.82002696748476,3.87904756058455
him-19,0.0259751767418913,4.1541209531498,7.75229214023723
him-6,0.0246144178261988,4.35094488312624,7.74171513871652
hip-1,0.00412438313302708,5.06206346686313,7.53906384006267
his-60,0.0397220590423016,9.91269815846861,-4.60174886159547
his-61,0.0407325637322646,8.31257482978217,-7.03176477387754
his-62,0.0278203747548938,6.35974709469252,-5.76321591741902
hke-4.2,0.0425681759761811,4.57488777443514,4.59036707941631
hpl-1,0.000598742340785503,5.67149024770469,9.41647057224618
hpr-9,0.0306375379431681,3.89352786149786,7.03356933715024
hrpf-1,0.0393017959617269,8.6717781141975,-3.67904321536773
hum-1,0.00705464174551918,4.05689835568416,7.64061339245175
hum-2,0.0475900493825814,4.65330860391956,4.43793928695608
hyl-2,0.00331311298959128,4.31683029828007,7.94307418236887
hyls-1,0.0200507384681257,4.40220700647997,8.03754278933301
ify-1,0.0400290776556416,11.2526592050095,-2.94426435353049
immp-1,0.0214018258993546,4.95948506968038,8.66077947450515
ing-3,0.0460445629927429,5.74541378490717,3.71493118118612
inx-21,0.00394525602735284,5.03009505835041,7.70777326144733
irx-1,0.0467388105627849,3.66967973623999,7.173092137702
isw-1,0.0140207414419406,5.2187182196754,4.98920642526585
itsn-1,0.023966598814917,3.58671293598347,5.6209558410836
JC8.2,0.013642121795384,6.49470974628016,5.09201678086748
K02F3.12,0.0136577332384608,5.70517484169415,6.81185374864274
K03H1.7,0.0241559152549787,3.32688051819297,6.73383004323885
K04C2.2,0.0103860236201717,3.59214388498655,6.83709934690536
K05B2.2,0.0436278370853681,2.96552672590133,6.23274430041
K05F6.4,0.0339835508885277,2.869236763185,-5.07163836285093
K07A12.7,0.0488733634158934,5.54617703703532,5.241254671979
K07C5.2,0.015054148136389,3.93089441835645,7.49056150416846
K07C5.3,0.0127440751361134,6.90666085113995,5.69249255395264
K07E8.7,0.00899229584031019,5.63114299165402,7.26982449187449
K07H8.1,0.0249236681553191,5.46832966239136,4.64076937307598
K08A2.1,0.00845471146499168,4.41258399725386,7.56041838456337
K08A2.4,0.0198056082943358,5.0513820119466,6.00758864046783
K08F11.5,0.00596973664300544,5.10030195035948,7.40625997357014
K08F8.1,0.00973174673753844,5.63635295045262,9.3791644096423
K09E4.3,0.0310481167153434,4.32553827528296,7.95576824853438
K09E9.3,0.0140816240148174,5.48203969511595,7.62534013665751
K11D2.4,0.0401799995174313,3.85526384947471,7.40035462898092
K11G12.5,0.0329038668801455,4.17442856689788,7.77590636072719
kat-1,0.0235429295613534,3.54277943797884,7.01463883386378
kbp-3,0.0190846197703641,9.73927239749671,-3.85485623997241
kin-32,0.0108219298781817,3.7958347990577,5.97014568378965
kle-2,0.0211412621674066,4.96170133750556,5.07784667241068
klp-19,0.0134057437026143,3.56622434205075,7.04327998279585
lap-1,0.0122886758236294,5.66743942055246,5.79351984633234
ldh-1,0.0215916238120304,5.45494670339813,4.52440689428381
lem-3,0.00522420768197018,4.28632485480004,7.90677470885877
lig-1,0.0043338387973007,5.83699365189778,5.54601732782032
lin-37,0.0117050078213839,4.88634437622473,6.0980741118016
lin-61,0.0368084043140048,8.02736876536283,3.75597954252104
lrk-1,0.017946222828353,3.05976525239477,5.08892143153254
M01G5.3,0.0240348403927876,4.82309289822032,4.37740467447879
M02B7.7,0.000055985048965883,6.86931513861555,10.6559017936236
M02E1.1,0.0213754090383407,3.74893085203213,7.27117952557494
M05B5.4,0.00463478587799971,5.78030691458603,-7.55901094994559
M05D6.6,0.0269324570277775,4.39356102076278,8.02840238087131
M106.3,0.0176725429353274,3.4108978377386,6.84497954940971
M110.10,0.000911972761061576,8.62482792960166,12.4331821464473
M151.1,0.0445335855219728,6.23757999279091,-9.74890400215416
M151.3,0.00514150237572228,4.29620234862829,7.91784574085114
madf-1,0.0110603298410222,4.81001774128812,8.49717887935418
mak-2,0.00888098520896291,4.82602547081716,8.51002803887418
mat-2,0.00884937194455475,4.72166680014064,5.6397598528088
mbf-1,0.000293648104054256,5.99142161709203,9.75141510484926
mbk-1,0.00375675116799025,4.88753878811569,7.69068631057748
mboa-3,0.0170410140274299,6.34185297982056,-9.28973019720627
mboa-6,0.00943357480328446,7.6299270589855,4.08314631666247
mboa-7,0.00177947779013984,6.80534475845578,8.51064352305639
mdt-29,0.00375191629467661,4.23747590247379,7.85328836008652
mdt-30,0.0254571063959379,5.51158785588124,4.936054026102
mdt-31,0.00241516410418459,5.58433022930792,9.32436884457623
meg-2,0.0145461136349492,4.52774943475973,8.17929674875609
mek-1,0.0117075764285387,4.85003707525034,5.92200875694475
mek-2,0.0320505956765983,5.15080370868638,5.49474053314845
mes-1,0.0101628374434402,4.58693590880161,8.24624894390781
mes-6,0.0396616624701618,4.40689971898947,5.12267300866464
mff-2,0.0014667385129454,5.55587721308376,9.29626006455595
mig-14,0.0207746816940275,3.69267086121689,4.82625616817924
mig-22,0.0206955814904571,4.34361839555478,5.7967034532386
misc-1,0.0443346552691406,5.3234923591247,4.26065040111547
mmaa-1,0.0364760843244573,5.93639784753723,4.52027621850531
mom-4,0.0228445736891463,9.42236856547009,-4.28122715691522
morc-1,0.00310284259135856,4.38604307402142,8.02044340010751
mrp-4,0.00819564268269888,3.34219734956748,6.75521784781481
mrp-5,0.0460537950457048,8.02532736547732,-6.01068008788958
mrt-1,0.0206734252354204,3.10419675678926,6.43256624604696
mrt-2,0.0262248935427253,7.98027377649129,-5.0781684739778
msh-2,0.0219188893575529,4.55213541185457,5.36797289332624
msh-5,0.00471480519654037,4.09986444687801,7.69212272152183
msi-1,0.0299075278603076,3.21699025609879,6.58818462737494
mtm-3,0.0345019611519282,5.44602580618882,3.39522571814432
mtp-18,0.0163871324885481,5.77885570144378,6.92936306794011
mtss-1,0.000100683155965631,6.14350692325123,9.90883792112435
mut-7,0.00850270710762428,4.10080607713337,7.69104456598
mys-2,0.0269918981308785,4.43705076255776,4.94895595293324
ncbp-1,0.013791665057691,9.72848891867502,-5.29345430293943
ndx-4,0.00337609950575764,6.04204153741888,9.80394311880664
nfyb-1,0.0197618250198971,5.76303898294888,5.31385954008197
nhr-13,0.00216346847228318,3.99287178060129,7.56532884387804
nhr-237,0.039922859864493,5.18413745588144,8.90335341211068
nhr-286,0.0119236741161564,5.39824603015793,9.12701613019094
nhr-4,0.0102949668549639,4.35878284639566,7.98891461153718
nhr-66,0.013308217681783,4.25883818420529,6.9206819591631
nhr-84,0.0207337209613754,4.4435317514226,7.5745032289323
nlp-24,0.00216599208370976,7.22004378657606,11.0137134842517
nrx-1,0.0104664915535295,6.65678881086431,10.4375979124527
ocrl-1,0.0457987355994147,3.71534661450809,7.22924692555577
pat-12,0.00333242117783509,6.78261468085625,8.78055538379785
pfn-2,0.00417520726580681,5.26353192453195,8.26511385105554
pkc-1,0.00233876107762022,5.89884434292312,9.65425211079845
plst-1,0.0425044690809603,4.03568425754219,4.94808001401975
pme-2,0.0358647732503139,8.7694346042026,-2.9587516117729
pme-3,0.0177038528127057,4.30280994300819,7.92402611720356
polq-1,0.0291150588216177,3.7054918644281,4.73486869130241
pot-1,0.0402728498441855,2.95518013930718,6.21762237694351
pptr-1,0.00153554245387179,4.72019814663366,7.97007917603943
pptr-2,0.023188189108348,8.99516969295729,4.15769878089248
pqn-68,0.047035603015672,5.84556578889671,-9.3371463256392
pqn-92,0.0138146314497053,7.9270663614168,-11.4676800319313
pqn-96,0.0388924653829537,7.91158573984492,-5.78303855266891
prkl-1,0.00961520224645968,7.33754726172503,9.98246556551647
prp-4,0.0115958197232584,6.33443980434645,-9.84447585961905
psf-1,0.0226631811858199,3.87162511513251,4.87427440170816
pyc-1,0.0125215127336709,4.26961742042096,7.88705285635517
R02D5.8,0.00316036336568101,4.9872425315965,8.68629538728941
R02F2.7,0.000933682784498019,5.47355215095645,9.20727339449356
R03A10.1,0.00213292656363069,6.28656781146877,8.29525088032247
R05D11.9,0.0445223191175982,9.70008734675788,-3.5739581811604
R05D3.12,0.00301293785599578,6.76423443231307,7.40749145940945
R05D7.5,0.0159484320864466,4.5485022675233,8.20420374441124
R05H10.5,0.0157882848246637,3.07965685632045,6.39730525340281
R05H11.1,0.0139214043993174,5.43425891206518,5.22588681141032
R06F6.12,0.0201103046845187,4.78331691518267,8.46306636821315
R07E5.1,0.0272841015364946,4.49540083517273,4.61234286074072
R08C7.12,0.0146080285229912,5.1580567686309,8.87022279764927
R08D7.7,0.0246892514171433,2.2513772717204,5.02516716715764
R08E3.3,0.002368683837606,5.36438240800772,9.09196299848043
R09F10.3,0.00480658549067707,4.26188557842489,6.32705234185647
R107.2,0.00139057974691076,5.23350347451511,8.95163436012207
R107.5,0.00135110277588139,5.86675678800278,7.05003077506189
R10E4.1,0.0000680386322382323,6.36846409978264,9.53073307099786
R10E4.11,0.0202170520428689,5.27426929449773,8.99513469322567
R10E4.7,0.00546376019166482,4.45029228642225,8.09601362285818
R10E4.9,0.0183450557102046,6.12844400859302,9.89550828874968
R10E9.3,0.00993596940864114,8.44668309369927,-11.9913888749758
R10H10.7,0.0344855025509462,2.46661083377062,5.14866467002975
R11A5.3,0.0117108029679222,9.7603175783118,-6.83039466090793
R12E2.1,0.00487586587744737,7.12752462159292,5.93065730533031
R144.13,0.0100100683399555,5.89790663000437,9.65336002408717
R148.5,0.0393212232900439,5.03829108199284,8.74103893004426
R151.10,0.00298171729326114,5.20390360283816,8.9199916704195
rab-21,0.00262032933963384,7.01703224132324,9.05519757573359
rab-35,0.0448558617394382,3.95147424559305,5.15688114071673
rab-5,0.00347679578014468,5.34572631414269,8.51442283124418
rab-6.2,0.0131072583555523,4.61293276230213,8.27504413841986
rabs-5,0.0349296197116781,2.83785958931618,6.04344930832798
rep-1,0.0175460970636386,2.48429017524347,5.46737634919053
rlbp-1,0.00678635584900621,5.41567151229873,9.14584154940087
rme-4,0.00946064973756523,4.67833442370915,6.45636774901708
rme-6,0.0434318112402314,5.00501139649479,4.91065876138587
rnf-5,0.0358144739716377,6.96330656304462,4.1116437704368
rnh-1.2,0.0177467358423421,6.35523764313117,6.70040769885035
rom-1,0.00937929193020702,3.97725667725918,6.91856654805044
rom-5,0.00393025279901992,5.92905786450803,6.75719054134724
rpl-19,0.0193178186941844,7.90924567470975,5.57827579940163
rpl-43,0.00135479305157373,4.44543960449335,8.08764728087524
rpl-7,0.0247232411164463,10.2181456408198,-3.03975125654917
rpl-7A,0.0213104561309248,9.27371750674279,-4.20841871768928
rps-0,0.00168070650749938,6.68285348463094,5.7289243879667
rpt-5,0.00510195768470516,10.7527754137869,-4.2385259221072
rrf-3,0.0437914158493199,3.99198656362823,5.50636465325047
rsks-1,0.0148446619258979,3.34698096308524,6.76099091174242
rsy-1,0.0278554843332814,3.52882740865937,6.99660758184614
ruvb-1,0.0492019007973911,10.031666182177,-3.77948438772275
sac-1,0.0377773438010465,9.76995031177473,-4.15269851653592
sav-1,0.0179466332018496,5.72360574131777,6.90924449791543
sax-1,0.0454547914957353,9.35651241692284,-6.15864698479429
sco-1,0.0351966517409295,3.025026840937,5.38991349678003
scpl-2,0.026559106425221,5.25326364606986,4.57954573009774
scpl-3,0.00684194212480976,5.01034267054086,8.71366599280721
sdc-1,0.0303983743576677,2.95297807929523,5.57073321048857
sdz-1,0.000568921886272183,10.5114391666514,-11.2963199957775
sdz-30,0.00946477717197969,6.39591287081182,-7.88053100033366
sdz-31,0.0480531035480346,6.56970180234051,-6.88616046295236
sdz-33,0.0183275184390858,3.97192097203056,-7.28672923245832
sdz-9,0.0146154811100405,7.8349839089201,-6.6343088062882
sec-15,0.0312445830285511,3.18232838204233,6.53822389807162
sec-20,0.000706401227384264,4.92881142699393,8.622841626304
sec-31,0.0144570844576331,4.68596634289654,5.16853961569266
sepa-1,0.0411568416971212,2.92998271115728,-4.1730165531614
set-15,0.00671657658565421,4.54509528360369,8.19953164532132
set-5,0.0374863479062649,2.62213572829046,5.70122534234548
sir-2.4,0.00510539283670302,4.60210514400994,8.26286595801323
skr-15,0.00899158221215073,7.01542637608112,4.95251943242046
slx-1,0.00076833679929026,4.17581942613036,7.78049943309321
smg-4,0.0161567421088957,6.61305984039787,5.50720765979297
smk-1,0.0402822955094145,9.38849713296529,-3.92237837231367
smp-1,0.0314730868615574,6.49311966098225,-10.0075408608289
spe-6,0.0494184356044615,3.71360474103427,7.2318389452251
spg-7,0.0243475968701561,3.25344363242134,6.64728194173057
sph-1,0.00856542859671345,6.1300345599388,9.89699091670465
sptf-3,0.0349532314015429,4.5972966840661,8.25617582670989
sqv-1,0.0376072820811572,5.06424571631173,6.4134433423964
sqv-7,0.000242523523142034,6.32065455753227,7.53453641779995
sre-44,0.00749585861924743,9.30483816714455,-12.8539041068085
stn-1,0.033146608421146,4.13095864319956,7.72635653742889
sto-1,0.0428036591716035,5.05783181913718,-8.50235899789497
sur-7,0.0164211629625775,3.4202567030094,6.85674051128949
swp-1,0.0347655564652859,4.9790603019206,5.15079623390386
sys-1,0.0429460622917207,4.40072879834423,-7.04437475379966
syx-6,0.00871286538062962,4.85794068158732,8.54813318045493
T02E1.2,0.00237760162225411,5.59669067176793,5.86006654705527
T03G11.4,0.0332684379652884,3.37266263509391,6.79414147249219
T04A8.7,0.00149421750775252,5.14805473295315,8.53109502002254
T04C9.1,0.011341156119143,4.26943515456534,6.08790833191111
T04D1.2,0.0018713904783926,9.26125412491534,-12.8101119572409
T05D4.2,0.0310542755923573,2.97216525037985,-6.00461945447079
T05E12.10,0.00514170870411618,4.91849701487275,-8.35403659259269
T05E7.3,0.0464791441298102,4.14943804899627,5.78568771688017
T06D8.7,0.00282863444744854,5.73874789888162,6.2588968627928
T07A9.10,0.00451132151879147,5.86585081389498,7.47901373045081
T07C12.12,0.00289091099206295,4.66089089045348,7.04401121115917
T07C12.14,0.0000633843306026297,6.99279167475262,8.98602398213888
T07C4.12,0.0102087298427573,4.43489500826933,8.07545583244204
T08A11.1,0.00918937923928484,3.41354424935072,6.84812895174933
T09A5.15,0.00428037131811537,5.75931844775415,7.73190642520789
T09A5.5,0.0202535917893708,3.94334070443859,7.50615676487233
T09B4.2,0.0493908470402974,7.71998556860061,4.36600957573847
T10B11.7,0.0109405578603971,8.66626982543166,-8.06751952841843
T10E9.8,0.00730540096659337,8.8112532921283,-12.3575429192945
T10F2.2,0.00600589596742768,5.32860767269767,9.05326811981279
T11B7.1,0.00888058448711859,7.71120440508853,9.53060970051841
T11G6.2,0.0214780040786024,4.83105117869099,5.57720030765596
T12E12.2,0.0320763678434572,3.21172329789872,5.30664389668955
T13H5.5,0.024825860134049,5.74485918741796,6.72080100578193
T15H9.2,0.000222335907205076,7.77444633960092,9.97993490148831
T16H12.11,0.0369536940273562,7.35893567895842,3.74279578461817
T20D3.6,0.0158249591751307,3.95900041711319,7.52435747168918
T20F10.2,0.0102890006284737,4.42535588381726,8.06694692543488
T20G5.10,0.00239069820675667,4.69660552800274,8.36788223066067
T22F3.3,0.0194982913547377,4.48347750146014,8.13262660099151
T23B3.2,0.037253247218595,4.42322133576453,8.06228712835766
T23F11.1,0.0156444070102162,4.59250060388619,6.09221551964548
T23H2.3,0.018786446352262,5.65932462688429,5.88721557559721
T24B8.3,0.00772266110042245,6.19605788863343,6.21056010216687
T24D1.3,0.0179345934097389,4.09954440540462,6.55216472230481
T24E12.11,0.00642356334670709,3.07537999637984,6.39499055438707
T24H7.2,0.00839437198285485,7.13197305191122,4.0727558993611
T25E12.6,0.000639878671249123,8.6212314305784,-8.38572246629525
T25G3.4,0.022415871383163,3.6566145898806,6.20777214942062
T26A5.6,0.0368962893154539,3.23736795173015,6.61292447811914
T27A3.6,0.00137758949514296,4.72275947662631,8.39656847007353
T28A11.22,0.0232483488175344,3.78227159770732,7.3112020037847
T28C6.3,0.0404192084593056,3.88552237722021,7.43670739019563
T28F4.1,0.0112360186482598,3.74334335862822,5.77965863827949
T28F4.4,0.0352554968253715,6.30972854423624,-8.52549850381752
taf-11.3,0.00944639465881593,4.72449807457628,5.35663506396517
tag-172,0.0141004614043909,3.21774980881117,6.59449357168815
tag-173,0.00358565638903174,6.15753806930311,6.64168149376177
tag-175,0.0117970553097676,4.18615557468669,7.79073067580507
tag-182,0.0498097556990762,6.94473592150405,3.51478586153129
tag-184,0.0347616644955747,4.43927730668366,4.68883153731836
tag-260,0.0260423203603915,3.40635464977681,6.83842733768548
tag-267,0.00912788425037125,5.84044468974214,9.59557368440587
tag-280,0.00801148376839306,6.0588488923243,9.82308511035938
tag-325,0.0147939358974271,5.04220951190048,5.02820878128711
tag-51,0.0457608388369055,4.86563754862234,8.55355454151157
tbc-9,0.0323069484188762,5.6040637208498,5.36802709278373
tgt-1,0.0157586603317752,4.25098448447587,7.86579352457828
thoc-3,0.0358393659321989,5.90598653090613,4.09920253911425
tin-9.1,0.00409867506764175,7.06106440129209,10.8521065972904
tmbi-4,0.00454217061534347,5.79120433561469,7.7830312711995
toe-1,0.0181194076270521,4.33158498631985,4.18352473352129
tomm-7,0.0293787037297809,7.35204130761751,5.88904898655873
top-1,0.0120194082617825,7.4950577282598,3.38314684189202
tra-2,0.0101186660656284,3.30836464029216,5.97476889056732
trr-1,0.0442765766164829,2.60753974782478,4.32467249707429
tth-1,0.0269548247711503,3.73721393026099,7.25657040553173
ttll-12,0.0226147533120696,4.04293056493741,7.62375324214736
ttll-4,0.0414133632610829,9.02253338868424,-4.01782204954425
ttr-39,0.0463466596729289,5.8811860559594,-9.37454525538677
ubc-12,0.0088012977356139,4.76129363838054,8.43888486187994
ubc-14,0.00386974970867543,3.79015635139605,7.32207143358536
ufd-2,0.0163257790483871,6.93239563585971,5.27157567606198
ulp-3,0.0424242473941586,6.7903624307322,5.83073019889221
umps-1,0.0000819461644294639,6.30907288142042,10.0802433016359
unc-11,0.0108428655902711,3.28811944691906,5.90307038575279
unc-83,0.0194342346172339,3.81170310564454,7.34710140482284
vab-8,0.0139423083868848,4.86119191836742,6.62726391093951
vet-2,0.00265307788519934,9.54542141014776,-7.57329836535449
VF13D12L.1,0.0378386873528682,9.75980275816201,-4.06352552776374
VF13D12L.3,0.00317949127809475,5.73116581446722,9.4788334801539
vha-19,0.00237145583892303,6.23287439248339,6.20210890978379
vha-7,0.0145009515845353,5.63040908625874,5.09137121444707
vps-36,0.0450848524425229,3.8126526612351,7.34880245947
vps-37,0.0058128408443209,6.87133907967598,6.0085640787082
W02D3.1,0.0156923867355129,3.73319902618734,5.32355812894736
W02D3.12,0.0303915933741141,4.37944282391204,8.01210132778737
W02F12.3,0.00452234072660767,5.00453692447324,8.70511753051633
W04A8.5,0.0461025526251283,5.54667289411465,-5.77834417642531
W04D2.5,0.0186681092767858,5.76187241290029,7.02651987764602
W06H8.5,0.00883387186532216,5.67786909584612,9.12173787509174
W07G1.8,0.027580696162489,6.96370647292379,-10.4921009227026
W09C3.4,0.00115769144062011,4.93149359839103,8.6257191526333
W09D10.3,0.0163001299552401,3.81273081697776,7.34820227565215
W09D10.4,0.00451939345533307,4.77914498266882,8.4624326651725
W09D6.t1,0.018371971011368,4.90255532727598,8.59359339257512
WBGene00235256,0.0439842682615436,5.22867082984826,5.44175112941836
WBGene00235385,0.0290746553403298,2.99620377115393,5.97092082823572
wsp-1,0.000573819834271776,4.66293134968697,8.33122945058894
wwp-1,0.00835544641244633,5.77977442565725,5.38006992255136
xpg-1,0.0277192969139787,6.9963048955297,4.94953121652442
Y105C5A.1,0.0187414365409279,4.58041828840928,6.83389817915075
Y105C5B.19,0.00818051187559809,4.41404694601586,6.20513866358805
Y106G6A.1,0.026261929682165,3.6021764081768,7.08936652088437
Y106G6H.5,0.000717382521231071,5.85497202864346,7.10341924820976
Y108G3AL.2,0.0333760556637509,6.12868738279413,3.80243640833886
Y110A2AR.3,0.0271159102648709,9.57479325733368,-4.19163778276019
Y111B2A.12,0.0332916827434157,3.3641226640026,6.78336689309084
Y17G7B.10,0.045260008046596,4.73430323291786,4.84764402910283
Y18D10A.9,0.00388535141246983,5.51773535693807,9.25427342412224
Y18H1A.4,0.00675908256535309,3.38295497990807,6.80873234111223
Y24F12A.1,0.000212446324077241,5.83975081549016,9.10769618671239
Y32H12A.8,0.0152444921468203,2.962809101238,5.19306189472496
Y37E3.10,0.000235665930225599,6.11374166453982,8.19268216599646
Y38A10A.7,0.0135700997216263,6.50698786151265,4.83727500027216
Y38C1AA.12,0.0210782774287363,6.24420537442976,-6.48076987755101
Y38F2AR.3,0.00767851675044307,4.71858836123987,8.39187679781978
Y39A1A.21,0.0105916412293153,7.09895177255658,6.74326284066976
Y39A1A.7,0.00198138175927603,6.04120580787066,6.88378387288691
Y39A3CL.3,0.00105878740290333,6.94665354112102,10.7352382670533
Y39A3CR.5,0.0316154528358055,5.47017748435487,9.20749813566775
Y39B6A.33,0.00988813745674327,4.71138311340109,7.35739586287018
Y39B6A.34,0.0146049067627745,5.33405549226403,9.05952025626634
Y39G10AR.11,0.0370776889275504,3.28042023749974,5.97447321338695
Y39G10AR.7,0.0109717474699155,4.57867800556904,6.09296006730995
Y39G8B.12,0.018071580096234,5.20788993971709,8.92428909844801
Y39G8B.2,0.0106894180402051,4.72868268282445,8.40385059541001
Y40B10A.9,0.0213622514322987,4.86968681279779,8.5580010768288
Y41D4A.6,0.0360553060686672,4.31422815633554,5.89451894171665
Y43F4B.5,0.0392540935527019,5.3924497247596,4.73574281982091
Y43F8C.8,0.0356032139954924,4.43357706349373,6.09783304056063
Y45G5AM.6,0.0361542116468883,5.17101177345061,8.88452175863565
Y46E12BL.2,0.00556517581673938,3.97737369927463,6.78475061022051
Y46G5A.18,0.0115408532887833,3.77644677461684,6.41349946849634
Y47D3B.6,0.0420722195225682,6.47379086614775,6.73348709794147
Y47D7A.14,0.0152745050101645,6.10731811930499,5.3891818361198
Y48A5A.3,0.00501053456626365,5.45000029933479,9.18232478411857
Y48A6C.2,0.0172163733705368,3.57015638629491,7.05800073433463
Y48E1B.14,0.00676096746687654,3.84910490183368,6.07356544269231
Y48E1C.4,0.0108139866189382,4.57918135586487,8.2369757783049
Y48G10A.1,0.0266489474069537,2.62906192931332,5.71382766111365
Y48G10A.2,0.0199125773542224,5.41551513208999,5.56418278422453
Y48G10A.3,0.0221468640031343,4.66993946171176,8.33828759720995
Y48G1A.4,0.0277282043758009,3.49641519704167,6.95454548411711
Y48G1C.1,0.0233598312115515,4.39208393482578,5.76228743552229
Y48G1C.12,0.0300795916031929,5.41073794093247,9.14057159963109
Y48G8AL.15,0.00636238291860784,9.20372393037117,-12.7518783794292
Y4C6B.5,0.0482120910012402,5.69113251791129,-6.77803148787327
Y50D7A.10,0.000125023443120032,8.2864095686407,12.0923141221571
Y50D7A.9,0.00132824790775858,4.42474059692594,8.06404757909647
Y51H4A.15,0.010045282625238,6.07578128848868,6.20888351744129
Y51H7C.5,0.0373553311443508,3.20112345080262,6.56528113400638
Y52B11A.2,0.0109744206676516,4.82247703116768,8.50652176658877
Y53G8B.2,0.00983449743275608,5.00124380418555,8.70141165711202
Y54E10A.3,0.00881314240827183,6.29523836627142,7.75687083191774
Y54F10AL.1,0.0111124067955902,8.19322983381163,5.6776803514632
Y54F10AR.2,0.00085612005174536,6.73932072282868,10.5231406953252
Y55F3AM.1,0.0278385637372317,4.5344675464749,8.18694271292805
Y55F3AR.2,0.0297806411680143,4.38468908766356,8.02185446376033
Y55F3BL.4,0.0365034456108691,4.16990774475756,7.77203418804502
Y57A10A.25,0.0126078157573748,5.23635731940197,4.96977233514038
Y57A10A.29,0.0121892722334445,4.6039457305555,8.26508120209494
Y57A10A.5,0.0145253338795744,5.12515168700126,6.38680678438625
Y57G11C.33,0.000672843240678444,5.20515897075359,8.92146947616803
Y60A3A.19,0.0216397595465788,4.95910260284594,8.66034784525343
Y60A3A.7,0.00291521022327363,5.21582481329599,6.77152913208942
Y61A9LA.10,0.0140863223580671,3.55710430322164,6.79040290354931
Y61A9LA.3,0.0264432319313248,2.78218775723724,5.96024118041919
Y62E10A.2,0.00142799954694459,7.04677861167954,6.26079473326427
Y65B4BR.8,0.000152554596613074,6.18697353127672,9.95383316550313
Y66A7A.2,0.0251351454983622,5.2112761234036,5.70975896607726
Y66D12A.10,0.0171769368794425,6.97049949776219,4.67418951384222
Y67D2.5,0.0185773891864901,5.24005545580254,8.96275053650833
Y71F9AR.4,0.0178185111153576,5.32056305523298,-8.78558535258597
Y71F9B.2,0.0356196945864222,6.39876784079475,5.06751296649013
Y71G12B.8,0.00477603544630896,5.30781051294609,6.27268764283574
Y73B3A.1,0.0340692980315306,4.47925510158666,5.0912346612521
Y73B6BL.30,0.0213188533484036,4.00527476611135,7.57986821130815
Y75B8A.14,0.0131214365869818,5.57959329287184,9.3190902211502
Y76A2B.5,0.00703262456305069,5.80517172089452,5.91370936582272
Y7A9D.1,0.0455518208489613,6.15399608101294,6.73061022865419
Y82E9BR.14,0.0406658138837737,3.15650803823521,6.50415869822205
Y82E9BR.22,0.034187700055775,5.76357263125237,6.42567347856282
Y87G2A.13,0.0103113406719839,3.72060343674356,7.2419498354183
Y87G2A.17,0.0323802566501507,3.27060501268477,6.66906523419312
Y95B8A.6,0.0490301404200301,2.69619439975923,4.23795501434859
Y97E10AR.7,0.0125549210475738,6.33101393932669,6.54088215319757
ZC123.3,0.0123453657813172,3.23577409693483,6.61648327198938
ZC13.1,0.00802337799734613,4.72959985868161,8.40473570478353
ZC204.14,0.0366316284325594,4.12917833437114,7.72492287262099
ZK1010.2,0.0111295173717352,7.27443578258957,5.24359880288214
ZK1058.5,0.0378802503756537,8.14095935948076,-9.05095333558268
ZK1127.4,0.00580521023336248,5.16617182301328,7.58610107323031
ZK1320.11,0.00470164304361812,5.43933006240179,9.17070323215704
ZK180.3,0.0175736661286911,3.81326242829611,7.34938601189411
ZK328.4,0.0305282036908263,10.1577323139806,-3.34775638357575
ZK418.8,0.00580429183224057,5.0942700043,8.80178709248787
ZK632.14,0.0261807164272,5.30672634875269,4.91920514126326
ZK632.5,0.018448719142077,4.51327537982244,8.16366168540867
ZK652.14,0.0354017617576302,5.3590711439972,9.08981704109135
ZK652.6,0.0318453041485963,6.19081598866519,5.40137214582731
ZK673.5,0.0154156312506225,6.82526592263785,-10.3480783774939
ZK673.6,0.0378866654611763,5.25782664786636,8.98208077997681
ZK856.11,0.0105902566595709,7.27260588045008,6.97813336814831
ztf-11,0.0159132163900793,9.22818735529138,-6.64798822102485
ztf-27,0.00549762242694804,6.4556145949042,8.11617360028259
ztf-28,0.0114619207552622,4.5397201744096,8.19771431779839
ztf-29,0.0266819094842483,2.87840740914308,6.11189131630314