Left Cell Increase; logFC,Shared Increase; logFC (L) - logFC (R),Right Cell Increase; logFC, ,Criteria:, p = N/A, medRPKM = 25.0, logFC Threshold = 0.5
B0205.11; -1.03247323863,B0024.11; -1.31214507576 - -0.610177901454,B0024.13; -0.573243826895
B0205.8; -1.29966355461,B0035.15; -0.704266718045 - -1.19915831224,B0035.11; -1.97455501116
B0281.5; -1.2861927123,B0334.4; -0.518186692056 - -1.15634613961,B0035.16; -1.40204188896
B0495.7; -0.82374548663,B0464.2; -0.536374097396 - -1.22378011253,B0035.18; -2.15387665758
C01A2.3; -1.00067602669,B0495.6; -0.625523639965 - -1.67577640835,B0035.1; -0.590564914022
C02F5.3; -0.624071309921,B0513.2; -0.769824258175 - -1.00231318284,B0035.6; -0.533581390144
C06G3.8; -1.42873572803,C01A2.4; -1.62698100326 - -0.660626305222,B0261.7; -0.511368529752
C08B11.6; -0.740024165338,C01B10.9; -1.10264258817 - -0.723572369102,B0272.3; -1.63968710628
C08B11.9; -1.41227929495,C01B12.8; -0.604320355307 - -1.37665887511,B0280.9; -1.04203457633
C09B8.5; -1.08502174542,C01G6.3; -1.11070855967 - -0.635497789675,B0304.2; -0.82807925154
C09E7.4; -0.926854595604,C01G6.4; -1.22042900631 - -2.64081789439,B0336.13; -0.660067330151
C13F10.4; -0.528897312911,C02B10.4; -1.80935876144 - -2.02289797522,B0416.4; -1.52321090091
C16A3.6; -0.560992300538,C04G6.4; -0.848498357037 - -2.04862036766,B0432.13; -0.948542439741
C27F2.4; -1.19894126015,C05D11.10; -0.874569719391 - -0.772804583217,B0432.8; -1.80512073035
C27H6.3; -0.730508791878,C05D11.7; -1.24866361999 - -0.630011256888,B0464.9; -0.609350097757
C29E4.15; -0.836805388999,C06E2.5; -0.90714115033 - -3.32855479906,B0491.6; -0.631212805702
C30B5.2; -0.731941925035,C06G4.1; -0.895112304692 - -0.774310038689,B0491.7; -3.16169771938
C37E2.1; -1.23392490203,C09B7.2; -0.787752887604 - -2.21789791507,B0546.4; -1.36067982213
C37H5.3; -0.555884523783,C09G4.4; -0.546545902462 - -1.28746982609,C01F6.9; -0.893894450565
C41G7.9; -0.65874356045,C09G9.2; -0.779334739075 - -1.73206913514,C01G5.5; -0.801864632967
C48B4.6; -1.16346412446,C10E2.6; -0.779362273036 - -1.38348556093,C01G5.6; -0.918294153529
C54G4.7; -0.696253773112,C11D2.7; -0.541659382926 - -0.897129665296,C01G8.1; -0.552553762046
C56A3.4; -0.72044250418,C14B9.10; -1.16251378758 - -1.12766584741,C02B10.2; -2.1135828791
C56E6.2; -0.548821041898,C15H11.8; -0.591217068791 - -0.596870960004,C03C10.4; -0.530894311898
D1005.1; -0.873962099691,C16A3.10; -0.827059454852 - -3.03481575409,C04F5.8; -1.42473747258
D2030.7; -0.841817032138,C16A3.4; -1.4660164352 - -0.776972210688,C05C10.3; -1.36913704791
F09F7.4; -1.01198114859,C16C10.4; -0.808611984228 - -1.14515368221,C05G5.4; -0.551582713959
F10C2.4; -0.921662826683,C17D12.1; -1.28867552646 - -3.3580847208,C06A6.4; -1.23214418005
F10E9.4; -0.850373027488,C17E7.12; -1.26564515507 - -0.60606513292,C06G3.6; -0.942864717564
F10E9.7; -0.774827220812,C17E7.9; -0.859316840549 - -1.89947681087,C06H2.6; -1.59395561756
F11A10.7; -0.806533312527,C25A1.16; -1.23808117307 - -2.10383008704,C07D8.6; -0.560312268692
F11C1.7; -0.611599382385,C25H3.9; -0.601413554577 - -1.18927205208,C07E3.6; -2.13547482222
F13B12.1; -0.875112833969,C27H6.8; -0.950192134066 - -0.528890278915,C07H6.15; -1.44919948755
F15B9.10; -2.63046766784,C27H6.9; -0.763228598868 - -2.04141156474,C08B11.8; -1.56582619096
F15D4.2; -0.767762067942,C28H8.4; -1.09924859691 - -0.548809118586,C09G9.1; -1.00591055773
F22D3.2; -1.31617553225,C29E4.12; -1.82956195555 - -2.41368316924,C10C6.6; -1.32151025935
F25B4.5; -1.42159694326,C30H6.7; -0.724884272549 - -0.919068265825,C13F10.5; -0.698806621414
F26F4.5; -0.870967356952,C31H5.4; -1.8361677456 - -0.782835812218,C14A11.9; -0.893659979023
F30A10.1; -0.823373129993,C33A12.1; -1.02472710174 - -2.42251854235,C16A11.2; -3.24559784581
F31E8.4; -3.1874241259,C33F10.4; -0.80304957526 - -1.02134393053,C16C2.4; -1.20195624391
F35G12.7; -1.31671782457,C33H5.8; -0.960472108822 - -2.3237124794,C17C3.1; -1.23090808253
F37B12.3; -0.608564960628,C34B2.10; -1.42763615179 - -1.07929529998,C17E7.4; -1.38846945497
F40F4.7; -1.64547599544,C34B2.6; -0.648809884633 - -1.61127974156,C17G10.2; -0.57195339226
F42A9.6; -1.35156102528,C34C12.5; -1.76222927745 - -1.34952044033,C17H12.13; -1.41005778459
F45C12.15; -2.22321409792,C34E10.10; -1.33557385229 - -3.58812172159,C17H12.2; -1.88450619479
F45G2.10; -0.706245101959,C35C5.3; -1.57412608165 - -0.838578336394,C18D11.3; -1.31454237885
F46H5.3; -0.890350590389,C35D10.5; -0.520826889675 - -0.834815660571,C18E9.4; -1.90998886852
F47B10.1; -0.761134530182,C37A2.7; -1.95375293017 - -2.07294521705,C24D10.4; -1.01057068143
F52B5.2; -0.709193460768,C37H5.5; -0.555535079311 - -0.881533786814,C24D10.6; -0.589140629067
F52B5.7; -0.945431789916,C40H1.6; -1.7060748396 - -1.01953128614,C24H12.4; -2.01913992814
F53B3.5; -1.02703498143,C41D11.5; -0.631204432042 - -1.44656341861,C24H12.5; -0.973222763693
F53F4.11; -1.11419621828,C41H7.6; -0.54054404786 - -1.47308327945,C25A1.13; -1.72790923826
F54D10.5; -1.03811692247,C43E11.9; -1.26319860153 - -0.582378713642,C25F6.1; -1.07643151013
F54D10.7; -1.03403757743,C45G9.7; -0.544019038951 - -2.42849953119,C26E6.3; -0.654301361751
F56A6.4; -1.24337306087,C45H4.14; -0.873103962783 - -1.6568303313,C26F1.3; -1.20497721562
F56B3.11; -1.3820426924,C47E8.4; -1.26076774693 - -0.879825936223,C27A7.6; -1.18227856529
F56C11.5; -1.20990153462,C48B4.7; -0.75162879809 - -0.869275698985,C27D6.4; -0.567838830941
F58B3.7; -0.814150753473,C48B6.2; -1.12556156063 - -3.65045133031,C28H8.3; -0.734398203809
H25P19.1; -0.645007308247,C49H3.3; -0.542306907296 - -1.06102527286,C28H8.9; -0.731114053014
H28G03.1; -0.965892901419,C50D2.5; -0.786500996557 - -2.33659767689,C29A12.1; -1.53327770976
K04G2.6; -0.566532537417,C50F4.6; -1.22977450973 - -2.23514333151,C29E4.13; -0.584197789569
K08H2.3; -0.794692637908,C54G6.1; -0.556719279758 - -0.626608902758,C30A5.3; -0.615952958393
K10D2.5; -0.893431725024,C56A3.5; -1.54216005818 - -1.13104727901,C30C11.1; -0.767194648116
K12H4.4; -1.00071189371,D2007.4; -1.28645528577 - -2.74559868679,C30H6.8; -1.57570617192
M01F1.4; -0.760675918477,D2085.3; -1.17188248895 - -0.519152031754,C30H7.2; -1.37349687387
M02E1.1; -0.877967178357,E01A2.1; -1.05989165611 - -3.23816099927,C32E8.5; -0.786486271512
M05B5.4; -1.77310573778,E02D9.1; -1.03741161957 - -1.96441116348,C33A12.3; -0.895261711682
M176.2; -2.03890323697,E04A4.5; -0.692290530847 - -0.876904609759,C33C12.10; -1.25974308197
R05D3.2; -0.840932959328,F02E9.10; -1.45610715436 - -1.9537046114,C33H5.17; -2.13965562653
R05G6.4; -0.707669240717,F02E9.5; -0.888424159028 - -0.983156903852,C34B2.5; -0.893604349539
R13A5.7; -0.887447663463,F07H5.5; -2.26790506238 - -1.48305724946,C34C12.2; -0.743353728034
R144.5; -0.661419951959,F08B4.7; -0.964974694275 - -1.27368898286,C34C12.8; -0.760307301317
R151.6; -0.914786490245,F08F8.4; -0.974302093752 - -1.01466601185,C34D10.1; -1.13041688571
T04C9.1; -0.635754261095,F09E5.2; -0.842535792376 - -1.03049167289,C34D4.4; -0.851249935939
T04D3.1; -0.833596197069,F09E5.7; -1.63694017335 - -0.819660681678,C34G6.5; -0.532228085707
T07A9.8; -0.916368820564,F10E9.11; -0.642940640855 - -1.87217509605,C36B1.11; -0.865791196136
T07F12.2; -0.950258231478,F10G7.5; -0.777946955229 - -1.15232378031,C36B1.14; -1.08539906218
T09B4.5; -0.872277547116,F13B12.6; -0.967450631179 - -1.0154340675,C36F7.2; -0.982683756519
T13H5.4; -0.651517550775,F13E6.1; -0.993398837933 - -1.26208018475,C39E9.11; -0.986135045344
T16G12.8; -0.502783910395,F13G3.10; -0.976803605171 - -1.69753370808,C41D11.3; -0.577828313439
T23B12.3; -1.04574614384,F13H10.8; -1.23347799641 - -0.855253530678,C41H7.3; -0.665079900641
T23D8.3; -0.518129973179,F14D2.15; -1.64143092735 - -2.67105950061,C42C1.4; -2.51083378658
T23F11.4; -1.08454288472,F15A4.10; -2.30834965496 - -2.56165683742,C43E11.12; -1.35839350643
T24B1.1; -1.27302153513,F15C11.2; -0.507445271861 - -0.793829776954,C44E4.4; -1.3351315157
T25G3.1; -1.56566394834,F19B6.1; -0.625587574668 - -1.15356307314,C46A5.6; -0.733063121551
W02A11.1; -0.867264331987,F20D1.1; -1.15487779773 - -0.864285288357,C47B2.2; -0.581039109954
W02B12.10; -0.621261365788,F21D5.8; -0.595430286722 - -0.748068293769,C47D12.2; -0.731914649808
W02D3.1; -1.96203412087,F23A7.4; -0.812078632885 - -1.19785453383,C47G2.3; -1.46815634542
W03F8.4; -0.965003619221,F23A7.8; -0.821378799524 - -1.28071401772,C48B4.8; -5.60826809949
WBGene00219313; -0.8278817161,F23F1.10; -1.50984105501 - -0.891285206752,C48B4.9; -1.30582187974
Y106G6A.1; -0.811509379609,F23H11.5; -0.892399775704 - -1.82755661059,C48B6.3; -2.10975832362
Y106G6A.5; -0.606566854035,F25H2.4; -0.677785912356 - -0.526937102745,C48E7.11; -0.893368860762
Y110A2AR.3; -1.25450384249,F25H5.6; -1.87003237467 - -1.89788379211,C49C3.8; -1.70355007533
Y110A7A.8; -0.737070986667,F26A1.1; -0.708660028222 - -1.00325707277,C49F5.3; -1.92726542756
Y14H12B.2; -0.969639696414,F26A3.7; -0.533153384009 - -0.899361047145,C49H3.9; -1.23828134238
Y17G9B.5; -0.600789269122,F26E4.4; -1.17398192183 - -0.711825383935,C50B8.1; -1.82754467927
Y18H1A.7; -0.629233327376,F26E4.6; -0.867743568957 - -2.4556578665,C50C3.1; -0.853014181853
Y37D8A.11; -1.42388860117,F26G5.1; -0.744528651468 - -0.589013810931,C50F2.2; -0.605012014679
Y37E11AM.2; -0.776541000037,F27D4.8; -1.96437569237 - -2.49503634683,C52E12.1; -0.649224296543
Y37E11B.3; -1.20958351029,F28F8.5; -1.15811185946 - -1.20241616994,C53D5.1; -1.04220679436
Y39A1A.24; -1.04977240483,F29B9.11; -0.812629553776 - -0.946278036498,C53D6.4; -1.08896953453
Y43F4B.10; -0.869533764699,F29C4.2; -0.637709792079 - -1.18468169885,C55A6.1; -0.77160383159
Y47D3A.21; -0.715704213543,F31D4.9; -0.989279527396 - -3.34427220721,C55A6.9; -0.701388034193
Y47G6A.31; -0.985839001923,F32D1.2; -1.25725317381 - -0.635830153627,C56A3.8; -1.15413816212
Y55F3AM.3; -0.66676501005,F33A8.4; -0.502731442431 - -0.524787927229,CD4.3; -0.980005442975
Y56A3A.19; -0.875669486692,F33G12.5; -0.987922076494 - -0.580874073236,D1007.10; -0.576325324437
Y65B4A.1; -2.85468694751,F33H2.3; -0.521083165146 - -0.525070085771,D1044.6; -0.844937318352
Y6D1A.1; -0.604373041828,F35G12.11; -0.697080509558 - -1.82988113872,D1054.3; -2.04334809031
Y71H2AM.20; -1.59341500911,F35G2.2; -1.13523477809 - -1.45859926189,D1081.9; -0.993805997802
Y73F8A.13; -0.807757147743,F35H10.5; -2.05595320667 - -0.659119862948,D2005.3; -1.29442010339
Y97E10AL.3; -0.946780403425,F35H10.6; -0.741611796288 - -0.933806854695,D2005.4; -0.743493728827
ZC262.2; -1.3986505247,F36D3.1; -1.17227655244 - -1.06919283341,D2007.1; -0.713794333198
ZK1098.5; -0.852159700082,F37B4.10; -0.951494092251 - -1.07262477764,D2023.4; -2.04309990492
ZK1248.13; -0.520273116387,F37C12.1; -1.05369732914 - -2.67312858986,D2030.3; -0.926438781198
ZK418.5; -0.554964412734,F38B7.3; -1.68911579009 - -2.20570811169,D2030.4; -0.636843956518
ZK418.9; -0.735083620958,F39H11.1; -0.728283899496 - -1.25625518653,D2063.3; -0.737851822878
ZK632.4; -0.641881533898,F40F11.3; -0.500072307639 - -1.23241473667,D2096.8; -1.24816312441
ZK643.2; -0.511484184644,F41C3.4; -1.35181752846 - -0.654692201504,DC2.3; -0.687131123178
acdh-12; -0.812112776389,F42A10.5; -1.44093080773 - -1.02055514161,E01A2.6; -0.818363996011
aho-3; -0.607826240107,F42A9.8; -1.45693778518 - -1.82556797445,E01B7.2; -2.76269275131
air-2; -0.840251067862,F42G8.10; -1.01978458011 - -0.839766892114,E02H1.6; -2.45772831109
aly-1; -0.585016208239,F42H10.2; -1.27142994413 - -0.704993774382,EEED8.10; -1.9857714834
ani-1; -0.670537302347,F43G6.7; -0.862862885626 - -2.31329455396,F01D4.5; -2.978122535
apb-3; -0.510111506885,F43G9.13; -0.737137689497 - -0.810443158696,F01F1.11; -1.21371074394
arl-1; -0.732225971234,F44E2.3; -1.39155081593 - -1.84860372145,F01G4.4; -1.82017733277
atg-16.1; -0.748666688379,F44E5.1; -0.855677245835 - -0.681523501606,F02E9.1; -1.09809943162
atg-4.2; -0.742733922469,F45F2.10; -1.13119706433 - -1.88768693019,F07F6.4; -1.29093802531
bath-15; -2.19844628781,F45F2.11; -0.952057716001 - -0.936731384311,F07H5.10; -0.883291582302
bath-41; -0.825497655095,F45H10.3; -0.707493531148 - -0.501441932352,F08F8.9; -1.06459260656
bath-5; -1.48871123935,F45H11.5; -2.78395140857 - -2.14244742404,F09E5.3; -1.51163301874
brc-2; -1.21753088093,F46F11.8; -0.606175965165 - -0.898064271433,F09G2.2; -1.53009759419
bub-3; -0.658967782465,F47B7.2; -0.836786875669 - -1.23894889146,F09G8.3; -2.64151726373
cacn-1; -0.854096072833,F49C12.11; -1.14939686964 - -1.0944067705,F10D7.5; -0.614774353467
ccch-5; -1.87894887122,F49C12.12; -0.771446362469 - -1.313517352,F10E7.5; -1.62239566719
cdc-25.2; -2.34080641539,F52C12.2; -0.525326566792 - -0.508165219378,F10G7.9; -0.616005187021
cel-1; -1.1927810497,F53H2.4; -1.37881146222 - -1.63097656308,F10G8.6; -1.79351939204
clp-7; -0.809867438766,F54A3.5; -1.43002332069 - -1.19062720499,F11A10.5; -1.03372874649
crls-1; -0.969116109808,F54D12.4; -0.535469145462 - -1.63060730339,F13D12.5; -0.878949067255
crn-5; -1.06433172707,F54D5.11; -1.22406692189 - -0.718172648478,F14E5.2; -0.97853133006
cyn-12; -0.585934095294,F54D7.6; -0.875887437293 - -2.40822398663,F15D3.6; -1.3434343061
czw-1; -0.821013937747,F54D7.7; -0.705825182964 - -2.31876533414,F15D3.7; -0.728540215437
dcs-1; -1.74896074339,F54F2.9; -0.895053942709 - -1.05262597449,F18A1.7; -0.840525768043
ddb-1; -0.790039517609,F55A11.4; -1.08671336659 - -0.841269394079,F19F10.10; -2.17701187956
dod-18; -1.04067763363,F55A11.8; -0.761629967759 - -1.79092267194,F19H6.4; -1.28507805798
ect-2; -0.787881534437,F55B12.4; -2.02463969161 - -2.68266362877,F20D1.3; -0.583613360688
efa-6; -0.549791468065,F55C5.8; -0.973015201956 - -0.622741882422,F20H11.1; -1.59008065481
ent-2; -0.656003557011,F56F11.4; -0.71437181164 - -1.43034600402,F21D5.1; -0.799273185667
fars-3; -1.38293381962,F57B10.14; -0.670973368137 - -2.12433213866,F22D6.2; -0.53944625795
flap-1; -0.559538286923,F57B10.8; -1.7110223595 - -1.49159245285,F22E5.9; -3.35152931851
gfi-4; -1.33975363695,F58A4.9; -0.627500697635 - -0.919572105321,F23B12.5; -0.936127863744
glrx-10; -1.42963546691,F58F12.1; -0.731756263437 - -0.587848314489,F23C8.6; -1.983279147
gstk-1; -0.540290615562,F58H1.3; -2.04255260989 - -2.08390500051,F23F1.5; -1.74625615344
hcf-1; -1.06884466221,F59A3.4; -0.810706296456 - -0.856582050749,F25B4.7; -0.755391333304
hcp-2; -0.617691831637,F59C12.4; -4.91422506054 - -5.72916608793,F25B5.3; -0.920306667162
his-61; -0.673618701726,F59G1.8; -1.55798482299 - -0.597231247301,F25H2.5; -0.520419105969
his-64; -1.1202054712,H06H21.11; -1.97345340848 - -3.00861211009,F25H2.6; -0.811149772275
hlh-2; -0.768558074447,H25P06.1; -1.38236431109 - -1.46966129754,F25H9.6; -0.659598865536
hmr-1; -1.53454075456,K02B12.7; -0.850916593412 - -0.591867099085,F26F4.12; -1.81559166231
hpr-17; -0.756887103461,K03B4.2; -0.775252681819 - -0.604718342706,F26H9.5; -1.01770652302
hyls-1; -1.73471460488,K04F10.7; -1.01188663985 - -0.705123431823,F27C8.6; -0.587627645748
immt-1; -0.956786036512,K04G2.10; -1.32789398421 - -0.987264525693,F27D4.4; -0.860990695708
inx-7; -0.532757289232,K07A12.1; -0.74994741073 - -0.77515411838,F28C1.1; -0.829973409318
knl-2; -1.07419754321,K07F5.15; -1.17721076982 - -1.00610775961,F28C10.3; -0.630775304084
ksr-2; -1.01674512114,K10C3.2; -1.15379733843 - -0.665205390486,F28C6.8; -0.641786304614
lat-1; -0.764740410106,K10C8.3; -0.519499034047 - -1.50133471938,F29C4.7; -0.707888533287
let-526; -1.10399873677,K11G12.6; -0.616170156189 - -0.972604622863,F30A10.9; -3.96701717045
let-716; -1.0392029549,K11H3.3; -1.16886409907 - -1.47534139191,F30B5.4; -1.24509830491
lgg-3; -1.91301857044,K12H6.6; -0.719414601575 - -0.654929955193,F30F8.3; -0.744133715695
lin-65; -0.663323896695,M01E5.3; -0.688973290822 - -0.677048058371,F30F8.9; -0.612133539562
lis-1; -0.612824624081,M106.7; -1.66310188645 - -1.80642751828,F32B6.2; -0.600721834912
lsy-27; -1.21228200615,M110.3; -0.718503784964 - -1.67152512427,F32D1.5; -0.84895194208
lsy-2; -1.3022986447,M28.5; -1.02124928294 - -1.80165429535,F32D1.7; -0.589511611647
marc-6; -0.600863482733,M57.2; -0.979836368672 - -1.03524712609,F32E10.2; -0.731311290789
mat-3; -0.619100697989,M88.2; -1.77911045427 - -2.23372156759,F33H2.6; -2.46306426621
math-33; -1.46471144933,MTCE.11; -1.26156507045 - -1.08721086902,F34H10.3; -0.808534868856
mau-8; -1.42656621093,MTCE.12; -2.06455563115 - -2.64020789078,F35D11.5; -1.15396289138
mcm-2; -0.53109218749,MTCE.16; -1.56593849002 - -1.94312468426,F36A2.7; -1.27774877491
mel-11; -1.05469528938,MTCE.23; -1.61887748317 - -2.12038636488,F36A2.9; -1.76599407411
men-1; -0.734232088496,MTCE.25; -1.60109723687 - -1.33575759598,F36D4.5; -0.948683522415
misc-1; -0.713306332532,MTCE.26; -0.904551609245 - -0.738202664268,F37A4.2; -0.950977308055
mix-1; -1.24221481213,MTCE.31; -1.28234065408 - -2.02247822214,F37C12.3; -0.949025612362
mtr-4; -1.10695822951,MTCE.33; -0.855018293603 - -1.79070484931,F37F2.2; -1.59571435669
ndc-80; -1.16809316454,MTCE.35; -0.84138181163 - -0.679374461204,F38A5.7; -2.55063517856
nhr-10; -1.29543216581,MTCE.3; -0.908770088439 - -1.59640220529,F38E9.5; -2.35674998272
nhr-78; -0.918853691741,MTCE.4; -0.836463538208 - -1.65060615435,F40F9.7; -0.601315441523
nkat-3; -1.41006975364,R02D3.8; -2.04724884603 - -2.16374776311,F42G9.1; -0.870811659134
npp-16; -0.788649416215,R04D3.4; -1.59274318421 - -2.4033546545,F43C11.9; -0.856065452672
npp-2; -0.733841196051,R05D11.7; -2.08486728364 - -1.35663811854,F43D2.1; -1.38262501936
nth-1; -0.660051356329,R05H5.3; -0.679625329575 - -1.32615491715,F43G9.1; -0.643855240727
ostb-1; -0.520217015478,R07E4.3; -1.48591136188 - -2.51983714339,F44B9.5; -1.08274336727
pak-1; -1.16575210528,R07E5.11; -1.3802359007 - -1.23165735134,F44E2.6; -1.51829006635
par-6; -0.638497118832,R09B3.2; -0.799468685515 - -1.17323846823,F44E2.8; -1.27796878446
pccb-1; -0.652010695936,R09B3.3; -0.698084718424 - -0.859477609816,F44G4.3; -0.508271628342
pdcd-2; -1.13002025551,R11A8.7; -1.64658619119 - -0.625331052095,F45E12.5; -1.06399280905
phip-1; -1.11547494988,R144.6; -0.5920865145 - -1.59539166556,F46F11.10; -1.01581023475
rap-1; -0.988358441891,R151.2; -0.705028329436 - -0.742399797719,F47G3.3; -1.263043022
rars-1; -0.570738703822,R166.2; -0.661769558107 - -0.579730848403,F47G4.2; -1.52616999146
rde-2; -0.502289714533,R166.6; -0.733465027134 - -2.00580774599,F48C1.5; -0.705020140096
rfc-2; -0.624839182567,R53.5; -0.867732247282 - -2.40108955761,F48E8.2; -1.70975388966
rfc-4; -0.609715931975,R53.6; -1.08247828439 - -2.28406882035,F49D11.10; -0.978207949699
rgs-7; -1.1083632782,R74.6; -0.77252088026 - -0.63551996643,F52B11.2; -0.663281157837
rpl-7A; -0.82311629343,T01C3.2; -0.587365633124 - -1.93362573645,F53B1.2; -1.90848420327
rsd-2; -0.603641060268,T02H6.11; -1.08435829251 - -2.63683797135,F53E4.1; -0.845664038265
scc-1; -0.784379878442,T03F6.3; -0.503975506628 - -0.501354101378,F53F10.3; -1.64459491369
scm-1; -1.52488533971,T03G11.6; -1.13222477998 - -1.1111819983,F53F4.12; -0.813705146166
sdn-1; -0.636447231577,T05H10.4; -0.980962645492 - -0.510674028937,F53F4.3; -0.662388019196
skr-16; -0.553164000509,T05H10.6; -1.27592258807 - -1.70884587622,F54A3.6; -0.888404224535
skr-17; -0.837155101858,T07C4.3; -1.37284899607 - -1.75115601933,F54C9.9; -1.60222408058
sli-1; -0.869759977217,T08A11.2; -1.22878900728 - -0.884353746895,F54D5.2; -0.7229745966
symk-1; -0.616680667509,T08B2.5; -0.512932833444 - -1.19195305436,F54F2.7; -1.29640114452
taf-1; -0.512547822076,T09E8.3; -1.0433757982 - -1.09904844392,F55A11.7; -1.24721826426
tag-123; -1.23476650626,T10C6.5; -0.785699130374 - -1.288343171,F55C12.5; -0.651788819057
tag-124; -1.19696068851,T10F2.4; -0.722331368306 - -0.863940507208,F55F8.2; -0.660182240803
tag-276; -2.60356858084,T10F2.5; -1.87688109987 - -0.500328151808,F56A8.5; -1.50970386795
tag-294; -0.588064325815,T13F2.2; -0.977802895422 - -1.51373854329,F56B3.4; -1.53200756723
tat-5; -1.08373206291,T19A6.1; -1.38889573092 - -1.12400402799,F56G4.4; -1.34837745928
tbx-33; -2.31819225457,T19B10.8; -1.24527833518 - -1.04853332087,F56H1.6; -0.607135089474
ttll-4; -0.541635744456,T19B4.3; -3.22999583274 - -1.89660345855,F56H1.7; -1.77739489894
ubc-3; -0.762926215085,T20H4.5; -0.867356228995 - -0.509666011501,F57B10.3; -0.772359881047
vet-2; -1.42894038076,T21C9.4; -0.917560227703 - -0.67968867582,F57C9.4; -0.867605020229
vps-18; -0.534418486377,T22C1.6; -0.890731149439 - -0.820337053698,F58B3.6; -0.782017963134
xbx-6; -2.07467741948,T22D1.3; -1.00417708559 - -2.48529044956,F58E10.1; -1.04168273256
xpo-1; -1.17694452364,T23F2.5; -1.01971324614 - -1.38249584422,F58G11.3; -0.759706195219
zen-4; -0.743326276539,T24G10.2; -1.0309438789 - -0.567530162909,F59A3.12; -0.843545454412
zfp-1; -0.625938147458,T25D3.2; -1.05935418038 - -0.841012079813,F59A3.3; -0.687227311665
ztf-18; -0.737140258356,T26A5.8; -1.61453278964 - -1.86068959751,F59E12.9; -0.694676959728
 ,T28A8.5; -1.12430895317 - -0.782012079389,F59F4.2; -2.22823395443
 ,T28D9.4; -0.636582965867 - -0.628897703883,H06I04.1; -0.917232297433
 ,VF13D12L.1; -0.513266903399 - -0.909496654671,H28O16.1; -0.633716069869
 ,W01D2.1; -1.48800107098 - -2.39261147639,H34C03.2; -0.542265026883
 ,W03G9.8; -0.961228212155 - -2.0461036629,K01G5.5; -0.955589854718
 ,W04C9.4; -1.44298576582 - -0.824204219191,K05C4.7; -1.17060251972
 ,W04E12.2; -1.92187365494 - -0.61136036968,K06A5.1; -0.602836093469
 ,W05H9.2; -1.72103961952 - -0.589445767819,K06H7.3; -2.64873221652
 ,W09C3.4; -0.610150110144 - -0.510664046603,K07A1.17; -0.752477003
 ,Y105E8A.11; -1.76301595311 - -3.44512223688,K07A1.9; -1.45355707543
 ,Y106G6H.16; -0.642910792107 - -0.533830974244,K07C5.3; -1.08770672451
 ,Y108G3AL.2; -0.674712881072 - -0.786781794994,K07C5.4; -0.805259982849
 ,Y111B2A.2; -0.69718498858 - -1.93332753715,K07C5.6; -1.77851578621
 ,Y11D7A.10; -1.4325298696 - -1.09128976858,K07E8.7; -0.582589371794
 ,Y17G7B.20; -0.721005035456 - -1.39690727967,K07F5.14; -0.849851632243
 ,Y22D7AL.10; -1.26496583624 - -1.5235631933,K07G5.6; -0.767997603511
 ,Y25C1A.7; -0.558144827131 - -1.13602358231,K07H8.2; -0.666373263299
 ,Y37E11AL.3; -1.73056021351 - -0.683871876743,K08D12.3; -1.28428159724
 ,Y37E3.8; -1.73120151477 - -0.985285619926,K10B2.4; -0.845726219058
 ,Y37H2A.1; -0.679952716174 - -0.546413952177,K11H3.6; -4.40005011576
 ,Y38E10A.24; -1.05808176141 - -1.12406911467,K12H4.5; -2.29625307088
 ,Y39A1A.7; -0.749367374181 - -1.05536634178,M01B12.4; -0.755082280472
 ,Y39A1A.8; -1.63147004361 - -0.670398692462,M01F1.8; -0.802125097797
 ,Y39B6A.10; -1.5122090882 - -2.34416069907,M01G5.3; -0.574446219743
 ,Y39B6A.36; -0.754100665912 - -2.19181411934,M01H9.3; -1.96726640412
 ,Y39B6A.3; -0.988282616645 - -2.74367252957,M02B7.7; -2.29177125536
 ,Y39B6A.42; -1.12361940939 - -1.49331598211,M04B2.2; -2.16852443097
 ,Y40B1B.7; -0.914837264405 - -1.36835475389,M05D6.2; -0.550406227135
 ,Y42H9AR.1; -0.972550023291 - -0.567757562134,M106.4; -0.949488663652
 ,Y42H9B.3; -0.518313350802 - -0.52887170509,M18.3; -1.51532291383
 ,Y43F8C.7; -2.11935071976 - -2.38484330117,MTCE.7; -2.00777628069
 ,Y47G6A.22; -0.561007552074 - -0.699871163211,R02D3.3; -0.575174486261
 ,Y47H9C.7; -1.66407007557 - -1.71829522364,R02D3.4; -1.93632713788
 ,Y48G1C.9; -1.40510874588 - -0.803682905912,R02F2.7; -0.882105506988
 ,Y48G8AL.10; -1.06884036627 - -2.09894912318,R04E5.8; -2.0613049303
 ,Y48G8AL.13; -1.81771151724 - -0.54932371014,R04F11.5; -0.966227477178
 ,Y48G8AL.7; -1.72147221669 - -3.23501189107,R05F9.9; -0.828050109007
 ,Y49F6B.2; -0.823579221008 - -3.92298381651,R07B7.2; -2.12638747185
 ,Y50C1A.1; -0.972725301912 - -1.96025042687,R07E5.7; -0.967390781889
 ,Y50D4A.2; -1.06568510787 - -1.81865975984,R07G3.7; -0.772888148812
 ,Y51H4A.15; -1.97720233288 - -1.75532313729,R07H5.8; -0.578049894109
 ,Y52B11A.8; -0.896383042073 - -1.60666977105,R08C7.2; -1.6067742957
 ,Y52E8A.2; -1.13933585583 - -1.90351822937,R08D7.1; -0.748981486447
 ,Y54E10A.7; -0.881418839314 - -1.69496252715,R08D7.5; -1.10357547098
 ,Y54E5A.5; -1.12197381375 - -0.587721814502,R08E3.3; -1.34799692268
 ,Y54F10AM.5; -1.24908946604 - -0.877124283912,R107.2; -2.28529699832
 ,Y54F10AR.2; -3.02125788652 - -2.90606343234,R10E4.7; -3.80287215956
 ,Y54G11A.17; -0.817717422792 - -1.64766274911,R12E2.11; -0.881302582138
 ,Y54G2A.17; -1.01497750005 - -1.23111789204,R12E2.12; -1.70584013152
 ,Y54G9A.5; -0.532213894254 - -0.553255536113,R12E2.1; -1.69614049775
 ,Y55B1AL.2; -0.775464332112 - -1.80847413217,R186.3; -1.24219821666
 ,Y57E12AL.6; -0.919449914661 - -1.45637927789,R186.7; -0.890494750976
 ,Y57E12AM.1; -1.34066262689 - -0.868160817665,R31.2; -1.33198002462
 ,Y57G7A.10; -0.581093160061 - -1.42430098876,R74.7; -0.755225912009
 ,Y59A8B.10; -0.615831085067 - -1.85104895572,T01G1.4; -0.927936757272
 ,Y59E9AL.36; -1.58267084959 - -1.23203794426,T02G5.11; -1.61366580865
 ,Y62E10A.17; -0.945052617573 - -1.44922020096,T03F1.8; -0.831724332381
 ,Y62F5A.12; -1.58060989043 - -0.809379331786,T04A8.6; -0.567296012367
 ,Y63D3A.7; -1.6697579842 - -1.34671500996,T04H1.5; -1.22948981682
 ,Y65B4BL.4; -1.13073254091 - -1.88738477262,T05B9.1; -0.648448705555
 ,Y66A7A.2; -2.06081526113 - -1.56321740302,T05G5.5; -1.5634252176
 ,Y66D12A.10; -1.3174260105 - -2.09847734605,T05G5.9; -0.546791014532
 ,Y66H1A.4; -0.584567041701 - -1.28660744733,T05H4.10; -2.52989980131
 ,Y67D2.3; -1.53556469832 - -3.29281311759,T05H4.11; -0.713968328153
 ,Y67H2A.5; -0.61990240417 - -1.21375413098,T05H4.5; -0.744818129512
 ,Y69A2AR.21; -0.726977350508 - -1.86600669121,T06E6.1; -1.26176682282
 ,Y69A2AR.28; -0.915401415158 - -1.98130841124,T07A9.15; -1.49838091313
 ,Y71G12B.8; -1.26230529667 - -2.10566363101,T07C12.14; -1.21538290456
 ,Y71H2AM.24; -0.652854642747 - -1.91047974373,T07D4.5; -1.18802235723
 ,Y71H2AM.5; -1.12421631527 - -1.27234239781,T09A5.15; -1.3504609212
 ,Y73E7A.6; -2.190401458 - -1.31199170684,T09A5.7; -2.27508907656
 ,Y74C10AL.2; -1.17492539631 - -0.756350567246,T09B4.2; -1.29749616542
 ,Y75B8A.31; -1.99116999891 - -2.29155001778,T09B4.9; -0.567337965604
 ,Y76B12C.3; -1.12670396751 - -0.675472062719,T09B9.4; -0.787891259735
 ,Y82E9BR.3; -0.728351220229 - -1.43266981593,T09F3.2; -0.523638406454
 ,Y94H6A.3; -0.559706841626 - -1.82087499392,T10C6.6; -0.970249442836
 ,Y94H6A.8; -1.21537826774 - -1.32994718558,T12A2.2; -0.999766351577
 ,ZC262.8; -0.526442225895 - -1.09504124699,T12B3.4; -1.264347967
 ,ZC376.7; -0.577024300469 - -0.544117472645,T12D8.6; -0.572701043775
 ,ZK1127.3; -0.811262949214 - -0.906219924731,T12G3.2; -0.931911447443
 ,ZK177.1; -1.62585580744 - -0.792917529566,T13C2.6; -0.647531330112
 ,ZK265.6; -1.19218321313 - -1.70675824966,T15H9.2; -2.19235269266
 ,ZK370.11; -0.58070075961 - -1.93953073648,T16H12.11; -0.919406105669
 ,ZK380.t2; -4.92252978218 - -4.30532455624,T20B12.3; -0.883924210439
 ,ZK546.14; -0.596716284759 - -1.28423263014,T21C9.1; -1.1652692712
 ,ZK563.5; -2.82806617033 - -2.26857700631,T22D1.5; -0.502907928562
 ,ZK632.7; -0.832263322198 - -1.03525495936,T22F3.2; -0.76482910242
 ,ZK643.5; -1.21198158845 - -1.02356230157,T23G5.2; -0.904191450807
 ,ZK673.2; -1.296175986 - -0.92829941433,T23H2.3; -1.53893716014
 ,ZK858.6; -1.90494827862 - -1.53563574792,T24C2.2; -2.56371281696
 ,acbp-1; -0.909938078502 - -2.8238213012,T24F1.2; -0.868679390189
 ,acdh-11; -1.57545452907 - -2.02207855227,T24H7.2; -1.0189637155
 ,act-1; -1.07606310751 - -1.06562911618,T27A3.7; -0.596955102342
 ,act-3; -0.953502572615 - -1.41292916067,T27A8.2; -3.71133858867
 ,adbp-1; -1.03463655055 - -2.08506121538,T27F7.1; -1.97794473764
 ,add-2; -1.28028112874 - -1.11888041251,T28D9.1; -0.904291365702
 ,aly-2; -0.64633741945 - -1.81372913207,W01A8.5; -0.734009236211
 ,aly-3; -0.761280238196 - -0.702022049623,W02D9.2; -2.48449503715
 ,apc-11; -1.16808575271 - -1.08835462853,W02D9.3; -0.684027420743
 ,apc-16; -1.71298297912 - -2.22251136,W02F12.4; -0.720341096957
 ,apm-3; -0.70726499714 - -1.46219752428,W03C9.5; -0.924621768302
 ,arl-5; -0.541177630785 - -0.992705962393,W03F9.10; -0.861019938928
 ,art-1; -0.777724792381 - -0.516071388692,W04C9.2; -2.18265939151
 ,arx-3; -0.627652307806 - -1.05621792795,W04D2.5; -0.583226709542
 ,arx-6; -0.592654442604 - -0.62115175007,W05F2.3; -0.870361758437
 ,asg-1; -1.02106333693 - -1.23306339666,W06D11.2; -5.22997801895
 ,atp-5; -0.756513919898 - -0.980128612604,W06D11.3; -1.72824989717
 ,baf-1; -1.26016998849 - -2.27835045102,W07A8.2; -1.93680099999
 ,bed-1; -2.10501445747 - -2.14036574639,W08A12.1; -1.71240787133
 ,bir-1; -0.636977083949 - -1.58975079695,W08F4.3; -1.67165714392
 ,cap-2; -1.17576136901 - -0.860270934989,WBGene00219908; -1.47195936876
 ,cav-1; -2.16668122528 - -1.49441603073,Y105C5B.19; -0.665416253127
 ,ccch-3; -0.642832532385 - -1.3022565601,Y106G6H.15; -1.62301764253
 ,cco-1; -1.22006829219 - -1.72949727112,Y106G6H.5; -0.679104203412
 ,cco-2; -1.28341826874 - -1.26539617436,Y10G11A.90; -0.807417382159
 ,cdk-1; -0.832302171401 - -0.707703606093,Y113G7B.24; -2.01738233685
 ,ced-10; -0.598993346482 - -1.55631607752,Y119C1B.10; -0.891918680686
 ,cgp-1; -1.16165496978 - -1.17584653032,Y18D10A.11; -0.675774745581
 ,chch-3; -0.979149720781 - -1.3988304913,Y18D10A.9; -1.53191204959
 ,chn-1; -0.544715565865 - -0.803217535269,Y23H5B.6; -1.33059514989
 ,cit-1.2; -2.28118218502 - -2.74435263414,Y25C1A.5; -0.695769262792
 ,cku-80; -0.575605138611 - -0.526716871017,Y32H12A.2; -0.641240065375
 ,clec-87; -0.724761874615 - -0.638218619126,Y32H12A.4; -1.37072826685
 ,clic-1; -0.58514315984 - -2.04300824722,Y37E11AM.3; -1.15318982903
 ,clk-1; -2.96463956342 - -2.86264038509,Y37E3.10; -1.6294535934
 ,cmd-1; -0.860059898 - -0.945776244697,Y38F2AR.9; -0.878872071025
 ,crn-3; -1.44575082655 - -0.621002805014,Y39A1A.13; -1.01029098813
 ,csn-4; -0.827340636639 - -1.58069786646,Y39A1A.14; -0.888697797735
 ,ctb-1; -1.12132349113 - -1.09497309655,Y39A1A.21; -2.60132544123
 ,cul-2; -1.31027202031 - -1.24576330771,Y39A1A.3; -1.07294336537
 ,cyb-1; -0.864717967608 - -0.847084995855,Y39B6A.33; -3.03137236794
 ,cyc-1; -1.71168209996 - -1.20633278406,Y39B6A.37; -0.675062738523
 ,cyc-2.1; -0.917378449897 - -0.77193238165,Y39E4A.3; -1.03193429297
 ,cyk-4; -1.08099606255 - -0.515234729797,Y39G10AR.18; -0.962766276423
 ,cyn-10; -0.584836572539 - -1.12891909078,Y40B1A.1; -2.62665018604
 ,cyn-5; -0.98339874782 - -0.668103530526,Y40B1B.8; -0.676112984679
 ,cyn-9; -0.671042063228 - -0.992214629883,Y40D12A.1; -0.766821468896
 ,dad-1; -0.964883500843 - -1.62835296657,Y41D4A.4; -1.33340198115
 ,dars-1; -0.552725836565 - -0.963676436964,Y41E3.7; -0.776460730907
 ,ddx-19; -2.12662986705 - -0.868061157046,Y45F10D.4; -0.764634029205
 ,ddx-23; -0.671338900225 - -2.66820720384,Y47D3A.29; -1.23929175101
 ,dhfr-1; -0.825964877169 - -1.16152574052,Y47G6A.18; -0.735813595057
 ,dhs-13; -1.40724009149 - -1.92081627683,Y47G6A.3; -4.60068698187
 ,dkf-2; -1.6636600596 - -0.983246017103,Y47G6A.7; -0.533839870619
 ,dlc-1; -0.643740200026 - -1.40275137125,Y47H9C.8; -0.99728475155
 ,dnc-6; -1.45677670862 - -0.988922477234,Y48C3A.18; -1.83829009966
 ,dnj-17; -0.845784486023 - -0.866326642207,Y48G10A.2; -0.763142488929
 ,dpy-26; -2.4645462757 - -2.50411095131,Y49A3A.3; -0.882184265491
 ,dpy-30; -0.525020591755 - -0.688896148069,Y50D4C.6; -0.76675426581
 ,dss-1; -0.969425373412 - -2.09914720501,Y50D7A.10; -3.74221300735
 ,eef-1A.1; -0.560657171276 - -0.613675118176,Y51F10.2; -0.720283795388
 ,eef-1B.1; -0.675180061807 - -1.08655043547,Y51H7C.3; -0.793530737552
 ,efl-1; -0.953668575908 - -1.10333422863,Y54F10AL.1; -1.4683652099
 ,ego-2; -0.718890706718 - -0.597488691543,Y54G11A.11; -0.964522563412
 ,ell-1; -0.577638460876 - -0.87400127468,Y54G2A.18; -0.728325182028
 ,emb-5; -1.80971619515 - -0.820293387415,Y54G2A.23; -0.529416813404
 ,eri-9; -0.684654359432 - -1.4914296333,Y55F3AM.6; -0.92461409065
 ,exos-1; -2.35729392697 - -1.09719519751,Y55F3AR.1; -2.70476712247
 ,exos-7; -1.09690036599 - -0.629525174314,Y56A3A.22; -1.0774928531
 ,fbxa-101; -1.5581273923 - -1.475244998,Y57A10A.8; -1.30353910115
 ,fbxa-210; -1.13075082776 - -2.33837043518,Y57G11C.3; -1.77387285486
 ,fbxc-44; -0.612056177666 - -1.61180585811,Y57G11C.9; -0.562544981886
 ,fkb-2; -0.794299152443 - -1.48454944255,Y59A8A.2; -1.26028625928
 ,gei-4; -2.33216082139 - -1.68569151761,Y59A8A.3; -0.544607272462
 ,gei-6; -0.754052931431 - -0.908858647565,Y60A3A.7; -0.66282763286
 ,glrx-21; -1.45574827835 - -2.46506862554,Y62E10A.6; -0.545780214784
 ,glrx-22; -1.58849819189 - -1.99496191304,Y65B4BR.5; -1.05217060373
 ,gls-1; -1.356992836 - -0.888689273502,Y66D12A.5; -0.587657632884
 ,gmn-1; -0.883875324424 - -1.03256157494,Y67D2.4; -0.654785571021
 ,gpc-2; -1.02525435961 - -1.04175962438,Y67H2A.10; -0.693951966076
 ,hel-1; -0.510231784904 - -0.98718788247,Y69A2AR.1; -0.680892344792
 ,hil-5; -0.588925708876 - -0.679175560906,Y69A2AR.7; -1.43875089188
 ,his-35; -0.754768445182 - -2.09544401814,Y71F9AL.9; -1.00615957004
 ,hpl-1; -1.66769928837 - -2.60143880155,Y71F9AR.3; -0.66351152006
 ,hpl-2; -1.26139878657 - -2.79287649429,Y71F9B.2; -2.06807034132
 ,hrp-1; -1.82868838936 - -1.86033084562,Y71G12B.10; -0.598489006372
 ,hsp-3; -0.820228433502 - -0.609343579138,Y73B3A.1; -0.62896472054
 ,htz-1; -0.735886089682 - -0.724389633366,Y73B6BL.23; -0.686177206599
 ,icd-1; -0.991518843379 - -1.36274486526,Y73F8A.27; -0.719508157434
 ,ima-3; -0.636681453861 - -1.69112838722,Y87G2A.11; -0.623763199005
 ,imb-3; -0.682526485208 - -1.24051764787,Y95D11A.3; -1.53120811067
 ,immt-2; -1.39707531503 - -1.31823643728,Y97E10AL.2; -0.643441189058
 ,isp-1; -0.882923347503 - -0.640130784439,ZC395.10; -1.93301812887
 ,jmjd-2; -0.631378237753 - -1.52591711961,ZC477.5; -0.558563798112
 ,kbp-2; -2.12518070886 - -2.58037309129,ZC513.5; -0.670015843217
 ,kbp-4; -1.01648213639 - -0.721719884825,ZK1010.2; -2.68654830081
 ,kbp-5; -1.23651040118 - -2.87982166095,ZK1098.7; -2.68902751144
 ,kin-10; -1.35672598193 - -1.70489853663,ZK1236.7; -0.634395003376
 ,kin-19; -0.520068398281 - -0.771327974794,ZK1248.15; -1.20423890762
 ,kin-4; -1.13078610727 - -1.919732837,ZK177.4; -1.22934693062
 ,klp-16; -1.40596265678 - -1.03499075037,ZK484.4; -0.839893291332
 ,lab-1; -1.14009019471 - -2.10442346423,ZK546.5; -0.641223897963
 ,larp-1; -0.706963035513 - -0.919677110578,ZK632.10; -0.831029537835
 ,let-70; -0.551835321066 - -0.777325010014,ZK632.12; -0.733157254134
 ,lin-36; -0.819002565711 - -1.25534877483,ZK632.9; -0.582499843837
 ,lin-3; -0.996953017371 - -0.881005087918,ZK637.2; -1.89144191694
 ,lin-52; -1.53655732248 - -0.57731918968,ZK669.4; -0.658837616307
 ,lin-53; -0.662033989582 - -0.582416881821,ZK682.2; -2.08557776285
 ,lin-61; -0.542791610975 - -1.56875346787,ZK686.4; -1.26511761317
 ,lpd-5; -0.852869286323 - -0.850769924833,ZK856.11; -0.993950367667
 ,lpd-9; -1.98256332728 - -2.48285688613,ZK856.8; -0.519685875474
 ,lsm-3; -1.79920159485 - -1.72214411008,abcf-2; -0.99836053483
 ,lsm-7; -1.03428254477 - -2.7091483391,abtm-1; -1.83773878368
 ,mag-1; -1.24476758957 - -2.45017687024,acbp-5; -1.57813825487
 ,mai-2; -1.1221809863 - -0.575822661113,acl-6; -0.710790778633
 ,mboa-6; -0.545379243274 - -1.39464090973,act-4; -0.710981656392
 ,mcd-1; -2.85809860416 - -2.59521356824,agef-1; -0.551885662346
 ,mdt-20; -0.51093927045 - -0.56614572575,ain-2; -0.701951091824
 ,mdt-22; -0.523091985181 - -1.69989969138,aka-1; -0.652786614635
 ,mdt-26; -1.14354736743 - -0.802356411613,akt-1; -0.642648913342
 ,mdt-29; -2.9977826425 - -1.69760502485,alh-4; -1.41363562398
 ,mdt-30; -0.752193924851 - -0.625741473571,alh-9; -0.894317985
 ,mdt-6; -1.56153243987 - -1.81443710865,alp-1; -0.582361197441
 ,mes-4; -0.656802036003 - -0.585395183479,ama-1; -1.28620541405
 ,mlc-4; -1.11724306837 - -0.768276209561,amph-1; -0.825179775836
 ,moag-4; -1.61750826009 - -2.45548251386,ant-1.1; -0.742933283101
 ,mop-25.1; -1.87151829577 - -0.962567861068,aps-1; -0.578310705139
 ,mop-25.3; -0.839029839332 - -0.955680712618,aps-3; -1.31193170877
 ,nck-1; -1.37845062086 - -0.990911465799,apx-1; -2.86301992767
 ,ncl-1; -0.642848700378 - -0.904185838866,aqp-10; -1.30599314329
 ,nduf-5; -0.619074919762 - -0.656642267225,arf-3; -0.51337749047
 ,nduf-7; -1.74616079422 - -1.21994959152,arl-8; -2.19410227257
 ,ndx-4; -0.509769609409 - -2.18861608857,arp-1; -0.673621466901
 ,nfyb-1; -1.05409123836 - -1.21625010069,arx-4; -1.49218294796
 ,nhr-12; -1.94928480298 - -0.859797762537,atg-3; -2.82823102831
 ,npp-18; -0.845839481128 - -1.08535170175,atg-5; -2.01301822037
 ,npp-19; -0.741463650922 - -1.35539564976,bath-2; -0.726985236509
 ,ntl-2; -0.885818136613 - -1.14593947725,bath-30; -0.897869357841
 ,ooc-5; -0.9891775543 - -1.26299055021,bmy-1; -0.519660985542
 ,ostd-1; -1.04785669709 - -0.52674444451,brd-1; -1.36250623191
 ,paa-1; -1.05237633526 - -0.991303340636,cars-1; -0.814563734883
 ,pal-1; -0.704259711294 - -0.750548001142,cas-2; -1.93941638464
 ,pas-2; -1.13636635261 - -1.05258241282,ccdc-47; -0.889937384187
 ,pas-5; -0.77119408445 - -1.17304165542,cdc-14; -1.0255024695
 ,pas-6; -1.0997875399 - -0.919100056141,cdc-25.1; -0.698939633174
 ,pbs-4; -1.03890359927 - -1.86414893005,cdc-26; -0.548440319994
 ,pbs-7; -0.508247525919 - -1.27690814768,cdc-37; -0.740934108543
 ,pcca-1; -1.05848726541 - -1.67370193052,cdd-2; -3.28055922637
 ,pcn-1; -0.95707242451 - -1.79105409857,cdk-4; -0.607166130528
 ,pdi-2; -1.11655194735 - -0.507860831974,ced-6; -0.563326280663
 ,pfd-1; -1.35488263055 - -1.611243621,ced-9; -1.81233109741
 ,pfd-2; -0.555383851391 - -1.06423479618,cee-1; -0.745641054674
 ,pfd-4; -1.05210687286 - -3.0514885765,ceh-21; -1.71328730115
 ,pfd-5; -1.9247986457 - -0.655318451616,ceh-39; -1.37021863
 ,pfd-6; -0.708643908633 - -1.59100940771,cey-3; -0.57947717211
 ,pph-5; -1.3680122654 - -1.88752462913,cgt-3; -1.11225755124
 ,pqn-45; -0.577666645815 - -1.02440995075,cif-1; -1.09539980176
 ,pqn-51; -0.524247500841 - -1.28119690356,cir-1; -0.676958049217
 ,pqn-53; -0.712485743413 - -1.19934167788,cit-1.1; -0.825151733803
 ,pqn-70; -1.35566694887 - -1.41754182298,cki-2; -0.626456524248
 ,pqn-82; -2.33974523687 - -2.88685367671,cks-1; -1.08700476223
 ,prdx-3; -1.2837818646 - -0.768764610311,clec-91; -1.102124881
 ,prp-17; -0.781952456502 - -0.683005120832,clp-1; -0.740353361656
 ,prx-19; -0.717046048367 - -1.63755294823,clu-1; -1.18919029521
 ,pup-3; -1.96195617493 - -0.564377056003,cnx-1; -1.60908786878
 ,qars-1; -0.707696488249 - -0.6676779752,coq-4; -1.78227072131
 ,rab-18; -1.09751113203 - -0.549277219844,cpsf-4; -0.83018134233
 ,rad-50; -1.21712951323 - -0.924115470388,cri-3; -1.31670480872
 ,ral-1; -1.2587773364 - -0.795638082142,crml-1; -0.533345950078
 ,ran-1; -1.07742741297 - -1.35717824829,crn-1; -0.515605388443
 ,riok-1; -0.968106308408 - -0.794005383488,csc-1; -0.850710072773
 ,riok-2; -0.813411185694 - -0.894538021701,csn-6; -0.56595382772
 ,rla-1; -0.916474993666 - -2.03902112821,cts-1; -0.553728124222
 ,rla-2; -1.70584584705 - -1.17992802371,cup-5; -0.758623537257
 ,rnf-113; -1.19870340675 - -1.25912858434,cutc-1; -1.05184476731
 ,rnh-1.2; -0.885669158261 - -1.96774893141,cye-1; -1.34441194491
 ,rnp-3; -1.3557017009 - -1.80359819147,cyn-1; -1.88213291885
 ,rnp-7; -1.13262707659 - -0.534649974687,cyn-3; -1.61669243752
 ,rom-5; -0.811919238044 - -1.44503955905,cyn-7; -1.28153827865
 ,rpb-10; -1.0083948703 - -1.52533571963,cyp-31A3; -0.869874677175
 ,rpb-11; -0.664796886394 - -1.34790241098,cyp-44A1; -2.65809662667
 ,rpb-12; -0.622996605668 - -1.03914113208,dbr-1; -0.716984575448
 ,rpb-4; -0.935671063137 - -0.560505486941,dcap-1; -0.513910480939
 ,rpb-5; -0.588757164081 - -0.557512093501,ddl-1; -0.661354622881
 ,rpb-6; -0.689545792788 - -0.737091705751,ddl-3; -1.8310305276
 ,rpb-8; -1.11752066406 - -1.83183566934,dhs-11; -2.43008455473
 ,rpb-9; -1.99187828913 - -1.13102716989,djr-1.1; -0.719719266386
 ,rpia-1; -1.75434499782 - -1.00798859667,dnc-5; -0.526914071754
 ,rpl-10; -1.27432492544 - -2.30783712784,dnj-18; -1.2163698662
 ,rpl-12; -0.798864809747 - -1.01237404424,dnj-22; -0.532118159444
 ,rpl-13; -1.85180345886 - -1.00635467587,dnj-27; -1.28500496569
 ,rpl-14; -1.105955256 - -3.16971474343,dnj-2; -1.21316939253
 ,rpl-15; -0.787278193496 - -0.780977938449,dnj-30; -1.37618753057
 ,rpl-16; -0.609802880199 - -1.19323009785,dnj-7; -0.862181749896
 ,rpl-19; -2.62802581222 - -4.26412280674,dpf-4; -0.588235142374
 ,rpl-22; -1.60006551293 - -1.65697885774,dpf-5; -1.68620686086
 ,rpl-23; -1.29383292968 - -0.987988138111,dre-1; -2.06328989794
 ,rpl-24.2; -1.35496701572 - -2.14781220651,dsh-2; -0.821483459311
 ,rpl-27; -0.584900782237 - -1.91006326801,ears-1; -0.752847085621
 ,rpl-28; -0.865728817385 - -1.07650530226,ech-4; -1.13565818006
 ,rpl-29; -2.21352336351 - -2.71179826323,egg-4; -1.23402930772
 ,rpl-31; -0.961948651527 - -0.569599076259,egg-5; -0.88817675857
 ,rpl-32; -1.34022408602 - -1.26572077256,egl-27; -1.00564554993
 ,rpl-33; -1.09866615095 - -1.98787343738,emr-1; -1.07144155799
 ,rpl-35; -1.40755433482 - -0.642656776384,ent-1; -1.61036683176
 ,rpl-36; -1.11426274924 - -0.59564209782,epg-4; -0.97210163897
 ,rpl-38; -1.69350892801 - -1.25186334255,eri-1; -1.23552623313
 ,rpl-3; -1.03581687129 - -2.21189619954,eri-3; -1.45341334054
 ,rpl-41; -2.03138633486 - -1.3747888952,ero-1; -1.49124881974
 ,rpl-6; -1.22920245502 - -2.959350035,esyt-2; -2.57103318088
 ,rpn-3; -0.580517165989 - -1.79597390317,exo-1; -1.48583954409
 ,rps-10; -1.41034635668 - -2.15166953221,exos-4.1; -1.69550206327
 ,rps-12; -0.549461211225 - -2.87730782537,fars-2; -0.551708698882
 ,rps-14; -1.26159198608 - -0.828071662198,fbp-1; -1.40763419693
 ,rps-16; -1.65373470247 - -0.670864193758,fib-1; -0.810393913663
 ,rps-17; -0.93637152243 - -2.91929664722,fis-2; -1.55941280487
 ,rps-18; -1.74822261294 - -2.04294236617,fkb-1; -0.807519758025
 ,rps-20; -2.0879441043 - -0.703721915672,flh-2; -0.905075804681
 ,rps-23; -1.15994867145 - -1.13007236996,flh-3; -0.772537820119
 ,rps-24; -1.14571967123 - -2.57244205133,fnci-1; -2.97243279227
 ,rps-25; -1.07176769032 - -1.53022145176,frh-1; -1.02596540664
 ,rps-26; -1.01472127756 - -0.836637166428,fum-1; -0.695717298075
 ,rps-29; -1.61227585227 - -1.59214700124,gck-1; -1.82624379383
 ,rps-30; -0.58581988068 - -0.823813287518,gcy-28; -2.29582032198
 ,rps-4; -1.98690750714 - -1.9728689081,gei-12; -0.879429143604
 ,rps-7; -0.901078248984 - -1.97872580698,gfi-2; -1.44827336568
 ,rps-8; -1.53672913565 - -2.97585016664,gfi-3; -1.51892963337
 ,rps-9; -1.17650813213 - -1.01008508819,glb-1; -2.73698634257
 ,rrf-1; -1.35439983843 - -0.670229777484,gln-5; -1.12718493192
 ,rrn-3.56; -1.01723925377 - -0.789419858721,gln-6; -1.08030918679
 ,rsa-1; -0.770787362325 - -0.786037363507,gly-10; -0.908490297952
 ,rsp-5; -1.16920306578 - -0.567046420924,gly-3; -0.87600534483
 ,rsp-6; -1.03180077425 - -0.695318817628,gly-5; -0.681221186779
 ,rsp-8; -1.08312924486 - -1.00938888003,gna-2; -0.56310015711
 ,rsr-1; -1.80439648808 - -1.81814809295,gon-14; -0.881244513101
 ,saps-1; -1.0281345753 - -0.913003353798,gop-3; -0.63922490206
 ,scpl-4; -0.642354659196 - -1.07649980303,gro-1; -2.28534982485
 ,sdhb-1; -0.601942042603 - -0.789685905001,gsp-1; -0.744553345229
 ,sea-1; -0.569140136972 - -0.929687523674,gspd-1; -0.649892545799
 ,sec-12; -2.15664972984 - -1.41147174039,gst-20; -0.929044352241
 ,sec-20; -2.6064128798 - -1.90518561192,gst-7; -0.766621312486
 ,set-1; -1.45956412581 - -1.36504576824,hda-1; -0.534066899134
 ,set-24; -0.722132294305 - -1.72085424731,hda-2; -1.32034876252
 ,set-2; -0.587272865971 - -1.29155744063,hif-1; -1.52830084282
 ,seu-1; -0.747687269026 - -0.68387112533,his-68; -1.68138947826
 ,skr-14; -2.32178089866 - -1.47348932218,hke-4.1; -0.862514097567
 ,skr-15; -2.00285328127 - -1.85739449545,hmp-1; -0.773930715545
 ,skr-2; -0.630081808241 - -0.705425495,hoe-1; -1.65908004435
 ,skr-7; -2.15988191842 - -2.74891849619,hop-1; -0.961987650211
 ,slr-2; -1.2525022773 - -1.10174232005,hpk-1; -0.854800952656
 ,smc-3; -1.13577847609 - -1.66334995627,hrpf-2; -0.599259303989
 ,smo-1; -0.820746531248 - -1.21094346533,hst-1; -0.584613195488
 ,smr-1; -1.25859730453 - -1.5218167473,htp-2; -0.863577030867
 ,sna-1; -1.3822941467 - -1.07895155228,hut-1; -0.720765850194
 ,snap-1; -0.620356434592 - -1.75602751341,icl-1; -1.41429788382
 ,snb-1; -0.622884975885 - -0.502720395693,idi-1; -1.44456852216
 ,snr-1; -1.0123576325 - -0.631773248166,iff-1; -0.89317709111
 ,snr-5; -1.23258629363 - -2.20483265592,ifg-1; -0.641351405144
 ,snr-7; -1.68813803162 - -2.77453619128,ile-2; -2.07517408058
 ,spat-1; -1.70584789679 - -1.38462505944,kbp-1; -2.36922448409
 ,spr-2; -0.653228824178 - -0.747355657777,kin-32; -1.21775456212
 ,spt-4; -2.1368903112 - -0.756229575652,klc-2; -1.78178826822
 ,ssup-72; -0.520243398141 - -0.50497281953,klp-7; -0.999928921374
 ,stc-1; -1.28874597753 - -1.61022088186,kup-1; -1.40092031632
 ,strd-1; -0.511355657986 - -2.1067814108,lbp-4; -0.965696681302
 ,swan-2; -1.15587503602 - -2.10811341372,lbp-9; -1.90434754874
 ,taf-12; -0.950405894696 - -0.9129254383,let-413; -1.14151129161
 ,taf-13; -1.16999019884 - -0.973167366344,let-711; -1.08725362716
 ,taf-6.1; -1.78456776434 - -3.43112389266,let-767; -0.929943281956
 ,tag-262; -0.960546840464 - -0.657588717014,lig-1; -0.96731969548
 ,tag-322; -1.47182403111 - -1.83966755798,lin-24; -0.680118739576
 ,tag-325; -0.693640404325 - -0.830174615574,lin-45; -0.506373738234
 ,tag-340; -1.10646140065 - -1.65227919421,lin-66; -0.806226845128
 ,tag-52; -1.8588248281 - -0.858559535402,lit-1; -0.54668950529
 ,tars-1; -0.770105987254 - -1.17101415523,lpd-2; -0.714466568559
 ,tat-4; -1.11779344632 - -0.770603499082,lpd-6; -1.05438209524
 ,tba-2; -0.529324336039 - -0.737255917435,lsm-1; -1.77250148186
 ,tbc-9; -0.761974811851 - -0.748662381257,lsm-5; -0.810688779371
 ,tct-1; -0.865612522115 - -1.3300630447,lst-3; -0.632408443068
 ,tfg-1; -0.718404540384 - -1.60363332636,lst-4; -1.64569221868
 ,tgt-2; -1.30314470466 - -1.3429253674,lsy-13; -0.851610246262
 ,tin-10; -0.588712916472 - -1.43453082996,lsy-22; -0.568515254483
 ,tin-9.1; -1.58039756084 - -2.42106930371,mac-1; -2.91966990659
 ,tkr-1; -1.19123362901 - -1.81960512923,map-1; -0.602819758142
 ,tol-1; -0.671450918721 - -0.525485912217,mboa-2; -0.80898880002
 ,tomm-20; -0.913814027189 - -0.997300097165,mboa-7; -1.83743343302
 ,tomm-22; -1.11991962552 - -1.61040134769,mdt-17; -3.23901566737
 ,top-2; -0.703942936247 - -0.889899355994,mei-2; -1.14921658176
 ,tra-4; -1.1389106766 - -0.690467911638,mel-26; -0.554951147519
 ,tram-1; -0.61097533375 - -0.836848191766,mel-32; -1.00542740274
 ,trap-2; -1.25183309154 - -1.95251123815,met-1; -0.688328489473
 ,ttr-50; -0.552235719802 - -0.662744093039,mex-1; -0.681218199661
 ,ubc-18; -0.758023532854 - -1.07830172279,mff-2; -1.65635250701
 ,ubc-1; -0.920865285221 - -1.75559665108,mog-3; -1.51456596703
 ,ubc-7; -0.794723023481 - -0.584762034109,moma-1; -0.509062852425
 ,ubc-9; -0.733987990297 - -1.88963704157,mpk-1; -1.7768825004
 ,ubh-3; -2.15598498464 - -1.63694646002,mrp-7; -0.885991611843
 ,ubl-5; -1.85704720232 - -3.28840139674,mspn-1; -1.35799695688
 ,ubq-1; -0.529328483892 - -0.774910115681,mtp-18; -1.41601524593
 ,ubq-2; -1.24684815292 - -2.01986161544,mtss-1; -0.588704751054
 ,uev-1; -0.866970852871 - -1.39255105509,mvb-12; -0.523797384984
 ,ulp-1; -0.786745954569 - -0.525550202917,mxl-1; -0.990931812026
 ,unc-85; -0.53549078826 - -1.93707002687,mxl-2; -0.820188840985
 ,uri-1; -0.668989765562 - -0.525383119507,nfi-1; -0.606272169295
 ,usp-33; -0.619192649403 - -0.70144571167,nfya-1; -0.958022900438
 ,vem-1; -0.716972956282 - -1.39341317668,nfya-2; -0.949707982474
 ,vha-10; -0.817060991473 - -1.59785999283,ngp-1; -0.746254811026
 ,vha-3; -2.63725387768 - -3.38122609585,nhr-4; -1.85525590349
 ,vha-4; -0.748485680689 - -0.615414062402,nlp-36; -1.16604513241
 ,vps-28; -1.28713544082 - -0.711349374859,nmt-1; -0.978382638445
 ,vps-29; -1.0872285754 - -0.568476579119,nol-5; -0.511281578189
 ,vps-2; -0.696066010946 - -2.31783091278,nos-2; -1.40163459792
 ,xpo-2; -1.34991464048 - -0.725421384421,npl-4.1; -1.91136694738
 ,yif-1; -1.24437479106 - -0.875675100373,npl-4.2; -1.02926434261
 , ,nsy-7; -0.563958625712
 , ,nucb-1; -1.18596470331
 , ,nuo-1; -0.563974611323
 , ,nuo-6; -1.21203071933
 , ,ogt-1; -2.29152809756
 , ,otub-1; -1.07816966028
 , ,oxi-1; -0.552052507834
 , ,pas-3; -1.0313323721
 , ,pas-4; -1.05992777055
 , ,pash-1; -0.59723937294
 , ,pat-12; -3.03790322993
 , ,pat-6; -0.65714530136
 , ,pbs-1; -1.13067774493
 , ,pcbd-1; -0.91717360577
 , ,pdhk-2; -0.545118934232
 , ,pdr-1; -0.903763834201
 , ,pgam-5; -0.868237578162
 , ,phb-2; -0.730455703291
 , ,pie-1; -0.629900953221
 , ,pisy-1; -1.62871389674
 , ,pkc-1; -2.746950661
 , ,plk-2; -0.985090019442
 , ,plp-1; -0.634306576366
 , ,pmp-3; -1.1795874686
 , ,pot-2; -2.91461362805
 , ,pot-3; -0.722569496066
 , ,ppk-2; -1.19026072107
 , ,pptr-2; -2.00799309334
 , ,pqn-21; -0.592927962758
 , ,pqn-52; -1.30231767886
 , ,pqn-87; -1.162120194
 , ,pro-2; -0.736662129125
 , ,prx-14; -0.838950126178
 , ,ptc-1; -0.690398058062
 , ,ptp-1; -1.75481892699
 , ,ptp-2; -0.502414153029
 , ,puf-9; -0.575669353724
 , ,pzf-1; -1.05927309511
 , ,rab-21; -1.34705569099
 , ,rab-8; -0.809652584234
 , ,ran-3; -0.506119474478
 , ,ran-5; -2.53460849731
 , ,rba-1; -0.792823907787
 , ,rbd-1; -0.86924827857
 , ,rbx-1; -1.19033702505
 , ,rde-4; -1.00961717385
 , ,repo-1; -1.03489116321
 , ,rer-1; -1.3304448749
 , ,rgs-9; -0.685383874639
 , ,rheb-1; -1.31931192017
 , ,rhi-1; -0.598240748138
 , ,rho-1; -2.48141473621
 , ,rnf-5; -0.564730548214
 , ,rnh-2; -1.9072106655
 , ,rnp-6; -0.562889716692
 , ,rnp-8; -0.83599669217
 , ,rnr-2; -0.505582902948
 , ,rpa-1; -0.803042068152
 , ,rpa-2; -0.820579833919
 , ,rpb-7; -0.998826075922
 , ,rpl-11.1; -0.94433883268
 , ,rpl-18; -0.747452120886
 , ,rpl-20; -3.06596211666
 , ,rpl-26; -1.61495188191
 , ,rpl-34; -1.26259940922
 , ,rpl-4; -0.869073401961
 , ,rpn-1; -0.825187443381
 , ,rpn-5; -0.688581690123
 , ,rpn-8; -0.582334155331
 , ,rps-0; -1.24632643979
 , ,rps-21; -1.87602084916
 , ,rps-2; -1.13962226634
 , ,rps-5; -2.32277137933
 , ,rpt-4; -0.52831624009
 , ,rpt-6; -1.4426762742
 , ,rsa-2; -0.904273522835
 , ,rtel-1; -1.33587683996
 , ,sap-49; -0.943554882061
 , ,sar-1; -0.800882477099
 , ,sbds-1; -2.02388900824
 , ,scc-3; -0.616243529483
 , ,sec-23; -0.567251162971
 , ,sel-12; -1.24811539702
 , ,sel-13; -0.67498069056
 , ,sel-5; -1.00374647675
 , ,sem-5; -0.670898083357
 , ,set-17; -0.560140200749
 , ,set-29; -1.02270182575
 , ,sgo-1; -1.08624886699
 , ,skp-1; -0.910229232462
 , ,skr-1; -0.628488722589
 , ,smg-8; -0.917008587515
 , ,smi-1; -1.3766729974
 , ,snr-2; -1.09513079824
 , ,snr-4; -1.13403579276
 , ,snx-1; -0.674166624679
 , ,spk-1; -0.808157082017
 , ,spl-1; -0.673666794804
 , ,spn-4; -0.770434003531
 , ,spr-3; -1.19816354314
 , ,srp-7; -0.523522370569
 , ,stdh-1; -0.700853046811
 , ,sut-1; -1.59930966706
 , ,sut-2; -1.38911760774
 , ,swd-2.1; -2.02717894176
 , ,sym-3; -1.33773345103
 , ,sym-4; -1.1033904199
 , ,syx-4; -1.37036311466
 , ,taf-8; -0.924325917976
 , ,taf-9; -0.871464866779
 , ,tag-135; -0.548347399205
 , ,tag-143; -0.736699128369
 , ,tag-170; -1.62775106308
 , ,tag-173; -0.597856531036
 , ,tag-189; -0.555890004407
 , ,tag-277; -1.52150096073
 , ,tag-307; -0.533147053236
 , ,tag-321; -0.753332867813
 , ,tag-72; -1.21004791254
 , ,tbc-1; -0.594971097027
 , ,tdp-1; -0.73537526917
 , ,tiar-1; -0.889300120703
 , ,tin-13; -2.74447712824
 , ,tomm-7; -3.0501831029
 , ,top-1; -1.07042841387
 , ,tpxl-1; -0.833276781957
 , ,tra-3; -0.97383470453
 , ,trap-1; -0.678095807117
 , ,trap-3; -0.85595603606
 , ,trap-4; -0.809588517054
 , ,tsr-1; -1.47452581661
 , ,ttyh-1; -0.884607048
 , ,ubc-13; -0.931416620132
 , ,ubc-20; -1.0826198561
 , ,ubh-2; -1.13068342912
 , ,ubh-4; -0.526743287468
 , ,ubl-1; -0.650405942466
 , ,ufd-2; -2.01956990747
 , ,ugt-64; -1.84508522412
 , ,ulp-3; -2.16606683662
 , ,umps-1; -2.79100169179
 , ,unc-108; -0.516196169787
 , ,unc-59; -0.8942584758
 , ,unc-84; -1.12926194744
 , ,unc-94; -0.998276652675
 , ,vha-18; -0.810295133679
 , ,vha-19; -1.57871912047
 , ,vha-2; -0.517587338945
 , ,vha-8; -0.723496374752
 , ,vha-9; -1.21484705598
 , ,vps-16; -0.996210180603
 , ,vps-20; -0.543720017203
 , ,vps-35; -0.637971389409
 , ,vps-37; -0.745645252889
 , ,vrk-1; -0.920257675332
 , ,wapl-1; -0.619177278912
 , ,wdr-23; -1.0731571852
 , ,wht-2; -0.516964404706
 , ,wip-1; -1.69178789799
 , ,xpc-1; -0.994478827144
 , ,xpg-1; -1.06736417013
 , ,yop-1; -0.556779069412
 , ,zfp-2; -0.975659185851
 , ,zip-4; -1.44893653051
 , ,ztf-15; -0.618250351864
 , ,ztf-1; -0.57568566585
 , ,ztf-22; -1.94967541475
 , ,ztf-4; -0.782872665252
 , ,zyg-11; -0.583504742045

Left Cell Decreasel; logFC,Shared Decrease; logFC (L) - logFC (R),Right Cell Decrease; logFC
B0261.7; 0.742557513432,AH9.3; 1.02191932573 - 0.765313312685,B0205.11; 1.33552065626
B0432.13; 1.21859471813,B0001.2; 1.19477159894 - 0.518366634788,B0205.1; 1.01286113403
B0464.9; 1.24557534848,B0025.4; 1.51623528587 - 2.03247904816,B0205.6; 5.69508107593
C01G5.5; 1.01998557196,B0303.7; 0.730041918926 - 2.7350736915,B0205.8; 0.795367525128
C01G8.1; 1.23958430181,B0304.4; 0.693578235433 - 8.44311755056,B0205.9; 0.773266934901
C05C10.3; 2.75276651498,B0334.3; 0.637344622189 - 2.21409486758,B0228.6; 8.02251687902
C07H6.15; 0.687748467629,B0336.7; 1.83092836142 - 1.17560583099,B0261.1; 1.20962175585
C09G9.1; 1.22705400667,B0564.7; 1.56198968017 - 0.592964805504,B0281.5; 2.13092531247
C14A11.9; 1.03226044231,C01F1.6; 1.0739201124 - 0.625146803362,B0285.3; 1.07227738566
C17C3.1; 0.72394398872,C02F5.6; 0.77171171295 - 1.03472183508,B0303.3; 2.35008100764
C17E7.4; 0.596315417943,C04A11.2; 0.806500973873 - 8.63104550261,B0303.4; 0.925086542539
C18D11.3; 1.51140157873,C04F12.1; 2.41442568428 - 1.35162845254,B0412.3; 3.02692380949
C24H12.4; 2.54250269104,C04F5.9; 1.90033187374 - 2.60054774489,B0416.5; 1.36939067109
C25F6.1; 2.34839895244,C05C8.1; 1.51545101342 - 1.80982782389,B0491.5; 0.619563406445
C27D6.4; 1.10787487786,C05C8.2; 0.671453539373 - 0.771556687225,B0495.7; 2.53968126926
C29E4.13; 0.551328119079,C05C8.5; 0.506729685762 - 2.32695796751,B0511.12; 0.706233985156
C30C11.1; 2.49657112742,C05D10.1; 0.651554387154 - 1.06083910365,B0546.2; 0.505221366199
C32E8.5; 1.16555809836,C06A5.3; 2.77827848243 - 1.10888976289,C01A2.3; 2.33641093559
C33A12.3; 0.624275910145,C06G3.5; 8.62433955804 - 2.92619487814,C01A2.5; 0.566913009923
C34C12.2; 0.75239539096,C06H2.2; 0.694212974481 - 1.94255758023,C02D5.4; 0.502517585666
C36B1.11; 0.952723074696,C07H6.10; 1.17554333147 - 0.589630899079,C02F5.13; 1.82348721709
C36F7.2; 1.07878953145,C08H9.2; 1.07004151807 - 0.599391621234,C02F5.3; 0.617949630332
C41H7.3; 0.77610273546,C09D4.4; 1.91453779067 - 6.5531601036,C03H5.2; 1.50598199016
C47G2.3; 0.501149724444,C09E9.1; 1.02312133283 - 1.92327103425,C05C10.2; 1.82091897892
C48E7.11; 0.903858531873,C10B5.1; 3.80126609838 - 3.3663855282,C05D11.9; 1.57436384643
CD4.3; 3.10300638919,C13B4.1; 0.643036435333 - 0.793983814884,C05D9.7; 3.23211505677
D1081.9; 2.07040573298,C14A4.14; 1.44002202828 - 0.565395929475,C06G3.8; 2.56353786784
D2007.1; 0.551573097777,C14B9.8; 1.53032784363 - 0.747277113468,C07H6.4; 3.46716911787
D2030.3; 0.587051998722,C15C7.5; 1.79616581993 - 1.66448106592,C08B11.6; 1.35091956087
DC2.3; 2.59940299807,C15C8.4; 1.72937257423 - 0.763449069064,C08B11.9; 2.77724381468
EEED8.10; 1.03755762201,C16A11.4; 1.37321977929 - 0.724357564508,C08F8.2; 2.01204643824
F01G4.4; 4.74570122944,C16E9.2; 0.961754349943 - 0.568886220076,C09B8.5; 1.41891097402
F02E9.1; 1.73352768452,C17E4.11; 2.41284266536 - 0.74483342488,C09E7.4; 2.63103145858
F07F6.4; 0.662088828984,C17E4.3; 0.823082092655 - 0.806452172291,C13B9.3; 1.24464070273
F09E5.3; 0.782426691446,C17E4.4; 1.13357427849 - 1.46646785892,C13F10.4; 2.26751466867
F10G7.9; 0.55402126463,C17G10.1; 1.04432670473 - 1.70687788155,C14A4.11; 0.919401613429
F20D1.3; 1.5448811751,C18A3.1; 0.75381359879 - 0.705843938052,C16A3.2; 4.17248467089
F20H11.1; 2.1348532245,C18E3.5; 1.17990754877 - 1.54594712175,C16A3.6; 1.40070338822
F22E5.9; 1.20932597006,C18E9.10; 1.05049429211 - 1.49516366568,C16C8.11; 3.42833509888
F23B12.5; 1.13764127123,C23H3.5; 1.58103396949 - 1.04112063747,C17G10.9; 0.58451382602
F25B4.7; 1.2045713009,C24D10.5; 1.15128908479 - 1.28981105325,C18A3.2; 6.27270314236
F25B5.3; 0.820523451155,C24G6.8; 2.11775518798 - 1.14080209602,C18A3.3; 0.916254237662
F27C8.6; 1.0368570399,C24H10.2; 3.64877431093 - 2.59087350455,C23G10.8; 1.85452790459
F28C10.3; 0.54729019235,C25G4.3; 7.94404227519 - 2.06686319184,C24F3.2; 4.39399680918
F28C6.8; 1.1692938213,C25H3.14; 1.42079341886 - 4.33736868996,C26E6.12; 6.00954783584
F30B5.4; 1.13734398039,C27A7.5; 1.89062455598 - 4.81783051666,C27A12.2; 0.644878358119
F32B6.2; 0.828502813353,C27C12.1; 1.77647250114 - 1.10390843789,C27B7.5; 1.02267583408
F32D1.7; 0.902666544191,C27C12.4; 1.59259890357 - 2.10838793219,C27F2.4; 4.56028194147
F33H2.6; 1.47718712849,C27D8.4; 1.48516373119 - 1.11038386024,C27F2.9; 1.87612851776
F35D11.5; 2.75041059847,C28A5.1; 0.723472192787 - 2.62444715935,C27H6.3; 0.720723075941
F36D4.5; 0.5798746868,C28C12.12; 1.07550586743 - 0.532776043244,C29E4.15; 1.19523601849
F37F2.2; 1.40090829265,C30G12.6; 0.593464262638 - 0.894181430173,C30B5.2; 1.05727780858
F43C11.9; 0.510563649628,C31E10.5; 1.60843499721 - 5.35764000039,C30H6.9; 1.87778512199
F44B9.5; 1.60416279285,C31G12.1; 1.91103428005 - 0.84830811875,C32E8.9; 0.935862591261
F44E2.8; 0.732933468266,C31H1.8; 1.05371006277 - 0.671395864425,C33F10.14; 2.62429078025
F45E12.5; 0.638384843783,C32D5.10; 0.653632883078 - 6.92028445984,C33H5.18; 0.580304317195
F46F11.10; 2.06533149237,C34B7.2; 1.03524817336 - 1.31439952474,C34C12.4; 0.762850112875
F47G3.3; 7.47019486416,C34E10.8; 1.45199619853 - 1.39952536124,C37C3.9; 0.649663470279
F47G4.2; 1.23550655713,C34H4.5; 8.1944415309 - 1.23080281191,C37E2.1; 1.38830494016
F53B1.2; 1.08600330682,C35D10.7; 0.92544346705 - 2.09073526593,C37H5.13; 1.78239481328
F53F4.12; 2.24932162373,C36E8.1; 1.19123858641 - 0.859772433169,C37H5.3; 0.752416512681
F54D5.2; 1.3877459493,C38D4.1; 6.29974085465 - 0.817082201968,C41G7.9; 0.943830820057
F55A11.7; 1.68998491336,C38D4.4; 1.35375076384 - 1.13009830671,C42C1.13; 2.1374926232
F55C12.5; 1.05787892503,C44E4.5; 2.43499907057 - 1.59642858525,C43H6.7; 3.04212799573
F55F8.2; 0.783788420687,C44H4.4; 0.87251715832 - 0.573889884752,C44B7.10; 1.00354103441
F57B10.3; 1.6549653642,C45G3.5; 0.717264529359 - 0.801975079934,C44C10.4; 1.71548475978
F57C9.4; 0.783813971072,C45G9.5; 5.43714766104 - 0.908085464404,C46C2.2; 1.30693376657
F58G11.3; 0.522941926461,C47F8.1; 0.526388853371 - 0.658946446193,C47G2.4; 0.842940446441
F59A3.3; 3.32206143117,C48B4.11; 1.65882035225 - 0.532243907592,C48B4.6; 1.24606922912
K07A1.9; 1.03434758163,C48B6.9; 0.828550929526 - 1.6193175825,C49H3.4; 0.640717871012
K07C5.4; 0.622972572284,C49C3.6; 0.559066023474 - 0.515586778885,C50B6.3; 2.11530582747
K07C5.6; 0.628483332037,C49F5.6; 4.30575105567 - 9.53784913219,C50F4.4; 0.847804327666
K07E8.7; 0.529544005572,C50E3.5; 0.588413858128 - 1.14437957435,C54G4.7; 0.63160359909
K07F5.14; 0.561345014762,C50F2.3; 1.10994909993 - 0.900403946639,C55B6.1; 0.869592817837
K07H8.2; 0.61170540292,C50F7.4; 0.793796546319 - 0.792843788593,C56A3.4; 0.748119941697
M01B12.4; 1.16319764933,C52A10.3; 2.50031306863 - 1.83439573373,C56E6.2; 0.71073169132
M01F1.8; 1.57561189805,C52E12.4; 1.42539557803 - 2.07429952679,C56G2.7; 1.08243795226
M01G5.3; 0.781637215095,C53B4.4; 1.16921995053 - 0.764674462242,D1005.1; 0.767309399741
M106.4; 1.17612301587,C54G4.9; 1.24329996778 - 1.52659029214,D1007.5; 1.21925315779
R02F2.7; 0.966474603989,C55B7.11; 1.42357561579 - 1.80147162643,D1046.2; 3.01180929193
R07B7.2; 1.28888747267,C56C10.11; 2.6687827413 - 2.48951453157,D1054.14; 1.0167642715
R07G3.7; 0.674525023788,C56G2.15; 2.22987612313 - 1.84139885437,D1081.6; 1.56362629179
R08E3.3; 1.14051886367,C56G2.1; 1.17440872737 - 1.25524114941,D1081.8; 0.799711009389
R12E2.11; 0.688907265267,CC8.2; 1.54142320987 - 2.17017738517,D2030.7; 0.647382072313
R12E2.12; 2.76057088163,D1007.8; 1.78526263853 - 1.44334932388,D2030.8; 0.59864641522
R186.3; 3.82188231057,D2023.6; 3.14959824299 - 1.27336934246,D2085.4; 3.77522148466
R31.2; 0.587653480742,D2030.11; 0.930698890846 - 1.36548401513,D2096.7; 1.06856051703
T04A8.6; 1.16694052875,E02H1.2; 6.4103883229 - 2.36511789768,E01A2.2; 0.915660061401
T05G5.9; 0.537140077228,E02H1.5; 2.05874855739 - 0.99817502811,E01G4.3; 0.575951565567
T05H4.5; 0.6261578751,E02H1.8; 0.626005899171 - 0.795190441418,E02H1.1; 3.09246887211
T07C12.14; 1.62725811703,EEED8.14; 0.580784797866 - 0.769203947089,E04D5.1; 0.671539410663
T07D4.5; 1.19448958261,EGAP2.1; 2.47892196965 - 6.58326544251,F02A9.4; 1.43269030019
T09B4.2; 1.66806765204,F01F1.2; 0.53201250536 - 1.0778592062,F02E8.4; 0.950410973521
T09B9.4; 1.65750518489,F02E9.9; 1.00432454006 - 0.61440274314,F02H6.2; 0.760624472922
T12B3.4; 7.56784978383,F02H6.3; 2.03315640815 - 2.65650423127,F08F8.2; 1.09181647655
T13C2.6; 1.53673698565,F02H6.4; 1.5996442377 - 2.78086031305,F08G12.2; 0.755684844736
T22D1.5; 0.905962358657,F08B6.3; 2.94617291395 - 3.59623612017,F08G5.1; 0.531935334193
T27F7.1; 1.36162757698,F08F8.10; 2.38164123468 - 0.777276545799,F09F7.4; 0.881147886145
W02D9.3; 0.505380664417,F09E5.8; 3.86170122127 - 1.82525847453,F10C2.4; 1.27781257699
W02F12.4; 0.913557959395,F10G8.9; 9.34898339575 - 3.61899975943,F10D11.2; 0.645964473834
W04D2.5; 1.71978848806,F12A10.8; 8.35399170234 - 1.94411751176,F10E9.3; 1.57606040936
W05F2.3; 0.980270653131,F13E9.1; 2.44415754451 - 0.564776394525,F10E9.4; 0.848585957056
W08A12.1; 0.777789259192,F13H10.3; 0.505997198846 - 0.906507491442,F10E9.7; 2.0911250893
W08F4.3; 2.93562643054,F14H3.5; 4.55024821995 - 2.38349247056,F11A10.6; 1.7290972294
Y106G6H.5; 4.64144324629,F19F10.9; 0.602444727609 - 1.07451258177,F11A10.7; 1.3292045661
Y10G11A.90; 2.6018368337,F20D1.9; 1.14510010675 - 8.53365151518,F11C1.7; 9.76530451548
Y18D10A.9; 2.14407571381,F23B12.7; 0.602804349457 - 2.08507418654,F11E6.7; 1.2360987428
Y23H5B.6; 0.900205344363,F23C8.5; 2.12486608899 - 3.68615595342,F12E12.1; 3.34265986698
Y25C1A.5; 2.11832353992,F23H11.2; 0.868430276158 - 5.0262830263,F13B12.1; 1.276258373
Y32H12A.2; 2.03879126287,F25G6.8; 1.50843279923 - 0.632055406651,F13H10.4; 2.10375365379
Y39A1A.13; 1.34932059974,F26G1.1; 0.55439918425 - 1.49885870836,F14D7.2; 1.867662896
Y39A1A.21; 1.79466573285,F26H9.4; 0.753468467019 - 1.75074256392,F14H3.3; 1.62594102676
Y39B6A.37; 1.98111850804,F28D1.1; 1.20059883284 - 1.43896953813,F14H3.6; 4.12280771819
Y40B1B.8; 1.50881870273,F29G9.2; 0.974268087356 - 1.00701084223,F15B9.10; 3.07105546761
Y41D4A.4; 1.27051523057,F30F8.1; 0.660361603843 - 0.644606561934,F15D4.2; 3.14340508156
Y45F10D.4; 1.00747695614,F31B9.3; 1.5334008128 - 9.07566283626,F16A11.1; 0.794427224941
Y47H9C.8; 0.708358431711,F32B6.3; 2.42761146594 - 1.36139624496,F18A11.3; 1.72243393807
Y50D4C.6; 1.46466370336,F32D8.5; 0.83385935782 - 2.0297706437,F18C5.10; 1.02850952655
Y54F10AL.1; 1.19594002983,F33D4.4; 0.559303234985 - 0.754327809283,F19B10.10; 2.84428717717
Y54G2A.18; 0.972491834036,F33D4.5; 1.02428963438 - 0.798586242222,F19B10.2; 3.46296565293
Y57A10A.8; 0.730356830236,F33G12.2; 1.0072932929 - 1.20370396031,F19F10.11; 0.828150302158
Y57G11C.3; 1.308558441,F34D10.2; 0.86207058348 - 2.8947214001,F19F10.12; 0.598200732748
Y59A8A.2; 2.57581793112,F35C11.5; 2.29243457272 - 0.747212373738,F20A1.9; 2.29023068877
Y62E10A.6; 2.6803206998,F35G12.4; 0.820858526706 - 0.791294603655,F21D5.2; 0.769456467804
Y71G12B.10; 0.931087057499,F35H10.7; 1.84744388332 - 1.52419536291,F21G4.4; 1.63390045726
Y73B6BL.23; 0.843836031662,F35H12.4; 3.70575252078 - 0.979771496634,F22D3.2; 2.82864650701
Y87G2A.11; 2.02523677848,F38H4.10; 0.989872128527 - 0.673800117339,F25B4.5; 0.965790460411
Y95D11A.3; 0.766734425378,F40H3.1; 1.31892289187 - 1.0583631269,F25G6.9; 2.78488340975
ZK1248.15; 2.35311642434,F41E6.9; 0.982763193733 - 0.958308294937,F25H5.5; 0.58805764005
ZK669.4; 0.606349012984,F43G9.4; 0.84733534576 - 0.69681761731,F25H9.7; 2.67137694077
ZK856.11; 2.64134048833,F44E7.4; 0.703097835059 - 1.33946632611,F26B1.2; 0.783962968104
acbp-5; 0.907760836903,F46B6.6; 1.65211388593 - 3.06127848903,F26F4.5; 0.527447007583
acl-6; 0.711936438818,F47B10.9; 0.795197955823 - 3.57545386962,F26F4.9; 1.18317607927
agef-1; 0.682461795262,F48C1.6; 3.78515819695 - 0.731144676997,F28B3.4; 5.49723884865
aka-1; 1.01140666085,F48E8.3; 0.688566455158 - 0.932245206426,F28B3.5; 1.1872957779
alh-4; 1.03557005568,F48E8.6; 1.19908392086 - 1.22276345422,F28B3.6; 0.736289920386
alh-9; 1.16488249612,F52D10.2; 1.5248845478 - 2.36732929355,F28F8.9; 1.72512348167
amph-1; 2.4027324955,F53C11.4; 1.43338646945 - 1.57001569626,F30A10.1; 3.63011449111
arp-1; 1.59562389278,F54D8.6; 0.558652370985 - 0.522845006542,F31D4.2; 1.36561397267
arx-4; 0.675075325128,F54E12.2; 8.27704140865 - 0.91038970965,F31E3.4; 0.932492597808
atg-3; 0.57568874669,F55A3.2; 1.062785705 - 5.13376964523,F31E8.4; 1.05959754588
bath-2; 3.06907681209,F55D12.5; 2.18073303473 - 1.6246983372,F32D8.14; 7.10566461797
bath-30; 1.19308488985,F55F8.3; 1.37182056072 - 3.73092117284,F33D11.10; 0.702350925646
cars-1; 0.564998340718,F55G1.9; 2.78933487483 - 1.81711157648,F33G12.7; 1.57418844654
cas-2; 1.00346541135,F56C9.6; 1.40972645458 - 3.11559600322,F33H2.5; 2.19674098802
cdc-37; 0.502358523807,F56D1.1; 1.63587620159 - 0.933521416581,F35F11.1; 0.660593902692
ced-6; 5.81955416173,F56D1.2; 0.825386848197 - 2.19065114458,F35G12.7; 0.887912940096
cey-3; 1.05397702202,F56D2.2; 1.51047332885 - 3.80800799412,F36A2.2; 0.792123268823
cif-1; 1.22968308522,F58G1.1; 0.591586952014 - 0.853816099391,F36D4.2; 4.56308684094
cit-1.1; 0.661216513341,F58H1.8; 1.02209067242 - 0.569032756248,F37B12.3; 0.542391549281
cki-2; 0.610587722756,F59A6.5; 1.32907371879 - 1.81247215203,F37D6.2; 0.610403471459
clu-1; 2.59932489113,F59B2.2; 4.53394428997 - 1.15581847214,F38A5.1; 0.804566830201
cnx-1; 1.148681605,F59D12.5; 0.784688338141 - 6.50437732111,F40F11.2; 2.79775551751
cri-3; 0.647998935539,H02I12.5; 3.8530528073 - 1.90998453264,F40F4.7; 2.2283457656
csn-6; 0.544126534307,H06I04.3; 0.55412199342 - 1.49393860467,F42A9.6; 1.45496306536
cutc-1; 0.550203009784,H12D21.7; 2.62013073243 - 1.71714896642,F43G9.12; 1.59851197392
cyn-3; 0.787501948776,H13N06.4; 2.22719047954 - 1.67264417897,F43G9.2; 1.32176864048
cyp-31A3; 8.52600439203,H17B01.4; 1.58474516424 - 0.875446693974,F44E2.10; 1.82968511148
dbr-1; 0.50104553463,H28O16.2; 1.83301786276 - 0.587393529623,F45C12.15; 0.919779215784
ddl-1; 0.88953348786,H43I07.1; 3.96592640953 - 0.926440923782,F45G2.10; 0.591209304946
dnc-5; 3.30680155676,JC8.5; 4.95356249836 - 6.08264305715,F46B6.5; 0.547226061569
dpf-4; 2.66747482234,K02B12.5; 1.67305319328 - 0.72408729717,F46H5.2; 1.85703743105
dpf-5; 1.68085808377,K03B4.1; 4.0678043368 - 1.71613135042,F46H5.3; 1.13348016537
dsh-2; 1.21225090804,K05B2.2; 1.29642112445 - 3.20054454236,F47B10.1; 0.886324072679
ears-1; 2.4472943016,K07B1.7; 1.33501061038 - 1.35134190715,F47G9.1; 0.985228445043
ech-4; 0.887987668934,K07E3.4; 2.32176785324 - 6.59038645363,F49E8.1; 1.06650031254
egg-5; 1.48692028428,K10H10.1; 0.810230384451 - 0.831855281986,F52A8.6; 1.71225057935
emr-1; 0.560536333738,K12D12.5; 1.49984051369 - 1.38026460035,F52B5.2; 4.58019463467
epg-4; 1.23199282777,K12H4.2; 0.916447549944 - 1.42825495591,F52B5.3; 1.39060712313
eri-3; 3.27157013598,M01E11.3; 0.527722167508 - 1.1191284968,F52B5.7; 2.3016550914
ero-1; 0.732612632255,M02B7.2; 6.8040760787 - 1.09284983912,F52H3.2; 2.35223484707
fbp-1; 4.50425702958,M106.3; 1.29126530548 - 2.12974127425,F53B3.5; 0.835535724847
fis-2; 0.756932241486,M151.7; 0.932391584344 - 0.770831810274,F53C11.3; 0.754190865011
gln-5; 3.2547956974,M88.5; 1.40530525658 - 0.549469846595,F53C11.5; 1.70900820245
gly-10; 2.01227511756,R02D3.7; 0.559649173062 - 0.564343169047,F53F4.11; 0.850832454619
gst-20; 4.11230397639,R03D7.1; 2.27277956045 - 0.994625602303,F53F4.14; 0.654948318393
hda-2; 0.57437072511,R03E1.2; 1.41204130052 - 0.578168234296,F54C4.4; 1.04039179265
hke-4.1; 1.42680143938,R05D7.4; 0.561560239447 - 1.27643518563,F54D10.5; 0.67156796365
hpk-1; 1.050275715,R05F9.1; 3.27367617498 - 0.885575906582,F54D10.7; 6.31069070878
klp-7; 4.65344866012,R05F9.6; 7.98015947837 - 4.21207546172,F54D5.9; 1.02894550439
lbp-9; 5.84481694667,R05H5.5; 1.12657609138 - 0.968946512345,F54D7.2; 0.732883824169
lin-24; 2.02917381399,R07B7.8; 1.26900936933 - 3.47628165638,F54H12.5; 1.34353122999
lin-45; 1.46230090797,R07E5.1; 0.706280828215 - 0.888953340117,F55A12.5; 0.716920765763
lpd-6; 0.575921407311,R08D7.2; 0.549649057044 - 1.02187933505,F55A3.3; 0.58489274373
lst-4; 1.01055420414,R08D7.4; 5.75970299201 - 1.64492656083,F55H2.7; 1.3914419435
lsy-22; 2.0001537006,R09F10.3; 2.76374548801 - 1.09775748745,F56A6.4; 1.80836100862
map-1; 2.4769890697,R10D12.12; 0.555939479142 - 0.749172739617,F56B3.11; 6.89229963795
mboa-7; 4.29183706664,R119.1; 7.89379354558 - 1.3909531776,F56C11.5; 0.712000825928
mrp-7; 0.908173957591,R11A5.4; 1.36853056609 - 0.82744123689,F58B3.7; 0.814082891463
mspn-1; 0.867410483088,R144.12; 3.17115707945 - 0.751438931349,H06O01.2; 1.88970575036
mtp-18; 1.97432265207,R151.8; 2.1830908021 - 1.22020923334,H19N07.1; 0.771886606954
nmt-1; 1.60269561316,T01C3.9; 0.672475836677 - 0.977598815656,H19N07.3; 1.59265541406
npl-4.2; 2.91756516971,T01H3.4; 7.57787487804 - 1.1406327769,H24K24.3; 2.16217907991
nuo-6; 0.500572618616,T02G6.5; 1.03568286119 - 1.61717299689,H25P19.1; 5.89817662516
oxi-1; 0.722060026449,T03G11.4; 4.11932619837 - 1.99856638679,H28G03.1; 4.26737956251
pas-4; 0.543886209246,T04A8.11; 2.14959100378 - 3.32803661922,K02C4.3; 3.79711780686
pash-1; 1.09367581034,T04F8.2; 0.833465635607 - 1.97420940285,K02F6.7; 3.75386189137
ppk-2; 1.16439629523,T05A7.1; 4.08991689406 - 0.607067836401,K04B12.2; 0.905088278604
pptr-2; 0.805271181469,T05E11.3; 1.02452650429 - 0.81695663797,K04C2.3; 0.646828207268
pqn-21; 0.792137556098,T06D4.1; 1.16220532853 - 1.39344400785,K04G2.6; 0.887857217035
prx-14; 1.31333537777,T07A9.9; 1.22078084824 - 0.602809675011,K08E3.4; 1.20361463457
ptc-1; 1.04755847829,T07D3.9; 1.62631557815 - 1.62166463499,K08E4.2; 2.16043778483
pzf-1; 2.32837626936,T08A11.1; 2.05549761148 - 0.824945418631,K08F9.4; 0.554527354703
rab-21; 2.9736771913,T08G11.1; 0.685319898901 - 2.60546458673,K08H2.3; 1.12269352962
rab-8; 1.41681701067,T09A5.9; 0.883047446196 - 0.894701004212,K10D2.5; 1.84447074315
ran-5; 1.13514983163,T09E8.1; 0.630020933545 - 1.46560230028,K11B4.2; 0.9685823951
rde-4; 1.05882860568,T10B10.3; 0.638544735918 - 0.504439132494,K12H4.4; 0.819245970981
rhi-1; 1.90898392935,T10B11.8; 0.642383107942 - 5.36912178751,M01A10.1; 0.968051541643
rnf-5; 0.900424716143,T10E9.1; 1.27325792626 - 0.792893384648,M01E11.2; 1.94272070162
rpb-7; 0.828107530104,T12C9.7; 1.34527814776 - 0.627444780196,M01F1.4; 1.00151117353
rpl-18; 0.655460205853,T12F5.2; 1.0045247889 - 0.673381341383,M01F1.9; 1.81397435112
rsa-2; 1.04459102045,T12G3.7; 2.51389457045 - 0.929752734221,M02E1.1; 0.755225280865
sar-1; 0.508392669311,T18D3.1; 1.00116850646 - 2.40503225612,M03C11.7; 3.81460664478
scc-3; 0.631478444453,T20D3.3; 0.846829827671 - 2.17557469384,M03C11.8; 1.05666967513
sel-5; 1.60707910949,T20F10.2; 0.629629811286 - 2.85959491032,M05B5.4; 6.66309664465
skp-1; 0.746132515911,T20F5.7; 1.73380441386 - 0.765405291252,M176.2; 2.47032723941
smg-8; 1.49508316608,T20G5.14; 1.05548274369 - 0.828472992457,M18.6; 1.2162768633
spk-1; 0.875470376815,T22B11.5; 1.50925112579 - 1.28339957564,R05D11.5; 0.802824489595
spl-1; 7.40073118388,T22C1.1; 0.87097824203 - 1.28383279768,R05D11.6; 1.02695767657
stdh-1; 3.19412758261,T23B12.6; 3.78533902227 - 1.1196575597,R05D3.2; 0.797006561623
swd-2.1; 1.67796852715,T23F11.1; 1.36129756745 - 1.00234737408,R05D3.8; 1.8152039346
tag-189; 0.920477119541,T24D1.3; 9.09318044091 - 1.84720978729,R05G6.4; 0.784001787751
tbc-1; 1.83155692106,T25G3.4; 1.82091068226 - 2.48894338395,R05G9.3; 2.85236150859
tra-3; 1.46548268677,T26A5.4; 1.19444659126 - 4.7236735388,R07E5.13; 1.63597720843
ttyh-1; 0.873171637678,T26C5.3; 0.517691199672 - 2.69828118726,R119.3; 4.48535565988
ubc-20; 0.577210887067,T28A8.6; 1.67333804485 - 1.22432707337,R11D1.10; 2.50418705095
ubh-2; 2.5635688259,W02B12.9; 1.26070467375 - 1.58125776577,R11H6.5; 1.52448734528
ubh-4; 0.794213679376,W02D9.4; 0.810877787073 - 1.37274999947,R12C12.5; 0.589015785858
ubl-1; 0.740717972175,W03F9.2; 1.10818121992 - 1.82316843598,R12C12.6; 0.503548543464
ufd-2; 0.703257464638,W05F2.6; 1.07216242464 - 0.656522565401,R13A5.7; 1.67183720202
ugt-64; 1.53566270024,W05H9.4; 8.68871974126 - 3.68596969068,R144.5; 0.654078584167
unc-84; 1.2464406979,W09D10.3; 1.88123005758 - 1.51640378172,R148.4; 1.19481029337
vps-35; 1.94619236891,WBGene00003979; 2.35822804021 - 0.79905111263,R151.6; 1.1913173643
vps-37; 0.712173034085,WBGene00206389; 0.527311332467 - 2.10933558485,R53.2; 3.68649639215
vrk-1; 0.673355386723,Y105E8A.10; 0.605008689902 - 0.769646950847,T01E8.5; 2.1173115517
wht-2; 0.700369050381,Y106G6D.7; 0.94441883351 - 5.66895366271,T01G9.2; 0.517168249364
wip-1; 0.843537486591,Y110A7A.4; 0.603590924777 - 0.687367555957,T02C12.2; 1.31586116198
xpg-1; 0.97985836764,Y111B2A.10; 0.664920478822 - 1.11067524711,T02G5.7; 0.749428846748
zip-4; 0.55920198695,Y113G7B.16; 1.62155791517 - 1.17034183914,T03F1.12; 2.79258214694
ztf-1; 1.4672859424,Y17G7B.18; 3.91534215846 - 3.65255138362,T04A8.8; 0.618117457437
 ,Y23H5A.2; 1.73060582362 - 3.42612289862,T04C9.1; 0.599152809221
 ,Y23H5A.3; 0.830814350349 - 0.900952759168,T04D3.1; 0.748665305751
 ,Y25C1A.13; 1.17107124792 - 2.90397533214,T05A12.3; 1.06133385356
 ,Y34B4A.2; 1.15450374446 - 3.89631194878,T05E7.3; 1.56173573361
 ,Y37A1A.4; 3.27719061661 - 7.54216712324,T05F1.2; 1.13082287211
 ,Y38C1AA.1; 0.869363054653 - 1.30007967848,T05F1.4; 1.6977446229
 ,Y39A1A.12; 1.09296840259 - 2.19176109234,T06A10.3; 0.928760812672
 ,Y39B6A.13; 0.610820061678 - 1.10448547549,T06D8.7; 0.870685192737
 ,Y39B6A.16; 4.69478564954 - 0.597536404946,T07A9.8; 0.828943016968
 ,Y39B6A.40; 0.847009025111 - 2.17658460429,T07F10.3; 2.07355504298
 ,Y39E4B.2; 0.74815269395 - 0.621215075038,T07F12.2; 2.6230421602
 ,Y39F10B.1; 0.776894002779 - 0.521116899695,T08B2.7; 0.522331667282
 ,Y39G10AR.9; 4.22002075605 - 1.06391138905,T09B4.1; 1.05906930009
 ,Y45G5AM.9; 1.28940652003 - 1.4977474117,T09B4.5; 3.02706852024
 ,Y46G5A.18; 8.63764869883 - 1.04854088896,T10B11.6; 1.16340905783
 ,Y46G5A.35; 1.72623560578 - 4.15470366203,T10B5.3; 0.942445324969
 ,Y47D3A.14; 3.15569762337 - 7.57998690498,T10C6.8; 7.38156314102
 ,Y47D7A.14; 1.64448885534 - 0.544837448947,T12E12.1; 0.857537492008
 ,Y47G6A.9; 1.52098611741 - 0.871743611173,T13C5.6; 6.89463808612
 ,Y48E1B.3; 2.4796209995 - 1.60745781156,T13F2.6; 1.56330816224
 ,Y48G10A.1; 0.517795692174 - 3.14677096995,T13H5.4; 1.4310620689
 ,Y48G1C.1; 4.37440836093 - 1.11586051599,T16G12.8; 0.808735506584
 ,Y49F6C.8; 1.31657928316 - 0.672615741189,T19H5.4; 0.694227928251
 ,Y50D4A.1; 0.821526589259 - 0.651864102505,T20D3.5; 0.506762644484
 ,Y53C10A.6; 0.644481769586 - 0.872591713391,T20G5.9; 1.03685950802
 ,Y53G8AR.8; 0.998117676444 - 8.35523086867,T21C9.13; 5.04462129917
 ,Y53H1A.2; 9.95047224145 - 6.67009202855,T22C1.11; 0.660627293166
 ,Y54E10BR.4; 0.792877274343 - 0.606107174581,T23B12.3; 1.5325527595
 ,Y54E2A.8; 1.91922029068 - 0.732325539743,T23B12.4; 0.633977216562
 ,Y54F10AM.11; 4.58462775549 - 9.04204629172,T23D8.3; 0.889945257521
 ,Y54G2A.12; 1.07181678182 - 1.14487275092,T23F11.4; 3.37602428874
 ,Y54G2A.2; 1.92274701533 - 1.43540583089,T23G11.7; 0.865361412881
 ,Y55F3C.9; 1.81167154325 - 6.36483616991,T24B1.1; 3.03081871469
 ,Y59A8B.6; 0.846881781463 - 1.1966819895,T24D1.2; 0.867711530979
 ,Y61A9LA.1; 1.04373399727 - 2.25179871394,T24H7.4; 1.93276667858
 ,Y62E10A.14; 1.09057244972 - 5.31993247101,T25B9.8; 1.32553588632
 ,Y63D3A.4; 1.16901519179 - 2.40378407016,T25G3.1; 1.08255814681
 ,Y65B4BL.3; 0.714593844558 - 3.97009204301,T26A5.5; 0.860809431585
 ,Y67D8A.2; 4.2209245594 - 3.18205384671,T26A5.6; 2.8410021746
 ,Y69H2.7; 1.08803557139 - 0.664849436504,T26C11.4; 0.943615643332
 ,Y71H2AM.1; 1.02379473958 - 0.657442745128,T27F6.7; 2.16786740442
 ,Y71H2AM.7; 1.02371205582 - 0.808300094372,T28A8.3; 0.630378072674
 ,Y73B6BL.30; 1.46460306907 - 1.1485109736,T28C6.3; 0.815459810016
 ,Y73B6BL.4; 2.21330870407 - 0.943432779766,W02A11.1; 1.05420218023
 ,Y73F8A.25; 0.522261291376 - 1.4223086972,W02B12.10; 0.926861108963
 ,Y75D11A.3; 1.87701794828 - 0.859061756214,W02D3.1; 0.770396100785
 ,Y82E9BR.14; 1.22052182268 - 3.14846994851,W02D7.6; 0.693465058901
 ,Y97E10AR.4; 0.813204320873 - 0.639155954693,W03C9.2; 0.522168237838
 ,ZC376.4; 3.56651256309 - 7.55884010048,W03F8.4; 0.840200587158
 ,ZC376.6; 2.45941936591 - 1.2691549445,W04A8.1; 0.531020996776
 ,ZC434.8; 0.677333388397 - 0.695424362177,W04B5.5; 0.734510306263
 ,ZC506.1; 1.04461492717 - 2.63786420539,W08E12.1; 6.54879469983
 ,ZK1098.3; 6.67479052117 - 7.88599394867,W09C5.7; 1.66858652559
 ,ZK1127.5; 1.93696586731 - 1.13193244761,W09G3.1; 0.726104331864
 ,ZK1236.1; 2.47977155379 - 1.25809651174,WBGene00219313; 3.99550663914
 ,ZK418.8; 1.02016573156 - 0.707816030468,Y105E8A.3; 0.686500930945
 ,ZK524.4; 0.695235193257 - 0.768358170283,Y106G6A.1; 0.772828781877
 ,ZK550.3; 1.39046486369 - 0.589213253647,Y106G6A.5; 1.07924686111
 ,ZK688.5; 2.18715742356 - 5.36182178689,Y106G6H.8; 0.69999713018
 ,ZK742.2; 1.50716213093 - 0.691188786007,Y110A2AR.3; 0.731807728616
 ,ZK809.5; 0.983844545444 - 3.48071628796,Y110A7A.15; 1.76685422102
 ,ZK856.12; 1.28777761779 - 1.18431519582,Y110A7A.8; 1.20482802611
 ,ZK930.1; 1.47657320929 - 0.586431247336,Y110A7A.9; 0.683275180017
 ,ZK973.2; 0.874615760846 - 0.543693445713,Y116A8C.26; 3.27913924873
 ,aak-1; 0.537896991896 - 0.804059364541,Y116A8C.27; 5.76386288007
 ,aakg-2; 3.19220538221 - 2.11408796329,Y11D7A.7; 0.854345441079
 ,abcf-3; 2.41500804549 - 0.707573617593,Y14H12B.1; 1.5987831588
 ,acl-14; 1.5932551844 - 0.634690035015,Y14H12B.2; 1.76984098641
 ,acl-2; 6.63168797464 - 0.873887161318,Y17G9B.5; 1.36597170227
 ,acs-11; 6.02528539822 - 1.86662320336,Y18D10A.1; 2.62657975397
 ,adm-4; 0.789994143483 - 2.5240176899,Y18H1A.7; 1.62218497321
 ,age-1; 1.06872036354 - 6.51884078144,Y37D8A.11; 0.905623081294
 ,ags-3; 1.16871634246 - 3.938817359,Y37D8A.25; 3.35713161104
 ,alx-1; 0.759503066375 - 1.55071038263,Y37E11AM.2; 0.795653999465
 ,ani-2; 1.01971618844 - 0.685618427116,Y37E11B.3; 1.0800864432
 ,apc-2; 1.87689064482 - 0.534450592401,Y37E3.11; 3.73177390237
 ,ape-1; 0.641635716674 - 1.44639046996,Y39A1A.24; 2.87838964397
 ,apr-1; 1.33178125467 - 0.528185624079,Y39G10AR.20; 1.16071220976
 ,ark-1; 2.53049679783 - 2.7676766259,Y41E3.8; 0.953524642688
 ,arrd-13; 0.99579991656 - 1.85532432082,Y43F4B.10; 0.637297158607
 ,asfl-1; 0.676104539458 - 0.897137204135,Y43F4B.7; 2.27390085803
 ,atad-3; 2.14712699813 - 1.43991493332,Y45F10D.7; 1.12555485107
 ,atg-13; 2.01884269481 - 0.626426211622,Y46G5A.8; 9.35804214054
 ,atg-7; 1.94366354469 - 1.28279337455,Y47D3A.21; 0.95571005498
 ,bath-38; 0.594985532577 - 2.102153115,Y47G6A.31; 4.13110682048
 ,bath-40; 1.80292921226 - 0.696731179826,Y48A5A.1; 0.859780676402
 ,bca-2; 1.02364362644 - 0.816480039318,Y51F10.10; 1.42304204659
 ,bir-2; 2.44672680092 - 0.850555106936,Y51F10.4; 0.67137271543
 ,brf-1; 0.899294455419 - 1.75566618598,Y53C12A.3; 3.38624747767
 ,calu-1; 0.956300055427 - 3.58538781768,Y54G2A.26; 3.58739468007
 ,cap-1; 4.79568382228 - 0.700153469436,Y54H5A.2; 1.15009358496
 ,capg-2; 0.947925269648 - 3.51366585977,Y55F3AM.3; 0.746826370392
 ,cblc-1; 1.29241637124 - 1.04179576514,Y56A3A.19; 1.80306793176
 ,cdh-4; 0.617083990212 - 0.633858123358,Y57A10A.13; 0.526318856749
 ,cdk-8; 0.78355018028 - 0.815942808779,Y5F2A.4; 2.54778850626
 ,cdt-2; 0.668802430485 - 0.940243400117,Y60A3A.19; 0.500605404177
 ,ced-4; 3.08522047081 - 0.507644426894,Y60A3A.9; 2.92587567697
 ,ceh-40; 1.11014748202 - 6.37400537311,Y61A9LA.3; 1.93451297389
 ,cey-1; 1.30720891883 - 0.741024571417,Y65B4A.1; 0.542124315208
 ,chs-1; 1.73365961687 - 1.35318645408,Y66D12A.8; 0.582424811282
 ,clh-5; 0.975751118508 - 1.01499857379,Y69A2AR.6; 0.590698996454
 ,cogc-2; 0.992068140245 - 1.83692019226,Y6D1A.1; 2.01076778239
 ,cogc-5; 1.36682350959 - 1.16403556895,Y71G12A.2; 1.65596596631
 ,cogc-6; 0.63028812954 - 2.11698828391,Y71G12B.23; 0.601701164204
 ,cogc-8; 2.23863127999 - 1.45466944183,Y71H10A.1; 1.09122119237
 ,coq-2; 4.86877611418 - 5.71638964048,Y71H2AM.20; 2.12455583446
 ,coq-5; 2.05665918638 - 0.874843573364,Y71H2AM.4; 0.673685088204
 ,cpf-1; 0.636674121691 - 1.3209004971,Y73B6BL.27; 4.57602768834
 ,cpg-1; 1.8859548247 - 1.07342797965,Y73E7A.1; 1.03227736575
 ,cuc-1; 1.4569938352 - 3.06121803411,Y73E7A.2; 0.869843697345
 ,cul-5; 1.79962958 - 0.707009991485,Y73F8A.13; 1.73549864851
 ,cya-1; 1.29221575583 - 5.69016206499,Y74C9A.4; 1.22652163815
 ,cyk-3; 1.25332593373 - 3.31174080316,Y87G2A.18; 1.34319856763
 ,cyld-1; 0.868728389138 - 1.43603695328,Y97E10AL.3; 3.06348901268
 ,cyn-13; 1.15536027837 - 0.577103406403,Y97E10AR.6; 2.53009583236
 ,cyn-4; 1.61005682422 - 2.61980401359,ZC168.3; 2.0630837893
 ,cyp-31A2; 1.87331084097 - 6.39980115052,ZC204.2; 1.43641972846
 ,daf-19; 0.738926526888 - 3.16594894099,ZC262.2; 0.538114328249
 ,daf-21; 0.576530996827 - 0.584451227178,ZC410.3; 0.848574422736
 ,daf-4; 0.528291228476 - 1.24643790081,ZC434.4; 0.574778998215
 ,dap-3; 8.13896962849 - 1.78340757484,ZK1098.2; 0.897797649292
 ,dars-2; 6.66645374426 - 6.88459571045,ZK1098.5; 0.515147665362
 ,dct-1; 2.28293155818 - 4.97936063857,ZK1128.4; 0.727305713147
 ,deps-1; 0.639613080995 - 0.77918405068,ZK1248.13; 1.67074319296
 ,dli-1; 1.04287133171 - 0.839741051035,ZK1248.19; 0.629686456228
 ,dnj-13; 3.18276718758 - 0.61041759059,ZK418.5; 0.637469011595
 ,dnj-1; 1.15745573438 - 0.551777397678,ZK418.9; 1.17780002843
 ,dnj-28; 1.80769306058 - 1.80073008783,ZK430.7; 0.710839409084
 ,dnj-9; 1.64116456888 - 0.733463607067,ZK632.14; 0.768995913392
 ,dpm-3; 0.562576648342 - 0.846713375966,ZK632.4; 0.644062292271
 ,drh-1; 0.736891566418 - 4.00965330705,ZK643.2; 0.917783218173
 ,drr-2; 0.530219186567 - 0.651029574935,ZK686.1; 1.78942326644
 ,ebp-2; 1.02645998018 - 1.53422299255,ZK792.5; 0.851962881701
 ,egg-1; 6.13969713099 - 2.36056691491,ZK829.7; 0.588582911249
 ,egg-3; 1.0300326774 - 0.653792598402,ZK829.9; 0.555853528244
 ,egrh-1; 1.68758232514 - 0.813281587021,ZK863.4; 0.549025836641
 ,ehs-1; 4.15295442817 - 2.06071220045,aak-2; 2.435623847
 ,eif-3.D; 1.68924935007 - 1.34739607944,aars-2; 0.674021898276
 ,elb-1; 2.28534187052 - 4.25914701194,acdh-12; 1.66212186429
 ,elks-1; 2.36690956225 - 1.80436047538,acdh-13; 5.02497114877
 ,elpc-2; 1.79357669817 - 1.41672506248,acl-4; 0.651984761077
 ,elpc-3; 0.921848718471 - 4.48951281427,acl-5; 0.831687526514
 ,emb-30; 1.41055762811 - 1.12963691004,acl-9; 0.589442022034
 ,enol-1; 1.94041766737 - 0.693275428495,aco-2; 0.780220953681
 ,ercc-1; 1.83955987447 - 1.46575538488,agt-2; 0.973560288142
 ,fan-1; 1.29516390623 - 1.24090171453,aho-3; 0.773395492931
 ,fars-1; 0.674637661229 - 1.36952855853,air-2; 1.93778759353
 ,fbxa-170; 1.55899999255 - 1.03155432323,aly-1; 2.04444486678
 ,fbxa-206; 1.3073143889 - 1.95537438137,aman-2; 0.92460332349
 ,fbxa-83; 1.17463619155 - 6.48315101627,ani-1; 0.901810667336
 ,fkb-5; 2.03319981058 - 1.70213421371,apb-3; 1.95317116125
 ,fkb-6; 0.683178892715 - 0.739010259156,apd-3; 0.77007906759
 ,fln-1; 1.13554355601 - 0.766910349133,aps-2; 2.74956504492
 ,frm-10; 0.822999772229 - 1.35155844752,arl-1; 5.09844515012
 ,fzo-1; 1.32970921968 - 1.23173328627,asd-1; 0.606626954485
 ,gad-1; 0.617675023113 - 0.680887208529,asg-2; 1.0443907566
 ,gap-2; 1.12145784408 - 0.592980721822,ash-2; 0.903782634896
 ,gas-1; 0.609350371106 - 1.27717268885,aspm-1; 1.67433445025
 ,gcs-1; 1.14544972733 - 2.99272399142,atg-11; 0.928880304978
 ,gen-1; 1.32520966009 - 1.55770674103,atg-16.1; 1.85464233345
 ,glh-2; 0.812924848437 - 0.673432006899,atg-16.2; 1.85788628757
 ,gly-13; 1.0313070743 - 0.786181507683,atg-4.2; 1.04341615628
 ,gpd-3; 2.07624289494 - 1.64624712847,ath-1; 2.00421141382
 ,gpr-2; 1.41565889118 - 6.20478724876,ave-1; 1.23472729916
 ,grk-1; 0.605458538853 - 1.94247990903,bath-15; 1.56231676086
 ,hda-3; 0.816503298369 - 6.95805827994,bath-41; 0.885688172315
 ,him-3; 0.837410561345 - 1.63270852428,bath-5; 2.47779109083
 ,hmg-5; 1.16221980723 - 0.788132757642,bet-1; 1.43266173796
 ,hsf-1; 0.503643253848 - 1.31977508952,bmk-1; 3.51745807905
 ,hst-2; 2.17619521428 - 0.82842455774,brc-2; 0.713868006096
 ,htp-1; 1.06155719293 - 0.925297112131,bub-1; 1.24053678801
 ,htp-3; 1.2437014262 - 1.38311121869,bub-3; 0.573871530842
 ,hum-2; 0.683402695118 - 1.04565243221,cacn-1; 1.05966084946
 ,hus-1; 1.17179639532 - 2.51998117028,ccch-5; 1.18596377128
 ,hyl-1; 1.86644613092 - 2.13075414734,cct-5; 0.697686717652
 ,iars-2; 4.20370629854 - 9.66134747226,cdc-25.2; 3.93751338173
 ,ife-2; 2.37605043792 - 0.757582388917,cdc-42; 0.633964391199
 ,ife-3; 0.678737709539 - 0.969652618808,cdk-5; 0.644309303021
 ,ikke-1; 1.40427520264 - 0.505933356514,ced-12; 0.767399442385
 ,ile-1; 0.6981839041 - 0.655344524457,ced-7; 1.36883026186
 ,inx-21; 3.39845288667 - 0.970419799224,ceh-41; 1.27704558956
 ,ire-1; 0.502837076097 - 1.51395689419,cel-1; 0.920309903884
 ,ivd-1; 0.571124432208 - 0.811505348728,cep-1; 0.607138648962
 ,kat-1; 1.9139040231 - 1.87993292559,cfim-2; 1.11763387427
 ,kin-20; 0.535239045333 - 7.51753089985,chtl-1; 1.06256523257
 ,klp-15; 2.2221608946 - 2.27843829581,cids-2; 1.54416667406
 ,klp-18; 1.38820914614 - 1.70987619442,clp-7; 1.56335714232
 ,lars-2; 1.53618819572 - 0.967081884121,clr-1; 0.701684948019
 ,lea-1; 0.882456543315 - 1.76494408124,cpsf-2; 2.34852926834
 ,lec-1; 3.02330113903 - 1.04056626783,cpsf-3; 1.15435225122
 ,lfe-2; 1.44901533665 - 2.07818277874,cpt-2; 5.87045489355
 ,lin-23; 1.79201679665 - 0.909334000828,crls-1; 0.828705181781
 ,lin-41; 7.69782866666 - 5.37278162719,crn-4; 1.23090659236
 ,lin-59; 0.584919840525 - 0.840331294553,crn-5; 2.54951240623
 ,mdt-1.2; 2.54368757394 - 4.58131186932,csn-1; 1.33451226885
 ,mdt-10; 2.18941261664 - 1.35563294677,cyn-12; 0.578673498464
 ,mdt-15; 0.540286902546 - 1.53820472671,cyn-15; 0.672635097044
 ,mec-8; 1.72219645178 - 1.02615599372,cyn-8; 2.04904438251
 ,mecr-1; 1.9827496684 - 1.2190191845,czw-1; 1.57405575193
 ,mel-46; 3.11324531268 - 1.4288210519,daf-16; 2.5090872903
 ,memb-2; 0.636519689199 - 0.915838799246,daf-1; 0.584375986997
 ,met-2; 1.50860116425 - 1.35638756824,dcr-1; 2.48627841761
 ,mig-23; 0.83425135283 - 2.97177027984,dcs-1; 0.953289949312
 ,mig-2; 1.46122085901 - 1.22472258352,ddb-1; 3.05345734783
 ,mmab-1; 3.02083533057 - 1.94957968492,dic-1; 2.24161268061
 ,mms-19; 0.538117157755 - 2.17790151837,die-1; 1.69212929445
 ,moc-3; 0.56912869143 - 1.65629472863,dif-1; 0.504985384212
 ,mop-25.2; 0.693345159301 - 1.7680634822,dnj-10; 0.929000076344
 ,mrp-4; 1.51793656271 - 2.0423400982,dnj-14; 1.00886514804
 ,msh-5; 2.982527294 - 0.518095681469,dnj-8; 1.1446223485
 ,mtx-2; 0.645387521281 - 2.84356875412,dod-18; 2.46367196747
 ,mut-7; 1.09939573298 - 1.16873207104,dpf-3; 1.33837244982
 ,nasp-2; 0.547050924902 - 1.22916303668,dpy-10; 0.691298134818
 ,ndx-9; 1.43092277863 - 2.15995822964,drh-3; 1.7148914988
 ,nhr-122; 2.5383408568 - 3.25954721338,duo-3; 2.64323834047
 ,nhr-13; 0.719404845157 - 1.34293928444,dut-1; 1.16246655139
 ,nhr-20; 1.2267396063 - 0.702435915778,eaf-1; 0.905493136291
 ,nhr-66; 1.38506056179 - 2.25123005069,eat-3; 0.833672938494
 ,nhr-71; 1.20146723922 - 0.737395291291,ect-2; 0.57174305653
 ,nhr-86; 1.66307608464 - 2.30602416239,eea-1; 0.540985485719
 ,npp-13; 0.763189650624 - 0.800526698704,eef-1B.2; 1.52652536627
 ,nuo-3; 0.596473040169 - 0.621122001976,efa-6; 1.25733715565
 ,nuo-5; 2.09811324502 - 1.26074299549,efk-1; 0.516825449003
 ,obr-4; 1.05228532027 - 1.73361919781,egl-18; 1.94691084822
 ,oma-2; 1.62864483864 - 0.726366643968,egl-26; 4.27944940175
 ,pas-7; 0.63298170082 - 0.590513894909,egl-45; 0.752118252844
 ,pcs-1; 1.28908438356 - 7.21429789847,egl-4; 0.701483014128
 ,pde-2; 0.726701470776 - 0.662712881244,ehbp-1; 1.08687207539
 ,pek-1; 0.570048602278 - 0.831977136911,eif-3.C; 0.704596461762
 ,pgl-2; 3.95113697128 - 0.790854275956,ekl-1; 1.23538274949
 ,pme-5; 1.78191473029 - 1.60072175455,ekl-6; 0.923689847468
 ,pmk-1; 4.37517098562 - 8.24152622782,ent-2; 2.2413607736
 ,pph-4.2; 0.740895266279 - 0.583895986307,eor-2; 2.33521044791
 ,ppk-3; 0.834272513957 - 0.632729038251,eri-5; 0.791453934538
 ,pps-1; 3.02847148181 - 1.30373764255,eri-7; 1.01406668713
 ,pqn-89; 0.781953569681 - 3.35778372718,erl-1; 1.364175625
 ,prmt-5; 1.62711973998 - 2.15550871844,ess-2; 1.44212178628
 ,pro-1; 1.06790262126 - 0.622985347369,evl-14; 1.61565249371
 ,prp-4; 3.60466988128 - 8.30948743116,evl-20; 1.87177260114
 ,pst-2; 3.51763949302 - 0.794242125916,exos-9; 0.988282374289
 ,puf-11; 1.94841194158 - 0.852265685342,fars-3; 0.610429571397
 ,qns-1; 1.14922897356 - 1.24733559205,fbf-1; 1.65697570882
 ,rab-1; 0.551293608487 - 0.775216405595,fcp-1; 0.815229759043
 ,rab-5; 2.36808488517 - 0.748554416762,fem-1; 1.36643963772
 ,rab-6.1; 3.02198932268 - 0.812409469775,fem-2; 0.546075573991
 ,rab-6.2; 4.73131565222 - 1.06005528003,fem-3; 0.918283657628
 ,rad-51; 0.662063544029 - 1.54140437887,flap-1; 0.56231430655
 ,ragc-1; 0.834992139253 - 0.586618202209,fli-1; 2.24018400194
 ,ran-2; 1.48820231191 - 3.27028613862,flt-1; 1.5755084594
 ,rars-2; 0.683504741395 - 0.73383413252,fncm-1; 1.40855563499
 ,rbg-1; 0.734800762976 - 2.14274196824,fntb-1; 1.52993564966
 ,rbr-2; 0.792611294759 - 0.606906717641,fzy-1; 1.23659245479
 ,rbx-2; 1.32904634199 - 0.780945734423,gale-1; 2.2968554107
 ,rec-8; 8.04176723873 - 2.48923491493,gdi-1; 0.681088764489
 ,ret-1; 1.45512979172 - 0.603394838038,gfi-4; 1.00190239144
 ,rfl-1; 0.788294780414 - 0.551998767597,ggtb-1; 1.75425019271
 ,ril-2; 0.592845904706 - 0.916861604645,gld-3; 0.930744512683
 ,riok-3; 7.66498464421 - 2.42660452506,glod-4; 1.0574783138
 ,rlbp-1; 4.47289873345 - 0.568530368936,glrx-10; 0.657707151222
 ,rmd-2; 1.92683057492 - 0.779722811937,gly-4; 2.60780592843
 ,rme-2; 7.58593514439 - 1.23687916527,gly-7; 7.20808045309
 ,rmo-1; 2.55443049968 - 2.31864241627,gop-2; 0.515330298049
 ,rpb-3; 0.596859417598 - 1.44402071223,gsr-1; 1.60743615595
 ,rsd-3; 2.25972832789 - 1.12170979943,gstk-1; 1.34056067164
 ,rskn-1; 1.37916767956 - 0.829663865223,hcf-1; 2.35148987619
 ,sac-1; 4.12987055094 - 1.20164371327,hcp-2; 0.653131568705
 ,sams-3; 1.42733215614 - 0.734567048945,hcp-3; 0.789498779581
 ,scd-1; 1.23832106693 - 3.98872832935,him-17; 0.794499344183
 ,sco-1; 0.560280489729 - 2.97165744567,him-1; 1.20892343935
 ,scpl-3; 2.03174263983 - 1.31742675325,him-5; 0.793161410146
 ,sec-3; 0.700063279563 - 0.771734427948,his-59; 2.03051636874
 ,sec-5; 1.231750025 - 0.753819228713,his-60; 1.25061503901
 ,set-32; 1.7731610218 - 1.2013651191,his-61; 3.53150799986
 ,sfxn-1.5; 4.08099358042 - 0.521755083285,his-64; 1.16248696202
 ,slx-1; 0.740817378632 - 1.65180344976,hke-4.2; 1.17561520574
 ,smgl-1; 7.03893299466 - 7.24247044645,hlh-2; 6.34406113631
 ,sms-1; 0.697611399921 - 0.680327721637,hmr-1; 0.703693646573
 ,snf-1; 2.25996476895 - 5.47097825317,hpr-17; 0.642904255486
 ,spdl-1; 7.82971766922 - 0.621553461734,hst-6; 0.870808326624
 ,sqv-1; 2.78285440563 - 1.69745676935,hum-1; 0.791987242313
 ,sqv-8; 6.57195123363 - 1.11147805292,hyl-2; 0.74157062788
 ,sti-1; 1.42908277458 - 0.979338447925,hyls-1; 1.04815482072
 ,sto-4; 1.73069647119 - 1.20938658402,ima-1; 2.18502392995
 ,sur-5; 8.16566475622 - 1.65555338429,imb-2; 0.715259483245
 ,sur-7; 0.713571377473 - 1.92939803956,immt-1; 4.35216223106
 ,syp-3; 2.21986505812 - 3.80425355015,ina-1; 5.49677978457
 ,syx-18; 1.46291832969 - 0.712609921794,inx-14; 1.2868942
 ,szy-4; 1.34158759154 - 0.940838107271,inx-2; 0.693034505357
 ,tag-165; 0.932940704488 - 1.80739036582,inx-7; 1.13199760205
 ,tag-229; 0.971111052622 - 2.7857223656,ipla-1; 0.865794312726
 ,tag-264; 1.41274734946 - 5.5981977057,jtr-1; 1.33378976747
 ,tag-266; 8.32401426166 - 3.77659862992,knl-2; 0.711623971262
 ,tag-296; 5.58648396664 - 2.02434858856,knl-3; 1.17603805266
 ,tag-333; 1.70405192729 - 1.44594046868,ksr-2; 0.655760651616
 ,tag-77; 2.54294714395 - 2.26472653542,lat-1; 0.572383311128
 ,tat-3; 2.13711393185 - 2.27815035048,let-502; 1.52979030319
 ,tbg-1; 1.72719343718 - 0.640517390505,let-526; 0.812896308846
 ,tdc-1; 4.86753696414 - 1.78636293559,let-716; 1.25511849307
 ,teg-4; 0.854366771502 - 0.889147899057,lex-1; 1.49620647844
 ,tkt-1; 0.998396462763 - 0.727233564789,lgg-3; 1.15718547033
 ,toc-1; 0.798998623837 - 1.12947469973,lin-37; 1.23444584047
 ,tre-1; 0.677305826816 - 0.52853794395,lin-40; 2.28870779885
 ,tre-2; 0.694236088348 - 2.50784672604,lin-65; 1.31488362728
 ,trt-1; 0.746687120368 - 1.59406635902,lin-9; 1.11121806352
 ,ttll-12; 1.10005109494 - 1.26598858052,lir-1; 0.792998690403
 ,tufm-2; 0.504486455331 - 1.37249771739,lis-1; 1.56339073571
 ,ubc-16; 3.29956385578 - 1.44075047193,lon-2; 2.32106000085
 ,ucp-4; 0.828409313955 - 1.73802505336,lrr-1; 0.928703933039
 ,ugt-28; 0.529879779916 - 1.26052068875,lsd-1; 2.10023539894
 ,ugt-45; 2.68549959304 - 0.666702958149,lsm-6; 8.37475531565
 ,unc-16; 7.75494139437 - 0.716266828788,lsy-12; 1.04959521394
 ,unc-78; 1.24601673705 - 6.16243043544,lsy-27; 1.23950020048
 ,ung-1; 1.2507675021 - 3.385158692,lsy-2; 5.27418616004
 ,upp-1; 3.00493573758 - 0.796773393802,marc-6; 1.82677244904
 ,vars-1; 7.24376664678 - 3.50250775341,mat-1; 0.534230318393
 ,vha-12; 1.57513277348 - 2.00275083615,mat-3; 1.94880670803
 ,vps-34; 1.53166983906 - 3.22891869872,math-33; 0.94174782831
 ,vps-36; 3.25186418479 - 1.659277367,mau-8; 1.73406051108
 ,vps-45; 2.25681677467 - 1.96346116507,mbf-1; 0.748884783743
 ,vps-51; 0.803932147021 - 4.06484936198,mbtr-1; 0.754695043084
 ,wht-7; 0.922997193111 - 1.79979196233,mce-1; 5.60105187438
 ,wrn-1; 7.83533378828 - 1.39872212786,mcm-2; 0.542746197176
 ,xpa-1; 1.72238469321 - 0.527166173939,mcm-3; 1.54390451605
 ,zim-3; 2.43076665695 - 3.36229158224,mcm-4; 1.10875139512
 ,zwl-1; 2.66721978176 - 1.86275339318,mcm-6; 1.15062078053
 , ,mdf-1; 2.14770667523
 , ,mdt-18; 0.511382401717
 , ,mek-1; 2.13519524769
 , ,mel-11; 1.12833540426
 , ,men-1; 0.667686925094
 , ,mep-1; 1.09462287395
 , ,mesp-1; 5.12051189943
 , ,mfap-1; 1.86734192429
 , ,mis-12; 1.11202689715
 , ,misc-1; 0.961589602075
 , ,mix-1; 0.788723872633
 , ,mog-1; 1.95719689777
 , ,mom-4; 1.25080040177
 , ,msh-6; 2.18510679328
 , ,mtk-1; 1.84083243655
 , ,mtm-6; 1.11621423732
 , ,mtr-4; 1.15715163333
 , ,mvk-1; 1.28802713813
 , ,nbet-1; 0.546012816884
 , ,ncbp-1; 1.16498108083
 , ,ndc-80; 0.730014237454
 , ,nduf-2.2; 0.975703482335
 , ,nduf-6; 0.903124925095
 , ,nhr-10; 6.80777741829
 , ,nhr-49; 1.90898506477
 , ,nhr-78; 1.00676912169
 , ,nkat-3; 1.00332208692
 , ,nol-1; 1.65631439981
 , ,npp-12; 0.675857980054
 , ,npp-15; 1.92368282619
 , ,npp-16; 0.918881703763
 , ,npp-17; 0.634956735662
 , ,npp-2; 0.938167165611
 , ,npp-5; 1.1861278981
 , ,nra-1; 0.684454504117
 , ,nsf-1; 0.633961588573
 , ,nth-1; 2.82063522922
 , ,ntp-1; 0.675259037945
 , ,orai-1; 1.57757622331
 , ,orc-2; 1.70739689453
 , ,ostb-1; 0.850648338012
 , ,pak-1; 1.76711316129
 , ,par-6; 1.19558940271
 , ,patr-1; 1.03641255781
 , ,pbrm-1; 1.14067675663
 , ,pccb-1; 1.07467043621
 , ,pct-1; 0.979230455792
 , ,pdcd-2; 1.89372609511
 , ,pdi-1; 0.621700721268
 , ,pen-2; 0.965775964192
 , ,pfd-3; 0.680251304664
 , ,phip-1; 0.824747278568
 , ,pink-1; 2.53253934676
 , ,pkc-3; 1.00150420937
 , ,pkn-1; 4.49273420111
 , ,ppfr-2; 0.884956890827
 , ,pqn-65; 0.828397847791
 , ,pri-2; 1.08478295032
 , ,rab-35; 0.640757054456
 , ,rabn-5; 3.58451351224
 , ,rack-1; 1.27686246266
 , ,rap-1; 0.879289496328
 , ,rars-1; 0.720132996094
 , ,rde-2; 0.682502217975
 , ,rep-1; 2.15008887433
 , ,rfc-2; 3.65958287083
 , ,rfc-3; 0.722281425424
 , ,rfc-4; 1.02218642763
 , ,rgs-7; 0.87959876474
 , ,rnf-1; 1.02065531821
 , ,rnr-1; 0.681754030282
 , ,rpb-2; 1.63484021785
 , ,rpc-1; 0.739624028152
 , ,rpl-2; 1.02903130444
 , ,rpl-7A; 1.09776422282
 , ,rpt-5; 1.20997480197
 , ,rsd-2; 2.12898001928
 , ,rsd-6; 0.697782914065
 , ,rskd-1; 1.35191360843
 , ,sams-4; 1.83977313682
 , ,sas-5; 1.04682636956
 , ,sax-1; 1.05909041817
 , ,sax-2; 2.46123200871
 , ,sax-7; 0.789708231601
 , ,scc-1; 1.58999204959
 , ,scm-1; 2.06619420264
 , ,sdhd-1; 1.34883959993
 , ,sdn-1; 1.70537690754
 , ,sec-8; 7.09024323382
 , ,sel-1; 0.650624986491
 , ,sig-7; 0.789576508498
 , ,sin-3; 2.95975473372
 , ,sir-2.1; 1.31146386487
 , ,skr-16; 2.05105657938
 , ,skr-17; 0.64030773612
 , ,sli-1; 0.88927712852
 , ,smf-1; 6.43598102721
 , ,smu-2; 1.15148291158
 , ,snfc-5; 1.46674266
 , ,sop-3; 1.49575289809
 , ,spd-2; 1.1576147059
 , ,spsb-1; 1.72141549749
 , ,srgp-1; 0.755586039815
 , ,stau-1; 1.10663348526
 , ,stl-1; 1.14625782125
 , ,symk-1; 4.19989141364
 , ,syx-7; 6.01715901526
 , ,taf-1; 1.59627629653
 , ,tag-123; 1.4014077779
 , ,tag-124; 1.29722413897
 , ,tag-172; 1.95814021795
 , ,tag-276; 1.91516287119
 , ,tag-294; 0.759764759095
 , ,tag-320; 0.83493258884
 , ,tag-335; 0.916598922769
 , ,tag-65; 1.33124943138
 , ,tat-5; 1.05643511819
 , ,tbc-12; 0.652301488584
 , ,tbx-33; 2.79010408518
 , ,tbx-9; 2.75532119026
 , ,tgt-1; 1.51888022551
 , ,tpst-1; 1.14019124719
 , ,tra-2; 1.33009118609
 , ,trm-1; 4.21767369776
 , ,tth-1; 2.03066676685
 , ,ttll-4; 1.12907164999
 , ,ttx-7; 2.87748010568
 , ,tut-1; 1.73020565858
 , ,tut-2; 0.730420652994
 , ,ubc-14; 2.31752688267
 , ,ubc-3; 1.11638288705
 , ,ubc-6; 0.506518238386
 , ,ubxn-1; 0.70574070071
 , ,uda-1; 1.62165144491
 , ,unc-112; 1.3416391177
 , ,unc-32; 1.78389330913
 , ,usp-46; 3.10690135922
 , ,vet-2; 3.31067244645
 , ,vha-11; 0.784573587753
 , ,vha-15; 1.48762145796
 , ,vps-18; 2.06309604989
 , ,vps-22; 0.859754805939
 , ,vps-33.1; 2.40248453983
 , ,xbx-6; 2.59881101309
 , ,xpo-1; 0.951526832833
 , ,zen-4; 2.30450474737
 , ,zfp-1; 1.3237923124
 , ,zim-2; 2.47011691617
 , ,ztf-18; 0.506798734587
 , ,ztf-3; 2.20370251016
 , ,ztf-8; 0.541825472037
 , ,zyg-12; 1.6880781007